indic_id,enforce_zone_id,metric_enforce_date,maille,indic_vi,indic_va,indic_vc,indic_ta
IND-323,D01,2023-01-01,DEPT,,6642.0,,
IND-323,D01,2023-06-01,DEPT,,8249.0,,
IND-323,D01,2023-09-01,DEPT,,7094.0,,
IND-323,D01,2023-10-01,DEPT,,7809.0,,
IND-323,D01,2024-01-01,DEPT,,8701.0,,
IND-323,D01,2024-02-01,DEPT,,8328.0,,
IND-323,D01,2024-04-01,DEPT,,9103.0,,
IND-323,D01,2024-07-01,DEPT,,7978.0,,
IND-323,D01,2024-09-01,DEPT,,9062.0,,
IND-323,D01,2024-11-01,DEPT,,8673.0,,
IND-323,D01,2024-12-01,DEPT,,7438.0,,
IND-323,D01,2025-04-01,DEPT,,10559.0,,
IND-323,D01,2025-05-01,DEPT,,9861.0,,
IND-323,D01,2025-06-01,DEPT,,8920.0,,
IND-323,D01,2025-07-01,DEPT,,8915.0,,
IND-323,D01,2025-08-01,DEPT,,6515.0,,
IND-323,D01,2025-09-01,DEPT,,11583.0,,
IND-323,D01,2025-10-01,DEPT,,12358.0,,
IND-323,D01,2025-11-01,DEPT,,10438.0,,
IND-323,D01,2025-12-01,DEPT,,9989.0,,
IND-323,D01,2026-01-01,DEPT,,12043.0,,
IND-323,D01,2026-02-01,DEPT,,11091.0,,
IND-323,D01,2026-03-01,DEPT,,12055.0,,
IND-323,D01,2026-04-01,DEPT,,12123.0,,
IND-323,D01,2026-05-01,DEPT,,10323.0,,100.0
IND-323,D02,2023-01-01,DEPT,,6913.0,,
IND-323,D02,2023-06-01,DEPT,,10186.0,,
IND-323,D02,2023-09-01,DEPT,,7808.0,,
IND-323,D02,2023-10-01,DEPT,,8922.0,,
IND-323,D02,2024-01-01,DEPT,,7593.0,,
IND-323,D02,2024-02-01,DEPT,,8373.0,,
IND-323,D02,2024-04-01,DEPT,,10066.0,,
IND-323,D02,2024-07-01,DEPT,,8767.0,,
IND-323,D02,2024-09-01,DEPT,,9877.0,,
IND-323,D02,2024-11-01,DEPT,,8725.0,,
IND-323,D02,2024-12-01,DEPT,,7573.0,,
IND-323,D02,2025-04-01,DEPT,,13877.0,,
IND-323,D02,2025-05-01,DEPT,,12536.0,,
IND-323,D02,2025-06-01,DEPT,,10981.0,,
IND-323,D02,2025-07-01,DEPT,,10345.0,,
IND-323,D02,2025-08-01,DEPT,,8150.0,,
IND-323,D02,2025-09-01,DEPT,,12839.0,,
IND-323,D02,2025-10-01,DEPT,,14448.0,,
IND-323,D02,2025-11-01,DEPT,,11791.0,,
IND-323,D02,2025-12-01,DEPT,,11851.0,,
IND-323,D02,2026-01-01,DEPT,,15293.0,,
IND-323,D02,2026-02-01,DEPT,,15771.0,,
IND-323,D02,2026-03-01,DEPT,,16851.0,,
IND-323,D02,2026-04-01,DEPT,,18159.0,,
IND-323,D02,2026-05-01,DEPT,,15460.0,,100.0
IND-323,D03,2023-01-01,DEPT,,4585.0,,
IND-323,D03,2023-06-01,DEPT,,6296.0,,
IND-323,D03,2023-09-01,DEPT,,4569.0,,
IND-323,D03,2023-10-01,DEPT,,5595.0,,
IND-323,D03,2024-01-01,DEPT,,5155.0,,
IND-323,D03,2024-02-01,DEPT,,5191.0,,
IND-323,D03,2024-04-01,DEPT,,5838.0,,
IND-323,D03,2024-07-01,DEPT,,5579.0,,
IND-323,D03,2024-09-01,DEPT,,6008.0,,
IND-323,D03,2024-11-01,DEPT,,6363.0,,
IND-323,D03,2024-12-01,DEPT,,5308.0,,
IND-323,D03,2025-04-01,DEPT,,6650.0,,
IND-323,D03,2025-05-01,DEPT,,6154.0,,
IND-323,D03,2025-06-01,DEPT,,5370.0,,
IND-323,D03,2025-07-01,DEPT,,6160.0,,
IND-323,D03,2025-08-01,DEPT,,4733.0,,
IND-323,D03,2025-09-01,DEPT,,6744.0,,
IND-323,D03,2025-10-01,DEPT,,7225.0,,
IND-323,D03,2025-11-01,DEPT,,6167.0,,
IND-323,D03,2025-12-01,DEPT,,5941.0,,
IND-323,D03,2026-01-01,DEPT,,6622.0,,
IND-323,D03,2026-02-01,DEPT,,6756.0,,
IND-323,D03,2026-03-01,DEPT,,7446.0,,
IND-323,D03,2026-04-01,DEPT,,8193.0,,
IND-323,D03,2026-05-01,DEPT,,7204.0,,62.58
IND-323,D04,2023-01-01,DEPT,,3775.0,,
IND-323,D04,2023-06-01,DEPT,,4375.0,,
IND-323,D04,2023-09-01,DEPT,,4156.0,,
IND-323,D04,2023-10-01,DEPT,,5064.0,,
IND-323,D04,2024-01-01,DEPT,,4788.0,,
IND-323,D04,2024-02-01,DEPT,,4980.0,,
IND-323,D04,2024-04-01,DEPT,,5134.0,,
IND-323,D04,2024-07-01,DEPT,,4077.0,,
IND-323,D04,2024-09-01,DEPT,,4049.0,,
IND-323,D04,2024-11-01,DEPT,,4149.0,,
IND-323,D04,2024-12-01,DEPT,,3878.0,,
IND-323,D04,2025-04-01,DEPT,,5361.0,,
IND-323,D04,2025-05-01,DEPT,,4961.0,,
IND-323,D04,2025-06-01,DEPT,,4643.0,,
IND-323,D04,2025-07-01,DEPT,,4995.0,,
IND-323,D04,2025-08-01,DEPT,,4405.0,,
IND-323,D04,2025-09-01,DEPT,,5858.0,,
IND-323,D04,2025-10-01,DEPT,,6884.0,,
IND-323,D04,2025-11-01,DEPT,,5511.0,,
IND-323,D04,2025-12-01,DEPT,,4797.0,,
IND-323,D04,2026-01-01,DEPT,,6507.0,,
IND-323,D04,2026-02-01,DEPT,,6902.0,,
IND-323,D04,2026-03-01,DEPT,,8135.0,,
IND-323,D04,2026-04-01,DEPT,,8025.0,,
IND-323,D04,2026-05-01,DEPT,,7057.0,,96.39
IND-323,D05,2023-01-01,DEPT,,5768.0,,
IND-323,D05,2023-06-01,DEPT,,7331.0,,
IND-323,D05,2023-09-01,DEPT,,5778.0,,
IND-323,D05,2023-10-01,DEPT,,6179.0,,
IND-323,D05,2024-01-01,DEPT,,6462.0,,
IND-323,D05,2024-02-01,DEPT,,6213.0,,
IND-323,D05,2024-04-01,DEPT,,6467.0,,
IND-323,D05,2024-07-01,DEPT,,5833.0,,
IND-323,D05,2024-09-01,DEPT,,6727.0,,
IND-323,D05,2024-11-01,DEPT,,5496.0,,
IND-323,D05,2024-12-01,DEPT,,5607.0,,
IND-323,D05,2025-04-01,DEPT,,7858.0,,
IND-323,D05,2025-05-01,DEPT,,7529.0,,
IND-323,D05,2025-06-01,DEPT,,6967.0,,
IND-323,D05,2025-07-01,DEPT,,7536.0,,
IND-323,D05,2025-08-01,DEPT,,6292.0,,
IND-323,D05,2025-09-01,DEPT,,7933.0,,
IND-323,D05,2025-10-01,DEPT,,8347.0,,
IND-323,D05,2025-11-01,DEPT,,7692.0,,
IND-323,D05,2025-12-01,DEPT,,7348.0,,
IND-323,D05,2026-01-01,DEPT,,7958.0,,
IND-323,D05,2026-02-01,DEPT,,8073.0,,
IND-323,D05,2026-03-01,DEPT,,9107.0,,
IND-323,D05,2026-04-01,DEPT,,9187.0,,
IND-323,D05,2026-05-01,DEPT,,8228.0,,100.0
IND-323,D06,2023-01-01,DEPT,,10088.0,,
IND-323,D06,2023-06-01,DEPT,,14486.0,,
IND-323,D06,2023-09-01,DEPT,,12931.0,,
IND-323,D06,2023-10-01,DEPT,,15042.0,,
IND-323,D06,2024-01-01,DEPT,,16117.0,,
IND-323,D06,2024-02-01,DEPT,,14459.0,,
IND-323,D06,2024-04-01,DEPT,,18935.0,,
IND-323,D06,2024-07-01,DEPT,,13621.0,,
IND-323,D06,2024-09-01,DEPT,,17301.0,,
IND-323,D06,2024-11-01,DEPT,,15158.0,,
IND-323,D06,2024-12-01,DEPT,,11330.0,,
IND-323,D06,2025-04-01,DEPT,,17448.0,,
IND-323,D06,2025-05-01,DEPT,,15391.0,,
IND-323,D06,2025-06-01,DEPT,,14895.0,,
IND-323,D06,2025-07-01,DEPT,,15493.0,,
IND-323,D06,2025-08-01,DEPT,,10269.0,,
IND-323,D06,2025-09-01,DEPT,,19033.0,,
IND-323,D06,2025-10-01,DEPT,,18545.0,,
IND-323,D06,2025-11-01,DEPT,,16854.0,,
IND-323,D06,2025-12-01,DEPT,,14867.0,,
IND-323,D06,2026-01-01,DEPT,,18609.0,,
IND-323,D06,2026-02-01,DEPT,,17325.0,,
IND-323,D06,2026-03-01,DEPT,,19438.0,,
IND-323,D06,2026-04-01,DEPT,,19663.0,,
IND-323,D06,2026-05-01,DEPT,,14764.0,,100.0
IND-323,D07,2023-01-01,DEPT,,4630.0,,
IND-323,D07,2023-06-01,DEPT,,5111.0,,
IND-323,D07,2023-09-01,DEPT,,3995.0,,
IND-323,D07,2023-10-01,DEPT,,4516.0,,
IND-323,D07,2024-01-01,DEPT,,5052.0,,
IND-323,D07,2024-02-01,DEPT,,4967.0,,
IND-323,D07,2024-04-01,DEPT,,5603.0,,
IND-323,D07,2024-07-01,DEPT,,4945.0,,
IND-323,D07,2024-09-01,DEPT,,5246.0,,
IND-323,D07,2024-11-01,DEPT,,5705.0,,
IND-323,D07,2024-12-01,DEPT,,4917.0,,
IND-323,D07,2025-04-01,DEPT,,7183.0,,
IND-323,D07,2025-05-01,DEPT,,6504.0,,
IND-323,D07,2025-06-01,DEPT,,6268.0,,
IND-323,D07,2025-07-01,DEPT,,6008.0,,
IND-323,D07,2025-08-01,DEPT,,4837.0,,
IND-323,D07,2025-09-01,DEPT,,7508.0,,
IND-323,D07,2025-10-01,DEPT,,8229.0,,
IND-323,D07,2025-11-01,DEPT,,7116.0,,
IND-323,D07,2025-12-01,DEPT,,7448.0,,
IND-323,D07,2026-01-01,DEPT,,10070.0,,
IND-323,D07,2026-02-01,DEPT,,10712.0,,
IND-323,D07,2026-03-01,DEPT,,11016.0,,
IND-323,D07,2026-04-01,DEPT,,10631.0,,
IND-323,D07,2026-05-01,DEPT,,9688.0,,86.56
IND-323,D08,2023-01-01,DEPT,,4942.0,,
IND-323,D08,2023-06-01,DEPT,,6048.0,,
IND-323,D08,2023-09-01,DEPT,,5955.0,,
IND-323,D08,2023-10-01,DEPT,,6392.0,,
IND-323,D08,2024-01-01,DEPT,,6369.0,,
IND-323,D08,2024-02-01,DEPT,,7308.0,,
IND-323,D08,2024-04-01,DEPT,,8145.0,,
IND-323,D08,2024-07-01,DEPT,,6963.0,,
IND-323,D08,2024-09-01,DEPT,,7370.0,,
IND-323,D08,2024-11-01,DEPT,,7308.0,,
IND-323,D08,2024-12-01,DEPT,,6063.0,,
IND-323,D08,2025-04-01,DEPT,,8209.0,,
IND-323,D08,2025-05-01,DEPT,,8701.0,,
IND-323,D08,2025-06-01,DEPT,,8185.0,,
IND-323,D08,2025-07-01,DEPT,,8274.0,,
IND-323,D08,2025-08-01,DEPT,,6136.0,,
IND-323,D08,2025-09-01,DEPT,,9511.0,,
IND-323,D08,2025-10-01,DEPT,,10419.0,,
IND-323,D08,2025-11-01,DEPT,,8553.0,,
IND-323,D08,2025-12-01,DEPT,,8616.0,,
IND-323,D08,2026-01-01,DEPT,,10082.0,,
IND-323,D08,2026-02-01,DEPT,,11110.0,,
IND-323,D08,2026-03-01,DEPT,,12037.0,,
IND-323,D08,2026-04-01,DEPT,,11899.0,,
IND-323,D08,2026-05-01,DEPT,,10179.0,,83.28
IND-323,D09,2023-01-01,DEPT,,2133.0,,
IND-323,D09,2023-06-01,DEPT,,3012.0,,
IND-323,D09,2023-09-01,DEPT,,2720.0,,
IND-323,D09,2023-10-01,DEPT,,2772.0,,
IND-323,D09,2024-01-01,DEPT,,3499.0,,
IND-323,D09,2024-02-01,DEPT,,3434.0,,
IND-323,D09,2024-04-01,DEPT,,3712.0,,
IND-323,D09,2024-07-01,DEPT,,3349.0,,
IND-323,D09,2024-09-01,DEPT,,3928.0,,
IND-323,D09,2024-11-01,DEPT,,4139.0,,
IND-323,D09,2024-12-01,DEPT,,3876.0,,
IND-323,D09,2025-04-01,DEPT,,5792.0,,
IND-323,D09,2025-05-01,DEPT,,4958.0,,
IND-323,D09,2025-06-01,DEPT,,4554.0,,
IND-323,D09,2025-07-01,DEPT,,5521.0,,
IND-323,D09,2025-08-01,DEPT,,3883.0,,
IND-323,D09,2025-09-01,DEPT,,5470.0,,
IND-323,D09,2025-10-01,DEPT,,6052.0,,
IND-323,D09,2025-11-01,DEPT,,5189.0,,
IND-323,D09,2025-12-01,DEPT,,4805.0,,
IND-323,D09,2026-01-01,DEPT,,7073.0,,
IND-323,D09,2026-02-01,DEPT,,6198.0,,
IND-323,D09,2026-03-01,DEPT,,6149.0,,
IND-323,D09,2026-04-01,DEPT,,6439.0,,
IND-323,D09,2026-05-01,DEPT,,5395.0,,89.81
IND-323,D10,2023-01-01,DEPT,,3961.0,,
IND-323,D10,2023-06-01,DEPT,,6236.0,,
IND-323,D10,2023-09-01,DEPT,,4106.0,,
IND-323,D10,2023-10-01,DEPT,,4931.0,,
IND-323,D10,2024-01-01,DEPT,,5218.0,,
IND-323,D10,2024-02-01,DEPT,,5424.0,,
IND-323,D10,2024-04-01,DEPT,,6235.0,,
IND-323,D10,2024-07-01,DEPT,,5478.0,,
IND-323,D10,2024-09-01,DEPT,,5685.0,,
IND-323,D10,2024-11-01,DEPT,,5427.0,,
IND-323,D10,2024-12-01,DEPT,,4936.0,,
IND-323,D10,2025-04-01,DEPT,,7612.0,,
IND-323,D10,2025-05-01,DEPT,,6887.0,,
IND-323,D10,2025-06-01,DEPT,,5855.0,,
IND-323,D10,2025-07-01,DEPT,,6281.0,,
IND-323,D10,2025-08-01,DEPT,,4377.0,,
IND-323,D10,2025-09-01,DEPT,,7178.0,,
IND-323,D10,2025-10-01,DEPT,,7397.0,,
IND-323,D10,2025-11-01,DEPT,,6964.0,,
IND-323,D10,2025-12-01,DEPT,,5916.0,,
IND-323,D10,2026-01-01,DEPT,,7325.0,,
IND-323,D10,2026-02-01,DEPT,,7162.0,,
IND-323,D10,2026-03-01,DEPT,,7582.0,,
IND-323,D10,2026-04-01,DEPT,,8139.0,,
IND-323,D10,2026-05-01,DEPT,,7331.0,,100.0
IND-323,D11,2023-01-01,DEPT,,5018.0,,
IND-323,D11,2023-06-01,DEPT,,7143.0,,
IND-323,D11,2023-09-01,DEPT,,5236.0,,
IND-323,D11,2023-10-01,DEPT,,6860.0,,
IND-323,D11,2024-01-01,DEPT,,8520.0,,
IND-323,D11,2024-02-01,DEPT,,8596.0,,
IND-323,D11,2024-04-01,DEPT,,9285.0,,
IND-323,D11,2024-07-01,DEPT,,9722.0,,
IND-323,D11,2024-09-01,DEPT,,11146.0,,
IND-323,D11,2024-11-01,DEPT,,11486.0,,
IND-323,D11,2024-12-01,DEPT,,10551.0,,
IND-323,D11,2025-04-01,DEPT,,13422.0,,
IND-323,D11,2025-05-01,DEPT,,11548.0,,
IND-323,D11,2025-06-01,DEPT,,10371.0,,
IND-323,D11,2025-07-01,DEPT,,11610.0,,
IND-323,D11,2025-08-01,DEPT,,8713.0,,
IND-323,D11,2025-09-01,DEPT,,12191.0,,
IND-323,D11,2025-10-01,DEPT,,14466.0,,
IND-323,D11,2025-11-01,DEPT,,11269.0,,
IND-323,D11,2025-12-01,DEPT,,9458.0,,
IND-323,D11,2026-01-01,DEPT,,12017.0,,
IND-323,D11,2026-02-01,DEPT,,12036.0,,
IND-323,D11,2026-03-01,DEPT,,13957.0,,
IND-323,D11,2026-04-01,DEPT,,14056.0,,
IND-323,D11,2026-05-01,DEPT,,12224.0,,100.0
IND-323,D12,2023-01-01,DEPT,,3866.0,,
IND-323,D12,2023-06-01,DEPT,,7493.0,,
IND-323,D12,2023-09-01,DEPT,,6062.0,,
IND-323,D12,2023-10-01,DEPT,,7108.0,,
IND-323,D12,2024-01-01,DEPT,,7556.0,,
IND-323,D12,2024-02-01,DEPT,,7337.0,,
IND-323,D12,2024-04-01,DEPT,,8443.0,,
IND-323,D12,2024-07-01,DEPT,,8231.0,,
IND-323,D12,2024-09-01,DEPT,,8265.0,,
IND-323,D12,2024-11-01,DEPT,,8420.0,,
IND-323,D12,2024-12-01,DEPT,,7396.0,,
IND-323,D12,2025-04-01,DEPT,,11104.0,,
IND-323,D12,2025-05-01,DEPT,,10895.0,,
IND-323,D12,2025-06-01,DEPT,,9792.0,,
IND-323,D12,2025-07-01,DEPT,,10992.0,,
IND-323,D12,2025-08-01,DEPT,,7198.0,,
IND-323,D12,2025-09-01,DEPT,,12446.0,,
IND-323,D12,2025-10-01,DEPT,,14092.0,,
IND-323,D12,2025-11-01,DEPT,,12186.0,,
IND-323,D12,2025-12-01,DEPT,,10724.0,,
IND-323,D12,2026-01-01,DEPT,,14320.0,,
IND-323,D12,2026-02-01,DEPT,,13539.0,,
IND-323,D12,2026-03-01,DEPT,,14206.0,,
IND-323,D12,2026-04-01,DEPT,,16015.0,,
IND-323,D12,2026-05-01,DEPT,,14268.0,,100.0
IND-323,D13,2023-01-01,DEPT,,9983.0,,
IND-323,D13,2023-06-01,DEPT,,12853.0,,
IND-323,D13,2023-09-01,DEPT,,13208.0,,
IND-323,D13,2023-10-01,DEPT,,16483.0,,
IND-323,D13,2024-01-01,DEPT,,15970.0,,
IND-323,D13,2024-02-01,DEPT,,15513.0,,
IND-323,D13,2024-04-01,DEPT,,15527.0,,
IND-323,D13,2024-07-01,DEPT,,14743.0,,
IND-323,D13,2024-09-01,DEPT,,14807.0,,
IND-323,D13,2024-11-01,DEPT,,18603.0,,
IND-323,D13,2024-12-01,DEPT,,12721.0,,
IND-323,D13,2025-04-01,DEPT,,17624.0,,
IND-323,D13,2025-05-01,DEPT,,14871.0,,
IND-323,D13,2025-06-01,DEPT,,13375.0,,
IND-323,D13,2025-07-01,DEPT,,14542.0,,
IND-323,D13,2025-08-01,DEPT,,6978.0,,
IND-323,D13,2025-09-01,DEPT,,17287.0,,
IND-323,D13,2025-10-01,DEPT,,21671.0,,
IND-323,D13,2025-11-01,DEPT,,20015.0,,
IND-323,D13,2025-12-01,DEPT,,16266.0,,
IND-323,D13,2026-01-01,DEPT,,18570.0,,
IND-323,D13,2026-02-01,DEPT,,18175.0,,
IND-323,D13,2026-03-01,DEPT,,18581.0,,
IND-323,D13,2026-04-01,DEPT,,17528.0,,
IND-323,D13,2026-05-01,DEPT,,15140.0,,100.0
IND-323,D14,2023-01-01,DEPT,,23320.0,,
IND-323,D14,2023-06-01,DEPT,,16412.0,,
IND-323,D14,2023-09-01,DEPT,,15647.0,,
IND-323,D14,2023-10-01,DEPT,,16950.0,,
IND-323,D14,2024-01-01,DEPT,,17087.0,,
IND-323,D14,2024-02-01,DEPT,,17570.0,,
IND-323,D14,2024-04-01,DEPT,,19262.0,,
IND-323,D14,2024-07-01,DEPT,,18792.0,,
IND-323,D14,2024-09-01,DEPT,,20052.0,,
IND-323,D14,2024-11-01,DEPT,,18523.0,,
IND-323,D14,2024-12-01,DEPT,,18626.0,,
IND-323,D14,2025-04-01,DEPT,,23552.0,,
IND-323,D14,2025-05-01,DEPT,,21377.0,,
IND-323,D14,2025-06-01,DEPT,,20450.0,,
IND-323,D14,2025-07-01,DEPT,,21406.0,,
IND-323,D14,2025-08-01,DEPT,,17878.0,,
IND-323,D14,2025-09-01,DEPT,,25728.0,,
IND-323,D14,2025-10-01,DEPT,,25025.0,,
IND-323,D14,2025-11-01,DEPT,,21949.0,,
IND-323,D14,2025-12-01,DEPT,,20689.0,,
IND-323,D14,2026-01-01,DEPT,,23864.0,,
IND-323,D14,2026-02-01,DEPT,,25520.0,,
IND-323,D14,2026-03-01,DEPT,,27594.0,,
IND-323,D14,2026-04-01,DEPT,,26835.0,,
IND-323,D14,2026-05-01,DEPT,,21384.0,,100.0
IND-323,D15,2023-01-01,DEPT,,4047.0,,
IND-323,D15,2023-06-01,DEPT,,5232.0,,
IND-323,D15,2023-09-01,DEPT,,3772.0,,
IND-323,D15,2023-10-01,DEPT,,4399.0,,
IND-323,D15,2024-01-01,DEPT,,4602.0,,
IND-323,D15,2024-02-01,DEPT,,4234.0,,
IND-323,D15,2024-04-01,DEPT,,4268.0,,
IND-323,D15,2024-07-01,DEPT,,4500.0,,
IND-323,D15,2024-09-01,DEPT,,4630.0,,
IND-323,D15,2024-11-01,DEPT,,4797.0,,
IND-323,D15,2024-12-01,DEPT,,4345.0,,
IND-323,D15,2025-04-01,DEPT,,5975.0,,
IND-323,D15,2025-05-01,DEPT,,5515.0,,
IND-323,D15,2025-06-01,DEPT,,5246.0,,
IND-323,D15,2025-07-01,DEPT,,6167.0,,
IND-323,D15,2025-08-01,DEPT,,4837.0,,
IND-323,D15,2025-09-01,DEPT,,6208.0,,
IND-323,D15,2025-10-01,DEPT,,6968.0,,
IND-323,D15,2025-11-01,DEPT,,5568.0,,
IND-323,D15,2025-12-01,DEPT,,5167.0,,
IND-323,D15,2026-01-01,DEPT,,6295.0,,
IND-323,D15,2026-02-01,DEPT,,5724.0,,
IND-323,D15,2026-03-01,DEPT,,6850.0,,
IND-323,D15,2026-04-01,DEPT,,7490.0,,
IND-323,D15,2026-05-01,DEPT,,6109.0,,70.43
IND-323,D16,2023-01-01,DEPT,,7465.0,,
IND-323,D16,2023-06-01,DEPT,,10489.0,,
IND-323,D16,2023-09-01,DEPT,,7334.0,,
IND-323,D16,2023-10-01,DEPT,,8045.0,,
IND-323,D16,2024-01-01,DEPT,,8667.0,,
IND-323,D16,2024-02-01,DEPT,,8087.0,,
IND-323,D16,2024-04-01,DEPT,,8869.0,,
IND-323,D16,2024-07-01,DEPT,,7853.0,,
IND-323,D16,2024-09-01,DEPT,,9219.0,,
IND-323,D16,2024-11-01,DEPT,,9469.0,,
IND-323,D16,2024-12-01,DEPT,,8448.0,,
IND-323,D16,2025-04-01,DEPT,,12130.0,,
IND-323,D16,2025-05-01,DEPT,,11050.0,,
IND-323,D16,2025-06-01,DEPT,,9504.0,,
IND-323,D16,2025-07-01,DEPT,,10585.0,,
IND-323,D16,2025-08-01,DEPT,,8194.0,,
IND-323,D16,2025-09-01,DEPT,,12092.0,,
IND-323,D16,2025-10-01,DEPT,,13862.0,,
IND-323,D16,2025-11-01,DEPT,,11680.0,,
IND-323,D16,2025-12-01,DEPT,,10847.0,,
IND-323,D16,2026-01-01,DEPT,,12963.0,,
IND-323,D16,2026-02-01,DEPT,,12635.0,,
IND-323,D16,2026-03-01,DEPT,,13982.0,,
IND-323,D16,2026-04-01,DEPT,,14814.0,,
IND-323,D16,2026-05-01,DEPT,,12889.0,,100.0
IND-323,D17,2023-01-01,DEPT,,7427.0,,
IND-323,D17,2023-06-01,DEPT,,11859.0,,
IND-323,D17,2023-09-01,DEPT,,9760.0,,
IND-323,D17,2023-10-01,DEPT,,11494.0,,
IND-323,D17,2024-01-01,DEPT,,11566.0,,
IND-323,D17,2024-02-01,DEPT,,12013.0,,
IND-323,D17,2024-04-01,DEPT,,12129.0,,
IND-323,D17,2024-07-01,DEPT,,12290.0,,
IND-323,D17,2024-09-01,DEPT,,13244.0,,
IND-323,D17,2024-11-01,DEPT,,13908.0,,
IND-323,D17,2024-12-01,DEPT,,11742.0,,
IND-323,D17,2025-04-01,DEPT,,16612.0,,
IND-323,D17,2025-05-01,DEPT,,14885.0,,
IND-323,D17,2025-06-01,DEPT,,15059.0,,
IND-323,D17,2025-07-01,DEPT,,15425.0,,
IND-323,D17,2025-08-01,DEPT,,12243.0,,
IND-323,D17,2025-09-01,DEPT,,17754.0,,
IND-323,D17,2025-10-01,DEPT,,20487.0,,
IND-323,D17,2025-11-01,DEPT,,16721.0,,
IND-323,D17,2025-12-01,DEPT,,14773.0,,
IND-323,D17,2026-01-01,DEPT,,16203.0,,
IND-323,D17,2026-02-01,DEPT,,15876.0,,
IND-323,D17,2026-03-01,DEPT,,17736.0,,
IND-323,D17,2026-04-01,DEPT,,17498.0,,
IND-323,D17,2026-05-01,DEPT,,14422.0,,99.73
IND-323,D18,2023-01-01,DEPT,,6900.0,,
IND-323,D18,2023-06-01,DEPT,,8670.0,,
IND-323,D18,2023-09-01,DEPT,,6029.0,,
IND-323,D18,2023-10-01,DEPT,,6856.0,,
IND-323,D18,2024-01-01,DEPT,,6774.0,,
IND-323,D18,2024-02-01,DEPT,,6851.0,,
IND-323,D18,2024-04-01,DEPT,,7954.0,,
IND-323,D18,2024-07-01,DEPT,,6471.0,,
IND-323,D18,2024-09-01,DEPT,,6812.0,,
IND-323,D18,2024-11-01,DEPT,,7997.0,,
IND-323,D18,2024-12-01,DEPT,,7247.0,,
IND-323,D18,2025-04-01,DEPT,,9436.0,,
IND-323,D18,2025-05-01,DEPT,,9112.0,,
IND-323,D18,2025-06-01,DEPT,,8433.0,,
IND-323,D18,2025-07-01,DEPT,,8405.0,,
IND-323,D18,2025-08-01,DEPT,,6869.0,,
IND-323,D18,2025-09-01,DEPT,,10229.0,,
IND-323,D18,2025-10-01,DEPT,,11785.0,,
IND-323,D18,2025-11-01,DEPT,,8986.0,,
IND-323,D18,2025-12-01,DEPT,,8377.0,,
IND-323,D18,2026-01-01,DEPT,,11387.0,,
IND-323,D18,2026-02-01,DEPT,,10871.0,,
IND-323,D18,2026-03-01,DEPT,,12238.0,,
IND-323,D18,2026-04-01,DEPT,,13385.0,,
IND-323,D18,2026-05-01,DEPT,,10227.0,,100.0
IND-323,D19,2023-01-01,DEPT,,4732.0,,
IND-323,D19,2023-06-01,DEPT,,7543.0,,
IND-323,D19,2023-09-01,DEPT,,5044.0,,
IND-323,D19,2023-10-01,DEPT,,5632.0,,
IND-323,D19,2024-01-01,DEPT,,6258.0,,
IND-323,D19,2024-02-01,DEPT,,6912.0,,
IND-323,D19,2024-04-01,DEPT,,7318.0,,
IND-323,D19,2024-07-01,DEPT,,6124.0,,
IND-323,D19,2024-09-01,DEPT,,5516.0,,
IND-323,D19,2024-11-01,DEPT,,5290.0,,
IND-323,D19,2024-12-01,DEPT,,5294.0,,
IND-323,D19,2025-04-01,DEPT,,7589.0,,
IND-323,D19,2025-05-01,DEPT,,7155.0,,
IND-323,D19,2025-06-01,DEPT,,6045.0,,
IND-323,D19,2025-07-01,DEPT,,6199.0,,
IND-323,D19,2025-08-01,DEPT,,5167.0,,
IND-323,D19,2025-09-01,DEPT,,6528.0,,
IND-323,D19,2025-10-01,DEPT,,7492.0,,
IND-323,D19,2025-11-01,DEPT,,6278.0,,
IND-323,D19,2025-12-01,DEPT,,5872.0,,
IND-323,D19,2026-01-01,DEPT,,7283.0,,
IND-323,D19,2026-02-01,DEPT,,6976.0,,
IND-323,D19,2026-03-01,DEPT,,7663.0,,
IND-323,D19,2026-04-01,DEPT,,7369.0,,
IND-323,D19,2026-05-01,DEPT,,6497.0,,62.32
IND-323,D21,2023-01-01,DEPT,,3645.0,,
IND-323,D21,2023-06-01,DEPT,,5957.0,,
IND-323,D21,2023-09-01,DEPT,,4558.0,,
IND-323,D21,2023-10-01,DEPT,,6168.0,,
IND-323,D21,2024-01-01,DEPT,,5450.0,,
IND-323,D21,2024-02-01,DEPT,,5086.0,,
IND-323,D21,2024-04-01,DEPT,,4784.0,,
IND-323,D21,2024-07-01,DEPT,,4249.0,,
IND-323,D21,2024-09-01,DEPT,,4731.0,,
IND-323,D21,2024-11-01,DEPT,,5141.0,,
IND-323,D21,2024-12-01,DEPT,,3989.0,,
IND-323,D21,2025-04-01,DEPT,,6216.0,,
IND-323,D21,2025-05-01,DEPT,,6136.0,,
IND-323,D21,2025-06-01,DEPT,,5383.0,,
IND-323,D21,2025-07-01,DEPT,,5738.0,,
IND-323,D21,2025-08-01,DEPT,,4411.0,,
IND-323,D21,2025-09-01,DEPT,,6251.0,,
IND-323,D21,2025-10-01,DEPT,,6886.0,,
IND-323,D21,2025-11-01,DEPT,,6159.0,,
IND-323,D21,2025-12-01,DEPT,,6174.0,,
IND-323,D21,2026-01-01,DEPT,,7983.0,,
IND-323,D21,2026-02-01,DEPT,,8318.0,,
IND-323,D21,2026-03-01,DEPT,,8671.0,,
IND-323,D21,2026-04-01,DEPT,,9200.0,,
IND-323,D21,2026-05-01,DEPT,,8579.0,,91.25
IND-323,D22,2023-01-01,DEPT,,10017.0,,
IND-323,D22,2023-06-01,DEPT,,14886.0,,
IND-323,D22,2023-09-01,DEPT,,11486.0,,
IND-323,D22,2023-10-01,DEPT,,12251.0,,
IND-323,D22,2024-01-01,DEPT,,14695.0,,
IND-323,D22,2024-02-01,DEPT,,15088.0,,
IND-323,D22,2024-04-01,DEPT,,16158.0,,
IND-323,D22,2024-07-01,DEPT,,13253.0,,
IND-323,D22,2024-09-01,DEPT,,14835.0,,
IND-323,D22,2024-11-01,DEPT,,15351.0,,
IND-323,D22,2024-12-01,DEPT,,13438.0,,
IND-323,D22,2025-04-01,DEPT,,17628.0,,
IND-323,D22,2025-05-01,DEPT,,16171.0,,
IND-323,D22,2025-06-01,DEPT,,14103.0,,
IND-323,D22,2025-07-01,DEPT,,13993.0,,
IND-323,D22,2025-08-01,DEPT,,10385.0,,
IND-323,D22,2025-09-01,DEPT,,16324.0,,
IND-323,D22,2025-10-01,DEPT,,17398.0,,
IND-323,D22,2025-11-01,DEPT,,14542.0,,
IND-323,D22,2025-12-01,DEPT,,12987.0,,
IND-323,D22,2026-01-01,DEPT,,15104.0,,
IND-323,D22,2026-02-01,DEPT,,15439.0,,
IND-323,D22,2026-03-01,DEPT,,16754.0,,
IND-323,D22,2026-04-01,DEPT,,17198.0,,
IND-323,D22,2026-05-01,DEPT,,15299.0,,100.0
IND-323,D23,2023-01-01,DEPT,,2613.0,,
IND-323,D23,2023-06-01,DEPT,,3318.0,,
IND-323,D23,2023-09-01,DEPT,,2536.0,,
IND-323,D23,2023-10-01,DEPT,,3444.0,,
IND-323,D23,2024-01-01,DEPT,,3773.0,,
IND-323,D23,2024-02-01,DEPT,,3802.0,,
IND-323,D23,2024-04-01,DEPT,,4005.0,,
IND-323,D23,2024-07-01,DEPT,,3997.0,,
IND-323,D23,2024-09-01,DEPT,,4269.0,,
IND-323,D23,2024-11-01,DEPT,,4189.0,,
IND-323,D23,2024-12-01,DEPT,,4210.0,,
IND-323,D23,2025-04-01,DEPT,,5514.0,,
IND-323,D23,2025-05-01,DEPT,,5071.0,,
IND-323,D23,2025-06-01,DEPT,,4590.0,,
IND-323,D23,2025-07-01,DEPT,,4918.0,,
IND-323,D23,2025-08-01,DEPT,,3646.0,,
IND-323,D23,2025-09-01,DEPT,,5126.0,,
IND-323,D23,2025-10-01,DEPT,,5687.0,,
IND-323,D23,2025-11-01,DEPT,,4915.0,,
IND-323,D23,2025-12-01,DEPT,,4743.0,,
IND-323,D23,2026-01-01,DEPT,,5580.0,,
IND-323,D23,2026-02-01,DEPT,,5364.0,,
IND-323,D23,2026-03-01,DEPT,,5734.0,,
IND-323,D23,2026-04-01,DEPT,,5972.0,,
IND-323,D23,2026-05-01,DEPT,,5316.0,,75.94
IND-323,D24,2023-01-01,DEPT,,11671.0,,
IND-323,D24,2023-06-01,DEPT,,15965.0,,
IND-323,D24,2023-09-01,DEPT,,11268.0,,
IND-323,D24,2023-10-01,DEPT,,13108.0,,
IND-323,D24,2024-01-01,DEPT,,12892.0,,
IND-323,D24,2024-02-01,DEPT,,12458.0,,
IND-323,D24,2024-04-01,DEPT,,14219.0,,
IND-323,D24,2024-07-01,DEPT,,12175.0,,
IND-323,D24,2024-09-01,DEPT,,13300.0,,
IND-323,D24,2024-11-01,DEPT,,13609.0,,
IND-323,D24,2024-12-01,DEPT,,12047.0,,
IND-323,D24,2025-04-01,DEPT,,16571.0,,
IND-323,D24,2025-05-01,DEPT,,15424.0,,
IND-323,D24,2025-06-01,DEPT,,13591.0,,
IND-323,D24,2025-07-01,DEPT,,14416.0,,
IND-323,D24,2025-08-01,DEPT,,10829.0,,
IND-323,D24,2025-09-01,DEPT,,16430.0,,
IND-323,D24,2025-10-01,DEPT,,17959.0,,
IND-323,D24,2025-11-01,DEPT,,14655.0,,
IND-323,D24,2025-12-01,DEPT,,13648.0,,
IND-323,D24,2026-01-01,DEPT,,16139.0,,
IND-323,D24,2026-02-01,DEPT,,14471.0,,
IND-323,D24,2026-03-01,DEPT,,16070.0,,
IND-323,D24,2026-04-01,DEPT,,16447.0,,
IND-323,D24,2026-05-01,DEPT,,14566.0,,100.0
IND-323,D25,2023-01-01,DEPT,,10191.0,,
IND-323,D25,2023-06-01,DEPT,,16995.0,,
IND-323,D25,2023-09-01,DEPT,,12511.0,,
IND-323,D25,2023-10-01,DEPT,,12000.0,,
IND-323,D25,2024-01-01,DEPT,,14929.0,,
IND-323,D25,2024-02-01,DEPT,,14417.0,,
IND-323,D25,2024-04-01,DEPT,,15616.0,,
IND-323,D25,2024-07-01,DEPT,,14651.0,,
IND-323,D25,2024-09-01,DEPT,,14806.0,,
IND-323,D25,2024-11-01,DEPT,,13243.0,,
IND-323,D25,2024-12-01,DEPT,,12797.0,,
IND-323,D25,2025-04-01,DEPT,,17272.0,,
IND-323,D25,2025-05-01,DEPT,,15874.0,,
IND-323,D25,2025-06-01,DEPT,,14847.0,,
IND-323,D25,2025-07-01,DEPT,,14094.0,,
IND-323,D25,2025-08-01,DEPT,,12200.0,,
IND-323,D25,2025-09-01,DEPT,,16933.0,,
IND-323,D25,2025-10-01,DEPT,,18038.0,,
IND-323,D25,2025-11-01,DEPT,,14487.0,,
IND-323,D25,2025-12-01,DEPT,,12853.0,,
IND-323,D25,2026-01-01,DEPT,,15870.0,,
IND-323,D25,2026-02-01,DEPT,,15764.0,,
IND-323,D25,2026-03-01,DEPT,,16884.0,,
IND-323,D25,2026-04-01,DEPT,,16123.0,,
IND-323,D25,2026-05-01,DEPT,,17137.0,,100.0
IND-323,D26,2023-01-01,DEPT,,5137.0,,
IND-323,D26,2023-06-01,DEPT,,7151.0,,
IND-323,D26,2023-09-01,DEPT,,5499.0,,
IND-323,D26,2023-10-01,DEPT,,5741.0,,
IND-323,D26,2024-01-01,DEPT,,5787.0,,
IND-323,D26,2024-02-01,DEPT,,5919.0,,
IND-323,D26,2024-04-01,DEPT,,7231.0,,
IND-323,D26,2024-07-01,DEPT,,9142.0,,
IND-323,D26,2024-09-01,DEPT,,9773.0,,
IND-323,D26,2024-11-01,DEPT,,10086.0,,
IND-323,D26,2024-12-01,DEPT,,7618.0,,
IND-323,D26,2025-04-01,DEPT,,11850.0,,
IND-323,D26,2025-05-01,DEPT,,10469.0,,
IND-323,D26,2025-06-01,DEPT,,10344.0,,
IND-323,D26,2025-07-01,DEPT,,10800.0,,
IND-323,D26,2025-08-01,DEPT,,5094.0,,
IND-323,D26,2025-09-01,DEPT,,11892.0,,
IND-323,D26,2025-10-01,DEPT,,13510.0,,
IND-323,D26,2025-11-01,DEPT,,10572.0,,
IND-323,D26,2025-12-01,DEPT,,9363.0,,
IND-323,D26,2026-01-01,DEPT,,11350.0,,
IND-323,D26,2026-02-01,DEPT,,9973.0,,
IND-323,D26,2026-03-01,DEPT,,12200.0,,
IND-323,D26,2026-04-01,DEPT,,12666.0,,
IND-323,D26,2026-05-01,DEPT,,11288.0,,100.0
IND-323,D27,2023-01-01,DEPT,,11569.0,,
IND-323,D27,2023-06-01,DEPT,,16182.0,,
IND-323,D27,2023-09-01,DEPT,,13349.0,,
IND-323,D27,2023-10-01,DEPT,,14227.0,,
IND-323,D27,2024-01-01,DEPT,,13858.0,,
IND-323,D27,2024-02-01,DEPT,,14328.0,,
IND-323,D27,2024-04-01,DEPT,,14849.0,,
IND-323,D27,2024-07-01,DEPT,,15024.0,,
IND-323,D27,2024-09-01,DEPT,,15158.0,,
IND-323,D27,2024-11-01,DEPT,,14028.0,,
IND-323,D27,2024-12-01,DEPT,,12564.0,,
IND-323,D27,2025-04-01,DEPT,,16058.0,,
IND-323,D27,2025-05-01,DEPT,,14971.0,,
IND-323,D27,2025-06-01,DEPT,,13928.0,,
IND-323,D27,2025-07-01,DEPT,,14783.0,,
IND-323,D27,2025-08-01,DEPT,,11615.0,,
IND-323,D27,2025-09-01,DEPT,,16063.0,,
IND-323,D27,2025-10-01,DEPT,,17694.0,,
IND-323,D27,2025-11-01,DEPT,,14445.0,,
IND-323,D27,2025-12-01,DEPT,,13797.0,,
IND-323,D27,2026-01-01,DEPT,,16021.0,,
IND-323,D27,2026-02-01,DEPT,,15733.0,,
IND-323,D27,2026-03-01,DEPT,,17030.0,,
IND-323,D27,2026-04-01,DEPT,,17375.0,,
IND-323,D27,2026-05-01,DEPT,,14465.0,,100.0
IND-323,D28,2023-01-01,DEPT,,2223.0,,
IND-323,D28,2023-06-01,DEPT,,4545.0,,
IND-323,D28,2023-09-01,DEPT,,4358.0,,
IND-323,D28,2023-10-01,DEPT,,6193.0,,
IND-323,D28,2024-01-01,DEPT,,6781.0,,
IND-323,D28,2024-02-01,DEPT,,6897.0,,
IND-323,D28,2024-04-01,DEPT,,7343.0,,
IND-323,D28,2024-07-01,DEPT,,6290.0,,
IND-323,D28,2024-09-01,DEPT,,6601.0,,
IND-323,D28,2024-11-01,DEPT,,7014.0,,
IND-323,D28,2024-12-01,DEPT,,6967.0,,
IND-323,D28,2025-04-01,DEPT,,9970.0,,
IND-323,D28,2025-05-01,DEPT,,9103.0,,
IND-323,D28,2025-06-01,DEPT,,9025.0,,
IND-323,D28,2025-07-01,DEPT,,8562.0,,
IND-323,D28,2025-08-01,DEPT,,5844.0,,
IND-323,D28,2025-09-01,DEPT,,10501.0,,
IND-323,D28,2025-10-01,DEPT,,12907.0,,
IND-323,D28,2025-11-01,DEPT,,10184.0,,
IND-323,D28,2025-12-01,DEPT,,9123.0,,
IND-323,D28,2026-01-01,DEPT,,10769.0,,
IND-323,D28,2026-02-01,DEPT,,10777.0,,
IND-323,D28,2026-03-01,DEPT,,11037.0,,
IND-323,D28,2026-04-01,DEPT,,11071.0,,
IND-323,D28,2026-05-01,DEPT,,8837.0,,100.0
IND-323,D29,2023-01-01,DEPT,,7974.0,,
IND-323,D29,2023-06-01,DEPT,,12357.0,,
IND-323,D29,2023-09-01,DEPT,,13344.0,,
IND-323,D29,2023-10-01,DEPT,,14986.0,,
IND-323,D29,2024-01-01,DEPT,,14401.0,,
IND-323,D29,2024-02-01,DEPT,,15031.0,,
IND-323,D29,2024-04-01,DEPT,,15766.0,,
IND-323,D29,2024-07-01,DEPT,,26314.0,,
IND-323,D29,2024-09-01,DEPT,,26499.0,,
IND-323,D29,2024-11-01,DEPT,,25566.0,,
IND-323,D29,2024-12-01,DEPT,,22665.0,,
IND-323,D29,2025-04-01,DEPT,,26336.0,,
IND-323,D29,2025-05-01,DEPT,,24285.0,,
IND-323,D29,2025-06-01,DEPT,,23482.0,,
IND-323,D29,2025-07-01,DEPT,,24043.0,,
IND-323,D29,2025-08-01,DEPT,,16819.0,,
IND-323,D29,2025-09-01,DEPT,,27928.0,,
IND-323,D29,2025-10-01,DEPT,,31166.0,,
IND-323,D29,2025-11-01,DEPT,,23505.0,,
IND-323,D29,2025-12-01,DEPT,,18860.0,,
IND-323,D29,2026-01-01,DEPT,,21494.0,,
IND-323,D29,2026-02-01,DEPT,,21171.0,,
IND-323,D29,2026-03-01,DEPT,,23727.0,,
IND-323,D29,2026-04-01,DEPT,,23811.0,,
IND-323,D29,2026-05-01,DEPT,,19122.0,,100.0
IND-323,D2A,2023-01-01,DEPT,,2827.0,,
IND-323,D2A,2023-06-01,DEPT,,2743.0,,
IND-323,D2A,2023-09-01,DEPT,,2647.0,,
IND-323,D2A,2023-10-01,DEPT,,3831.0,,
IND-323,D2A,2024-01-01,DEPT,,3771.0,,
IND-323,D2A,2024-02-01,DEPT,,4944.0,,
IND-323,D2A,2024-04-01,DEPT,,5763.0,,
IND-323,D2A,2024-07-01,DEPT,,5024.0,,
IND-323,D2A,2024-09-01,DEPT,,4558.0,,
IND-323,D2A,2024-11-01,DEPT,,4317.0,,
IND-323,D2A,2024-12-01,DEPT,,4299.0,,
IND-323,D2A,2025-04-01,DEPT,,52629.0,,
IND-323,D2A,2025-05-01,DEPT,,55504.0,,
IND-323,D2A,2025-06-01,DEPT,,4664.0,,
IND-323,D2A,2025-07-01,DEPT,,4918.0,,
IND-323,D2A,2025-08-01,DEPT,,4362.0,,
IND-323,D2A,2025-09-01,DEPT,,5376.0,,
IND-323,D2A,2025-10-01,DEPT,,7894.0,,
IND-323,D2A,2025-11-01,DEPT,,5056.0,,
IND-323,D2A,2025-12-01,DEPT,,4118.0,,
IND-323,D2A,2026-01-01,DEPT,,6315.0,,
IND-323,D2A,2026-02-01,DEPT,,5288.0,,
IND-323,D2A,2026-03-01,DEPT,,6193.0,,
IND-323,D2A,2026-04-01,DEPT,,5926.0,,
IND-323,D2A,2026-05-01,DEPT,,5295.0,,95.66
IND-323,D2B,2023-01-01,DEPT,,1440.0,,
IND-323,D2B,2023-06-01,DEPT,,2532.0,,
IND-323,D2B,2023-09-01,DEPT,,2364.0,,
IND-323,D2B,2023-10-01,DEPT,,3577.0,,
IND-323,D2B,2024-01-01,DEPT,,3348.0,,
IND-323,D2B,2024-02-01,DEPT,,3574.0,,
IND-323,D2B,2024-04-01,DEPT,,5884.0,,
IND-323,D2B,2024-07-01,DEPT,,3903.0,,
IND-323,D2B,2024-09-01,DEPT,,4521.0,,
IND-323,D2B,2024-11-01,DEPT,,3557.0,,
IND-323,D2B,2024-12-01,DEPT,,3725.0,,
IND-323,D2B,2025-04-01,DEPT,,51548.0,,
IND-323,D2B,2025-05-01,DEPT,,54087.0,,
IND-323,D2B,2025-06-01,DEPT,,4987.0,,
IND-323,D2B,2025-07-01,DEPT,,4244.0,,
IND-323,D2B,2025-08-01,DEPT,,3146.0,,
IND-323,D2B,2025-09-01,DEPT,,5361.0,,
IND-323,D2B,2025-10-01,DEPT,,6210.0,,
IND-323,D2B,2025-11-01,DEPT,,4188.0,,
IND-323,D2B,2025-12-01,DEPT,,4412.0,,
IND-323,D2B,2026-01-01,DEPT,,6534.0,,
IND-323,D2B,2026-02-01,DEPT,,7230.0,,
IND-323,D2B,2026-03-01,DEPT,,7299.0,,
IND-323,D2B,2026-04-01,DEPT,,6695.0,,
IND-323,D2B,2026-05-01,DEPT,,5791.0,,67.93
IND-323,D30,2023-01-01,DEPT,,8798.0,,
IND-323,D30,2023-06-01,DEPT,,10542.0,,
IND-323,D30,2023-09-01,DEPT,,10376.0,,
IND-323,D30,2023-10-01,DEPT,,11878.0,,
IND-323,D30,2024-01-01,DEPT,,11608.0,,
IND-323,D30,2024-02-01,DEPT,,11443.0,,
IND-323,D30,2024-04-01,DEPT,,11409.0,,
IND-323,D30,2024-07-01,DEPT,,13952.0,,
IND-323,D30,2024-09-01,DEPT,,15738.0,,
IND-323,D30,2024-11-01,DEPT,,16456.0,,
IND-323,D30,2024-12-01,DEPT,,15225.0,,
IND-323,D30,2025-04-01,DEPT,,16907.0,,
IND-323,D30,2025-05-01,DEPT,,15668.0,,
IND-323,D30,2025-06-01,DEPT,,14489.0,,
IND-323,D30,2025-07-01,DEPT,,16143.0,,
IND-323,D30,2025-08-01,DEPT,,11217.0,,
IND-323,D30,2025-09-01,DEPT,,18160.0,,
IND-323,D30,2025-10-01,DEPT,,19551.0,,
IND-323,D30,2025-11-01,DEPT,,16821.0,,
IND-323,D30,2025-12-01,DEPT,,13587.0,,
IND-323,D30,2026-01-01,DEPT,,17354.0,,
IND-323,D30,2026-02-01,DEPT,,16700.0,,
IND-323,D30,2026-03-01,DEPT,,16738.0,,
IND-323,D30,2026-04-01,DEPT,,15602.0,,
IND-323,D30,2026-05-01,DEPT,,12837.0,,90.85
IND-323,D31,2023-01-01,DEPT,,4933.0,,
IND-323,D31,2023-06-01,DEPT,,7435.0,,
IND-323,D31,2023-09-01,DEPT,,5558.0,,
IND-323,D31,2023-10-01,DEPT,,6475.0,,
IND-323,D31,2024-01-01,DEPT,,7256.0,,
IND-323,D31,2024-02-01,DEPT,,7931.0,,
IND-323,D31,2024-04-01,DEPT,,8183.0,,
IND-323,D31,2024-07-01,DEPT,,7701.0,,
IND-323,D31,2024-09-01,DEPT,,9003.0,,
IND-323,D31,2024-11-01,DEPT,,8855.0,,
IND-323,D31,2024-12-01,DEPT,,8133.0,,
IND-323,D31,2025-04-01,DEPT,,12597.0,,
IND-323,D31,2025-05-01,DEPT,,12412.0,,
IND-323,D31,2025-06-01,DEPT,,11426.0,,
IND-323,D31,2025-07-01,DEPT,,10734.0,,
IND-323,D31,2025-08-01,DEPT,,7555.0,,
IND-323,D31,2025-09-01,DEPT,,13808.0,,
IND-323,D31,2025-10-01,DEPT,,15092.0,,
IND-323,D31,2025-11-01,DEPT,,13078.0,,
IND-323,D31,2025-12-01,DEPT,,11251.0,,
IND-323,D31,2026-01-01,DEPT,,14970.0,,
IND-323,D31,2026-02-01,DEPT,,13822.0,,
IND-323,D31,2026-03-01,DEPT,,14987.0,,
IND-323,D31,2026-04-01,DEPT,,15529.0,,
IND-323,D31,2026-05-01,DEPT,,13066.0,,100.0
IND-323,D32,2023-01-01,DEPT,,4212.0,,
IND-323,D32,2023-06-01,DEPT,,5966.0,,
IND-323,D32,2023-09-01,DEPT,,3925.0,,
IND-323,D32,2023-10-01,DEPT,,5158.0,,
IND-323,D32,2024-01-01,DEPT,,5951.0,,
IND-323,D32,2024-02-01,DEPT,,5378.0,,
IND-323,D32,2024-04-01,DEPT,,5947.0,,
IND-323,D32,2024-07-01,DEPT,,5977.0,,
IND-323,D32,2024-09-01,DEPT,,5902.0,,
IND-323,D32,2024-11-01,DEPT,,6645.0,,
IND-323,D32,2024-12-01,DEPT,,5619.0,,
IND-323,D32,2025-04-01,DEPT,,7314.0,,
IND-323,D32,2025-05-01,DEPT,,7380.0,,
IND-323,D32,2025-06-01,DEPT,,6078.0,,
IND-323,D32,2025-07-01,DEPT,,6162.0,,
IND-323,D32,2025-08-01,DEPT,,5028.0,,
IND-323,D32,2025-09-01,DEPT,,7741.0,,
IND-323,D32,2025-10-01,DEPT,,10396.0,,
IND-323,D32,2025-11-01,DEPT,,8173.0,,
IND-323,D32,2025-12-01,DEPT,,7835.0,,
IND-323,D32,2026-01-01,DEPT,,9596.0,,
IND-323,D32,2026-02-01,DEPT,,9167.0,,
IND-323,D32,2026-03-01,DEPT,,9499.0,,
IND-323,D32,2026-04-01,DEPT,,10905.0,,
IND-323,D32,2026-05-01,DEPT,,9574.0,,100.0
IND-323,D33,2023-01-01,DEPT,,14557.0,,
IND-323,D33,2023-06-01,DEPT,,16814.0,,
IND-323,D33,2023-09-01,DEPT,,15479.0,,
IND-323,D33,2023-10-01,DEPT,,19360.0,,
IND-323,D33,2024-01-01,DEPT,,18379.0,,
IND-323,D33,2024-02-01,DEPT,,17486.0,,
IND-323,D33,2024-04-01,DEPT,,18420.0,,
IND-323,D33,2024-07-01,DEPT,,19166.0,,
IND-323,D33,2024-09-01,DEPT,,18381.0,,
IND-323,D33,2024-11-01,DEPT,,21108.0,,
IND-323,D33,2024-12-01,DEPT,,21805.0,,
IND-323,D33,2025-04-01,DEPT,,24192.0,,
IND-323,D33,2025-05-01,DEPT,,24783.0,,
IND-323,D33,2025-06-01,DEPT,,21937.0,,
IND-323,D33,2025-07-01,DEPT,,24973.0,,
IND-323,D33,2025-08-01,DEPT,,18566.0,,
IND-323,D33,2025-09-01,DEPT,,25847.0,,
IND-323,D33,2025-10-01,DEPT,,29051.0,,
IND-323,D33,2025-11-01,DEPT,,23295.0,,
IND-323,D33,2025-12-01,DEPT,,21984.0,,
IND-323,D33,2026-01-01,DEPT,,27277.0,,
IND-323,D33,2026-02-01,DEPT,,25708.0,,
IND-323,D33,2026-03-01,DEPT,,28838.0,,
IND-323,D33,2026-04-01,DEPT,,26474.0,,
IND-323,D33,2026-05-01,DEPT,,23779.0,,100.0
IND-323,D34,2023-01-01,DEPT,,11376.0,,
IND-323,D34,2023-06-01,DEPT,,18327.0,,
IND-323,D34,2023-09-01,DEPT,,16909.0,,
IND-323,D34,2023-10-01,DEPT,,19086.0,,
IND-323,D34,2024-01-01,DEPT,,19065.0,,
IND-323,D34,2024-02-01,DEPT,,18414.0,,
IND-323,D34,2024-04-01,DEPT,,17974.0,,
IND-323,D34,2024-07-01,DEPT,,17399.0,,
IND-323,D34,2024-09-01,DEPT,,19022.0,,
IND-323,D34,2024-11-01,DEPT,,18962.0,,
IND-323,D34,2024-12-01,DEPT,,16831.0,,
IND-323,D34,2025-04-01,DEPT,,22545.0,,
IND-323,D34,2025-05-01,DEPT,,21365.0,,
IND-323,D34,2025-06-01,DEPT,,19702.0,,
IND-323,D34,2025-07-01,DEPT,,18977.0,,
IND-323,D34,2025-08-01,DEPT,,16125.0,,
IND-323,D34,2025-09-01,DEPT,,23621.0,,
IND-323,D34,2025-10-01,DEPT,,24966.0,,
IND-323,D34,2025-11-01,DEPT,,22332.0,,
IND-323,D34,2025-12-01,DEPT,,20645.0,,
IND-323,D34,2026-01-01,DEPT,,24506.0,,
IND-323,D34,2026-02-01,DEPT,,23767.0,,
IND-323,D34,2026-03-01,DEPT,,25814.0,,
IND-323,D34,2026-04-01,DEPT,,27233.0,,
IND-323,D34,2026-05-01,DEPT,,23452.0,,100.0
IND-323,D35,2023-01-01,DEPT,,6578.0,,
IND-323,D35,2023-06-01,DEPT,,9164.0,,
IND-323,D35,2023-09-01,DEPT,,6334.0,,
IND-323,D35,2023-10-01,DEPT,,8032.0,,
IND-323,D35,2024-01-01,DEPT,,9306.0,,
IND-323,D35,2024-02-01,DEPT,,9754.0,,
IND-323,D35,2024-04-01,DEPT,,9944.0,,
IND-323,D35,2024-07-01,DEPT,,9880.0,,
IND-323,D35,2024-09-01,DEPT,,12765.0,,
IND-323,D35,2024-11-01,DEPT,,13359.0,,
IND-323,D35,2024-12-01,DEPT,,10935.0,,
IND-323,D35,2025-04-01,DEPT,,14722.0,,
IND-323,D35,2025-05-01,DEPT,,14872.0,,
IND-323,D35,2025-06-01,DEPT,,13206.0,,
IND-323,D35,2025-07-01,DEPT,,11811.0,,
IND-323,D35,2025-08-01,DEPT,,8742.0,,
IND-323,D35,2025-09-01,DEPT,,15169.0,,
IND-323,D35,2025-10-01,DEPT,,16999.0,,
IND-323,D35,2025-11-01,DEPT,,13786.0,,
IND-323,D35,2025-12-01,DEPT,,12937.0,,
IND-323,D35,2026-01-01,DEPT,,14921.0,,
IND-323,D35,2026-02-01,DEPT,,14802.0,,
IND-323,D35,2026-03-01,DEPT,,16927.0,,
IND-323,D35,2026-04-01,DEPT,,17875.0,,
IND-323,D35,2026-05-01,DEPT,,15343.0,,100.0
IND-323,D36,2023-01-01,DEPT,,5317.0,,
IND-323,D36,2023-06-01,DEPT,,9460.0,,
IND-323,D36,2023-09-01,DEPT,,6030.0,,
IND-323,D36,2023-10-01,DEPT,,7253.0,,
IND-323,D36,2024-01-01,DEPT,,7689.0,,
IND-323,D36,2024-02-01,DEPT,,7957.0,,
IND-323,D36,2024-04-01,DEPT,,9130.0,,
IND-323,D36,2024-07-01,DEPT,,7786.0,,
IND-323,D36,2024-09-01,DEPT,,7792.0,,
IND-323,D36,2024-11-01,DEPT,,9451.0,,
IND-323,D36,2024-12-01,DEPT,,7847.0,,
IND-323,D36,2025-04-01,DEPT,,12619.0,,
IND-323,D36,2025-05-01,DEPT,,11626.0,,
IND-323,D36,2025-06-01,DEPT,,10219.0,,
IND-323,D36,2025-07-01,DEPT,,10386.0,,
IND-323,D36,2025-08-01,DEPT,,8569.0,,
IND-323,D36,2025-09-01,DEPT,,12371.0,,
IND-323,D36,2025-10-01,DEPT,,14305.0,,
IND-323,D36,2025-11-01,DEPT,,11465.0,,
IND-323,D36,2025-12-01,DEPT,,11126.0,,
IND-323,D36,2026-01-01,DEPT,,13387.0,,
IND-323,D36,2026-02-01,DEPT,,13520.0,,
IND-323,D36,2026-03-01,DEPT,,14579.0,,
IND-323,D36,2026-04-01,DEPT,,15734.0,,
IND-323,D36,2026-05-01,DEPT,,14138.0,,100.0
IND-323,D37,2023-01-01,DEPT,,8143.0,,
IND-323,D37,2023-06-01,DEPT,,8646.0,,
IND-323,D37,2023-09-01,DEPT,,7016.0,,
IND-323,D37,2023-10-01,DEPT,,7849.0,,
IND-323,D37,2024-01-01,DEPT,,8066.0,,
IND-323,D37,2024-02-01,DEPT,,8172.0,,
IND-323,D37,2024-04-01,DEPT,,8049.0,,
IND-323,D37,2024-07-01,DEPT,,7035.0,,
IND-323,D37,2024-09-01,DEPT,,7981.0,,
IND-323,D37,2024-11-01,DEPT,,9274.0,,
IND-323,D37,2024-12-01,DEPT,,8653.0,,
IND-323,D37,2025-04-01,DEPT,,12468.0,,
IND-323,D37,2025-05-01,DEPT,,12234.0,,
IND-323,D37,2025-06-01,DEPT,,10664.0,,
IND-323,D37,2025-07-01,DEPT,,11008.0,,
IND-323,D37,2025-08-01,DEPT,,8001.0,,
IND-323,D37,2025-09-01,DEPT,,13277.0,,
IND-323,D37,2025-10-01,DEPT,,15508.0,,
IND-323,D37,2025-11-01,DEPT,,13119.0,,
IND-323,D37,2025-12-01,DEPT,,12167.0,,
IND-323,D37,2026-01-01,DEPT,,14488.0,,
IND-323,D37,2026-02-01,DEPT,,14179.0,,
IND-323,D37,2026-03-01,DEPT,,15488.0,,
IND-323,D37,2026-04-01,DEPT,,16377.0,,
IND-323,D37,2026-05-01,DEPT,,13654.0,,100.0
IND-323,D38,2023-01-01,DEPT,,6313.0,,
IND-323,D38,2023-06-01,DEPT,,10177.0,,
IND-323,D38,2023-09-01,DEPT,,8029.0,,
IND-323,D38,2023-10-01,DEPT,,9474.0,,
IND-323,D38,2024-01-01,DEPT,,9788.0,,
IND-323,D38,2024-02-01,DEPT,,9559.0,,
IND-323,D38,2024-04-01,DEPT,,12196.0,,
IND-323,D38,2024-07-01,DEPT,,11243.0,,
IND-323,D38,2024-09-01,DEPT,,11771.0,,
IND-323,D38,2024-11-01,DEPT,,11058.0,,
IND-323,D38,2024-12-01,DEPT,,11337.0,,
IND-323,D38,2025-04-01,DEPT,,13335.0,,
IND-323,D38,2025-05-01,DEPT,,13814.0,,
IND-323,D38,2025-06-01,DEPT,,12136.0,,
IND-323,D38,2025-07-01,DEPT,,12506.0,,
IND-323,D38,2025-08-01,DEPT,,8511.0,,
IND-323,D38,2025-09-01,DEPT,,12879.0,,
IND-323,D38,2025-10-01,DEPT,,15963.0,,
IND-323,D38,2025-11-01,DEPT,,12149.0,,
IND-323,D38,2025-12-01,DEPT,,11918.0,,
IND-323,D38,2026-01-01,DEPT,,12556.0,,
IND-323,D38,2026-02-01,DEPT,,11877.0,,
IND-323,D38,2026-03-01,DEPT,,13230.0,,
IND-323,D38,2026-04-01,DEPT,,12386.0,,
IND-323,D38,2026-05-01,DEPT,,10844.0,,87.65
IND-323,D39,2023-01-01,DEPT,,5065.0,,
IND-323,D39,2023-06-01,DEPT,,7918.0,,
IND-323,D39,2023-09-01,DEPT,,5159.0,,
IND-323,D39,2023-10-01,DEPT,,6062.0,,
IND-323,D39,2024-01-01,DEPT,,5879.0,,
IND-323,D39,2024-02-01,DEPT,,6321.0,,
IND-323,D39,2024-04-01,DEPT,,6283.0,,
IND-323,D39,2024-07-01,DEPT,,5778.0,,
IND-323,D39,2024-09-01,DEPT,,6218.0,,
IND-323,D39,2024-11-01,DEPT,,6477.0,,
IND-323,D39,2024-12-01,DEPT,,6231.0,,
IND-323,D39,2025-04-01,DEPT,,8699.0,,
IND-323,D39,2025-05-01,DEPT,,8691.0,,
IND-323,D39,2025-06-01,DEPT,,7235.0,,
IND-323,D39,2025-07-01,DEPT,,7543.0,,
IND-323,D39,2025-08-01,DEPT,,5694.0,,
IND-323,D39,2025-09-01,DEPT,,8488.0,,
IND-323,D39,2025-10-01,DEPT,,9625.0,,
IND-323,D39,2025-11-01,DEPT,,8059.0,,
IND-323,D39,2025-12-01,DEPT,,7850.0,,
IND-323,D39,2026-01-01,DEPT,,9598.0,,
IND-323,D39,2026-02-01,DEPT,,9361.0,,
IND-323,D39,2026-03-01,DEPT,,10294.0,,
IND-323,D39,2026-04-01,DEPT,,11108.0,,
IND-323,D39,2026-05-01,DEPT,,10481.0,,100.0
IND-323,D40,2023-01-01,DEPT,,5554.0,,
IND-323,D40,2023-06-01,DEPT,,7479.0,,
IND-323,D40,2023-09-01,DEPT,,6665.0,,
IND-323,D40,2023-10-01,DEPT,,7103.0,,
IND-323,D40,2024-01-01,DEPT,,7476.0,,
IND-323,D40,2024-02-01,DEPT,,7463.0,,
IND-323,D40,2024-04-01,DEPT,,7911.0,,
IND-323,D40,2024-07-01,DEPT,,7157.0,,
IND-323,D40,2024-09-01,DEPT,,8091.0,,
IND-323,D40,2024-11-01,DEPT,,6997.0,,
IND-323,D40,2024-12-01,DEPT,,6456.0,,
IND-323,D40,2025-04-01,DEPT,,9814.0,,
IND-323,D40,2025-05-01,DEPT,,9159.0,,
IND-323,D40,2025-06-01,DEPT,,7894.0,,
IND-323,D40,2025-07-01,DEPT,,8448.0,,
IND-323,D40,2025-08-01,DEPT,,6068.0,,
IND-323,D40,2025-09-01,DEPT,,9212.0,,
IND-323,D40,2025-10-01,DEPT,,11049.0,,
IND-323,D40,2025-11-01,DEPT,,9306.0,,
IND-323,D40,2025-12-01,DEPT,,8071.0,,
IND-323,D40,2026-01-01,DEPT,,9950.0,,
IND-323,D40,2026-02-01,DEPT,,8799.0,,
IND-323,D40,2026-03-01,DEPT,,9831.0,,
IND-323,D40,2026-04-01,DEPT,,10947.0,,
IND-323,D40,2026-05-01,DEPT,,9482.0,,100.0
IND-323,D41,2023-01-01,DEPT,,7740.0,,
IND-323,D41,2023-06-01,DEPT,,10644.0,,
IND-323,D41,2023-09-01,DEPT,,7901.0,,
IND-323,D41,2023-10-01,DEPT,,9187.0,,
IND-323,D41,2024-01-01,DEPT,,9211.0,,
IND-323,D41,2024-02-01,DEPT,,9310.0,,
IND-323,D41,2024-04-01,DEPT,,9763.0,,
IND-323,D41,2024-07-01,DEPT,,9113.0,,
IND-323,D41,2024-09-01,DEPT,,10638.0,,
IND-323,D41,2024-11-01,DEPT,,10082.0,,
IND-323,D41,2024-12-01,DEPT,,8658.0,,
IND-323,D41,2025-04-01,DEPT,,13384.0,,
IND-323,D41,2025-05-01,DEPT,,11747.0,,
IND-323,D41,2025-06-01,DEPT,,10805.0,,
IND-323,D41,2025-07-01,DEPT,,10221.0,,
IND-323,D41,2025-08-01,DEPT,,7170.0,,
IND-323,D41,2025-09-01,DEPT,,12353.0,,
IND-323,D41,2025-10-01,DEPT,,13458.0,,
IND-323,D41,2025-11-01,DEPT,,11621.0,,
IND-323,D41,2025-12-01,DEPT,,10189.0,,
IND-323,D41,2026-01-01,DEPT,,12606.0,,
IND-323,D41,2026-02-01,DEPT,,13033.0,,
IND-323,D41,2026-03-01,DEPT,,14507.0,,
IND-323,D41,2026-04-01,DEPT,,13690.0,,
IND-323,D41,2026-05-01,DEPT,,12282.0,,100.0
IND-323,D42,2023-01-01,DEPT,,6280.0,,
IND-323,D42,2023-06-01,DEPT,,8662.0,,
IND-323,D42,2023-09-01,DEPT,,7642.0,,
IND-323,D42,2023-10-01,DEPT,,7812.0,,
IND-323,D42,2024-01-01,DEPT,,8163.0,,
IND-323,D42,2024-02-01,DEPT,,8634.0,,
IND-323,D42,2024-04-01,DEPT,,9870.0,,
IND-323,D42,2024-07-01,DEPT,,10112.0,,
IND-323,D42,2024-09-01,DEPT,,11288.0,,
IND-323,D42,2024-11-01,DEPT,,11931.0,,
IND-323,D42,2024-12-01,DEPT,,10229.0,,
IND-323,D42,2025-04-01,DEPT,,14465.0,,
IND-323,D42,2025-05-01,DEPT,,13311.0,,
IND-323,D42,2025-06-01,DEPT,,12950.0,,
IND-323,D42,2025-07-01,DEPT,,11882.0,,
IND-323,D42,2025-08-01,DEPT,,7166.0,,
IND-323,D42,2025-09-01,DEPT,,14965.0,,
IND-323,D42,2025-10-01,DEPT,,17058.0,,
IND-323,D42,2025-11-01,DEPT,,14394.0,,
IND-323,D42,2025-12-01,DEPT,,12412.0,,
IND-323,D42,2026-01-01,DEPT,,15535.0,,
IND-323,D42,2026-02-01,DEPT,,14978.0,,
IND-323,D42,2026-03-01,DEPT,,16823.0,,
IND-323,D42,2026-04-01,DEPT,,16732.0,,
IND-323,D42,2026-05-01,DEPT,,14752.0,,100.0
IND-323,D43,2023-01-01,DEPT,,3986.0,,
IND-323,D43,2023-06-01,DEPT,,6952.0,,
IND-323,D43,2023-09-01,DEPT,,4169.0,,
IND-323,D43,2023-10-01,DEPT,,4975.0,,
IND-323,D43,2024-01-01,DEPT,,5306.0,,
IND-323,D43,2024-02-01,DEPT,,5232.0,,
IND-323,D43,2024-04-01,DEPT,,5599.0,,
IND-323,D43,2024-07-01,DEPT,,5032.0,,
IND-323,D43,2024-09-01,DEPT,,5450.0,,
IND-323,D43,2024-11-01,DEPT,,6061.0,,
IND-323,D43,2024-12-01,DEPT,,5359.0,,
IND-323,D43,2025-04-01,DEPT,,10392.0,,
IND-323,D43,2025-05-01,DEPT,,9625.0,,
IND-323,D43,2025-06-01,DEPT,,8945.0,,
IND-323,D43,2025-07-01,DEPT,,9776.0,,
IND-323,D43,2025-08-01,DEPT,,6897.0,,
IND-323,D43,2025-09-01,DEPT,,10222.0,,
IND-323,D43,2025-10-01,DEPT,,12276.0,,
IND-323,D43,2025-11-01,DEPT,,9383.0,,
IND-323,D43,2025-12-01,DEPT,,9636.0,,
IND-323,D43,2026-01-01,DEPT,,12519.0,,
IND-323,D43,2026-02-01,DEPT,,12068.0,,
IND-323,D43,2026-03-01,DEPT,,12216.0,,
IND-323,D43,2026-04-01,DEPT,,13861.0,,
IND-323,D43,2026-05-01,DEPT,,11645.0,,100.0
IND-323,D44,2023-01-01,DEPT,,8457.0,,
IND-323,D44,2023-06-01,DEPT,,12299.0,,
IND-323,D44,2023-09-01,DEPT,,9706.0,,
IND-323,D44,2023-10-01,DEPT,,10465.0,,
IND-323,D44,2024-01-01,DEPT,,10576.0,,
IND-323,D44,2024-02-01,DEPT,,10482.0,,
IND-323,D44,2024-04-01,DEPT,,11910.0,,
IND-323,D44,2024-07-01,DEPT,,10183.0,,
IND-323,D44,2024-09-01,DEPT,,12356.0,,
IND-323,D44,2024-11-01,DEPT,,11796.0,,
IND-323,D44,2024-12-01,DEPT,,11164.0,,
IND-323,D44,2025-04-01,DEPT,,13757.0,,
IND-323,D44,2025-05-01,DEPT,,13852.0,,
IND-323,D44,2025-06-01,DEPT,,11688.0,,
IND-323,D44,2025-07-01,DEPT,,11556.0,,
IND-323,D44,2025-08-01,DEPT,,9486.0,,
IND-323,D44,2025-09-01,DEPT,,13833.0,,
IND-323,D44,2025-10-01,DEPT,,15210.0,,
IND-323,D44,2025-11-01,DEPT,,12474.0,,
IND-323,D44,2025-12-01,DEPT,,11389.0,,
IND-323,D44,2026-01-01,DEPT,,12693.0,,
IND-323,D44,2026-02-01,DEPT,,13533.0,,
IND-323,D44,2026-03-01,DEPT,,14225.0,,
IND-323,D44,2026-04-01,DEPT,,14520.0,,
IND-323,D44,2026-05-01,DEPT,,13230.0,,100.0
IND-323,D45,2023-01-01,DEPT,,6983.0,,
IND-323,D45,2023-06-01,DEPT,,10648.0,,
IND-323,D45,2023-09-01,DEPT,,9493.0,,
IND-323,D45,2023-10-01,DEPT,,9902.0,,
IND-323,D45,2024-01-01,DEPT,,11470.0,,
IND-323,D45,2024-02-01,DEPT,,12278.0,,
IND-323,D45,2024-04-01,DEPT,,12331.0,,
IND-323,D45,2024-07-01,DEPT,,11427.0,,
IND-323,D45,2024-09-01,DEPT,,12141.0,,
IND-323,D45,2024-11-01,DEPT,,11596.0,,
IND-323,D45,2024-12-01,DEPT,,10559.0,,
IND-323,D45,2025-04-01,DEPT,,15029.0,,
IND-323,D45,2025-05-01,DEPT,,15371.0,,
IND-323,D45,2025-06-01,DEPT,,13248.0,,
IND-323,D45,2025-07-01,DEPT,,15585.0,,
IND-323,D45,2025-08-01,DEPT,,9989.0,,
IND-323,D45,2025-09-01,DEPT,,15432.0,,
IND-323,D45,2025-10-01,DEPT,,18960.0,,
IND-323,D45,2025-11-01,DEPT,,16363.0,,
IND-323,D45,2025-12-01,DEPT,,15234.0,,
IND-323,D45,2026-01-01,DEPT,,16415.0,,
IND-323,D45,2026-02-01,DEPT,,15259.0,,
IND-323,D45,2026-03-01,DEPT,,17234.0,,
IND-323,D45,2026-04-01,DEPT,,17298.0,,
IND-323,D45,2026-05-01,DEPT,,14392.0,,100.0
IND-323,D46,2023-01-01,DEPT,,5112.0,,
IND-323,D46,2023-06-01,DEPT,,8481.0,,
IND-323,D46,2023-09-01,DEPT,,6655.0,,
IND-323,D46,2023-10-01,DEPT,,6629.0,,
IND-323,D46,2024-01-01,DEPT,,7450.0,,
IND-323,D46,2024-02-01,DEPT,,6984.0,,
IND-323,D46,2024-04-01,DEPT,,7905.0,,
IND-323,D46,2024-07-01,DEPT,,8181.0,,
IND-323,D46,2024-09-01,DEPT,,12115.0,,
IND-323,D46,2024-11-01,DEPT,,11717.0,,
IND-323,D46,2024-12-01,DEPT,,6945.0,,
IND-323,D46,2025-04-01,DEPT,,10094.0,,
IND-323,D46,2025-05-01,DEPT,,9863.0,,
IND-323,D46,2025-06-01,DEPT,,7894.0,,
IND-323,D46,2025-07-01,DEPT,,7900.0,,
IND-323,D46,2025-08-01,DEPT,,6780.0,,
IND-323,D46,2025-09-01,DEPT,,9674.0,,
IND-323,D46,2025-10-01,DEPT,,10135.0,,
IND-323,D46,2025-11-01,DEPT,,9235.0,,
IND-323,D46,2025-12-01,DEPT,,8242.0,,
IND-323,D46,2026-01-01,DEPT,,10696.0,,
IND-323,D46,2026-02-01,DEPT,,10925.0,,
IND-323,D46,2026-03-01,DEPT,,11833.0,,
IND-323,D46,2026-04-01,DEPT,,11977.0,,
IND-323,D46,2026-05-01,DEPT,,10512.0,,100.0
IND-323,D47,2023-01-01,DEPT,,6054.0,,
IND-323,D47,2023-06-01,DEPT,,9817.0,,
IND-323,D47,2023-09-01,DEPT,,7319.0,,
IND-323,D47,2023-10-01,DEPT,,8515.0,,
IND-323,D47,2024-01-01,DEPT,,8184.0,,
IND-323,D47,2024-02-01,DEPT,,7474.0,,
IND-323,D47,2024-04-01,DEPT,,9808.0,,
IND-323,D47,2024-07-01,DEPT,,7236.0,,
IND-323,D47,2024-09-01,DEPT,,8273.0,,
IND-323,D47,2024-11-01,DEPT,,7955.0,,
IND-323,D47,2024-12-01,DEPT,,7186.0,,
IND-323,D47,2025-04-01,DEPT,,8835.0,,
IND-323,D47,2025-05-01,DEPT,,9508.0,,
IND-323,D47,2025-06-01,DEPT,,8786.0,,
IND-323,D47,2025-07-01,DEPT,,8952.0,,
IND-323,D47,2025-08-01,DEPT,,7239.0,,
IND-323,D47,2025-09-01,DEPT,,9473.0,,
IND-323,D47,2025-10-01,DEPT,,9509.0,,
IND-323,D47,2025-11-01,DEPT,,8466.0,,
IND-323,D47,2025-12-01,DEPT,,7791.0,,
IND-323,D47,2026-01-01,DEPT,,9983.0,,
IND-323,D47,2026-02-01,DEPT,,9364.0,,
IND-323,D47,2026-03-01,DEPT,,10416.0,,
IND-323,D47,2026-04-01,DEPT,,10667.0,,
IND-323,D47,2026-05-01,DEPT,,9298.0,,100.0
IND-323,D48,2023-01-01,DEPT,,5671.0,,
IND-323,D48,2023-06-01,DEPT,,6201.0,,
IND-323,D48,2023-09-01,DEPT,,6478.0,,
IND-323,D48,2023-10-01,DEPT,,6487.0,,
IND-323,D48,2024-01-01,DEPT,,6689.0,,
IND-323,D48,2024-02-01,DEPT,,6526.0,,
IND-323,D48,2024-04-01,DEPT,,7676.0,,
IND-323,D48,2024-07-01,DEPT,,6907.0,,
IND-323,D48,2024-09-01,DEPT,,8811.0,,
IND-323,D48,2024-11-01,DEPT,,8648.0,,
IND-323,D48,2024-12-01,DEPT,,7225.0,,
IND-323,D48,2025-04-01,DEPT,,9784.0,,
IND-323,D48,2025-05-01,DEPT,,8977.0,,
IND-323,D48,2025-06-01,DEPT,,9213.0,,
IND-323,D48,2025-07-01,DEPT,,9416.0,,
IND-323,D48,2025-08-01,DEPT,,7986.0,,
IND-323,D48,2025-09-01,DEPT,,10767.0,,
IND-323,D48,2025-10-01,DEPT,,11197.0,,
IND-323,D48,2025-11-01,DEPT,,9725.0,,
IND-323,D48,2025-12-01,DEPT,,9027.0,,
IND-323,D48,2026-01-01,DEPT,,10932.0,,
IND-323,D48,2026-02-01,DEPT,,10082.0,,
IND-323,D48,2026-03-01,DEPT,,10697.0,,
IND-323,D48,2026-04-01,DEPT,,10991.0,,
IND-323,D48,2026-05-01,DEPT,,9645.0,,100.0
IND-323,D49,2023-01-01,DEPT,,9198.0,,
IND-323,D49,2023-06-01,DEPT,,10707.0,,
IND-323,D49,2023-09-01,DEPT,,9340.0,,
IND-323,D49,2023-10-01,DEPT,,11448.0,,
IND-323,D49,2024-01-01,DEPT,,11363.0,,
IND-323,D49,2024-02-01,DEPT,,11375.0,,
IND-323,D49,2024-04-01,DEPT,,12539.0,,
IND-323,D49,2024-07-01,DEPT,,10916.0,,
IND-323,D49,2024-09-01,DEPT,,12684.0,,
IND-323,D49,2024-11-01,DEPT,,12733.0,,
IND-323,D49,2024-12-01,DEPT,,11669.0,,
IND-323,D49,2025-04-01,DEPT,,15731.0,,
IND-323,D49,2025-05-01,DEPT,,15611.0,,
IND-323,D49,2025-06-01,DEPT,,12918.0,,
IND-323,D49,2025-07-01,DEPT,,12955.0,,
IND-323,D49,2025-08-01,DEPT,,10297.0,,
IND-323,D49,2025-09-01,DEPT,,16954.0,,
IND-323,D49,2025-10-01,DEPT,,16923.0,,
IND-323,D49,2025-11-01,DEPT,,15316.0,,
IND-323,D49,2025-12-01,DEPT,,14694.0,,
IND-323,D49,2026-01-01,DEPT,,17316.0,,
IND-323,D49,2026-02-01,DEPT,,17076.0,,
IND-323,D49,2026-03-01,DEPT,,18783.0,,
IND-323,D49,2026-04-01,DEPT,,19903.0,,
IND-323,D49,2026-05-01,DEPT,,17137.0,,100.0
IND-323,D50,2023-01-01,DEPT,,9573.0,,
IND-323,D50,2023-06-01,DEPT,,10633.0,,
IND-323,D50,2023-09-01,DEPT,,7703.0,,
IND-323,D50,2023-10-01,DEPT,,9366.0,,
IND-323,D50,2024-01-01,DEPT,,8634.0,,
IND-323,D50,2024-02-01,DEPT,,8970.0,,
IND-323,D50,2024-04-01,DEPT,,9018.0,,
IND-323,D50,2024-07-01,DEPT,,9125.0,,
IND-323,D50,2024-09-01,DEPT,,9147.0,,
IND-323,D50,2024-11-01,DEPT,,9520.0,,
IND-323,D50,2024-12-01,DEPT,,9124.0,,
IND-323,D50,2025-04-01,DEPT,,12098.0,,
IND-323,D50,2025-05-01,DEPT,,12236.0,,
IND-323,D50,2025-06-01,DEPT,,11101.0,,
IND-323,D50,2025-07-01,DEPT,,12142.0,,
IND-323,D50,2025-08-01,DEPT,,8487.0,,
IND-323,D50,2025-09-01,DEPT,,13073.0,,
IND-323,D50,2025-10-01,DEPT,,14173.0,,
IND-323,D50,2025-11-01,DEPT,,12035.0,,
IND-323,D50,2025-12-01,DEPT,,10678.0,,
IND-323,D50,2026-01-01,DEPT,,12241.0,,
IND-323,D50,2026-02-01,DEPT,,13005.0,,
IND-323,D50,2026-03-01,DEPT,,13813.0,,
IND-323,D50,2026-04-01,DEPT,,12734.0,,
IND-323,D50,2026-05-01,DEPT,,12087.0,,100.0
IND-323,D51,2023-01-01,DEPT,,4462.0,,
IND-323,D51,2023-06-01,DEPT,,4756.0,,
IND-323,D51,2023-09-01,DEPT,,4078.0,,
IND-323,D51,2023-10-01,DEPT,,4515.0,,
IND-323,D51,2024-01-01,DEPT,,5076.0,,
IND-323,D51,2024-02-01,DEPT,,5182.0,,
IND-323,D51,2024-04-01,DEPT,,5816.0,,
IND-323,D51,2024-07-01,DEPT,,5607.0,,
IND-323,D51,2024-09-01,DEPT,,5515.0,,
IND-323,D51,2024-11-01,DEPT,,6415.0,,
IND-323,D51,2024-12-01,DEPT,,5974.0,,
IND-323,D51,2025-04-01,DEPT,,9470.0,,
IND-323,D51,2025-05-01,DEPT,,9407.0,,
IND-323,D51,2025-06-01,DEPT,,8857.0,,
IND-323,D51,2025-07-01,DEPT,,8816.0,,
IND-323,D51,2025-08-01,DEPT,,5617.0,,
IND-323,D51,2025-09-01,DEPT,,10332.0,,
IND-323,D51,2025-10-01,DEPT,,10674.0,,
IND-323,D51,2025-11-01,DEPT,,9465.0,,
IND-323,D51,2025-12-01,DEPT,,8214.0,,
IND-323,D51,2026-01-01,DEPT,,11035.0,,
IND-323,D51,2026-02-01,DEPT,,9963.0,,
IND-323,D51,2026-03-01,DEPT,,10825.0,,
IND-323,D51,2026-04-01,DEPT,,10583.0,,
IND-323,D51,2026-05-01,DEPT,,9068.0,,88.32
IND-323,D52,2023-01-01,DEPT,,2896.0,,
IND-323,D52,2023-06-01,DEPT,,5817.0,,
IND-323,D52,2023-09-01,DEPT,,3590.0,,
IND-323,D52,2023-10-01,DEPT,,3915.0,,
IND-323,D52,2024-01-01,DEPT,,3866.0,,
IND-323,D52,2024-02-01,DEPT,,4370.0,,
IND-323,D52,2024-04-01,DEPT,,5619.0,,
IND-323,D52,2024-07-01,DEPT,,4262.0,,
IND-323,D52,2024-09-01,DEPT,,5214.0,,
IND-323,D52,2024-11-01,DEPT,,5037.0,,
IND-323,D52,2024-12-01,DEPT,,4838.0,,
IND-323,D52,2025-04-01,DEPT,,8764.0,,
IND-323,D52,2025-05-01,DEPT,,8821.0,,
IND-323,D52,2025-06-01,DEPT,,6812.0,,
IND-323,D52,2025-07-01,DEPT,,7484.0,,
IND-323,D52,2025-08-01,DEPT,,6252.0,,
IND-323,D52,2025-09-01,DEPT,,8608.0,,
IND-323,D52,2025-10-01,DEPT,,9898.0,,
IND-323,D52,2025-11-01,DEPT,,7863.0,,
IND-323,D52,2025-12-01,DEPT,,7710.0,,
IND-323,D52,2026-01-01,DEPT,,8572.0,,
IND-323,D52,2026-02-01,DEPT,,9481.0,,
IND-323,D52,2026-03-01,DEPT,,9688.0,,
IND-323,D52,2026-04-01,DEPT,,10706.0,,
IND-323,D52,2026-05-01,DEPT,,9370.0,,100.0
IND-323,D53,2023-01-01,DEPT,,5541.0,,
IND-323,D53,2023-06-01,DEPT,,7198.0,,
IND-323,D53,2023-09-01,DEPT,,5389.0,,
IND-323,D53,2023-10-01,DEPT,,6175.0,,
IND-323,D53,2024-01-01,DEPT,,6043.0,,
IND-323,D53,2024-02-01,DEPT,,6063.0,,
IND-323,D53,2024-04-01,DEPT,,6461.0,,
IND-323,D53,2024-07-01,DEPT,,5683.0,,
IND-323,D53,2024-09-01,DEPT,,5474.0,,
IND-323,D53,2024-11-01,DEPT,,5591.0,,
IND-323,D53,2024-12-01,DEPT,,5734.0,,
IND-323,D53,2025-04-01,DEPT,,8600.0,,
IND-323,D53,2025-05-01,DEPT,,8695.0,,
IND-323,D53,2025-06-01,DEPT,,7214.0,,
IND-323,D53,2025-07-01,DEPT,,7657.0,,
IND-323,D53,2025-08-01,DEPT,,5368.0,,
IND-323,D53,2025-09-01,DEPT,,8733.0,,
IND-323,D53,2025-10-01,DEPT,,9942.0,,
IND-323,D53,2025-11-01,DEPT,,7900.0,,
IND-323,D53,2025-12-01,DEPT,,7724.0,,
IND-323,D53,2026-01-01,DEPT,,9522.0,,
IND-323,D53,2026-02-01,DEPT,,9326.0,,
IND-323,D53,2026-03-01,DEPT,,9944.0,,
IND-323,D53,2026-04-01,DEPT,,9713.0,,
IND-323,D53,2026-05-01,DEPT,,8647.0,,100.0
IND-323,D54,2023-01-01,DEPT,,4047.0,,
IND-323,D54,2023-06-01,DEPT,,4999.0,,
IND-323,D54,2023-09-01,DEPT,,4753.0,,
IND-323,D54,2023-10-01,DEPT,,4803.0,,
IND-323,D54,2024-01-01,DEPT,,5937.0,,
IND-323,D54,2024-02-01,DEPT,,6751.0,,
IND-323,D54,2024-04-01,DEPT,,6505.0,,
IND-323,D54,2024-07-01,DEPT,,7000.0,,
IND-323,D54,2024-09-01,DEPT,,8647.0,,
IND-323,D54,2024-11-01,DEPT,,7702.0,,
IND-323,D54,2024-12-01,DEPT,,7508.0,,
IND-323,D54,2025-04-01,DEPT,,9502.0,,
IND-323,D54,2025-05-01,DEPT,,8765.0,,
IND-323,D54,2025-06-01,DEPT,,8610.0,,
IND-323,D54,2025-07-01,DEPT,,8857.0,,
IND-323,D54,2025-08-01,DEPT,,7628.0,,
IND-323,D54,2025-09-01,DEPT,,10029.0,,
IND-323,D54,2025-10-01,DEPT,,10829.0,,
IND-323,D54,2025-11-01,DEPT,,7783.0,,
IND-323,D54,2025-12-01,DEPT,,7818.0,,
IND-323,D54,2026-01-01,DEPT,,8705.0,,
IND-323,D54,2026-02-01,DEPT,,8581.0,,
IND-323,D54,2026-03-01,DEPT,,9295.0,,
IND-323,D54,2026-04-01,DEPT,,9906.0,,
IND-323,D54,2026-05-01,DEPT,,8946.0,,76.27
IND-323,D55,2023-01-01,DEPT,,3607.0,,
IND-323,D55,2023-06-01,DEPT,,4154.0,,
IND-323,D55,2023-09-01,DEPT,,3600.0,,
IND-323,D55,2023-10-01,DEPT,,3784.0,,
IND-323,D55,2024-01-01,DEPT,,4381.0,,
IND-323,D55,2024-02-01,DEPT,,5012.0,,
IND-323,D55,2024-04-01,DEPT,,5262.0,,
IND-323,D55,2024-07-01,DEPT,,4275.0,,
IND-323,D55,2024-09-01,DEPT,,4362.0,,
IND-323,D55,2024-11-01,DEPT,,4431.0,,
IND-323,D55,2024-12-01,DEPT,,3630.0,,
IND-323,D55,2025-04-01,DEPT,,5505.0,,
IND-323,D55,2025-05-01,DEPT,,5287.0,,
IND-323,D55,2025-06-01,DEPT,,4962.0,,
IND-323,D55,2025-07-01,DEPT,,4565.0,,
IND-323,D55,2025-08-01,DEPT,,3964.0,,
IND-323,D55,2025-09-01,DEPT,,5540.0,,
IND-323,D55,2025-10-01,DEPT,,6043.0,,
IND-323,D55,2025-11-01,DEPT,,5126.0,,
IND-323,D55,2025-12-01,DEPT,,4380.0,,
IND-323,D55,2026-01-01,DEPT,,5821.0,,
IND-323,D55,2026-02-01,DEPT,,6339.0,,
IND-323,D55,2026-03-01,DEPT,,7613.0,,
IND-323,D55,2026-04-01,DEPT,,7079.0,,
IND-323,D55,2026-05-01,DEPT,,6441.0,,62.08
IND-323,D56,2023-01-01,DEPT,,8141.0,,
IND-323,D56,2023-06-01,DEPT,,14841.0,,
IND-323,D56,2023-09-01,DEPT,,9920.0,,
IND-323,D56,2023-10-01,DEPT,,10572.0,,
IND-323,D56,2024-01-01,DEPT,,11751.0,,
IND-323,D56,2024-02-01,DEPT,,12990.0,,
IND-323,D56,2024-04-01,DEPT,,13756.0,,
IND-323,D56,2024-07-01,DEPT,,14076.0,,
IND-323,D56,2024-09-01,DEPT,,17333.0,,
IND-323,D56,2024-11-01,DEPT,,16156.0,,
IND-323,D56,2024-12-01,DEPT,,14192.0,,
IND-323,D56,2025-04-01,DEPT,,18296.0,,
IND-323,D56,2025-05-01,DEPT,,18852.0,,
IND-323,D56,2025-06-01,DEPT,,15913.0,,
IND-323,D56,2025-07-01,DEPT,,15745.0,,
IND-323,D56,2025-08-01,DEPT,,11064.0,,
IND-323,D56,2025-09-01,DEPT,,18979.0,,
IND-323,D56,2025-10-01,DEPT,,20377.0,,
IND-323,D56,2025-11-01,DEPT,,16724.0,,
IND-323,D56,2025-12-01,DEPT,,15022.0,,
IND-323,D56,2026-01-01,DEPT,,16122.0,,
IND-323,D56,2026-02-01,DEPT,,16597.0,,
IND-323,D56,2026-03-01,DEPT,,18883.0,,
IND-323,D56,2026-04-01,DEPT,,20109.0,,
IND-323,D56,2026-05-01,DEPT,,18655.0,,100.0
IND-323,D57,2023-01-01,DEPT,,7391.0,,
IND-323,D57,2023-06-01,DEPT,,12145.0,,
IND-323,D57,2023-09-01,DEPT,,9384.0,,
IND-323,D57,2023-10-01,DEPT,,10373.0,,
IND-323,D57,2024-01-01,DEPT,,11082.0,,
IND-323,D57,2024-02-01,DEPT,,11834.0,,
IND-323,D57,2024-04-01,DEPT,,12727.0,,
IND-323,D57,2024-07-01,DEPT,,9422.0,,
IND-323,D57,2024-09-01,DEPT,,11478.0,,
IND-323,D57,2024-11-01,DEPT,,11591.0,,
IND-323,D57,2024-12-01,DEPT,,9922.0,,
IND-323,D57,2025-04-01,DEPT,,13311.0,,
IND-323,D57,2025-05-01,DEPT,,14079.0,,
IND-323,D57,2025-06-01,DEPT,,13441.0,,
IND-323,D57,2025-07-01,DEPT,,12866.0,,
IND-323,D57,2025-08-01,DEPT,,11298.0,,
IND-323,D57,2025-09-01,DEPT,,15274.0,,
IND-323,D57,2025-10-01,DEPT,,15787.0,,
IND-323,D57,2025-11-01,DEPT,,14050.0,,
IND-323,D57,2025-12-01,DEPT,,12889.0,,
IND-323,D57,2026-01-01,DEPT,,16147.0,,
IND-323,D57,2026-02-01,DEPT,,16776.0,,
IND-323,D57,2026-03-01,DEPT,,18275.0,,
IND-323,D57,2026-04-01,DEPT,,17528.0,,
IND-323,D57,2026-05-01,DEPT,,17577.0,,100.0
IND-323,D58,2023-01-01,DEPT,,5169.0,,
IND-323,D58,2023-06-01,DEPT,,8316.0,,
IND-323,D58,2023-09-01,DEPT,,6712.0,,
IND-323,D58,2023-10-01,DEPT,,7396.0,,
IND-323,D58,2024-01-01,DEPT,,6242.0,,
IND-323,D58,2024-02-01,DEPT,,6776.0,,
IND-323,D58,2024-04-01,DEPT,,7277.0,,
IND-323,D58,2024-07-01,DEPT,,5430.0,,
IND-323,D58,2024-09-01,DEPT,,7144.0,,
IND-323,D58,2024-11-01,DEPT,,7717.0,,
IND-323,D58,2024-12-01,DEPT,,7697.0,,
IND-323,D58,2025-04-01,DEPT,,11852.0,,
IND-323,D58,2025-05-01,DEPT,,10773.0,,
IND-323,D58,2025-06-01,DEPT,,9337.0,,
IND-323,D58,2025-07-01,DEPT,,9872.0,,
IND-323,D58,2025-08-01,DEPT,,6530.0,,
IND-323,D58,2025-09-01,DEPT,,11563.0,,
IND-323,D58,2025-10-01,DEPT,,12977.0,,
IND-323,D58,2025-11-01,DEPT,,10250.0,,
IND-323,D58,2025-12-01,DEPT,,8997.0,,
IND-323,D58,2026-01-01,DEPT,,11364.0,,
IND-323,D58,2026-02-01,DEPT,,10956.0,,
IND-323,D58,2026-03-01,DEPT,,10936.0,,
IND-323,D58,2026-04-01,DEPT,,12486.0,,
IND-323,D58,2026-05-01,DEPT,,10253.0,,74.26
IND-323,D59,2023-01-01,DEPT,,14841.0,,
IND-323,D59,2023-06-01,DEPT,,17430.0,,
IND-323,D59,2023-09-01,DEPT,,15223.0,,
IND-323,D59,2023-10-01,DEPT,,17220.0,,
IND-323,D59,2024-01-01,DEPT,,16465.0,,
IND-323,D59,2024-02-01,DEPT,,17032.0,,
IND-323,D59,2024-04-01,DEPT,,17545.0,,
IND-323,D59,2024-07-01,DEPT,,15351.0,,
IND-323,D59,2024-09-01,DEPT,,16412.0,,
IND-323,D59,2024-11-01,DEPT,,15944.0,,
IND-323,D59,2024-12-01,DEPT,,13271.0,,
IND-323,D59,2025-04-01,DEPT,,19737.0,,
IND-323,D59,2025-05-01,DEPT,,17751.0,,
IND-323,D59,2025-06-01,DEPT,,17102.0,,
IND-323,D59,2025-07-01,DEPT,,15597.0,,
IND-323,D59,2025-08-01,DEPT,,13285.0,,
IND-323,D59,2025-09-01,DEPT,,18309.0,,
IND-323,D59,2025-10-01,DEPT,,22239.0,,
IND-323,D59,2025-11-01,DEPT,,19306.0,,
IND-323,D59,2025-12-01,DEPT,,18469.0,,
IND-323,D59,2026-01-01,DEPT,,25049.0,,
IND-323,D59,2026-02-01,DEPT,,27313.0,,
IND-323,D59,2026-03-01,DEPT,,31081.0,,
IND-323,D59,2026-04-01,DEPT,,30339.0,,
IND-323,D59,2026-05-01,DEPT,,24313.0,,100.0
IND-323,D60,2023-01-01,DEPT,,5810.0,,
IND-323,D60,2023-06-01,DEPT,,8567.0,,
IND-323,D60,2023-09-01,DEPT,,7061.0,,
IND-323,D60,2023-10-01,DEPT,,7929.0,,
IND-323,D60,2024-01-01,DEPT,,7072.0,,
IND-323,D60,2024-02-01,DEPT,,7877.0,,
IND-323,D60,2024-04-01,DEPT,,10012.0,,
IND-323,D60,2024-07-01,DEPT,,8494.0,,
IND-323,D60,2024-09-01,DEPT,,10153.0,,
IND-323,D60,2024-11-01,DEPT,,10014.0,,
IND-323,D60,2024-12-01,DEPT,,8663.0,,
IND-323,D60,2025-04-01,DEPT,,13064.0,,
IND-323,D60,2025-05-01,DEPT,,12638.0,,
IND-323,D60,2025-06-01,DEPT,,11730.0,,
IND-323,D60,2025-07-01,DEPT,,10620.0,,
IND-323,D60,2025-08-01,DEPT,,8311.0,,
IND-323,D60,2025-09-01,DEPT,,12094.0,,
IND-323,D60,2025-10-01,DEPT,,13167.0,,
IND-323,D60,2025-11-01,DEPT,,10942.0,,
IND-323,D60,2025-12-01,DEPT,,9673.0,,
IND-323,D60,2026-01-01,DEPT,,12354.0,,
IND-323,D60,2026-02-01,DEPT,,13298.0,,
IND-323,D60,2026-03-01,DEPT,,15135.0,,
IND-323,D60,2026-04-01,DEPT,,14010.0,,
IND-323,D60,2026-05-01,DEPT,,13094.0,,91.8
IND-323,D61,2023-01-01,DEPT,,9119.0,,
IND-323,D61,2023-06-01,DEPT,,11887.0,,
IND-323,D61,2023-09-01,DEPT,,9288.0,,
IND-323,D61,2023-10-01,DEPT,,12085.0,,
IND-323,D61,2024-01-01,DEPT,,10619.0,,
IND-323,D61,2024-02-01,DEPT,,11426.0,,
IND-323,D61,2024-04-01,DEPT,,12340.0,,
IND-323,D61,2024-07-01,DEPT,,10565.0,,
IND-323,D61,2024-09-01,DEPT,,11075.0,,
IND-323,D61,2024-11-01,DEPT,,10478.0,,
IND-323,D61,2024-12-01,DEPT,,10086.0,,
IND-323,D61,2025-04-01,DEPT,,11385.0,,
IND-323,D61,2025-05-01,DEPT,,11144.0,,
IND-323,D61,2025-06-01,DEPT,,10876.0,,
IND-323,D61,2025-07-01,DEPT,,11699.0,,
IND-323,D61,2025-08-01,DEPT,,8459.0,,
IND-323,D61,2025-09-01,DEPT,,13302.0,,
IND-323,D61,2025-10-01,DEPT,,13629.0,,
IND-323,D61,2025-11-01,DEPT,,12189.0,,
IND-323,D61,2025-12-01,DEPT,,10730.0,,
IND-323,D61,2026-01-01,DEPT,,12146.0,,
IND-323,D61,2026-02-01,DEPT,,12005.0,,
IND-323,D61,2026-03-01,DEPT,,12916.0,,
IND-323,D61,2026-04-01,DEPT,,12556.0,,
IND-323,D61,2026-05-01,DEPT,,11279.0,,100.0
IND-323,D62,2023-01-01,DEPT,,10488.0,,
IND-323,D62,2023-06-01,DEPT,,17326.0,,
IND-323,D62,2023-09-01,DEPT,,17159.0,,
IND-323,D62,2023-10-01,DEPT,,22529.0,,
IND-323,D62,2024-01-01,DEPT,,24831.0,,
IND-323,D62,2024-02-01,DEPT,,30075.0,,
IND-323,D62,2024-04-01,DEPT,,31094.0,,
IND-323,D62,2024-07-01,DEPT,,35477.0,,
IND-323,D62,2024-09-01,DEPT,,42090.0,,
IND-323,D62,2024-11-01,DEPT,,38049.0,,
IND-323,D62,2024-12-01,DEPT,,33924.0,,
IND-323,D62,2025-04-01,DEPT,,40249.0,,
IND-323,D62,2025-05-01,DEPT,,36386.0,,
IND-323,D62,2025-06-01,DEPT,,37471.0,,
IND-323,D62,2025-07-01,DEPT,,36636.0,,
IND-323,D62,2025-08-01,DEPT,,27552.0,,
IND-323,D62,2025-09-01,DEPT,,39864.0,,
IND-323,D62,2025-10-01,DEPT,,42419.0,,
IND-323,D62,2025-11-01,DEPT,,35168.0,,
IND-323,D62,2025-12-01,DEPT,,33231.0,,
IND-323,D62,2026-01-01,DEPT,,40258.0,,
IND-323,D62,2026-02-01,DEPT,,39639.0,,
IND-323,D62,2026-03-01,DEPT,,45259.0,,
IND-323,D62,2026-04-01,DEPT,,39206.0,,
IND-323,D62,2026-05-01,DEPT,,33089.0,,100.0
IND-323,D63,2023-01-01,DEPT,,5358.0,,
IND-323,D63,2023-06-01,DEPT,,9722.0,,
IND-323,D63,2023-09-01,DEPT,,9289.0,,
IND-323,D63,2023-10-01,DEPT,,10467.0,,
IND-323,D63,2024-01-01,DEPT,,11342.0,,
IND-323,D63,2024-02-01,DEPT,,10634.0,,
IND-323,D63,2024-04-01,DEPT,,10203.0,,
IND-323,D63,2024-07-01,DEPT,,10647.0,,
IND-323,D63,2024-09-01,DEPT,,13060.0,,
IND-323,D63,2024-11-01,DEPT,,13734.0,,
IND-323,D63,2024-12-01,DEPT,,12595.0,,
IND-323,D63,2025-04-01,DEPT,,15098.0,,
IND-323,D63,2025-05-01,DEPT,,14440.0,,
IND-323,D63,2025-06-01,DEPT,,14409.0,,
IND-323,D63,2025-07-01,DEPT,,13556.0,,
IND-323,D63,2025-08-01,DEPT,,10098.0,,
IND-323,D63,2025-09-01,DEPT,,16259.0,,
IND-323,D63,2025-10-01,DEPT,,19123.0,,
IND-323,D63,2025-11-01,DEPT,,12839.0,,
IND-323,D63,2025-12-01,DEPT,,13297.0,,
IND-323,D63,2026-01-01,DEPT,,14311.0,,
IND-323,D63,2026-02-01,DEPT,,16035.0,,
IND-323,D63,2026-03-01,DEPT,,20054.0,,
IND-323,D63,2026-04-01,DEPT,,16269.0,,
IND-323,D63,2026-05-01,DEPT,,14405.0,,100.0
IND-323,D64,2023-01-01,DEPT,,4790.0,,
IND-323,D64,2023-06-01,DEPT,,9068.0,,
IND-323,D64,2023-09-01,DEPT,,7742.0,,
IND-323,D64,2023-10-01,DEPT,,8905.0,,
IND-323,D64,2024-01-01,DEPT,,7049.0,,
IND-323,D64,2024-02-01,DEPT,,7769.0,,
IND-323,D64,2024-04-01,DEPT,,8390.0,,
IND-323,D64,2024-07-01,DEPT,,8375.0,,
IND-323,D64,2024-09-01,DEPT,,10102.0,,
IND-323,D64,2024-11-01,DEPT,,10794.0,,
IND-323,D64,2024-12-01,DEPT,,9468.0,,
IND-323,D64,2025-04-01,DEPT,,14079.0,,
IND-323,D64,2025-05-01,DEPT,,13747.0,,
IND-323,D64,2025-06-01,DEPT,,14205.0,,
IND-323,D64,2025-07-01,DEPT,,15116.0,,
IND-323,D64,2025-08-01,DEPT,,10444.0,,
IND-323,D64,2025-09-01,DEPT,,17290.0,,
IND-323,D64,2025-10-01,DEPT,,18741.0,,
IND-323,D64,2025-11-01,DEPT,,14468.0,,
IND-323,D64,2025-12-01,DEPT,,14394.0,,
IND-323,D64,2026-01-01,DEPT,,17359.0,,
IND-323,D64,2026-02-01,DEPT,,16338.0,,
IND-323,D64,2026-03-01,DEPT,,17765.0,,
IND-323,D64,2026-04-01,DEPT,,17895.0,,
IND-323,D64,2026-05-01,DEPT,,16171.0,,100.0
IND-323,D65,2023-01-01,DEPT,,5758.0,,
IND-323,D65,2023-06-01,DEPT,,8397.0,,
IND-323,D65,2023-09-01,DEPT,,5717.0,,
IND-323,D65,2023-10-01,DEPT,,6972.0,,
IND-323,D65,2024-01-01,DEPT,,7235.0,,
IND-323,D65,2024-02-01,DEPT,,7185.0,,
IND-323,D65,2024-04-01,DEPT,,8748.0,,
IND-323,D65,2024-07-01,DEPT,,5795.0,,
IND-323,D65,2024-09-01,DEPT,,7055.0,,
IND-323,D65,2024-11-01,DEPT,,7515.0,,
IND-323,D65,2024-12-01,DEPT,,6611.0,,
IND-323,D65,2025-04-01,DEPT,,8580.0,,
IND-323,D65,2025-05-01,DEPT,,8815.0,,
IND-323,D65,2025-06-01,DEPT,,8468.0,,
IND-323,D65,2025-07-01,DEPT,,8898.0,,
IND-323,D65,2025-08-01,DEPT,,7246.0,,
IND-323,D65,2025-09-01,DEPT,,10271.0,,
IND-323,D65,2025-10-01,DEPT,,10482.0,,
IND-323,D65,2025-11-01,DEPT,,8546.0,,
IND-323,D65,2025-12-01,DEPT,,8483.0,,
IND-323,D65,2026-01-01,DEPT,,9673.0,,
IND-323,D65,2026-02-01,DEPT,,9344.0,,
IND-323,D65,2026-03-01,DEPT,,10772.0,,
IND-323,D65,2026-04-01,DEPT,,9567.0,,
IND-323,D65,2026-05-01,DEPT,,9122.0,,100.0
IND-323,D66,2023-01-01,DEPT,,7141.0,,
IND-323,D66,2023-06-01,DEPT,,8227.0,,
IND-323,D66,2023-09-01,DEPT,,7174.0,,
IND-323,D66,2023-10-01,DEPT,,7360.0,,
IND-323,D66,2024-01-01,DEPT,,8519.0,,
IND-323,D66,2024-02-01,DEPT,,8628.0,,
IND-323,D66,2024-04-01,DEPT,,9376.0,,
IND-323,D66,2024-07-01,DEPT,,7342.0,,
IND-323,D66,2024-09-01,DEPT,,8308.0,,
IND-323,D66,2024-11-01,DEPT,,8637.0,,
IND-323,D66,2024-12-01,DEPT,,8004.0,,
IND-323,D66,2025-04-01,DEPT,,9985.0,,
IND-323,D66,2025-05-01,DEPT,,10492.0,,
IND-323,D66,2025-06-01,DEPT,,9539.0,,
IND-323,D66,2025-07-01,DEPT,,9170.0,,
IND-323,D66,2025-08-01,DEPT,,7571.0,,
IND-323,D66,2025-09-01,DEPT,,10769.0,,
IND-323,D66,2025-10-01,DEPT,,11563.0,,
IND-323,D66,2025-11-01,DEPT,,9962.0,,
IND-323,D66,2025-12-01,DEPT,,9800.0,,
IND-323,D66,2026-01-01,DEPT,,11324.0,,
IND-323,D66,2026-02-01,DEPT,,10345.0,,
IND-323,D66,2026-03-01,DEPT,,11191.0,,
IND-323,D66,2026-04-01,DEPT,,10944.0,,
IND-323,D66,2026-05-01,DEPT,,9674.0,,81.2
IND-323,D67,2023-01-01,DEPT,,5844.0,,
IND-323,D67,2023-06-01,DEPT,,8363.0,,
IND-323,D67,2023-09-01,DEPT,,5840.0,,
IND-323,D67,2023-10-01,DEPT,,7496.0,,
IND-323,D67,2024-01-01,DEPT,,7305.0,,
IND-323,D67,2024-02-01,DEPT,,8370.0,,
IND-323,D67,2024-04-01,DEPT,,8482.0,,
IND-323,D67,2024-07-01,DEPT,,7413.0,,
IND-323,D67,2024-09-01,DEPT,,8459.0,,
IND-323,D67,2024-11-01,DEPT,,10338.0,,
IND-323,D67,2024-12-01,DEPT,,9583.0,,
IND-323,D67,2025-04-01,DEPT,,17197.0,,
IND-323,D67,2025-05-01,DEPT,,13928.0,,
IND-323,D67,2025-06-01,DEPT,,13257.0,,
IND-323,D67,2025-07-01,DEPT,,13401.0,,
IND-323,D67,2025-08-01,DEPT,,10790.0,,
IND-323,D67,2025-09-01,DEPT,,13894.0,,
IND-323,D67,2025-10-01,DEPT,,14823.0,,
IND-323,D67,2025-11-01,DEPT,,13459.0,,
IND-323,D67,2025-12-01,DEPT,,10791.0,,
IND-323,D67,2026-01-01,DEPT,,15712.0,,
IND-323,D67,2026-02-01,DEPT,,15964.0,,
IND-323,D67,2026-03-01,DEPT,,17079.0,,
IND-323,D67,2026-04-01,DEPT,,16108.0,,
IND-323,D67,2026-05-01,DEPT,,14079.0,,100.0
IND-323,D68,2023-01-01,DEPT,,5626.0,,
IND-323,D68,2023-06-01,DEPT,,6012.0,,
IND-323,D68,2023-09-01,DEPT,,4986.0,,
IND-323,D68,2023-10-01,DEPT,,5969.0,,
IND-323,D68,2024-01-01,DEPT,,6242.0,,
IND-323,D68,2024-02-01,DEPT,,6938.0,,
IND-323,D68,2024-04-01,DEPT,,7449.0,,
IND-323,D68,2024-07-01,DEPT,,6892.0,,
IND-323,D68,2024-09-01,DEPT,,7380.0,,
IND-323,D68,2024-11-01,DEPT,,6266.0,,
IND-323,D68,2024-12-01,DEPT,,5294.0,,
IND-323,D68,2025-04-01,DEPT,,7854.0,,
IND-323,D68,2025-05-01,DEPT,,7496.0,,
IND-323,D68,2025-06-01,DEPT,,6605.0,,
IND-323,D68,2025-07-01,DEPT,,6876.0,,
IND-323,D68,2025-08-01,DEPT,,5153.0,,
IND-323,D68,2025-09-01,DEPT,,7827.0,,
IND-323,D68,2025-10-01,DEPT,,8282.0,,
IND-323,D68,2025-11-01,DEPT,,7642.0,,
IND-323,D68,2025-12-01,DEPT,,5862.0,,
IND-323,D68,2026-01-01,DEPT,,8456.0,,
IND-323,D68,2026-02-01,DEPT,,8350.0,,
IND-323,D68,2026-03-01,DEPT,,8241.0,,
IND-323,D68,2026-04-01,DEPT,,8123.0,,
IND-323,D68,2026-05-01,DEPT,,6886.0,,43.5
IND-323,D69,2023-01-01,DEPT,,7358.0,,
IND-323,D69,2023-06-01,DEPT,,9272.0,,
IND-323,D69,2023-09-01,DEPT,,9636.0,,
IND-323,D69,2023-10-01,DEPT,,11555.0,,
IND-323,D69,2024-01-01,DEPT,,15031.0,,
IND-323,D69,2024-02-01,DEPT,,14800.0,,
IND-323,D69,2024-04-01,DEPT,,15210.0,,
IND-323,D69,2024-07-01,DEPT,,22320.0,,
IND-323,D69,2024-09-01,DEPT,,20569.0,,
IND-323,D69,2024-11-01,DEPT,,21587.0,,
IND-323,D69,2024-12-01,DEPT,,19866.0,,
IND-323,D69,2025-04-01,DEPT,,24714.0,,
IND-323,D69,2025-05-01,DEPT,,21280.0,,
IND-323,D69,2025-06-01,DEPT,,23389.0,,
IND-323,D69,2025-07-01,DEPT,,22408.0,,
IND-323,D69,2025-08-01,DEPT,,16609.0,,
IND-323,D69,2025-09-01,DEPT,,25612.0,,
IND-323,D69,2025-10-01,DEPT,,28762.0,,
IND-323,D69,2025-11-01,DEPT,,20566.0,,
IND-323,D69,2025-12-01,DEPT,,17709.0,,
IND-323,D69,2026-01-01,DEPT,,20311.0,,
IND-323,D69,2026-02-01,DEPT,,20697.0,,
IND-323,D69,2026-03-01,DEPT,,21632.0,,
IND-323,D69,2026-04-01,DEPT,,20886.0,,
IND-323,D69,2026-05-01,DEPT,,16936.0,,100.0
IND-323,D70,2023-01-01,DEPT,,3893.0,,
IND-323,D70,2023-06-01,DEPT,,7624.0,,
IND-323,D70,2023-09-01,DEPT,,6011.0,,
IND-323,D70,2023-10-01,DEPT,,7457.0,,
IND-323,D70,2024-01-01,DEPT,,6959.0,,
IND-323,D70,2024-02-01,DEPT,,7308.0,,
IND-323,D70,2024-04-01,DEPT,,7194.0,,
IND-323,D70,2024-07-01,DEPT,,6583.0,,
IND-323,D70,2024-09-01,DEPT,,6926.0,,
IND-323,D70,2024-11-01,DEPT,,6248.0,,
IND-323,D70,2024-12-01,DEPT,,5749.0,,
IND-323,D70,2025-04-01,DEPT,,8618.0,,
IND-323,D70,2025-05-01,DEPT,,8349.0,,
IND-323,D70,2025-06-01,DEPT,,7724.0,,
IND-323,D70,2025-07-01,DEPT,,8135.0,,
IND-323,D70,2025-08-01,DEPT,,6652.0,,
IND-323,D70,2025-09-01,DEPT,,9684.0,,
IND-323,D70,2025-10-01,DEPT,,9875.0,,
IND-323,D70,2025-11-01,DEPT,,8599.0,,
IND-323,D70,2025-12-01,DEPT,,8205.0,,
IND-323,D70,2026-01-01,DEPT,,10317.0,,
IND-323,D70,2026-02-01,DEPT,,10750.0,,
IND-323,D70,2026-03-01,DEPT,,11597.0,,
IND-323,D70,2026-04-01,DEPT,,10448.0,,
IND-323,D70,2026-05-01,DEPT,,9803.0,,100.0
IND-323,D71,2023-01-01,DEPT,,9709.0,,
IND-323,D71,2023-06-01,DEPT,,13532.0,,
IND-323,D71,2023-09-01,DEPT,,9867.0,,
IND-323,D71,2023-10-01,DEPT,,12790.0,,
IND-323,D71,2024-01-01,DEPT,,13557.0,,
IND-323,D71,2024-02-01,DEPT,,14516.0,,
IND-323,D71,2024-04-01,DEPT,,14065.0,,
IND-323,D71,2024-07-01,DEPT,,20418.0,,
IND-323,D71,2024-09-01,DEPT,,20450.0,,
IND-323,D71,2024-11-01,DEPT,,18819.0,,
IND-323,D71,2024-12-01,DEPT,,20873.0,,
IND-323,D71,2025-04-01,DEPT,,22831.0,,
IND-323,D71,2025-05-01,DEPT,,22419.0,,
IND-323,D71,2025-06-01,DEPT,,20375.0,,
IND-323,D71,2025-07-01,DEPT,,21320.0,,
IND-323,D71,2025-08-01,DEPT,,17889.0,,
IND-323,D71,2025-09-01,DEPT,,23513.0,,
IND-323,D71,2025-10-01,DEPT,,29080.0,,
IND-323,D71,2025-11-01,DEPT,,19753.0,,
IND-323,D71,2025-12-01,DEPT,,18515.0,,
IND-323,D71,2026-01-01,DEPT,,21243.0,,
IND-323,D71,2026-02-01,DEPT,,21095.0,,
IND-323,D71,2026-03-01,DEPT,,24235.0,,
IND-323,D71,2026-04-01,DEPT,,24486.0,,
IND-323,D71,2026-05-01,DEPT,,21245.0,,100.0
IND-323,D72,2023-01-01,DEPT,,7281.0,,
IND-323,D72,2023-06-01,DEPT,,8487.0,,
IND-323,D72,2023-09-01,DEPT,,6106.0,,
IND-323,D72,2023-10-01,DEPT,,7167.0,,
IND-323,D72,2024-01-01,DEPT,,7495.0,,
IND-323,D72,2024-02-01,DEPT,,7676.0,,
IND-323,D72,2024-04-01,DEPT,,7400.0,,
IND-323,D72,2024-07-01,DEPT,,6881.0,,
IND-323,D72,2024-09-01,DEPT,,7289.0,,
IND-323,D72,2024-11-01,DEPT,,7949.0,,
IND-323,D72,2024-12-01,DEPT,,8167.0,,
IND-323,D72,2025-04-01,DEPT,,9934.0,,
IND-323,D72,2025-05-01,DEPT,,9303.0,,
IND-323,D72,2025-06-01,DEPT,,8005.0,,
IND-323,D72,2025-07-01,DEPT,,7943.0,,
IND-323,D72,2025-08-01,DEPT,,6468.0,,
IND-323,D72,2025-09-01,DEPT,,10166.0,,
IND-323,D72,2025-10-01,DEPT,,11270.0,,
IND-323,D72,2025-11-01,DEPT,,9173.0,,
IND-323,D72,2025-12-01,DEPT,,8412.0,,
IND-323,D72,2026-01-01,DEPT,,10155.0,,
IND-323,D72,2026-02-01,DEPT,,10186.0,,
IND-323,D72,2026-03-01,DEPT,,10661.0,,
IND-323,D72,2026-04-01,DEPT,,10946.0,,
IND-323,D72,2026-05-01,DEPT,,9846.0,,100.0
IND-323,D73,2023-01-01,DEPT,,6479.0,,
IND-323,D73,2023-06-01,DEPT,,7786.0,,
IND-323,D73,2023-09-01,DEPT,,5383.0,,
IND-323,D73,2023-10-01,DEPT,,6455.0,,
IND-323,D73,2024-01-01,DEPT,,6811.0,,
IND-323,D73,2024-02-01,DEPT,,6741.0,,
IND-323,D73,2024-04-01,DEPT,,7572.0,,
IND-323,D73,2024-07-01,DEPT,,6920.0,,
IND-323,D73,2024-09-01,DEPT,,6151.0,,
IND-323,D73,2024-11-01,DEPT,,6473.0,,
IND-323,D73,2024-12-01,DEPT,,6208.0,,
IND-323,D73,2025-04-01,DEPT,,9670.0,,
IND-323,D73,2025-05-01,DEPT,,9442.0,,
IND-323,D73,2025-06-01,DEPT,,10147.0,,
IND-323,D73,2025-07-01,DEPT,,9305.0,,
IND-323,D73,2025-08-01,DEPT,,7752.0,,
IND-323,D73,2025-09-01,DEPT,,9793.0,,
IND-323,D73,2025-10-01,DEPT,,11339.0,,
IND-323,D73,2025-11-01,DEPT,,11186.0,,
IND-323,D73,2025-12-01,DEPT,,12510.0,,
IND-323,D73,2026-01-01,DEPT,,11092.0,,
IND-323,D73,2026-02-01,DEPT,,11096.0,,
IND-323,D73,2026-03-01,DEPT,,11999.0,,
IND-323,D73,2026-04-01,DEPT,,11238.0,,
IND-323,D73,2026-05-01,DEPT,,9612.0,,65.29
IND-323,D74,2023-01-01,DEPT,,8128.0,,
IND-323,D74,2023-06-01,DEPT,,9968.0,,
IND-323,D74,2023-09-01,DEPT,,7476.0,,
IND-323,D74,2023-10-01,DEPT,,6455.0,,
IND-323,D74,2024-01-01,DEPT,,8878.0,,
IND-323,D74,2024-02-01,DEPT,,8652.0,,
IND-323,D74,2024-04-01,DEPT,,9356.0,,
IND-323,D74,2024-07-01,DEPT,,8730.0,,
IND-323,D74,2024-09-01,DEPT,,9402.0,,
IND-323,D74,2024-11-01,DEPT,,9773.0,,
IND-323,D74,2024-12-01,DEPT,,7722.0,,
IND-323,D74,2025-04-01,DEPT,,12829.0,,
IND-323,D74,2025-05-01,DEPT,,11768.0,,
IND-323,D74,2025-06-01,DEPT,,9941.0,,
IND-323,D74,2025-07-01,DEPT,,10464.0,,
IND-323,D74,2025-08-01,DEPT,,7080.0,,
IND-323,D74,2025-09-01,DEPT,,13089.0,,
IND-323,D74,2025-10-01,DEPT,,12622.0,,
IND-323,D74,2025-11-01,DEPT,,10910.0,,
IND-323,D74,2025-12-01,DEPT,,9891.0,,
IND-323,D74,2026-01-01,DEPT,,12851.0,,
IND-323,D74,2026-02-01,DEPT,,11943.0,,
IND-323,D74,2026-03-01,DEPT,,12590.0,,
IND-323,D74,2026-04-01,DEPT,,12727.0,,
IND-323,D74,2026-05-01,DEPT,,10933.0,,100.0
IND-323,D75,2023-01-01,DEPT,,2409.0,,
IND-323,D75,2023-06-01,DEPT,,2282.0,,
IND-323,D75,2023-09-01,DEPT,,3518.0,,
IND-323,D75,2023-10-01,DEPT,,3124.0,,
IND-323,D75,2024-01-01,DEPT,,4097.0,,
IND-323,D75,2024-02-01,DEPT,,4429.0,,
IND-323,D75,2024-04-01,DEPT,,5623.0,,
IND-323,D75,2024-07-01,DEPT,,10084.0,,
IND-323,D75,2024-09-01,DEPT,,11052.0,,
IND-323,D75,2024-11-01,DEPT,,9416.0,,
IND-323,D75,2024-12-01,DEPT,,9908.0,,
IND-323,D75,2025-04-01,DEPT,,9679.0,,
IND-323,D75,2025-05-01,DEPT,,8456.0,,
IND-323,D75,2025-06-01,DEPT,,7513.0,,
IND-323,D75,2025-07-01,DEPT,,9426.0,,
IND-323,D75,2025-08-01,DEPT,,5339.0,,
IND-323,D75,2025-09-01,DEPT,,7056.0,,
IND-323,D75,2025-10-01,DEPT,,8511.0,,
IND-323,D75,2025-11-01,DEPT,,6055.0,,
IND-323,D75,2025-12-01,DEPT,,5079.0,,
IND-323,D75,2026-01-01,DEPT,,6000.0,,
IND-323,D75,2026-02-01,DEPT,,6012.0,,
IND-323,D75,2026-03-01,DEPT,,6571.0,,
IND-323,D75,2026-04-01,DEPT,,6407.0,,
IND-323,D75,2026-05-01,DEPT,,5108.0,,99.02
IND-323,D76,2023-01-01,DEPT,,9385.0,,
IND-323,D76,2023-06-01,DEPT,,12028.0,,
IND-323,D76,2023-09-01,DEPT,,8947.0,,
IND-323,D76,2023-10-01,DEPT,,10685.0,,
IND-323,D76,2024-01-01,DEPT,,9382.0,,
IND-323,D76,2024-02-01,DEPT,,10682.0,,
IND-323,D76,2024-04-01,DEPT,,11049.0,,
IND-323,D76,2024-07-01,DEPT,,9662.0,,
IND-323,D76,2024-09-01,DEPT,,10492.0,,
IND-323,D76,2024-11-01,DEPT,,9684.0,,
IND-323,D76,2024-12-01,DEPT,,9001.0,,
IND-323,D76,2025-04-01,DEPT,,11790.0,,
IND-323,D76,2025-05-01,DEPT,,11764.0,,
IND-323,D76,2025-06-01,DEPT,,11177.0,,
IND-323,D76,2025-07-01,DEPT,,10693.0,,
IND-323,D76,2025-08-01,DEPT,,9170.0,,
IND-323,D76,2025-09-01,DEPT,,13529.0,,
IND-323,D76,2025-10-01,DEPT,,14656.0,,
IND-323,D76,2025-11-01,DEPT,,12421.0,,
IND-323,D76,2025-12-01,DEPT,,11700.0,,
IND-323,D76,2026-01-01,DEPT,,13295.0,,
IND-323,D76,2026-02-01,DEPT,,14846.0,,
IND-323,D76,2026-03-01,DEPT,,16681.0,,
IND-323,D76,2026-04-01,DEPT,,17103.0,,
IND-323,D76,2026-05-01,DEPT,,14701.0,,90.22
IND-323,D77,2023-01-01,DEPT,,8100.0,,
IND-323,D77,2023-06-01,DEPT,,12070.0,,
IND-323,D77,2023-09-01,DEPT,,11322.0,,
IND-323,D77,2023-10-01,DEPT,,14010.0,,
IND-323,D77,2024-01-01,DEPT,,14890.0,,
IND-323,D77,2024-02-01,DEPT,,15764.0,,
IND-323,D77,2024-04-01,DEPT,,18158.0,,
IND-323,D77,2024-07-01,DEPT,,19724.0,,
IND-323,D77,2024-09-01,DEPT,,20197.0,,
IND-323,D77,2024-11-01,DEPT,,19176.0,,
IND-323,D77,2024-12-01,DEPT,,16578.0,,
IND-323,D77,2025-04-01,DEPT,,21031.0,,
IND-323,D77,2025-05-01,DEPT,,18864.0,,
IND-323,D77,2025-06-01,DEPT,,18058.0,,
IND-323,D77,2025-07-01,DEPT,,18449.0,,
IND-323,D77,2025-08-01,DEPT,,12980.0,,
IND-323,D77,2025-09-01,DEPT,,20319.0,,
IND-323,D77,2025-10-01,DEPT,,23533.0,,
IND-323,D77,2025-11-01,DEPT,,18925.0,,
IND-323,D77,2025-12-01,DEPT,,15225.0,,
IND-323,D77,2026-01-01,DEPT,,18666.0,,
IND-323,D77,2026-02-01,DEPT,,17796.0,,
IND-323,D77,2026-03-01,DEPT,,19848.0,,
IND-323,D77,2026-04-01,DEPT,,19469.0,,
IND-323,D77,2026-05-01,DEPT,,17647.0,,100.0
IND-323,D78,2023-01-01,DEPT,,5527.0,,
IND-323,D78,2023-06-01,DEPT,,4683.0,,
IND-323,D78,2023-09-01,DEPT,,4802.0,,
IND-323,D78,2023-10-01,DEPT,,8082.0,,
IND-323,D78,2024-01-01,DEPT,,6835.0,,
IND-323,D78,2024-02-01,DEPT,,6960.0,,
IND-323,D78,2024-04-01,DEPT,,6807.0,,
IND-323,D78,2024-07-01,DEPT,,6998.0,,
IND-323,D78,2024-09-01,DEPT,,7545.0,,
IND-323,D78,2024-11-01,DEPT,,6722.0,,
IND-323,D78,2024-12-01,DEPT,,6308.0,,
IND-323,D78,2025-04-01,DEPT,,9629.0,,
IND-323,D78,2025-05-01,DEPT,,8675.0,,
IND-323,D78,2025-06-01,DEPT,,8738.0,,
IND-323,D78,2025-07-01,DEPT,,8629.0,,
IND-323,D78,2025-08-01,DEPT,,5946.0,,
IND-323,D78,2025-09-01,DEPT,,9589.0,,
IND-323,D78,2025-10-01,DEPT,,10024.0,,
IND-323,D78,2025-11-01,DEPT,,7432.0,,
IND-323,D78,2025-12-01,DEPT,,6455.0,,
IND-323,D78,2026-01-01,DEPT,,8485.0,,
IND-323,D78,2026-02-01,DEPT,,8214.0,,
IND-323,D78,2026-03-01,DEPT,,8631.0,,
IND-323,D78,2026-04-01,DEPT,,9513.0,,
IND-323,D78,2026-05-01,DEPT,,7110.0,,65.06
IND-323,D79,2023-01-01,DEPT,,5433.0,,
IND-323,D79,2023-06-01,DEPT,,8901.0,,
IND-323,D79,2023-09-01,DEPT,,6266.0,,
IND-323,D79,2023-10-01,DEPT,,7408.0,,
IND-323,D79,2024-01-01,DEPT,,6557.0,,
IND-323,D79,2024-02-01,DEPT,,7501.0,,
IND-323,D79,2024-04-01,DEPT,,8475.0,,
IND-323,D79,2024-07-01,DEPT,,7941.0,,
IND-323,D79,2024-09-01,DEPT,,8222.0,,
IND-323,D79,2024-11-01,DEPT,,8331.0,,
IND-323,D79,2024-12-01,DEPT,,7267.0,,
IND-323,D79,2025-04-01,DEPT,,10615.0,,
IND-323,D79,2025-05-01,DEPT,,10655.0,,
IND-323,D79,2025-06-01,DEPT,,10798.0,,
IND-323,D79,2025-07-01,DEPT,,11001.0,,
IND-323,D79,2025-08-01,DEPT,,7992.0,,
IND-323,D79,2025-09-01,DEPT,,11311.0,,
IND-323,D79,2025-10-01,DEPT,,13379.0,,
IND-323,D79,2025-11-01,DEPT,,10742.0,,
IND-323,D79,2025-12-01,DEPT,,9560.0,,
IND-323,D79,2026-01-01,DEPT,,11771.0,,
IND-323,D79,2026-02-01,DEPT,,12445.0,,
IND-323,D79,2026-03-01,DEPT,,12792.0,,
IND-323,D79,2026-04-01,DEPT,,12422.0,,
IND-323,D79,2026-05-01,DEPT,,11143.0,,100.0
IND-323,D80,2023-01-01,DEPT,,4431.0,,
IND-323,D80,2023-06-01,DEPT,,8239.0,,
IND-323,D80,2023-09-01,DEPT,,6052.0,,
IND-323,D80,2023-10-01,DEPT,,6911.0,,
IND-323,D80,2024-01-01,DEPT,,6570.0,,
IND-323,D80,2024-02-01,DEPT,,6924.0,,
IND-323,D80,2024-04-01,DEPT,,8544.0,,
IND-323,D80,2024-07-01,DEPT,,6283.0,,
IND-323,D80,2024-09-01,DEPT,,8480.0,,
IND-323,D80,2024-11-01,DEPT,,9225.0,,
IND-323,D80,2024-12-01,DEPT,,9059.0,,
IND-323,D80,2025-04-01,DEPT,,13834.0,,
IND-323,D80,2025-05-01,DEPT,,13742.0,,
IND-323,D80,2025-06-01,DEPT,,11708.0,,
IND-323,D80,2025-07-01,DEPT,,12223.0,,
IND-323,D80,2025-08-01,DEPT,,9367.0,,
IND-323,D80,2025-09-01,DEPT,,14364.0,,
IND-323,D80,2025-10-01,DEPT,,16175.0,,
IND-323,D80,2025-11-01,DEPT,,13345.0,,
IND-323,D80,2025-12-01,DEPT,,12440.0,,
IND-323,D80,2026-01-01,DEPT,,14717.0,,
IND-323,D80,2026-02-01,DEPT,,15937.0,,
IND-323,D80,2026-03-01,DEPT,,16414.0,,
IND-323,D80,2026-04-01,DEPT,,16725.0,,
IND-323,D80,2026-05-01,DEPT,,15672.0,,100.0
IND-323,D81,2023-01-01,DEPT,,4545.0,,
IND-323,D81,2023-06-01,DEPT,,8832.0,,
IND-323,D81,2023-09-01,DEPT,,7166.0,,
IND-323,D81,2023-10-01,DEPT,,9439.0,,
IND-323,D81,2024-01-01,DEPT,,7115.0,,
IND-323,D81,2024-02-01,DEPT,,7947.0,,
IND-323,D81,2024-04-01,DEPT,,8121.0,,
IND-323,D81,2024-07-01,DEPT,,6447.0,,
IND-323,D81,2024-09-01,DEPT,,6885.0,,
IND-323,D81,2024-11-01,DEPT,,7300.0,,
IND-323,D81,2024-12-01,DEPT,,6922.0,,
IND-323,D81,2025-04-01,DEPT,,6570.0,,
IND-323,D81,2025-05-01,DEPT,,6124.0,,
IND-323,D81,2025-06-01,DEPT,,5857.0,,
IND-323,D81,2025-07-01,DEPT,,5962.0,,
IND-323,D81,2025-08-01,DEPT,,3767.0,,
IND-323,D81,2025-09-01,DEPT,,5844.0,,
IND-323,D81,2025-10-01,DEPT,,6636.0,,
IND-323,D81,2025-11-01,DEPT,,6889.0,,
IND-323,D81,2025-12-01,DEPT,,6003.0,,
IND-323,D81,2026-01-01,DEPT,,6995.0,,
IND-323,D81,2026-02-01,DEPT,,7329.0,,
IND-323,D81,2026-03-01,DEPT,,8358.0,,
IND-323,D81,2026-04-01,DEPT,,9104.0,,
IND-323,D81,2026-05-01,DEPT,,7324.0,,69.76
IND-323,D82,2023-01-01,DEPT,,6414.0,,
IND-323,D82,2023-06-01,DEPT,,8414.0,,
IND-323,D82,2023-09-01,DEPT,,6047.0,,
IND-323,D82,2023-10-01,DEPT,,7929.0,,
IND-323,D82,2024-01-01,DEPT,,7997.0,,
IND-323,D82,2024-02-01,DEPT,,8477.0,,
IND-323,D82,2024-04-01,DEPT,,9845.0,,
IND-323,D82,2024-07-01,DEPT,,7483.0,,
IND-323,D82,2024-09-01,DEPT,,7563.0,,
IND-323,D82,2024-11-01,DEPT,,10635.0,,
IND-323,D82,2024-12-01,DEPT,,7139.0,,
IND-323,D82,2025-04-01,DEPT,,12641.0,,
IND-323,D82,2025-05-01,DEPT,,9825.0,,
IND-323,D82,2025-06-01,DEPT,,8111.0,,
IND-323,D82,2025-07-01,DEPT,,8579.0,,
IND-323,D82,2025-08-01,DEPT,,6510.0,,
IND-323,D82,2025-09-01,DEPT,,9943.0,,
IND-323,D82,2025-10-01,DEPT,,10847.0,,
IND-323,D82,2025-11-01,DEPT,,9182.0,,
IND-323,D82,2025-12-01,DEPT,,8425.0,,
IND-323,D82,2026-01-01,DEPT,,10729.0,,
IND-323,D82,2026-02-01,DEPT,,10347.0,,
IND-323,D82,2026-03-01,DEPT,,11087.0,,
IND-323,D82,2026-04-01,DEPT,,11259.0,,
IND-323,D82,2026-05-01,DEPT,,9850.0,,100.0
IND-323,D83,2023-01-01,DEPT,,10687.0,,
IND-323,D83,2023-06-01,DEPT,,11519.0,,
IND-323,D83,2023-09-01,DEPT,,11061.0,,
IND-323,D83,2023-10-01,DEPT,,12657.0,,
IND-323,D83,2024-01-01,DEPT,,13568.0,,
IND-323,D83,2024-02-01,DEPT,,14395.0,,
IND-323,D83,2024-04-01,DEPT,,13467.0,,
IND-323,D83,2024-07-01,DEPT,,11578.0,,
IND-323,D83,2024-09-01,DEPT,,13124.0,,
IND-323,D83,2024-11-01,DEPT,,15134.0,,
IND-323,D83,2024-12-01,DEPT,,13450.0,,
IND-323,D83,2025-04-01,DEPT,,17662.0,,
IND-323,D83,2025-05-01,DEPT,,15852.0,,
IND-323,D83,2025-06-01,DEPT,,15321.0,,
IND-323,D83,2025-07-01,DEPT,,15875.0,,
IND-323,D83,2025-08-01,DEPT,,12241.0,,
IND-323,D83,2025-09-01,DEPT,,17621.0,,
IND-323,D83,2025-10-01,DEPT,,18933.0,,
IND-323,D83,2025-11-01,DEPT,,17533.0,,
IND-323,D83,2025-12-01,DEPT,,14549.0,,
IND-323,D83,2026-01-01,DEPT,,18618.0,,
IND-323,D83,2026-02-01,DEPT,,17432.0,,
IND-323,D83,2026-03-01,DEPT,,18033.0,,
IND-323,D83,2026-04-01,DEPT,,19418.0,,
IND-323,D83,2026-05-01,DEPT,,16436.0,,100.0
IND-323,D84,2023-01-01,DEPT,,6967.0,,
IND-323,D84,2023-06-01,DEPT,,7935.0,,
IND-323,D84,2023-09-01,DEPT,,7365.0,,
IND-323,D84,2023-10-01,DEPT,,8660.0,,
IND-323,D84,2024-01-01,DEPT,,7855.0,,
IND-323,D84,2024-02-01,DEPT,,8156.0,,
IND-323,D84,2024-04-01,DEPT,,8482.0,,
IND-323,D84,2024-07-01,DEPT,,8145.0,,
IND-323,D84,2024-09-01,DEPT,,8750.0,,
IND-323,D84,2024-11-01,DEPT,,8907.0,,
IND-323,D84,2024-12-01,DEPT,,7695.0,,
IND-323,D84,2025-04-01,DEPT,,10983.0,,
IND-323,D84,2025-05-01,DEPT,,9369.0,,
IND-323,D84,2025-06-01,DEPT,,9050.0,,
IND-323,D84,2025-07-01,DEPT,,10038.0,,
IND-323,D84,2025-08-01,DEPT,,6259.0,,
IND-323,D84,2025-09-01,DEPT,,11214.0,,
IND-323,D84,2025-10-01,DEPT,,12042.0,,
IND-323,D84,2025-11-01,DEPT,,9964.0,,
IND-323,D84,2025-12-01,DEPT,,9056.0,,
IND-323,D84,2026-01-01,DEPT,,11621.0,,
IND-323,D84,2026-02-01,DEPT,,10782.0,,
IND-323,D84,2026-03-01,DEPT,,11668.0,,
IND-323,D84,2026-04-01,DEPT,,10613.0,,
IND-323,D84,2026-05-01,DEPT,,9274.0,,70.34
IND-323,D85,2023-01-01,DEPT,,7844.0,,
IND-323,D85,2023-06-01,DEPT,,11018.0,,
IND-323,D85,2023-09-01,DEPT,,8952.0,,
IND-323,D85,2023-10-01,DEPT,,10366.0,,
IND-323,D85,2024-01-01,DEPT,,10612.0,,
IND-323,D85,2024-02-01,DEPT,,10667.0,,
IND-323,D85,2024-04-01,DEPT,,11786.0,,
IND-323,D85,2024-07-01,DEPT,,10805.0,,
IND-323,D85,2024-09-01,DEPT,,11556.0,,
IND-323,D85,2024-11-01,DEPT,,11942.0,,
IND-323,D85,2024-12-01,DEPT,,11157.0,,
IND-323,D85,2025-04-01,DEPT,,15656.0,,
IND-323,D85,2025-05-01,DEPT,,14796.0,,
IND-323,D85,2025-06-01,DEPT,,12912.0,,
IND-323,D85,2025-07-01,DEPT,,14392.0,,
IND-323,D85,2025-08-01,DEPT,,11346.0,,
IND-323,D85,2025-09-01,DEPT,,16235.0,,
IND-323,D85,2025-10-01,DEPT,,17634.0,,
IND-323,D85,2025-11-01,DEPT,,15502.0,,
IND-323,D85,2025-12-01,DEPT,,13698.0,,
IND-323,D85,2026-01-01,DEPT,,16161.0,,
IND-323,D85,2026-02-01,DEPT,,16543.0,,
IND-323,D85,2026-03-01,DEPT,,17251.0,,
IND-323,D85,2026-04-01,DEPT,,17203.0,,
IND-323,D85,2026-05-01,DEPT,,14944.0,,100.0
IND-323,D86,2023-01-01,DEPT,,3830.0,,
IND-323,D86,2023-06-01,DEPT,,7428.0,,
IND-323,D86,2023-09-01,DEPT,,6829.0,,
IND-323,D86,2023-10-01,DEPT,,7450.0,,
IND-323,D86,2024-01-01,DEPT,,6481.0,,
IND-323,D86,2024-02-01,DEPT,,7194.0,,
IND-323,D86,2024-04-01,DEPT,,7674.0,,
IND-323,D86,2024-07-01,DEPT,,7177.0,,
IND-323,D86,2024-09-01,DEPT,,8050.0,,
IND-323,D86,2024-11-01,DEPT,,7735.0,,
IND-323,D86,2024-12-01,DEPT,,6708.0,,
IND-323,D86,2025-04-01,DEPT,,9634.0,,
IND-323,D86,2025-05-01,DEPT,,8723.0,,
IND-323,D86,2025-06-01,DEPT,,8015.0,,
IND-323,D86,2025-07-01,DEPT,,8365.0,,
IND-323,D86,2025-08-01,DEPT,,5983.0,,
IND-323,D86,2025-09-01,DEPT,,9716.0,,
IND-323,D86,2025-10-01,DEPT,,10728.0,,
IND-323,D86,2025-11-01,DEPT,,9121.0,,
IND-323,D86,2025-12-01,DEPT,,8803.0,,
IND-323,D86,2026-01-01,DEPT,,10314.0,,
IND-323,D86,2026-02-01,DEPT,,10743.0,,
IND-323,D86,2026-03-01,DEPT,,11742.0,,
IND-323,D86,2026-04-01,DEPT,,11626.0,,
IND-323,D86,2026-05-01,DEPT,,9543.0,,100.0
IND-323,D87,2023-01-01,DEPT,,3589.0,,
IND-323,D87,2023-06-01,DEPT,,6308.0,,
IND-323,D87,2023-09-01,DEPT,,3820.0,,
IND-323,D87,2023-10-01,DEPT,,5019.0,,
IND-323,D87,2024-01-01,DEPT,,4650.0,,
IND-323,D87,2024-02-01,DEPT,,5148.0,,
IND-323,D87,2024-04-01,DEPT,,5299.0,,
IND-323,D87,2024-07-01,DEPT,,4961.0,,
IND-323,D87,2024-09-01,DEPT,,5580.0,,
IND-323,D87,2024-11-01,DEPT,,5656.0,,
IND-323,D87,2024-12-01,DEPT,,5038.0,,
IND-323,D87,2025-04-01,DEPT,,6700.0,,
IND-323,D87,2025-05-01,DEPT,,6817.0,,
IND-323,D87,2025-06-01,DEPT,,5744.0,,
IND-323,D87,2025-07-01,DEPT,,6500.0,,
IND-323,D87,2025-08-01,DEPT,,4752.0,,
IND-323,D87,2025-09-01,DEPT,,6553.0,,
IND-323,D87,2025-10-01,DEPT,,8312.0,,
IND-323,D87,2025-11-01,DEPT,,8533.0,,
IND-323,D87,2025-12-01,DEPT,,7447.0,,
IND-323,D87,2026-01-01,DEPT,,7871.0,,
IND-323,D87,2026-02-01,DEPT,,7525.0,,
IND-323,D87,2026-03-01,DEPT,,7636.0,,
IND-323,D87,2026-04-01,DEPT,,7051.0,,
IND-323,D87,2026-05-01,DEPT,,6692.0,,74.23
IND-323,D88,2023-01-01,DEPT,,14110.0,,
IND-323,D88,2023-06-01,DEPT,,17016.0,,
IND-323,D88,2023-09-01,DEPT,,14241.0,,
IND-323,D88,2023-10-01,DEPT,,15180.0,,
IND-323,D88,2024-01-01,DEPT,,16193.0,,
IND-323,D88,2024-02-01,DEPT,,15750.0,,
IND-323,D88,2024-04-01,DEPT,,17048.0,,
IND-323,D88,2024-07-01,DEPT,,15191.0,,
IND-323,D88,2024-09-01,DEPT,,17378.0,,
IND-323,D88,2024-11-01,DEPT,,15945.0,,
IND-323,D88,2024-12-01,DEPT,,13753.0,,
IND-323,D88,2025-04-01,DEPT,,21187.0,,
IND-323,D88,2025-05-01,DEPT,,19958.0,,
IND-323,D88,2025-06-01,DEPT,,19007.0,,
IND-323,D88,2025-07-01,DEPT,,19856.0,,
IND-323,D88,2025-08-01,DEPT,,12883.0,,
IND-323,D88,2025-09-01,DEPT,,22975.0,,
IND-323,D88,2025-10-01,DEPT,,24325.0,,
IND-323,D88,2025-11-01,DEPT,,20364.0,,
IND-323,D88,2025-12-01,DEPT,,17906.0,,
IND-323,D88,2026-01-01,DEPT,,22318.0,,
IND-323,D88,2026-02-01,DEPT,,22028.0,,
IND-323,D88,2026-03-01,DEPT,,23258.0,,
IND-323,D88,2026-04-01,DEPT,,23703.0,,
IND-323,D88,2026-05-01,DEPT,,20363.0,,100.0
IND-323,D89,2023-01-01,DEPT,,5902.0,,
IND-323,D89,2023-06-01,DEPT,,7909.0,,
IND-323,D89,2023-09-01,DEPT,,5980.0,,
IND-323,D89,2023-10-01,DEPT,,7927.0,,
IND-323,D89,2024-01-01,DEPT,,7720.0,,
IND-323,D89,2024-02-01,DEPT,,8572.0,,
IND-323,D89,2024-04-01,DEPT,,8238.0,,
IND-323,D89,2024-07-01,DEPT,,7522.0,,
IND-323,D89,2024-09-01,DEPT,,8712.0,,
IND-323,D89,2024-11-01,DEPT,,7819.0,,
IND-323,D89,2024-12-01,DEPT,,7146.0,,
IND-323,D89,2025-04-01,DEPT,,12524.0,,
IND-323,D89,2025-05-01,DEPT,,12774.0,,
IND-323,D89,2025-06-01,DEPT,,12030.0,,
IND-323,D89,2025-07-01,DEPT,,13368.0,,
IND-323,D89,2025-08-01,DEPT,,11222.0,,
IND-323,D89,2025-09-01,DEPT,,15023.0,,
IND-323,D89,2025-10-01,DEPT,,16465.0,,
IND-323,D89,2025-11-01,DEPT,,14209.0,,
IND-323,D89,2025-12-01,DEPT,,12201.0,,
IND-323,D89,2026-01-01,DEPT,,15517.0,,
IND-323,D89,2026-02-01,DEPT,,15027.0,,
IND-323,D89,2026-03-01,DEPT,,15986.0,,
IND-323,D89,2026-04-01,DEPT,,15010.0,,
IND-323,D89,2026-05-01,DEPT,,14158.0,,100.0
IND-323,D90,2023-01-01,DEPT,,234.0,,
IND-323,D90,2023-06-01,DEPT,,604.0,,
IND-323,D90,2023-09-01,DEPT,,318.0,,
IND-323,D90,2023-10-01,DEPT,,1201.0,,
IND-323,D90,2024-01-01,DEPT,,2174.0,,
IND-323,D90,2024-02-01,DEPT,,2265.0,,
IND-323,D90,2024-04-01,DEPT,,2041.0,,
IND-323,D90,2024-07-01,DEPT,,2190.0,,
IND-323,D90,2024-09-01,DEPT,,2009.0,,
IND-323,D90,2024-11-01,DEPT,,1996.0,,
IND-323,D90,2024-12-01,DEPT,,3129.0,,
IND-323,D90,2025-04-01,DEPT,,2462.0,,
IND-323,D90,2025-05-01,DEPT,,2214.0,,
IND-323,D90,2025-06-01,DEPT,,1836.0,,
IND-323,D90,2025-07-01,DEPT,,1964.0,,
IND-323,D90,2025-08-01,DEPT,,1731.0,,
IND-323,D90,2025-09-01,DEPT,,1971.0,,
IND-323,D90,2025-10-01,DEPT,,2458.0,,
IND-323,D90,2025-11-01,DEPT,,2689.0,,
IND-323,D90,2025-12-01,DEPT,,2348.0,,
IND-323,D90,2026-01-01,DEPT,,2832.0,,
IND-323,D90,2026-02-01,DEPT,,1307.0,,
IND-323,D90,2026-03-01,DEPT,,1427.0,,
IND-323,D90,2026-04-01,DEPT,,1520.0,,
IND-323,D90,2026-05-01,DEPT,,1270.0,,74.55
IND-323,D91,2023-01-01,DEPT,,6632.0,,
IND-323,D91,2023-06-01,DEPT,,6673.0,,
IND-323,D91,2023-09-01,DEPT,,6416.0,,
IND-323,D91,2023-10-01,DEPT,,8009.0,,
IND-323,D91,2024-01-01,DEPT,,7440.0,,
IND-323,D91,2024-02-01,DEPT,,7614.0,,
IND-323,D91,2024-04-01,DEPT,,7332.0,,
IND-323,D91,2024-07-01,DEPT,,7855.0,,
IND-323,D91,2024-09-01,DEPT,,8658.0,,
IND-323,D91,2024-11-01,DEPT,,9092.0,,
IND-323,D91,2024-12-01,DEPT,,8480.0,,
IND-323,D91,2025-04-01,DEPT,,12217.0,,
IND-323,D91,2025-05-01,DEPT,,11330.0,,
IND-323,D91,2025-06-01,DEPT,,10604.0,,
IND-323,D91,2025-07-01,DEPT,,10676.0,,
IND-323,D91,2025-08-01,DEPT,,6729.0,,
IND-323,D91,2025-09-01,DEPT,,10814.0,,
IND-323,D91,2025-10-01,DEPT,,13124.0,,
IND-323,D91,2025-11-01,DEPT,,9752.0,,
IND-323,D91,2025-12-01,DEPT,,8879.0,,
IND-323,D91,2026-01-01,DEPT,,10334.0,,
IND-323,D91,2026-02-01,DEPT,,10255.0,,
IND-323,D91,2026-03-01,DEPT,,11619.0,,
IND-323,D91,2026-04-01,DEPT,,11194.0,,
IND-323,D91,2026-05-01,DEPT,,9832.0,,69.69
IND-323,D92,2023-01-01,DEPT,,3722.0,,
IND-323,D92,2023-06-01,DEPT,,4410.0,,
IND-323,D92,2023-09-01,DEPT,,4688.0,,
IND-323,D92,2023-10-01,DEPT,,6359.0,,
IND-323,D92,2024-01-01,DEPT,,6284.0,,
IND-323,D92,2024-02-01,DEPT,,6500.0,,
IND-323,D92,2024-04-01,DEPT,,5924.0,,
IND-323,D92,2024-07-01,DEPT,,6318.0,,
IND-323,D92,2024-09-01,DEPT,,7540.0,,
IND-323,D92,2024-11-01,DEPT,,6909.0,,
IND-323,D92,2024-12-01,DEPT,,6473.0,,
IND-323,D92,2025-04-01,DEPT,,7654.0,,
IND-323,D92,2025-05-01,DEPT,,7254.0,,
IND-323,D92,2025-06-01,DEPT,,6604.0,,
IND-323,D92,2025-07-01,DEPT,,6805.0,,
IND-323,D92,2025-08-01,DEPT,,4112.0,,
IND-323,D92,2025-09-01,DEPT,,8815.0,,
IND-323,D92,2025-10-01,DEPT,,9091.0,,
IND-323,D92,2025-11-01,DEPT,,7334.0,,
IND-323,D92,2025-12-01,DEPT,,6952.0,,
IND-323,D92,2026-01-01,DEPT,,8722.0,,
IND-323,D92,2026-02-01,DEPT,,8526.0,,
IND-323,D92,2026-03-01,DEPT,,9152.0,,
IND-323,D92,2026-04-01,DEPT,,9678.0,,
IND-323,D92,2026-05-01,DEPT,,6609.0,,100.0
IND-323,D93,2023-01-01,DEPT,,5290.0,,
IND-323,D93,2023-06-01,DEPT,,6341.0,,
IND-323,D93,2023-09-01,DEPT,,6973.0,,
IND-323,D93,2023-10-01,DEPT,,8960.0,,
IND-323,D93,2024-01-01,DEPT,,8630.0,,
IND-323,D93,2024-02-01,DEPT,,7970.0,,
IND-323,D93,2024-04-01,DEPT,,8140.0,,
IND-323,D93,2024-07-01,DEPT,,8746.0,,
IND-323,D93,2024-09-01,DEPT,,10026.0,,
IND-323,D93,2024-11-01,DEPT,,9751.0,,
IND-323,D93,2024-12-01,DEPT,,10542.0,,
IND-323,D93,2025-04-01,DEPT,,13982.0,,
IND-323,D93,2025-05-01,DEPT,,12447.0,,
IND-323,D93,2025-06-01,DEPT,,13630.0,,
IND-323,D93,2025-07-01,DEPT,,12662.0,,
IND-323,D93,2025-08-01,DEPT,,6903.0,,
IND-323,D93,2025-09-01,DEPT,,13858.0,,
IND-323,D93,2025-10-01,DEPT,,15569.0,,
IND-323,D93,2025-11-01,DEPT,,11961.0,,
IND-323,D93,2025-12-01,DEPT,,10944.0,,
IND-323,D93,2026-01-01,DEPT,,10197.0,,
IND-323,D93,2026-02-01,DEPT,,10376.0,,
IND-323,D93,2026-03-01,DEPT,,10738.0,,
IND-323,D93,2026-04-01,DEPT,,12281.0,,
IND-323,D93,2026-05-01,DEPT,,9404.0,,61.71
IND-323,D94,2023-01-01,DEPT,,4973.0,,
IND-323,D94,2023-06-01,DEPT,,7122.0,,
IND-323,D94,2023-09-01,DEPT,,5521.0,,
IND-323,D94,2023-10-01,DEPT,,6204.0,,
IND-323,D94,2024-01-01,DEPT,,7636.0,,
IND-323,D94,2024-02-01,DEPT,,7952.0,,
IND-323,D94,2024-04-01,DEPT,,8301.0,,
IND-323,D94,2024-07-01,DEPT,,6025.0,,
IND-323,D94,2024-09-01,DEPT,,5544.0,,
IND-323,D94,2024-11-01,DEPT,,7528.0,,
IND-323,D94,2024-12-01,DEPT,,6459.0,,
IND-323,D94,2025-04-01,DEPT,,8837.0,,
IND-323,D94,2025-05-01,DEPT,,8233.0,,
IND-323,D94,2025-06-01,DEPT,,8212.0,,
IND-323,D94,2025-07-01,DEPT,,10029.0,,
IND-323,D94,2025-08-01,DEPT,,5960.0,,
IND-323,D94,2025-09-01,DEPT,,10669.0,,
IND-323,D94,2025-10-01,DEPT,,10184.0,,
IND-323,D94,2025-11-01,DEPT,,8559.0,,
IND-323,D94,2025-12-01,DEPT,,8970.0,,
IND-323,D94,2026-01-01,DEPT,,10490.0,,
IND-323,D94,2026-02-01,DEPT,,10076.0,,
IND-323,D94,2026-03-01,DEPT,,10461.0,,
IND-323,D94,2026-04-01,DEPT,,10878.0,,
IND-323,D94,2026-05-01,DEPT,,8018.0,,100.0
IND-323,D95,2023-01-01,DEPT,,1928.0,,
IND-323,D95,2023-06-01,DEPT,,3513.0,,
IND-323,D95,2023-09-01,DEPT,,3676.0,,
IND-323,D95,2023-10-01,DEPT,,6508.0,,
IND-323,D95,2024-01-01,DEPT,,10323.0,,
IND-323,D95,2024-02-01,DEPT,,10687.0,,
IND-323,D95,2024-04-01,DEPT,,8920.0,,
IND-323,D95,2024-07-01,DEPT,,10548.0,,
IND-323,D95,2024-09-01,DEPT,,13370.0,,
IND-323,D95,2024-11-01,DEPT,,9618.0,,
IND-323,D95,2024-12-01,DEPT,,9848.0,,
IND-323,D95,2025-04-01,DEPT,,15269.0,,
IND-323,D95,2025-05-01,DEPT,,13594.0,,
IND-323,D95,2025-06-01,DEPT,,10884.0,,
IND-323,D95,2025-07-01,DEPT,,10911.0,,
IND-323,D95,2025-08-01,DEPT,,8794.0,,
IND-323,D95,2025-09-01,DEPT,,13647.0,,
IND-323,D95,2025-10-01,DEPT,,15267.0,,
IND-323,D95,2025-11-01,DEPT,,10693.0,,
IND-323,D95,2025-12-01,DEPT,,10594.0,,
IND-323,D95,2026-01-01,DEPT,,12568.0,,
IND-323,D95,2026-02-01,DEPT,,12924.0,,
IND-323,D95,2026-03-01,DEPT,,14610.0,,
IND-323,D95,2026-04-01,DEPT,,14135.0,,
IND-323,D95,2026-05-01,DEPT,,11171.0,,100.0
IND-323,D971,2023-01-01,DEPT,,4607.0,,
IND-323,D971,2023-06-01,DEPT,,7184.0,,
IND-323,D971,2023-09-01,DEPT,,7005.0,,
IND-323,D971,2023-10-01,DEPT,,9790.0,,
IND-323,D971,2024-01-01,DEPT,,8023.0,,
IND-323,D971,2024-02-01,DEPT,,7771.0,,
IND-323,D971,2024-04-01,DEPT,,9058.0,,
IND-323,D971,2024-07-01,DEPT,,7270.0,,
IND-323,D971,2024-09-01,DEPT,,6818.0,,
IND-323,D971,2024-11-01,DEPT,,8393.0,,
IND-323,D971,2024-12-01,DEPT,,7820.0,,
IND-323,D971,2025-04-01,DEPT,,9376.0,,
IND-323,D971,2025-05-01,DEPT,,8105.0,,
IND-323,D971,2025-06-01,DEPT,,9499.0,,
IND-323,D971,2025-07-01,DEPT,,9500.0,,
IND-323,D971,2025-08-01,DEPT,,6992.0,,
IND-323,D971,2025-09-01,DEPT,,10064.0,,
IND-323,D971,2025-10-01,DEPT,,9835.0,,
IND-323,D971,2025-11-01,DEPT,,9531.0,,
IND-323,D971,2025-12-01,DEPT,,8723.0,,
IND-323,D971,2026-01-01,DEPT,,10212.0,,
IND-323,D971,2026-02-01,DEPT,,8911.0,,
IND-323,D971,2026-03-01,DEPT,,10455.0,,
IND-323,D971,2026-04-01,DEPT,,10248.0,,
IND-323,D971,2026-05-01,DEPT,,9613.0,,85.7
IND-323,D972,2023-01-01,DEPT,,4814.0,,
IND-323,D972,2023-06-01,DEPT,,6729.0,,
IND-323,D972,2023-09-01,DEPT,,7016.0,,
IND-323,D972,2023-10-01,DEPT,,11257.0,,
IND-323,D972,2024-01-01,DEPT,,8377.0,,
IND-323,D972,2024-02-01,DEPT,,7810.0,,
IND-323,D972,2024-04-01,DEPT,,9258.0,,
IND-323,D972,2024-07-01,DEPT,,9355.0,,
IND-323,D972,2024-09-01,DEPT,,10223.0,,
IND-323,D972,2024-11-01,DEPT,,7521.0,,
IND-323,D972,2024-12-01,DEPT,,7127.0,,
IND-323,D972,2025-04-01,DEPT,,10523.0,,
IND-323,D972,2025-05-01,DEPT,,9039.0,,
IND-323,D972,2025-06-01,DEPT,,9872.0,,
IND-323,D972,2025-07-01,DEPT,,8452.0,,
IND-323,D972,2025-08-01,DEPT,,7320.0,,
IND-323,D972,2025-09-01,DEPT,,10976.0,,
IND-323,D972,2025-10-01,DEPT,,11167.0,,
IND-323,D972,2025-11-01,DEPT,,10251.0,,
IND-323,D972,2025-12-01,DEPT,,9623.0,,
IND-323,D972,2026-01-01,DEPT,,11027.0,,
IND-323,D972,2026-02-01,DEPT,,10440.0,,
IND-323,D972,2026-03-01,DEPT,,12542.0,,
IND-323,D972,2026-04-01,DEPT,,10639.0,,
IND-323,D972,2026-05-01,DEPT,,8011.0,,100.0
IND-323,D973,2023-01-01,DEPT,,1424.0,,
IND-323,D973,2023-06-01,DEPT,,4544.0,,
IND-323,D973,2023-09-01,DEPT,,4651.0,,
IND-323,D973,2023-10-01,DEPT,,6176.0,,
IND-323,D973,2024-01-01,DEPT,,3613.0,,
IND-323,D973,2024-02-01,DEPT,,2922.0,,
IND-323,D973,2024-04-01,DEPT,,4437.0,,
IND-323,D973,2024-07-01,DEPT,,4320.0,,
IND-323,D973,2024-09-01,DEPT,,4034.0,,
IND-323,D973,2024-11-01,DEPT,,4954.0,,
IND-323,D973,2024-12-01,DEPT,,3918.0,,
IND-323,D973,2025-04-01,DEPT,,4918.0,,
IND-323,D973,2025-05-01,DEPT,,4310.0,,
IND-323,D973,2025-06-01,DEPT,,3398.0,,
IND-323,D973,2025-07-01,DEPT,,4340.0,,
IND-323,D973,2025-08-01,DEPT,,3214.0,,
IND-323,D973,2025-09-01,DEPT,,4377.0,,
IND-323,D973,2025-10-01,DEPT,,4560.0,,
IND-323,D973,2025-11-01,DEPT,,3627.0,,
IND-323,D973,2025-12-01,DEPT,,2876.0,,
IND-323,D973,2026-01-01,DEPT,,4506.0,,
IND-323,D973,2026-02-01,DEPT,,3485.0,,
IND-323,D973,2026-03-01,DEPT,,5116.0,,
IND-323,D973,2026-04-01,DEPT,,5015.0,,
IND-323,D973,2026-05-01,DEPT,,4313.0,,39.46
IND-323,D974,2023-01-01,DEPT,,6918.0,,
IND-323,D974,2023-06-01,DEPT,,10437.0,,
IND-323,D974,2023-09-01,DEPT,,9696.0,,
IND-323,D974,2023-10-01,DEPT,,11438.0,,
IND-323,D974,2024-01-01,DEPT,,9007.0,,
IND-323,D974,2024-02-01,DEPT,,11586.0,,
IND-323,D974,2024-04-01,DEPT,,11865.0,,
IND-323,D974,2024-07-01,DEPT,,12819.0,,
IND-323,D974,2024-09-01,DEPT,,11693.0,,
IND-323,D974,2024-11-01,DEPT,,11158.0,,
IND-323,D974,2024-12-01,DEPT,,8830.0,,
IND-323,D974,2025-04-01,DEPT,,13709.0,,
IND-323,D974,2025-05-01,DEPT,,12085.0,,
IND-323,D974,2025-06-01,DEPT,,12068.0,,
IND-323,D974,2025-07-01,DEPT,,13125.0,,
IND-323,D974,2025-08-01,DEPT,,12799.0,,
IND-323,D974,2025-09-01,DEPT,,14862.0,,
IND-323,D974,2025-10-01,DEPT,,15968.0,,
IND-323,D974,2025-11-01,DEPT,,13050.0,,
IND-323,D974,2025-12-01,DEPT,,11581.0,,
IND-323,D974,2026-01-01,DEPT,,14007.0,,
IND-323,D974,2026-02-01,DEPT,,14438.0,,
IND-323,D974,2026-03-01,DEPT,,15385.0,,
IND-323,D974,2026-04-01,DEPT,,15693.0,,
IND-323,D974,2026-05-01,DEPT,,13564.0,,100.0
IND-323,D976,2023-01-01,DEPT,,6171.0,,
IND-323,D976,2023-06-01,DEPT,,5920.0,,
IND-323,D976,2023-09-01,DEPT,,5916.0,,
IND-323,D976,2023-10-01,DEPT,,7219.0,,
IND-323,D976,2024-01-01,DEPT,,4268.0,,
IND-323,D976,2024-02-01,DEPT,,1205.0,,
IND-323,D976,2024-04-01,DEPT,,3555.0,,
IND-323,D976,2024-07-01,DEPT,,5328.0,,
IND-323,D976,2024-09-01,DEPT,,5880.0,,
IND-323,D976,2024-11-01,DEPT,,6151.0,,
IND-323,D976,2024-12-01,DEPT,,2662.0,,
IND-323,D976,2025-04-01,DEPT,,7528.0,,
IND-323,D976,2025-05-01,DEPT,,6734.0,,
IND-323,D976,2025-06-01,DEPT,,7480.0,,
IND-323,D976,2025-07-01,DEPT,,6613.0,,
IND-323,D976,2025-08-01,DEPT,,6668.0,,
IND-323,D976,2025-09-01,DEPT,,5951.0,,
IND-323,D976,2025-10-01,DEPT,,7846.0,,
IND-323,D976,2025-11-01,DEPT,,5331.0,,
IND-323,D976,2025-12-01,DEPT,,5859.0,,
IND-323,D976,2026-01-01,DEPT,,6272.0,,
IND-323,D976,2026-02-01,DEPT,,6117.0,,
IND-323,D976,2026-03-01,DEPT,,5769.0,,
IND-323,D976,2026-04-01,DEPT,,6376.0,,
IND-323,D976,2026-05-01,DEPT,,5610.0,,81.61
IND-323,FRANCE,2023-01-01,NAT,,650165.0,,
IND-323,FRANCE,2023-06-01,NAT,,890580.0,,
IND-323,FRANCE,2023-09-01,NAT,,738638.0,,
IND-323,FRANCE,2023-10-01,NAT,,867403.0,,
IND-323,FRANCE,2024-01-01,NAT,,879233.0,,
IND-323,FRANCE,2024-02-01,NAT,,901930.0,,
IND-323,FRANCE,2024-04-01,NAT,,971082.0,,
IND-323,FRANCE,2024-07-01,NAT,,935377.0,,
IND-323,FRANCE,2024-09-01,NAT,,1022991.0,,
IND-323,FRANCE,2024-11-01,NAT,,1020374.0,,
IND-323,FRANCE,2024-12-01,NAT,,916801.0,,
IND-323,FRANCE,2025-04-01,NAT,,1346100.0,,
IND-323,FRANCE,2025-05-01,NAT,,1274906.0,,
IND-323,FRANCE,2025-06-01,NAT,,1092906.0,,
IND-323,FRANCE,2025-07-01,NAT,,1119883.0,,
IND-323,FRANCE,2025-08-01,NAT,,837657.0,,
IND-323,FRANCE,2025-09-01,NAT,,1277714.0,,
IND-323,FRANCE,2025-10-01,NAT,,1413717.0,,
IND-323,FRANCE,2025-11-01,NAT,,1171094.0,,
IND-323,FRANCE,2025-12-01,NAT,,1071114.0,,
IND-323,FRANCE,2026-01-01,NAT,,1291326.0,,
IND-323,FRANCE,2026-02-01,NAT,,1275283.0,,
IND-323,FRANCE,2026-03-01,NAT,,1391890.0,,
IND-323,FRANCE,2026-04-01,NAT,,1390616.0,,
IND-323,FRANCE,2026-05-01,NAT,,1202938.0,,100.0
IND-323,R01,2023-01-01,REG,,4607.0,,
IND-323,R01,2023-06-01,REG,,7184.0,,
IND-323,R01,2023-09-01,REG,,7005.0,,
IND-323,R01,2023-10-01,REG,,9790.0,,
IND-323,R01,2024-01-01,REG,,8023.0,,
IND-323,R01,2024-02-01,REG,,7771.0,,
IND-323,R01,2024-04-01,REG,,9058.0,,
IND-323,R01,2024-07-01,REG,,7270.0,,
IND-323,R01,2024-09-01,REG,,6818.0,,
IND-323,R01,2024-11-01,REG,,8393.0,,
IND-323,R01,2024-12-01,REG,,7820.0,,
IND-323,R01,2025-04-01,REG,,9376.0,,
IND-323,R01,2025-05-01,REG,,8105.0,,
IND-323,R01,2025-06-01,REG,,9499.0,,
IND-323,R01,2025-07-01,REG,,9500.0,,
IND-323,R01,2025-08-01,REG,,6992.0,,
IND-323,R01,2025-09-01,REG,,10064.0,,
IND-323,R01,2025-10-01,REG,,9835.0,,
IND-323,R01,2025-11-01,REG,,9531.0,,
IND-323,R01,2025-12-01,REG,,8723.0,,
IND-323,R01,2026-01-01,REG,,10212.0,,
IND-323,R01,2026-02-01,REG,,8911.0,,
IND-323,R01,2026-03-01,REG,,10455.0,,
IND-323,R01,2026-04-01,REG,,10248.0,,
IND-323,R01,2026-05-01,REG,,9613.0,,85.7
IND-323,R02,2023-01-01,REG,,4814.0,,
IND-323,R02,2023-06-01,REG,,6729.0,,
IND-323,R02,2023-09-01,REG,,7016.0,,
IND-323,R02,2023-10-01,REG,,11257.0,,
IND-323,R02,2024-01-01,REG,,8377.0,,
IND-323,R02,2024-02-01,REG,,7810.0,,
IND-323,R02,2024-04-01,REG,,9258.0,,
IND-323,R02,2024-07-01,REG,,9355.0,,
IND-323,R02,2024-09-01,REG,,10223.0,,
IND-323,R02,2024-11-01,REG,,7521.0,,
IND-323,R02,2024-12-01,REG,,7127.0,,
IND-323,R02,2025-04-01,REG,,10523.0,,
IND-323,R02,2025-05-01,REG,,9039.0,,
IND-323,R02,2025-06-01,REG,,9872.0,,
IND-323,R02,2025-07-01,REG,,8452.0,,
IND-323,R02,2025-08-01,REG,,7320.0,,
IND-323,R02,2025-09-01,REG,,10976.0,,
IND-323,R02,2025-10-01,REG,,11167.0,,
IND-323,R02,2025-11-01,REG,,10251.0,,
IND-323,R02,2025-12-01,REG,,9623.0,,
IND-323,R02,2026-01-01,REG,,11027.0,,
IND-323,R02,2026-02-01,REG,,10440.0,,
IND-323,R02,2026-03-01,REG,,12542.0,,
IND-323,R02,2026-04-01,REG,,10639.0,,
IND-323,R02,2026-05-01,REG,,8011.0,,100.0
IND-323,R03,2023-01-01,REG,,1424.0,,
IND-323,R03,2023-06-01,REG,,4544.0,,
IND-323,R03,2023-09-01,REG,,4651.0,,
IND-323,R03,2023-10-01,REG,,6176.0,,
IND-323,R03,2024-01-01,REG,,3613.0,,
IND-323,R03,2024-02-01,REG,,2922.0,,
IND-323,R03,2024-04-01,REG,,4437.0,,
IND-323,R03,2024-07-01,REG,,4320.0,,
IND-323,R03,2024-09-01,REG,,4034.0,,
IND-323,R03,2024-11-01,REG,,4954.0,,
IND-323,R03,2024-12-01,REG,,3918.0,,
IND-323,R03,2025-04-01,REG,,4918.0,,
IND-323,R03,2025-05-01,REG,,4310.0,,
IND-323,R03,2025-06-01,REG,,3398.0,,
IND-323,R03,2025-07-01,REG,,4340.0,,
IND-323,R03,2025-08-01,REG,,3214.0,,
IND-323,R03,2025-09-01,REG,,4377.0,,
IND-323,R03,2025-10-01,REG,,4560.0,,
IND-323,R03,2025-11-01,REG,,3627.0,,
IND-323,R03,2025-12-01,REG,,2876.0,,
IND-323,R03,2026-01-01,REG,,4506.0,,
IND-323,R03,2026-02-01,REG,,3485.0,,
IND-323,R03,2026-03-01,REG,,5116.0,,
IND-323,R03,2026-04-01,REG,,5015.0,,
IND-323,R03,2026-05-01,REG,,4313.0,,39.46
IND-323,R04,2023-01-01,REG,,6918.0,,
IND-323,R04,2023-06-01,REG,,10437.0,,
IND-323,R04,2023-09-01,REG,,9696.0,,
IND-323,R04,2023-10-01,REG,,11438.0,,
IND-323,R04,2024-01-01,REG,,9007.0,,
IND-323,R04,2024-02-01,REG,,11586.0,,
IND-323,R04,2024-04-01,REG,,11865.0,,
IND-323,R04,2024-07-01,REG,,12819.0,,
IND-323,R04,2024-09-01,REG,,11693.0,,
IND-323,R04,2024-11-01,REG,,11158.0,,
IND-323,R04,2024-12-01,REG,,8830.0,,
IND-323,R04,2025-04-01,REG,,13709.0,,
IND-323,R04,2025-05-01,REG,,12085.0,,
IND-323,R04,2025-06-01,REG,,12068.0,,
IND-323,R04,2025-07-01,REG,,13125.0,,
IND-323,R04,2025-08-01,REG,,12799.0,,
IND-323,R04,2025-09-01,REG,,14862.0,,
IND-323,R04,2025-10-01,REG,,15968.0,,
IND-323,R04,2025-11-01,REG,,13050.0,,
IND-323,R04,2025-12-01,REG,,11581.0,,
IND-323,R04,2026-01-01,REG,,14007.0,,
IND-323,R04,2026-02-01,REG,,14438.0,,
IND-323,R04,2026-03-01,REG,,15385.0,,
IND-323,R04,2026-04-01,REG,,15693.0,,
IND-323,R04,2026-05-01,REG,,13564.0,,100.0
IND-323,R06,2023-01-01,REG,,6171.0,,
IND-323,R06,2023-06-01,REG,,5920.0,,
IND-323,R06,2023-09-01,REG,,5916.0,,
IND-323,R06,2023-10-01,REG,,7219.0,,
IND-323,R06,2024-01-01,REG,,4268.0,,
IND-323,R06,2024-02-01,REG,,1205.0,,
IND-323,R06,2024-04-01,REG,,3555.0,,
IND-323,R06,2024-07-01,REG,,5328.0,,
IND-323,R06,2024-09-01,REG,,5880.0,,
IND-323,R06,2024-11-01,REG,,6151.0,,
IND-323,R06,2024-12-01,REG,,2662.0,,
IND-323,R06,2025-04-01,REG,,7528.0,,
IND-323,R06,2025-05-01,REG,,6734.0,,
IND-323,R06,2025-06-01,REG,,7480.0,,
IND-323,R06,2025-07-01,REG,,6613.0,,
IND-323,R06,2025-08-01,REG,,6668.0,,
IND-323,R06,2025-09-01,REG,,5951.0,,
IND-323,R06,2025-10-01,REG,,7846.0,,
IND-323,R06,2025-11-01,REG,,5331.0,,
IND-323,R06,2025-12-01,REG,,5859.0,,
IND-323,R06,2026-01-01,REG,,6272.0,,
IND-323,R06,2026-02-01,REG,,6117.0,,
IND-323,R06,2026-03-01,REG,,5769.0,,
IND-323,R06,2026-04-01,REG,,6376.0,,
IND-323,R06,2026-05-01,REG,,5610.0,,81.61
IND-323,R11,2023-01-01,REG,,38581.0,,
IND-323,R11,2023-06-01,REG,,47094.0,,
IND-323,R11,2023-09-01,REG,,46916.0,,
IND-323,R11,2023-10-01,REG,,61256.0,,
IND-323,R11,2024-01-01,REG,,66135.0,,
IND-323,R11,2024-02-01,REG,,67876.0,,
IND-323,R11,2024-04-01,REG,,69205.0,,
IND-323,R11,2024-07-01,REG,,76298.0,,
IND-323,R11,2024-09-01,REG,,83932.0,,
IND-323,R11,2024-11-01,REG,,78212.0,,
IND-323,R11,2024-12-01,REG,,74596.0,,
IND-323,R11,2025-04-01,REG,,98298.0,,
IND-323,R11,2025-05-01,REG,,88853.0,,
IND-323,R11,2025-06-01,REG,,84243.0,,
IND-323,R11,2025-07-01,REG,,87587.0,,
IND-323,R11,2025-08-01,REG,,56763.0,,
IND-323,R11,2025-09-01,REG,,94767.0,,
IND-323,R11,2025-10-01,REG,,105303.0,,
IND-323,R11,2025-11-01,REG,,80711.0,,
IND-323,R11,2025-12-01,REG,,73098.0,,
IND-323,R11,2026-01-01,REG,,85462.0,,
IND-323,R11,2026-02-01,REG,,84179.0,,
IND-323,R11,2026-03-01,REG,,91630.0,,
IND-323,R11,2026-04-01,REG,,93555.0,,
IND-323,R11,2026-05-01,REG,,74899.0,,93.94
IND-323,R24,2023-01-01,REG,,37306.0,,
IND-323,R24,2023-06-01,REG,,52613.0,,
IND-323,R24,2023-09-01,REG,,40827.0,,
IND-323,R24,2023-10-01,REG,,47240.0,,
IND-323,R24,2024-01-01,REG,,49991.0,,
IND-323,R24,2024-02-01,REG,,51465.0,,
IND-323,R24,2024-04-01,REG,,54570.0,,
IND-323,R24,2024-07-01,REG,,48122.0,,
IND-323,R24,2024-09-01,REG,,51965.0,,
IND-323,R24,2024-11-01,REG,,55414.0,,
IND-323,R24,2024-12-01,REG,,49931.0,,
IND-323,R24,2025-04-01,REG,,72906.0,,
IND-323,R24,2025-05-01,REG,,69193.0,,
IND-323,R24,2025-06-01,REG,,62394.0,,
IND-323,R24,2025-07-01,REG,,64167.0,,
IND-323,R24,2025-08-01,REG,,46442.0,,
IND-323,R24,2025-09-01,REG,,74163.0,,
IND-323,R24,2025-10-01,REG,,86923.0,,
IND-323,R24,2025-11-01,REG,,71738.0,,
IND-323,R24,2025-12-01,REG,,66216.0,,
IND-323,R24,2026-01-01,REG,,79052.0,,
IND-323,R24,2026-02-01,REG,,77639.0,,
IND-323,R24,2026-03-01,REG,,85083.0,,
IND-323,R24,2026-04-01,REG,,87555.0,,
IND-323,R24,2026-05-01,REG,,73530.0,,100.0
IND-323,R27,2023-01-01,REG,,43808.0,,
IND-323,R27,2023-06-01,REG,,68855.0,,
IND-323,R27,2023-09-01,REG,,51116.0,,
IND-323,R27,2023-10-01,REG,,61001.0,,
IND-323,R27,2024-01-01,REG,,62910.0,,
IND-323,R27,2024-02-01,REG,,65261.0,,
IND-323,R27,2024-04-01,REG,,65498.0,,
IND-323,R27,2024-07-01,REG,,66821.0,,
IND-323,R27,2024-09-01,REG,,70996.0,,
IND-323,R27,2024-11-01,REG,,67460.0,,
IND-323,R27,2024-12-01,REG,,67611.0,,
IND-323,R27,2025-04-01,REG,,90474.0,,
IND-323,R27,2025-05-01,REG,,87230.0,,
IND-323,R27,2025-06-01,REG,,78767.0,,
IND-323,R27,2025-07-01,REG,,82034.0,,
IND-323,R27,2025-08-01,REG,,66329.0,,
IND-323,R27,2025-09-01,REG,,93426.0,,
IND-323,R27,2025-10-01,REG,,105404.0,,
IND-323,R27,2025-11-01,REG,,84205.0,,
IND-323,R27,2025-12-01,REG,,77143.0,,
IND-323,R27,2026-01-01,REG,,94724.0,,
IND-323,R27,2026-02-01,REG,,92578.0,,
IND-323,R27,2026-03-01,REG,,100030.0,,
IND-323,R27,2026-04-01,REG,,100381.0,,
IND-323,R27,2026-05-01,REG,,92926.0,,100.0
IND-323,R28,2023-01-01,REG,,62966.0,,
IND-323,R28,2023-06-01,REG,,67142.0,,
IND-323,R28,2023-09-01,REG,,54934.0,,
IND-323,R28,2023-10-01,REG,,63313.0,,
IND-323,R28,2024-01-01,REG,,59580.0,,
IND-323,R28,2024-02-01,REG,,62976.0,,
IND-323,R28,2024-04-01,REG,,66518.0,,
IND-323,R28,2024-07-01,REG,,63168.0,,
IND-323,R28,2024-09-01,REG,,65924.0,,
IND-323,R28,2024-11-01,REG,,62233.0,,
IND-323,R28,2024-12-01,REG,,59401.0,,
IND-323,R28,2025-04-01,REG,,74883.0,,
IND-323,R28,2025-05-01,REG,,71492.0,,
IND-323,R28,2025-06-01,REG,,67532.0,,
IND-323,R28,2025-07-01,REG,,70723.0,,
IND-323,R28,2025-08-01,REG,,55609.0,,
IND-323,R28,2025-09-01,REG,,81695.0,,
IND-323,R28,2025-10-01,REG,,85177.0,,
IND-323,R28,2025-11-01,REG,,73039.0,,
IND-323,R28,2025-12-01,REG,,67594.0,,
IND-323,R28,2026-01-01,REG,,77567.0,,
IND-323,R28,2026-02-01,REG,,81109.0,,
IND-323,R28,2026-03-01,REG,,88034.0,,
IND-323,R28,2026-04-01,REG,,86603.0,,
IND-323,R28,2026-05-01,REG,,73916.0,,100.0
IND-323,R32,2023-01-01,REG,,42483.0,,
IND-323,R32,2023-06-01,REG,,61748.0,,
IND-323,R32,2023-09-01,REG,,53303.0,,
IND-323,R32,2023-10-01,REG,,63511.0,,
IND-323,R32,2024-01-01,REG,,62531.0,,
IND-323,R32,2024-02-01,REG,,70281.0,,
IND-323,R32,2024-04-01,REG,,77261.0,,
IND-323,R32,2024-07-01,REG,,74372.0,,
IND-323,R32,2024-09-01,REG,,87012.0,,
IND-323,R32,2024-11-01,REG,,81957.0,,
IND-323,R32,2024-12-01,REG,,72490.0,,
IND-323,R32,2025-04-01,REG,,100761.0,,
IND-323,R32,2025-05-01,REG,,93053.0,,
IND-323,R32,2025-06-01,REG,,88992.0,,
IND-323,R32,2025-07-01,REG,,85421.0,,
IND-323,R32,2025-08-01,REG,,66665.0,,
IND-323,R32,2025-09-01,REG,,97470.0,,
IND-323,R32,2025-10-01,REG,,108448.0,,
IND-323,R32,2025-11-01,REG,,90552.0,,
IND-323,R32,2025-12-01,REG,,85664.0,,
IND-323,R32,2026-01-01,REG,,107671.0,,
IND-323,R32,2026-02-01,REG,,111958.0,,
IND-323,R32,2026-03-01,REG,,124740.0,,
IND-323,R32,2026-04-01,REG,,118439.0,,
IND-323,R32,2026-05-01,REG,,101628.0,,100.0
IND-323,R44,2023-01-01,REG,,56886.0,,
IND-323,R44,2023-06-01,REG,,75546.0,,
IND-323,R44,2023-09-01,REG,,60533.0,,
IND-323,R44,2023-10-01,REG,,67358.0,,
IND-323,R44,2024-01-01,REG,,71669.0,,
IND-323,R44,2024-02-01,REG,,76939.0,,
IND-323,R44,2024-04-01,REG,,83288.0,,
IND-323,R44,2024-07-01,REG,,72503.0,,
IND-323,R44,2024-09-01,REG,,81488.0,,
IND-323,R44,2024-11-01,REG,,80460.0,,
IND-323,R44,2024-12-01,REG,,71501.0,,
IND-323,R44,2025-04-01,REG,,108611.0,,
IND-323,R44,2025-05-01,REG,,103329.0,,
IND-323,R44,2025-06-01,REG,,95591.0,,
IND-323,R44,2025-07-01,REG,,97276.0,,
IND-323,R44,2025-08-01,REG,,74098.0,,
IND-323,R44,2025-09-01,REG,,111168.0,,
IND-323,R44,2025-10-01,REG,,118477.0,,
IND-323,R44,2025-11-01,REG,,101269.0,,
IND-323,R44,2025-12-01,REG,,90102.0,,
IND-323,R44,2026-01-01,REG,,114173.0,,
IND-323,R44,2026-02-01,REG,,115754.0,,
IND-323,R44,2026-03-01,REG,,123893.0,,
IND-323,R44,2026-04-01,REG,,123774.0,,
IND-323,R44,2026-05-01,REG,,110240.0,,100.0
IND-323,R52,2023-01-01,REG,,38321.0,,
IND-323,R52,2023-06-01,REG,,49709.0,,
IND-323,R52,2023-09-01,REG,,39493.0,,
IND-323,R52,2023-10-01,REG,,45621.0,,
IND-323,R52,2024-01-01,REG,,46089.0,,
IND-323,R52,2024-02-01,REG,,46263.0,,
IND-323,R52,2024-04-01,REG,,50096.0,,
IND-323,R52,2024-07-01,REG,,44468.0,,
IND-323,R52,2024-09-01,REG,,49359.0,,
IND-323,R52,2024-11-01,REG,,50011.0,,
IND-323,R52,2024-12-01,REG,,47891.0,,
IND-323,R52,2025-04-01,REG,,63678.0,,
IND-323,R52,2025-05-01,REG,,62257.0,,
IND-323,R52,2025-06-01,REG,,52737.0,,
IND-323,R52,2025-07-01,REG,,54503.0,,
IND-323,R52,2025-08-01,REG,,42965.0,,
IND-323,R52,2025-09-01,REG,,65921.0,,
IND-323,R52,2025-10-01,REG,,70979.0,,
IND-323,R52,2025-11-01,REG,,60365.0,,
IND-323,R52,2025-12-01,REG,,55917.0,,
IND-323,R52,2026-01-01,REG,,65847.0,,
IND-323,R52,2026-02-01,REG,,66664.0,,
IND-323,R52,2026-03-01,REG,,70864.0,,
IND-323,R52,2026-04-01,REG,,72285.0,,
IND-323,R52,2026-05-01,REG,,63804.0,,100.0
IND-323,R53,2023-01-01,REG,,32710.0,,
IND-323,R53,2023-06-01,REG,,51248.0,,
IND-323,R53,2023-09-01,REG,,41084.0,,
IND-323,R53,2023-10-01,REG,,45841.0,,
IND-323,R53,2024-01-01,REG,,50153.0,,
IND-323,R53,2024-02-01,REG,,52863.0,,
IND-323,R53,2024-04-01,REG,,55624.0,,
IND-323,R53,2024-07-01,REG,,63523.0,,
IND-323,R53,2024-09-01,REG,,71432.0,,
IND-323,R53,2024-11-01,REG,,70432.0,,
IND-323,R53,2024-12-01,REG,,61230.0,,
IND-323,R53,2025-04-01,REG,,76982.0,,
IND-323,R53,2025-05-01,REG,,74180.0,,
IND-323,R53,2025-06-01,REG,,66704.0,,
IND-323,R53,2025-07-01,REG,,65592.0,,
IND-323,R53,2025-08-01,REG,,47010.0,,
IND-323,R53,2025-09-01,REG,,78400.0,,
IND-323,R53,2025-10-01,REG,,85940.0,,
IND-323,R53,2025-11-01,REG,,68557.0,,
IND-323,R53,2025-12-01,REG,,59806.0,,
IND-323,R53,2026-01-01,REG,,67641.0,,
IND-323,R53,2026-02-01,REG,,68009.0,,
IND-323,R53,2026-03-01,REG,,76291.0,,
IND-323,R53,2026-04-01,REG,,78993.0,,
IND-323,R53,2026-05-01,REG,,68419.0,,100.0
IND-323,R75,2023-01-01,REG,,77715.0,,
IND-323,R75,2023-06-01,REG,,114989.0,,
IND-323,R75,2023-09-01,REG,,90062.0,,
IND-323,R75,2023-10-01,REG,,105483.0,,
IND-323,R75,2024-01-01,REG,,101932.0,,
IND-323,R75,2024-02-01,REG,,103307.0,,
IND-323,R75,2024-04-01,REG,,112517.0,,
IND-323,R75,2024-07-01,REG,,104452.0,,
IND-323,R75,2024-09-01,REG,,112247.0,,
IND-323,R75,2024-11-01,REG,,115041.0,,
IND-323,R75,2024-12-01,REG,,105669.0,,
IND-323,R75,2025-04-01,REG,,142285.0,,
IND-323,R75,2025-05-01,REG,,136977.0,,
IND-323,R75,2025-06-01,REG,,126168.0,,
IND-323,R75,2025-07-01,REG,,134898.0,,
IND-323,R75,2025-08-01,REG,,101123.0,,
IND-323,R75,2025-09-01,REG,,147332.0,,
IND-323,R75,2025-10-01,REG,,166256.0,,
IND-323,R75,2025-11-01,REG,,138180.0,,
IND-323,R75,2025-12-01,REG,,127933.0,,
IND-323,R75,2026-01-01,REG,,152693.0,,
IND-323,R75,2026-02-01,REG,,146244.0,,
IND-323,R75,2026-03-01,REG,,160205.0,,
IND-323,R75,2026-04-01,REG,,159182.0,,
IND-323,R75,2026-05-01,REG,,139798.0,,100.0
IND-323,R76,2023-01-01,REG,,74977.0,,
IND-323,R76,2023-06-01,REG,,108470.0,,
IND-323,R76,2023-09-01,REG,,90023.0,,
IND-323,R76,2023-10-01,REG,,104153.0,,
IND-323,R76,2024-01-01,REG,,108460.0,,
IND-323,R76,2024-02-01,REG,,108280.0,,
IND-323,R76,2024-04-01,REG,,116624.0,,
IND-323,R76,2024-07-01,REG,,108486.0,,
IND-323,R76,2024-09-01,REG,,123741.0,,
IND-323,R76,2024-11-01,REG,,129415.0,,
IND-323,R76,2024-12-01,REG,,110477.0,,
IND-323,R76,2025-04-01,REG,,147335.0,,
IND-323,R76,2025-05-01,REG,,138322.0,,
IND-323,R76,2025-06-01,REG,,125494.0,,
IND-323,R76,2025-07-01,REG,,130064.0,,
IND-323,R76,2025-08-01,REG,,99579.0,,
IND-323,R76,2025-09-01,REG,,150705.0,,
IND-323,R76,2025-10-01,REG,,165475.0,,
IND-323,R76,2025-11-01,REG,,142587.0,,
IND-323,R76,2025-12-01,REG,,128285.0,,
IND-323,R76,2026-01-01,REG,,160185.0,,
IND-323,R76,2026-02-01,REG,,153601.0,,
IND-323,R76,2026-03-01,REG,,165288.0,,
IND-323,R76,2026-04-01,REG,,169621.0,,
IND-323,R76,2026-05-01,REG,,146943.0,,100.0
IND-323,R84,2023-01-01,REG,,68943.0,,
IND-323,R84,2023-06-01,REG,,94578.0,,
IND-323,R84,2023-09-01,REG,,76553.0,,
IND-323,R84,2023-10-01,REG,,85253.0,,
IND-323,R84,2024-01-01,REG,,94616.0,,
IND-323,R84,2024-02-01,REG,,92891.0,,
IND-323,R84,2024-04-01,REG,,102049.0,,
IND-323,R84,2024-07-01,REG,,107148.0,,
IND-323,R84,2024-09-01,REG,,112410.0,,
IND-323,R84,2024-11-01,REG,,116241.0,,
IND-323,R84,2024-12-01,REG,,102942.0,,
IND-323,R84,2025-04-01,REG,,142720.0,,
IND-323,R84,2025-05-01,REG,,132183.0,,
IND-323,R84,2025-06-01,REG,,128065.0,,
IND-323,R84,2025-07-01,REG,,127947.0,,
IND-323,R84,2025-08-01,REG,,90129.0,,
IND-323,R84,2025-09-01,REG,,146754.0,,
IND-323,R84,2025-10-01,REG,,165433.0,,
IND-323,R84,2025-11-01,REG,,131288.0,,
IND-323,R84,2025-12-01,REG,,125281.0,,
IND-323,R84,2026-01-01,REG,,145555.0,,
IND-323,R84,2026-02-01,REG,,142950.0,,
IND-323,R84,2026-03-01,REG,,158111.0,,
IND-323,R84,2026-04-01,REG,,155202.0,,
IND-323,R84,2026-05-01,REG,,133739.0,,100.0
IND-323,R93,2023-01-01,REG,,47268.0,,
IND-323,R93,2023-06-01,REG,,58499.0,,
IND-323,R93,2023-09-01,REG,,54499.0,,
IND-323,R93,2023-10-01,REG,,64085.0,,
IND-323,R93,2024-01-01,REG,,64760.0,,
IND-323,R93,2024-02-01,REG,,63716.0,,
IND-323,R93,2024-04-01,REG,,68012.0,,
IND-323,R93,2024-07-01,REG,,57997.0,,
IND-323,R93,2024-09-01,REG,,64758.0,,
IND-323,R93,2024-11-01,REG,,67447.0,,
IND-323,R93,2024-12-01,REG,,54681.0,,
IND-323,R93,2025-04-01,REG,,76936.0,,
IND-323,R93,2025-05-01,REG,,67973.0,,
IND-323,R93,2025-06-01,REG,,64251.0,,
IND-323,R93,2025-07-01,REG,,68479.0,,
IND-323,R93,2025-08-01,REG,,46444.0,,
IND-323,R93,2025-09-01,REG,,78946.0,,
IND-323,R93,2025-10-01,REG,,86422.0,,
IND-323,R93,2025-11-01,REG,,77569.0,,
IND-323,R93,2025-12-01,REG,,66883.0,,
IND-323,R93,2026-01-01,REG,,81883.0,,
IND-323,R93,2026-02-01,REG,,78689.0,,
IND-323,R93,2026-03-01,REG,,84962.0,,
IND-323,R93,2026-04-01,REG,,84434.0,,
IND-323,R93,2026-05-01,REG,,70899.0,,100.0
IND-323,R94,2023-01-01,REG,,4267.0,,
IND-323,R94,2023-06-01,REG,,5275.0,,
IND-323,R94,2023-09-01,REG,,5011.0,,
IND-323,R94,2023-10-01,REG,,7408.0,,
IND-323,R94,2024-01-01,REG,,7119.0,,
IND-323,R94,2024-02-01,REG,,8518.0,,
IND-323,R94,2024-04-01,REG,,11647.0,,
IND-323,R94,2024-07-01,REG,,8927.0,,
IND-323,R94,2024-09-01,REG,,9079.0,,
IND-323,R94,2024-11-01,REG,,7874.0,,
IND-323,R94,2024-12-01,REG,,8024.0,,
IND-323,R94,2025-04-01,REG,,104177.0,,
IND-323,R94,2025-05-01,REG,,109591.0,,
IND-323,R94,2025-06-01,REG,,9651.0,,
IND-323,R94,2025-07-01,REG,,9162.0,,
IND-323,R94,2025-08-01,REG,,7508.0,,
IND-323,R94,2025-09-01,REG,,10737.0,,
IND-323,R94,2025-10-01,REG,,14104.0,,
IND-323,R94,2025-11-01,REG,,9244.0,,
IND-323,R94,2025-12-01,REG,,8530.0,,
IND-323,R94,2026-01-01,REG,,12849.0,,
IND-323,R94,2026-02-01,REG,,12518.0,,
IND-323,R94,2026-03-01,REG,,13492.0,,
IND-323,R94,2026-04-01,REG,,12621.0,,
IND-323,R94,2026-05-01,REG,,11086.0,,76.43
IND-323,D66,2022-05-01,DEPT,6465.0,,,
IND-323,R52,2022-05-01,REG,27064.0,,,
IND-323,D67,2022-05-01,DEPT,3769.0,,,
IND-323,R44,2022-05-01,REG,46531.0,,,
IND-323,D68,2022-05-01,DEPT,4751.0,,,
IND-323,D69,2022-05-01,DEPT,5399.0,,,
IND-323,D70,2022-05-01,DEPT,3116.0,,,
IND-323,D72,2022-05-01,DEPT,4496.0,,,
IND-323,D73,2022-05-01,DEPT,4549.0,,,
IND-323,D74,2022-05-01,DEPT,6480.0,,,
IND-323,D75,2022-05-01,DEPT,2970.0,,,
IND-323,D76,2022-05-01,DEPT,7289.0,,,
IND-323,D77,2022-05-01,DEPT,8642.0,,,
IND-323,D78,2022-05-01,DEPT,3152.0,,,
IND-323,D79,2022-05-01,DEPT,3822.0,,,
IND-323,D80,2022-05-01,DEPT,4890.0,,,
IND-323,D81,2022-05-01,DEPT,2712.0,,,
IND-323,D82,2022-05-01,DEPT,4781.0,,,
IND-323,D83,2022-05-01,DEPT,8301.0,,,
IND-323,D84,2022-05-01,DEPT,5599.0,,,
IND-323,D85,2022-05-01,DEPT,6020.0,,,
IND-323,D86,2022-05-01,DEPT,3356.0,,,
IND-323,D87,2022-05-01,DEPT,2320.0,,,
IND-323,R32,2022-05-01,REG,34101.0,,,
IND-323,D88,2022-05-01,DEPT,12044.0,,,
IND-323,D89,2022-05-01,DEPT,4874.0,,,
IND-323,D90,2022-05-01,DEPT,230.0,,,
IND-323,D91,2022-05-01,DEPT,4645.0,,,
IND-323,D92,2022-05-01,DEPT,2500.0,,,
IND-323,D93,2022-05-01,DEPT,4114.0,,,
IND-323,D94,2022-05-01,DEPT,3490.0,,,
IND-323,D95,2022-05-01,DEPT,2379.0,,,
IND-323,D971,2022-05-01,DEPT,2122.0,,,
IND-323,D972,2022-05-01,DEPT,3133.0,,,
IND-323,D973,2022-05-01,DEPT,1664.0,,,
IND-323,D974,2022-05-01,DEPT,5721.0,,,
IND-323,D976,2022-05-01,DEPT,4151.0,,,
IND-323,FRANCE,2022-05-01,NAT,510034.0,,,
IND-323,R01,2022-05-01,REG,2122.0,,,
IND-323,R02,2022-05-01,REG,3133.0,,,
IND-323,R03,2022-05-01,REG,1664.0,,,
IND-323,R04,2022-05-01,REG,5721.0,,,
IND-323,R06,2022-05-01,REG,4151.0,,,
IND-323,R11,2022-05-01,REG,31892.0,,,
IND-323,R24,2022-05-01,REG,29279.0,,,
IND-323,R27,2022-05-01,REG,36043.0,,,
IND-323,R28,2022-05-01,REG,46184.0,,,
IND-323,D71,2022-05-01,DEPT,6794.0,,,
IND-323,D59,2022-05-01,DEPT,10157.0,,,
IND-323,D58,2022-05-01,DEPT,4092.0,,,
IND-323,D57,2022-05-01,DEPT,6119.0,,,
IND-323,D56,2022-05-01,DEPT,5291.0,,,
IND-323,D55,2022-05-01,DEPT,2635.0,,,
IND-323,D54,2022-05-01,DEPT,3273.0,,,
IND-323,D53,2022-05-01,DEPT,3902.0,,,
IND-323,D52,2022-05-01,DEPT,2543.0,,,
IND-323,D51,2022-05-01,DEPT,4663.0,,,
IND-323,D50,2022-05-01,DEPT,8333.0,,,
IND-323,D49,2022-05-01,DEPT,6825.0,,,
IND-323,D48,2022-05-01,DEPT,4913.0,,,
IND-323,D47,2022-05-01,DEPT,3938.0,,,
IND-323,D46,2022-05-01,DEPT,4213.0,,,
IND-323,D45,2022-05-01,DEPT,5057.0,,,
IND-323,D44,2022-05-01,DEPT,5821.0,,,
IND-323,D43,2022-05-01,DEPT,3516.0,,,
IND-323,D60,2022-05-01,DEPT,5750.0,,,
IND-323,D42,2022-05-01,DEPT,5482.0,,,
IND-323,D41,2022-05-01,DEPT,6799.0,,,
IND-323,D40,2022-05-01,DEPT,4765.0,,,
IND-323,D39,2022-05-01,DEPT,3136.0,,,
IND-323,D38,2022-05-01,DEPT,4501.0,,,
IND-323,D37,2022-05-01,DEPT,6107.0,,,
IND-323,D36,2022-05-01,DEPT,4073.0,,,
IND-323,D35,2022-05-01,DEPT,5023.0,,,
IND-323,D34,2022-05-01,DEPT,9105.0,,,
IND-323,R94,2022-05-01,REG,3297.0,,,
IND-323,D33,2022-05-01,DEPT,13448.0,,,
IND-323,D32,2022-05-01,DEPT,3681.0,,,
IND-323,D31,2022-05-01,DEPT,4280.0,,,
IND-323,D30,2022-05-01,DEPT,6874.0,,,
IND-323,D2B,2022-05-01,DEPT,991.0,,,
IND-323,D2A,2022-05-01,DEPT,2306.0,,,
IND-323,D29,2022-05-01,DEPT,5811.0,,,
IND-323,D28,2022-05-01,DEPT,1980.0,,,
IND-323,D27,2022-05-01,DEPT,9796.0,,,
IND-323,D26,2022-05-01,DEPT,4015.0,,,
IND-323,D25,2022-05-01,DEPT,9707.0,,,
IND-323,D24,2022-05-01,DEPT,7097.0,,,
IND-323,D23,2022-05-01,DEPT,1551.0,,,
IND-323,D22,2022-05-01,DEPT,8073.0,,,
IND-323,D21,2022-05-01,DEPT,4094.0,,,
IND-323,D19,2022-05-01,DEPT,3527.0,,,
IND-323,D61,2022-05-01,DEPT,6508.0,,,
IND-323,D18,2022-05-01,DEPT,5263.0,,,
IND-323,D17,2022-05-01,DEPT,6801.0,,,
IND-323,D16,2022-05-01,DEPT,5936.0,,,
IND-323,D15,2022-05-01,DEPT,3321.0,,,
IND-323,D14,2022-05-01,DEPT,14258.0,,,
IND-323,D13,2022-05-01,DEPT,8446.0,,,
IND-323,D12,2022-05-01,DEPT,2746.0,,,
IND-323,D11,2022-05-01,DEPT,5263.0,,,
IND-323,R93,2022-05-01,REG,40172.0,,,
IND-323,D10,2022-05-01,DEPT,2976.0,,,
IND-323,D09,2022-05-01,DEPT,1622.0,,,
IND-323,D08,2022-05-01,DEPT,3758.0,,,
IND-323,D07,2022-05-01,DEPT,3676.0,,,
IND-323,D06,2022-05-01,DEPT,8712.0,,,
IND-323,D05,2022-05-01,DEPT,5324.0,,,
IND-323,D04,2022-05-01,DEPT,3790.0,,,
IND-323,D03,2022-05-01,DEPT,4098.0,,,
IND-323,D02,2022-05-01,DEPT,5632.0,,,
IND-323,D01,2022-05-01,DEPT,5447.0,,,
IND-323,D62,2022-05-01,DEPT,7672.0,,,
IND-323,R84,2022-05-01,REG,53954.0,,,
IND-323,D63,2022-05-01,DEPT,3470.0,,,
IND-323,R76,2022-05-01,REG,60987.0,,,
IND-323,D64,2022-05-01,DEPT,2980.0,,,
IND-323,R75,2022-05-01,REG,59541.0,,,
IND-323,D65,2022-05-01,DEPT,4332.0,,,
IND-323,R53,2022-05-01,REG,24198.0,,,
IND-323,D72,2026-12-01,DEPT,,,9726.8,
IND-323,D73,2026-12-01,DEPT,,,12303.22,
IND-323,D74,2026-12-01,DEPT,,,9974.29,
IND-323,D75,2026-12-01,DEPT,,,5129.16,
IND-323,D76,2026-12-01,DEPT,,,15504.26,
IND-323,D77,2026-12-01,DEPT,,,15339.93,
IND-323,D53,2026-12-01,DEPT,,,6476.91,
IND-323,D78,2026-12-01,DEPT,,,9235.29,
IND-323,D79,2026-12-01,DEPT,,,9839.18,
IND-323,D80,2026-12-01,DEPT,,,10436.56,
IND-323,D81,2026-12-01,DEPT,,,9322.97,
IND-323,D82,2026-12-01,DEPT,,,7702.24,
IND-323,D83,2026-12-01,DEPT,,,11377.71,
IND-323,D84,2026-12-01,DEPT,,,10823.49,
IND-323,D85,2026-12-01,DEPT,,,7913.5,
IND-323,D86,2026-12-01,DEPT,,,8974.31,
IND-323,D87,2026-12-01,DEPT,,,8209.93,
IND-323,D88,2026-12-01,DEPT,,,10209.97,
IND-323,D89,2026-12-01,DEPT,,,12406.49,
IND-323,D90,2026-12-01,DEPT,,,1625.06,
IND-323,D91,2026-12-01,DEPT,,,12087.84,
IND-323,D92,2026-12-01,DEPT,,,5547.85,
IND-323,D93,2026-12-01,DEPT,,,12686.9,
IND-323,D94,2026-12-01,DEPT,,,7535.31,
IND-323,D95,2026-12-01,DEPT,,,10109.6,
IND-323,D971,2026-12-01,DEPT,,,10863.11,
IND-323,D972,2026-12-01,DEPT,,,6923.05,
IND-323,D973,2026-12-01,DEPT,,,8376.49,
IND-323,D974,2026-12-01,DEPT,,,11015.48,
IND-323,D976,2026-12-01,DEPT,,,5938.67,
IND-323,FRANCE,2026-12-01,NAT,,,1053711.89,
IND-323,R01,2026-12-01,REG,,,10863.11,
IND-323,D52,2026-12-01,DEPT,,,7576.86,
IND-323,D51,2026-12-01,DEPT,,,9650.41,
IND-323,D50,2026-12-01,DEPT,,,10862.27,
IND-323,D49,2026-12-01,DEPT,,,10241.19,
IND-323,D48,2026-12-01,DEPT,,,5992.82,
IND-323,D47,2026-12-01,DEPT,,,8723.27,
IND-323,D46,2026-12-01,DEPT,,,8688.57,
IND-323,D45,2026-12-01,DEPT,,,9376.7,
IND-323,D44,2026-12-01,DEPT,,,11732.9,
IND-323,D43,2026-12-01,DEPT,,,7208.25,
IND-323,D54,2026-12-01,DEPT,,,10710.88,
IND-323,D42,2026-12-01,DEPT,,,9854.46,
IND-323,D41,2026-12-01,DEPT,,,8246.69,
IND-323,D40,2026-12-01,DEPT,,,6841.66,
IND-323,D39,2026-12-01,DEPT,,,10116.16,
IND-323,D38,2026-12-01,DEPT,,,11737.34,
IND-323,D37,2026-12-01,DEPT,,,11656.12,
IND-323,D36,2026-12-01,DEPT,,,8874.17,
IND-323,D35,2026-12-01,DEPT,,,12696.61,
IND-323,D34,2026-12-01,DEPT,,,17651.43,
IND-323,D33,2026-12-01,DEPT,,,17961.91,
IND-323,D32,2026-12-01,DEPT,,,9068.16,
IND-323,D31,2026-12-01,DEPT,,,10102.45,
IND-323,D30,2026-12-01,DEPT,,,13437.28,
IND-323,D2B,2026-12-01,DEPT,,,8057.47,
IND-323,D2A,2026-12-01,DEPT,,,5430.75,
IND-323,D29,2026-12-01,DEPT,,,12794.76,
IND-323,D28,2026-12-01,DEPT,,,8569.74,
IND-323,D27,2026-12-01,DEPT,,,12893.96,
IND-323,D26,2026-12-01,DEPT,,,9957.06,
IND-323,D25,2026-12-01,DEPT,,,11158.09,
IND-323,D24,2026-12-01,DEPT,,,12975.62,
IND-323,D23,2026-12-01,DEPT,,,6508.59,
IND-323,D22,2026-12-01,DEPT,,,12535.93,
IND-323,D21,2026-12-01,DEPT,,,9008.9,
IND-323,D19,2026-12-01,DEPT,,,8293.03,
IND-323,D55,2026-12-01,DEPT,,,8765.37,
IND-323,D18,2026-12-01,DEPT,,,8504.45,
IND-323,D17,2026-12-01,DEPT,,,14442.34,
IND-323,D16,2026-12-01,DEPT,,,12200.79,
IND-323,D15,2026-12-01,DEPT,,,7279.37,
IND-323,D14,2026-12-01,DEPT,,,16785.66,
IND-323,D13,2026-12-01,DEPT,,,15065.25,
IND-323,D12,2026-12-01,DEPT,,,11244.03,
IND-323,D11,2026-12-01,DEPT,,,9618.63,
IND-323,D10,2026-12-01,DEPT,,,6809.09,
IND-323,D09,2026-12-01,DEPT,,,5822.97,
IND-323,D08,2026-12-01,DEPT,,,11468.04,
IND-323,D07,2026-12-01,DEPT,,,10621.21,
IND-323,D06,2026-12-01,DEPT,,,13949.49,
IND-323,D05,2026-12-01,DEPT,,,6714.18,
IND-323,D04,2026-12-01,DEPT,,,7179.18,
IND-323,D03,2026-12-01,DEPT,,,9060.97,
IND-323,D02,2026-12-01,DEPT,,,11335.99,
IND-323,D01,2026-12-01,DEPT,,,10166.35,
IND-323,D56,2026-12-01,DEPT,,,11345.7,
IND-323,D57,2026-12-01,DEPT,,,12337.5,
IND-323,D58,2026-12-01,DEPT,,,12388.46,
IND-323,D59,2026-12-01,DEPT,,,22177.4,
IND-323,D60,2026-12-01,DEPT,,,13750.28,
IND-323,D61,2026-12-01,DEPT,,,8255.43,
IND-323,D62,2026-12-01,DEPT,,,21530.18,
IND-323,D63,2026-12-01,DEPT,,,13535.21,
IND-323,D64,2026-12-01,DEPT,,,12357.69,
IND-323,D65,2026-12-01,DEPT,,,7563.92,
IND-323,D66,2026-12-01,DEPT,,,10416.91,
IND-323,D67,2026-12-01,DEPT,,,10048.93,
IND-323,D68,2026-12-01,DEPT,,,9659.43,
IND-323,D69,2026-12-01,DEPT,,,15365.38,
IND-323,D70,2026-12-01,DEPT,,,8124.86,
IND-323,D71,2026-12-01,DEPT,,,17013.22,
IND-323,R02,2026-12-01,REG,,,6923.05,
IND-323,R03,2026-12-01,REG,,,8376.49,
IND-323,R04,2026-12-01,REG,,,11015.48,
IND-323,R06,2026-12-01,REG,,,5938.67,
IND-323,R11,2026-12-01,REG,,,77671.88,
IND-323,R24,2026-12-01,REG,,,55227.87,
IND-323,R27,2026-12-01,REG,,,81841.24,
IND-323,R28,2026-12-01,REG,,,64301.58,
IND-323,R32,2026-12-01,REG,,,79230.41,
IND-323,R44,2026-12-01,REG,,,97236.48,
IND-323,R52,2026-12-01,REG,,,46091.3,
IND-323,R53,2026-12-01,REG,,,49373.0,
IND-323,R75,2026-12-01,REG,,,127328.32,
IND-323,R76,2026-12-01,REG,,,126632.38,
IND-323,R84,2026-12-01,REG,,,127063.11,
IND-323,R93,2026-12-01,REG,,,65109.3,
IND-323,R94,2026-12-01,REG,,,13488.22,
