indic_id,enforce_zone_id,metric_enforce_date,maille,indic_vi,indic_va,indic_vc,indic_ta
IND-320,D01,2022-01-01,DEPT,,6.0,,
IND-320,D01,2022-02-01,DEPT,,6.0,,
IND-320,D01,2022-03-01,DEPT,,13.0,,
IND-320,D01,2022-04-01,DEPT,,6.0,,
IND-320,D01,2022-05-01,DEPT,,16.0,,
IND-320,D01,2022-06-01,DEPT,,10.0,,
IND-320,D01,2022-07-01,DEPT,,12.0,,
IND-320,D01,2022-08-01,DEPT,,14.0,,
IND-320,D01,2022-09-01,DEPT,,17.0,,
IND-320,D01,2022-10-01,DEPT,,23.0,,
IND-320,D01,2022-11-01,DEPT,,14.0,,
IND-320,D01,2022-12-01,DEPT,149.0,12.0,,
IND-320,D01,2023-01-01,DEPT,,10.0,,
IND-320,D01,2023-02-01,DEPT,,156.0,,
IND-320,D01,2023-03-01,DEPT,,159.0,,
IND-320,D01,2023-04-01,DEPT,,157.0,,
IND-320,D01,2023-05-01,DEPT,,158.0,,
IND-320,D01,2023-06-01,DEPT,,162.0,,
IND-320,D01,2023-07-01,DEPT,,162.0,,
IND-320,D01,2023-08-01,DEPT,,162.0,,
IND-320,D01,2023-09-01,DEPT,,156.0,,
IND-320,D01,2023-10-01,DEPT,,146.0,,
IND-320,D01,2023-11-01,DEPT,,141.0,,
IND-320,D01,2023-12-01,DEPT,,149.0,,
IND-320,D01,2024-01-01,DEPT,,154.0,,
IND-320,D01,2024-02-01,DEPT,,152.0,,
IND-320,D01,2024-03-01,DEPT,,151.0,,
IND-320,D01,2024-04-01,DEPT,,158.0,,
IND-320,D01,2024-05-01,DEPT,,162.0,,
IND-320,D01,2024-06-01,DEPT,,158.0,,
IND-320,D01,2024-07-01,DEPT,,166.0,,
IND-320,D01,2024-08-01,DEPT,,167.0,,
IND-320,D01,2024-09-01,DEPT,,171.0,,
IND-320,D01,2024-10-01,DEPT,,174.0,,
IND-320,D01,2024-11-01,DEPT,,181.0,,
IND-320,D02,2022-01-01,DEPT,,13.0,,
IND-320,D02,2022-02-01,DEPT,,12.0,,
IND-320,D02,2022-03-01,DEPT,,11.0,,
IND-320,D02,2022-04-01,DEPT,,10.0,,
IND-320,D02,2022-05-01,DEPT,,12.0,,
IND-320,D02,2022-06-01,DEPT,,10.0,,
IND-320,D02,2022-07-01,DEPT,,12.0,,
IND-320,D02,2022-08-01,DEPT,,22.0,,
IND-320,D02,2022-09-01,DEPT,,18.0,,
IND-320,D02,2022-10-01,DEPT,,15.0,,
IND-320,D02,2022-11-01,DEPT,,14.0,,
IND-320,D02,2022-12-01,DEPT,171.0,22.0,,
IND-320,D02,2023-01-01,DEPT,,15.0,,
IND-320,D02,2023-02-01,DEPT,,175.0,,
IND-320,D02,2023-03-01,DEPT,,184.0,,
IND-320,D02,2023-04-01,DEPT,,188.0,,
IND-320,D02,2023-05-01,DEPT,,199.0,,
IND-320,D02,2023-06-01,DEPT,,206.0,,
IND-320,D02,2023-07-01,DEPT,,211.0,,
IND-320,D02,2023-08-01,DEPT,,211.0,,
IND-320,D02,2023-09-01,DEPT,,219.0,,
IND-320,D02,2023-10-01,DEPT,,231.0,,
IND-320,D02,2023-11-01,DEPT,,246.0,,
IND-320,D02,2023-12-01,DEPT,,246.0,,
IND-320,D02,2024-01-01,DEPT,,241.0,,
IND-320,D02,2024-02-01,DEPT,,235.0,,
IND-320,D02,2024-03-01,DEPT,,233.0,,
IND-320,D02,2024-04-01,DEPT,,234.0,,
IND-320,D02,2024-05-01,DEPT,,225.0,,
IND-320,D02,2024-06-01,DEPT,,222.0,,
IND-320,D02,2024-07-01,DEPT,,232.0,,
IND-320,D02,2024-08-01,DEPT,,231.0,,
IND-320,D02,2024-09-01,DEPT,,227.0,,
IND-320,D02,2024-10-01,DEPT,,212.0,,
IND-320,D02,2024-11-01,DEPT,,191.0,,
IND-320,D03,2022-01-01,DEPT,,8.0,,
IND-320,D03,2022-04-01,DEPT,,5.0,,
IND-320,D03,2022-05-01,DEPT,,8.0,,
IND-320,D03,2022-06-01,DEPT,,8.0,,
IND-320,D03,2022-07-01,DEPT,,11.0,,
IND-320,D03,2022-08-01,DEPT,,11.0,,
IND-320,D03,2022-09-01,DEPT,,9.0,,
IND-320,D03,2022-10-01,DEPT,,5.0,,
IND-320,D03,2022-11-01,DEPT,,5.0,,
IND-320,D03,2022-12-01,DEPT,88.0,10.0,,
IND-320,D03,2023-01-01,DEPT,,7.0,,
IND-320,D03,2023-02-01,DEPT,,85.0,,
IND-320,D03,2023-03-01,DEPT,,95.0,,
IND-320,D03,2023-04-01,DEPT,,98.0,,
IND-320,D03,2023-05-01,DEPT,,102.0,,
IND-320,D03,2023-06-01,DEPT,,109.0,,
IND-320,D03,2023-07-01,DEPT,,106.0,,
IND-320,D03,2023-09-01,DEPT,,100.0,,
IND-320,D03,2023-10-01,DEPT,,100.0,,
IND-320,D03,2023-11-01,DEPT,,103.0,,
IND-320,D03,2023-12-01,DEPT,,104.0,,
IND-320,D03,2024-01-01,DEPT,,106.0,,
IND-320,D03,2024-02-01,DEPT,,105.0,,
IND-320,D03,2024-03-01,DEPT,,96.0,,
IND-320,D03,2024-04-01,DEPT,,96.0,,
IND-320,D03,2024-05-01,DEPT,,90.0,,
IND-320,D03,2024-06-01,DEPT,,78.0,,
IND-320,D03,2024-07-01,DEPT,,77.0,,
IND-320,D03,2024-08-01,DEPT,,77.0,,
IND-320,D03,2024-09-01,DEPT,,74.0,,
IND-320,D03,2024-10-01,DEPT,,74.0,,
IND-320,D03,2024-11-01,DEPT,,71.0,,
IND-320,D04,2022-01-01,DEPT,,6.0,,
IND-320,D04,2022-02-01,DEPT,,8.0,,
IND-320,D04,2022-06-01,DEPT,,7.0,,
IND-320,D04,2022-08-01,DEPT,,9.0,,
IND-320,D04,2022-09-01,DEPT,,8.0,,
IND-320,D04,2022-12-01,DEPT,59.0,5.0,,
IND-320,D04,2023-02-01,DEPT,,51.0,,
IND-320,D04,2023-03-01,DEPT,,53.0,,
IND-320,D04,2023-06-01,DEPT,,50.0,,
IND-320,D04,2023-08-01,DEPT,,45.0,,
IND-320,D04,2023-09-01,DEPT,,44.0,,
IND-320,D04,2023-12-01,DEPT,,46.0,,
IND-320,D04,2024-01-01,DEPT,,45.0,,
IND-320,D04,2024-02-01,DEPT,,42.0,,
IND-320,D04,2024-03-01,DEPT,,41.0,,
IND-320,D04,2024-04-01,DEPT,,43.0,,
IND-320,D04,2024-05-01,DEPT,,44.0,,
IND-320,D04,2024-06-01,DEPT,,42.0,,
IND-320,D04,2024-07-01,DEPT,,45.0,,
IND-320,D04,2024-08-01,DEPT,,41.0,,
IND-320,D04,2024-09-01,DEPT,,43.0,,
IND-320,D04,2024-10-01,DEPT,,43.0,,
IND-320,D04,2024-11-01,DEPT,,43.0,,
IND-320,D05,2022-12-01,DEPT,22.0,,,
IND-320,D05,2023-02-01,DEPT,,25.0,,
IND-320,D05,2023-08-01,DEPT,,36.0,,
IND-320,D05,2023-12-01,DEPT,,40.0,,
IND-320,D05,2024-01-01,DEPT,,42.0,,
IND-320,D05,2024-02-01,DEPT,,36.0,,
IND-320,D05,2024-03-01,DEPT,,38.0,,
IND-320,D05,2024-04-01,DEPT,,37.0,,
IND-320,D05,2024-05-01,DEPT,,39.0,,
IND-320,D05,2024-06-01,DEPT,,43.0,,
IND-320,D05,2024-07-01,DEPT,,47.0,,
IND-320,D05,2024-08-01,DEPT,,46.0,,
IND-320,D05,2024-09-01,DEPT,,49.0,,
IND-320,D05,2024-10-01,DEPT,,46.0,,
IND-320,D05,2024-11-01,DEPT,,49.0,,
IND-320,D06,2022-01-01,DEPT,,81.0,,
IND-320,D06,2022-02-01,DEPT,,59.0,,
IND-320,D06,2022-03-01,DEPT,,97.0,,
IND-320,D06,2022-04-01,DEPT,,68.0,,
IND-320,D06,2022-05-01,DEPT,,121.0,,
IND-320,D06,2022-06-01,DEPT,,115.0,,
IND-320,D06,2022-07-01,DEPT,,118.0,,
IND-320,D06,2022-08-01,DEPT,,158.0,,
IND-320,D06,2022-09-01,DEPT,,94.0,,
IND-320,D06,2022-10-01,DEPT,,84.0,,
IND-320,D06,2022-11-01,DEPT,,97.0,,
IND-320,D06,2022-12-01,DEPT,1178.0,86.0,,
IND-320,D06,2023-01-01,DEPT,,109.0,,
IND-320,D06,2023-02-01,DEPT,,1208.0,,
IND-320,D06,2023-03-01,DEPT,,1213.0,,
IND-320,D06,2023-04-01,DEPT,,1223.0,,
IND-320,D06,2023-05-01,DEPT,,1192.0,,
IND-320,D06,2023-06-01,DEPT,,1203.0,,
IND-320,D06,2023-07-01,DEPT,,1198.0,,
IND-320,D06,2023-08-01,DEPT,,1208.0,,
IND-320,D06,2023-09-01,DEPT,,1250.0,,
IND-320,D06,2023-10-01,DEPT,,1265.0,,
IND-320,D06,2023-11-01,DEPT,,1263.0,,
IND-320,D06,2023-12-01,DEPT,,1249.0,,
IND-320,D06,2024-01-01,DEPT,,1249.0,,
IND-320,D06,2024-02-01,DEPT,,1259.0,,
IND-320,D06,2024-03-01,DEPT,,1238.0,,
IND-320,D06,2024-04-01,DEPT,,1237.0,,
IND-320,D06,2024-05-01,DEPT,,1242.0,,
IND-320,D06,2024-06-01,DEPT,,1226.0,,
IND-320,D06,2024-07-01,DEPT,,1285.0,,
IND-320,D06,2024-08-01,DEPT,,1264.0,,
IND-320,D06,2024-09-01,DEPT,,1210.0,,
IND-320,D06,2024-10-01,DEPT,,1215.0,,
IND-320,D06,2024-11-01,DEPT,,1190.0,,
IND-320,D07,2022-01-01,DEPT,,5.0,,
IND-320,D07,2022-02-01,DEPT,,8.0,,
IND-320,D07,2022-04-01,DEPT,,7.0,,
IND-320,D07,2022-05-01,DEPT,,6.0,,
IND-320,D07,2022-06-01,DEPT,,8.0,,
IND-320,D07,2022-07-01,DEPT,,8.0,,
IND-320,D07,2022-08-01,DEPT,,6.0,,
IND-320,D07,2022-09-01,DEPT,,13.0,,
IND-320,D07,2022-10-01,DEPT,,9.0,,
IND-320,D07,2022-11-01,DEPT,,7.0,,
IND-320,D07,2022-12-01,DEPT,93.0,12.0,,
IND-320,D07,2023-01-01,DEPT,,9.0,,
IND-320,D07,2023-04-01,DEPT,,86.0,,
IND-320,D07,2023-06-01,DEPT,,85.0,,
IND-320,D07,2023-07-01,DEPT,,86.0,,
IND-320,D07,2023-08-01,DEPT,,86.0,,
IND-320,D07,2023-09-01,DEPT,,83.0,,
IND-320,D07,2023-10-01,DEPT,,82.0,,
IND-320,D07,2023-11-01,DEPT,,85.0,,
IND-320,D07,2023-12-01,DEPT,,77.0,,
IND-320,D07,2024-01-01,DEPT,,70.0,,
IND-320,D07,2024-02-01,DEPT,,74.0,,
IND-320,D07,2024-03-01,DEPT,,75.0,,
IND-320,D07,2024-04-01,DEPT,,72.0,,
IND-320,D07,2024-05-01,DEPT,,69.0,,
IND-320,D07,2024-06-01,DEPT,,70.0,,
IND-320,D07,2024-07-01,DEPT,,65.0,,
IND-320,D07,2024-08-01,DEPT,,67.0,,
IND-320,D07,2024-09-01,DEPT,,67.0,,
IND-320,D07,2024-10-01,DEPT,,67.0,,
IND-320,D07,2024-11-01,DEPT,,65.0,,
IND-320,D08,2022-01-01,DEPT,,5.0,,
IND-320,D08,2022-02-01,DEPT,,6.0,,
IND-320,D08,2022-04-01,DEPT,,7.0,,
IND-320,D08,2022-05-01,DEPT,,9.0,,
IND-320,D08,2022-06-01,DEPT,,9.0,,
IND-320,D08,2022-07-01,DEPT,,12.0,,
IND-320,D08,2022-08-01,DEPT,,5.0,,
IND-320,D08,2022-09-01,DEPT,,5.0,,
IND-320,D08,2022-10-01,DEPT,,8.0,,
IND-320,D08,2022-11-01,DEPT,,10.0,,
IND-320,D08,2022-12-01,DEPT,85.0,7.0,,
IND-320,D08,2023-01-01,DEPT,,8.0,,
IND-320,D08,2023-02-01,DEPT,,94.0,,
IND-320,D08,2023-03-01,DEPT,,97.0,,
IND-320,D08,2023-04-01,DEPT,,95.0,,
IND-320,D08,2023-05-01,DEPT,,95.0,,
IND-320,D08,2023-06-01,DEPT,,100.0,,
IND-320,D08,2023-07-01,DEPT,,98.0,,
IND-320,D08,2023-08-01,DEPT,,112.0,,
IND-320,D08,2023-10-01,DEPT,,109.0,,
IND-320,D08,2023-11-01,DEPT,,104.0,,
IND-320,D08,2023-12-01,DEPT,,104.0,,
IND-320,D08,2024-01-01,DEPT,,102.0,,
IND-320,D08,2024-02-01,DEPT,,106.0,,
IND-320,D08,2024-03-01,DEPT,,105.0,,
IND-320,D08,2024-04-01,DEPT,,110.0,,
IND-320,D08,2024-05-01,DEPT,,112.0,,
IND-320,D08,2024-06-01,DEPT,,107.0,,
IND-320,D08,2024-07-01,DEPT,,101.0,,
IND-320,D08,2024-08-01,DEPT,,94.0,,
IND-320,D08,2024-09-01,DEPT,,98.0,,
IND-320,D08,2024-10-01,DEPT,,98.0,,
IND-320,D08,2024-11-01,DEPT,,99.0,,
IND-320,D09,2022-06-01,DEPT,,0.0,,
IND-320,D09,2022-12-01,DEPT,29.0,,,
IND-320,D09,2023-01-01,DEPT,,0.0,,
IND-320,D09,2023-02-01,DEPT,,22.0,,
IND-320,D09,2023-06-01,DEPT,,23.0,,
IND-320,D09,2023-12-01,DEPT,,17.0,,
IND-320,D09,2024-01-01,DEPT,,19.0,,
IND-320,D09,2024-02-01,DEPT,,23.0,,
IND-320,D09,2024-03-01,DEPT,,21.0,,
IND-320,D09,2024-04-01,DEPT,,22.0,,
IND-320,D09,2024-05-01,DEPT,,21.0,,
IND-320,D09,2024-06-01,DEPT,,21.0,,
IND-320,D09,2024-07-01,DEPT,,23.0,,
IND-320,D09,2024-08-01,DEPT,,23.0,,
IND-320,D09,2024-09-01,DEPT,,22.0,,
IND-320,D09,2024-10-01,DEPT,,26.0,,
IND-320,D09,2024-11-01,DEPT,,26.0,,
IND-320,D10,2022-01-01,DEPT,,7.0,,
IND-320,D10,2022-02-01,DEPT,,7.0,,
IND-320,D10,2022-03-01,DEPT,,13.0,,
IND-320,D10,2022-04-01,DEPT,,12.0,,
IND-320,D10,2022-05-01,DEPT,,9.0,,
IND-320,D10,2022-06-01,DEPT,,15.0,,
IND-320,D10,2022-07-01,DEPT,,12.0,,
IND-320,D10,2022-08-01,DEPT,,17.0,,
IND-320,D10,2022-09-01,DEPT,,15.0,,
IND-320,D10,2022-10-01,DEPT,,9.0,,
IND-320,D10,2022-11-01,DEPT,,14.0,,
IND-320,D10,2022-12-01,DEPT,149.0,19.0,,
IND-320,D10,2023-01-01,DEPT,,16.0,,
IND-320,D10,2023-02-01,DEPT,,159.0,,
IND-320,D10,2023-03-01,DEPT,,157.0,,
IND-320,D10,2023-04-01,DEPT,,161.0,,
IND-320,D10,2023-05-01,DEPT,,165.0,,
IND-320,D10,2023-06-01,DEPT,,167.0,,
IND-320,D10,2023-07-01,DEPT,,168.0,,
IND-320,D10,2023-08-01,DEPT,,162.0,,
IND-320,D10,2023-09-01,DEPT,,161.0,,
IND-320,D10,2023-10-01,DEPT,,162.0,,
IND-320,D10,2023-11-01,DEPT,,156.0,,
IND-320,D10,2023-12-01,DEPT,,151.0,,
IND-320,D10,2024-01-01,DEPT,,150.0,,
IND-320,D10,2024-02-01,DEPT,,142.0,,
IND-320,D10,2024-03-01,DEPT,,139.0,,
IND-320,D10,2024-04-01,DEPT,,133.0,,
IND-320,D10,2024-05-01,DEPT,,129.0,,
IND-320,D10,2024-06-01,DEPT,,121.0,,
IND-320,D10,2024-07-01,DEPT,,120.0,,
IND-320,D10,2024-08-01,DEPT,,117.0,,
IND-320,D10,2024-09-01,DEPT,,109.0,,
IND-320,D10,2024-10-01,DEPT,,107.0,,
IND-320,D10,2024-11-01,DEPT,,106.0,,
IND-320,D11,2022-01-01,DEPT,,9.0,,
IND-320,D11,2022-02-01,DEPT,,10.0,,
IND-320,D11,2022-03-01,DEPT,,11.0,,
IND-320,D11,2022-04-01,DEPT,,6.0,,
IND-320,D11,2022-05-01,DEPT,,15.0,,
IND-320,D11,2022-06-01,DEPT,,24.0,,
IND-320,D11,2022-07-01,DEPT,,15.0,,
IND-320,D11,2022-08-01,DEPT,,21.0,,
IND-320,D11,2022-09-01,DEPT,,25.0,,
IND-320,D11,2022-10-01,DEPT,,16.0,,
IND-320,D11,2022-11-01,DEPT,,14.0,,
IND-320,D11,2022-12-01,DEPT,180.0,14.0,,
IND-320,D11,2023-01-01,DEPT,,30.0,,
IND-320,D11,2023-02-01,DEPT,,201.0,,
IND-320,D11,2023-03-01,DEPT,,211.0,,
IND-320,D11,2023-04-01,DEPT,,210.0,,
IND-320,D11,2023-05-01,DEPT,,207.0,,
IND-320,D11,2023-06-01,DEPT,,206.0,,
IND-320,D11,2023-07-01,DEPT,,206.0,,
IND-320,D11,2023-08-01,DEPT,,194.0,,
IND-320,D11,2023-09-01,DEPT,,192.0,,
IND-320,D11,2023-10-01,DEPT,,194.0,,
IND-320,D11,2023-11-01,DEPT,,192.0,,
IND-320,D11,2023-12-01,DEPT,,192.0,,
IND-320,D11,2024-01-01,DEPT,,175.0,,
IND-320,D11,2024-02-01,DEPT,,168.0,,
IND-320,D11,2024-03-01,DEPT,,159.0,,
IND-320,D11,2024-04-01,DEPT,,164.0,,
IND-320,D11,2024-05-01,DEPT,,170.0,,
IND-320,D11,2024-06-01,DEPT,,166.0,,
IND-320,D11,2024-07-01,DEPT,,167.0,,
IND-320,D11,2024-08-01,DEPT,,176.0,,
IND-320,D11,2024-09-01,DEPT,,164.0,,
IND-320,D11,2024-10-01,DEPT,,168.0,,
IND-320,D11,2024-11-01,DEPT,,169.0,,
IND-320,D12,2022-03-01,DEPT,,5.0,,
IND-320,D12,2022-04-01,DEPT,,0.0,,
IND-320,D12,2022-07-01,DEPT,,5.0,,
IND-320,D12,2022-12-01,DEPT,34.0,,,
IND-320,D12,2023-04-01,DEPT,,34.0,,
IND-320,D12,2023-06-01,DEPT,,36.0,,
IND-320,D12,2023-08-01,DEPT,,38.0,,
IND-320,D12,2023-12-01,DEPT,,44.0,,
IND-320,D12,2024-01-01,DEPT,,47.0,,
IND-320,D12,2024-02-01,DEPT,,51.0,,
IND-320,D12,2024-03-01,DEPT,,51.0,,
IND-320,D12,2024-04-01,DEPT,,48.0,,
IND-320,D12,2024-05-01,DEPT,,48.0,,
IND-320,D12,2024-06-01,DEPT,,49.0,,
IND-320,D12,2024-07-01,DEPT,,51.0,,
IND-320,D12,2024-08-01,DEPT,,44.0,,
IND-320,D12,2024-09-01,DEPT,,45.0,,
IND-320,D12,2024-10-01,DEPT,,44.0,,
IND-320,D12,2024-11-01,DEPT,,45.0,,
IND-320,D13,2022-01-01,DEPT,,342.0,,
IND-320,D13,2022-02-01,DEPT,,322.0,,
IND-320,D13,2022-03-01,DEPT,,338.0,,
IND-320,D13,2022-04-01,DEPT,,292.0,,
IND-320,D13,2022-05-01,DEPT,,392.0,,
IND-320,D13,2022-06-01,DEPT,,399.0,,
IND-320,D13,2022-07-01,DEPT,,433.0,,
IND-320,D13,2022-08-01,DEPT,,426.0,,
IND-320,D13,2022-09-01,DEPT,,414.0,,
IND-320,D13,2022-10-01,DEPT,,375.0,,
IND-320,D13,2022-11-01,DEPT,,300.0,,
IND-320,D13,2022-12-01,DEPT,4331.0,298.0,,
IND-320,D13,2023-01-01,DEPT,,326.0,,
IND-320,D13,2023-02-01,DEPT,,4220.0,,
IND-320,D13,2023-03-01,DEPT,,4191.0,,
IND-320,D13,2023-04-01,DEPT,,4160.0,,
IND-320,D13,2023-05-01,DEPT,,4099.0,,
IND-320,D13,2023-06-01,DEPT,,4043.0,,
IND-320,D13,2023-07-01,DEPT,,3961.0,,
IND-320,D13,2023-08-01,DEPT,,3969.0,,
IND-320,D13,2023-09-01,DEPT,,3977.0,,
IND-320,D13,2023-10-01,DEPT,,3988.0,,
IND-320,D13,2023-11-01,DEPT,,4025.0,,
IND-320,D13,2023-12-01,DEPT,,4022.0,,
IND-320,D13,2024-01-01,DEPT,,3990.0,,
IND-320,D13,2024-02-01,DEPT,,4023.0,,
IND-320,D13,2024-03-01,DEPT,,4004.0,,
IND-320,D13,2024-04-01,DEPT,,4021.0,,
IND-320,D13,2024-05-01,DEPT,,3990.0,,
IND-320,D13,2024-06-01,DEPT,,3964.0,,
IND-320,D13,2024-07-01,DEPT,,3979.0,,
IND-320,D13,2024-08-01,DEPT,,3876.0,,
IND-320,D13,2024-09-01,DEPT,,3762.0,,
IND-320,D13,2024-10-01,DEPT,,3722.0,,
IND-320,D13,2024-11-01,DEPT,,3728.0,,
IND-320,D14,2022-01-01,DEPT,,17.0,,
IND-320,D14,2022-02-01,DEPT,,15.0,,
IND-320,D14,2022-03-01,DEPT,,25.0,,
IND-320,D14,2022-04-01,DEPT,,16.0,,
IND-320,D14,2022-05-01,DEPT,,20.0,,
IND-320,D14,2022-06-01,DEPT,,17.0,,
IND-320,D14,2022-07-01,DEPT,,17.0,,
IND-320,D14,2022-08-01,DEPT,,31.0,,
IND-320,D14,2022-09-01,DEPT,,18.0,,
IND-320,D14,2022-10-01,DEPT,,14.0,,
IND-320,D14,2022-11-01,DEPT,,25.0,,
IND-320,D14,2022-12-01,DEPT,235.0,20.0,,
IND-320,D14,2023-01-01,DEPT,,24.0,,
IND-320,D14,2023-02-01,DEPT,,238.0,,
IND-320,D14,2023-03-01,DEPT,,232.0,,
IND-320,D14,2023-04-01,DEPT,,238.0,,
IND-320,D14,2023-05-01,DEPT,,240.0,,
IND-320,D14,2023-06-01,DEPT,,246.0,,
IND-320,D14,2023-07-01,DEPT,,244.0,,
IND-320,D14,2023-08-01,DEPT,,236.0,,
IND-320,D14,2023-09-01,DEPT,,246.0,,
IND-320,D14,2023-10-01,DEPT,,247.0,,
IND-320,D14,2023-11-01,DEPT,,235.0,,
IND-320,D14,2023-12-01,DEPT,,231.0,,
IND-320,D14,2024-01-01,DEPT,,231.0,,
IND-320,D14,2024-02-01,DEPT,,221.0,,
IND-320,D14,2024-03-01,DEPT,,222.0,,
IND-320,D14,2024-04-01,DEPT,,213.0,,
IND-320,D14,2024-05-01,DEPT,,213.0,,
IND-320,D14,2024-06-01,DEPT,,203.0,,
IND-320,D14,2024-07-01,DEPT,,215.0,,
IND-320,D14,2024-08-01,DEPT,,220.0,,
IND-320,D14,2024-09-01,DEPT,,210.0,,
IND-320,D14,2024-10-01,DEPT,,212.0,,
IND-320,D14,2024-11-01,DEPT,,213.0,,
IND-320,D15,2022-01-01,DEPT,,0.0,,
IND-320,D15,2022-02-01,DEPT,,0.0,,
IND-320,D15,2022-03-01,DEPT,,0.0,,
IND-320,D15,2022-07-01,DEPT,,6.0,,
IND-320,D15,2022-12-01,DEPT,23.0,,,
IND-320,D15,2023-04-01,DEPT,,29.0,,
IND-320,D15,2023-09-01,DEPT,,23.0,,
IND-320,D15,2023-11-01,DEPT,,21.0,,
IND-320,D15,2023-12-01,DEPT,,19.0,,
IND-320,D15,2024-01-01,DEPT,,15.0,,
IND-320,D15,2024-02-01,DEPT,,14.0,,
IND-320,D15,2024-03-01,DEPT,,13.0,,
IND-320,D15,2024-04-01,DEPT,,17.0,,
IND-320,D15,2024-05-01,DEPT,,13.0,,
IND-320,D15,2024-06-01,DEPT,,16.0,,
IND-320,D15,2024-07-01,DEPT,,16.0,,
IND-320,D15,2024-08-01,DEPT,,16.0,,
IND-320,D15,2024-09-01,DEPT,,17.0,,
IND-320,D15,2024-10-01,DEPT,,17.0,,
IND-320,D15,2024-11-01,DEPT,,18.0,,
IND-320,D16,2022-01-01,DEPT,,13.0,,
IND-320,D16,2022-02-01,DEPT,,7.0,,
IND-320,D16,2022-03-01,DEPT,,9.0,,
IND-320,D16,2022-04-01,DEPT,,5.0,,
IND-320,D16,2022-05-01,DEPT,,10.0,,
IND-320,D16,2022-06-01,DEPT,,11.0,,
IND-320,D16,2022-07-01,DEPT,,12.0,,
IND-320,D16,2022-08-01,DEPT,,13.0,,
IND-320,D16,2022-09-01,DEPT,,11.0,,
IND-320,D16,2022-10-01,DEPT,,15.0,,
IND-320,D16,2022-11-01,DEPT,,6.0,,
IND-320,D16,2022-12-01,DEPT,119.0,7.0,,
IND-320,D16,2023-01-01,DEPT,,8.0,,
IND-320,D16,2023-02-01,DEPT,,121.0,,
IND-320,D16,2023-03-01,DEPT,,125.0,,
IND-320,D16,2023-04-01,DEPT,,138.0,,
IND-320,D16,2023-05-01,DEPT,,146.0,,
IND-320,D16,2023-06-01,DEPT,,170.0,,
IND-320,D16,2023-07-01,DEPT,,177.0,,
IND-320,D16,2023-08-01,DEPT,,176.0,,
IND-320,D16,2023-09-01,DEPT,,174.0,,
IND-320,D16,2023-10-01,DEPT,,173.0,,
IND-320,D16,2023-11-01,DEPT,,178.0,,
IND-320,D16,2023-12-01,DEPT,,181.0,,
IND-320,D16,2024-01-01,DEPT,,190.0,,
IND-320,D16,2024-02-01,DEPT,,184.0,,
IND-320,D16,2024-03-01,DEPT,,187.0,,
IND-320,D16,2024-04-01,DEPT,,184.0,,
IND-320,D16,2024-05-01,DEPT,,176.0,,
IND-320,D16,2024-06-01,DEPT,,152.0,,
IND-320,D16,2024-07-01,DEPT,,142.0,,
IND-320,D16,2024-08-01,DEPT,,144.0,,
IND-320,D16,2024-09-01,DEPT,,142.0,,
IND-320,D16,2024-10-01,DEPT,,147.0,,
IND-320,D16,2024-11-01,DEPT,,145.0,,
IND-320,D17,2022-01-01,DEPT,,16.0,,
IND-320,D17,2022-02-01,DEPT,,5.0,,
IND-320,D17,2022-03-01,DEPT,,16.0,,
IND-320,D17,2022-04-01,DEPT,,20.0,,
IND-320,D17,2022-05-01,DEPT,,18.0,,
IND-320,D17,2022-06-01,DEPT,,25.0,,
IND-320,D17,2022-07-01,DEPT,,33.0,,
IND-320,D17,2022-08-01,DEPT,,52.0,,
IND-320,D17,2022-09-01,DEPT,,24.0,,
IND-320,D17,2022-10-01,DEPT,,24.0,,
IND-320,D17,2022-11-01,DEPT,,14.0,,
IND-320,D17,2022-12-01,DEPT,269.0,22.0,,
IND-320,D17,2023-01-01,DEPT,,21.0,,
IND-320,D17,2023-02-01,DEPT,,287.0,,
IND-320,D17,2023-03-01,DEPT,,290.0,,
IND-320,D17,2023-04-01,DEPT,,283.0,,
IND-320,D17,2023-05-01,DEPT,,287.0,,
IND-320,D17,2023-06-01,DEPT,,283.0,,
IND-320,D17,2023-07-01,DEPT,,275.0,,
IND-320,D17,2023-08-01,DEPT,,252.0,,
IND-320,D17,2023-09-01,DEPT,,250.0,,
IND-320,D17,2023-10-01,DEPT,,241.0,,
IND-320,D17,2023-11-01,DEPT,,251.0,,
IND-320,D17,2023-12-01,DEPT,,252.0,,
IND-320,D17,2024-01-01,DEPT,,242.0,,
IND-320,D17,2024-02-01,DEPT,,231.0,,
IND-320,D17,2024-03-01,DEPT,,223.0,,
IND-320,D17,2024-04-01,DEPT,,224.0,,
IND-320,D17,2024-05-01,DEPT,,219.0,,
IND-320,D17,2024-06-01,DEPT,,208.0,,
IND-320,D17,2024-07-01,DEPT,,202.0,,
IND-320,D17,2024-08-01,DEPT,,198.0,,
IND-320,D17,2024-09-01,DEPT,,197.0,,
IND-320,D17,2024-10-01,DEPT,,194.0,,
IND-320,D17,2024-11-01,DEPT,,190.0,,
IND-320,D18,2022-01-01,DEPT,,11.0,,
IND-320,D18,2022-02-01,DEPT,,9.0,,
IND-320,D18,2022-03-01,DEPT,,9.0,,
IND-320,D18,2022-04-01,DEPT,,8.0,,
IND-320,D18,2022-05-01,DEPT,,5.0,,
IND-320,D18,2022-06-01,DEPT,,12.0,,
IND-320,D18,2022-07-01,DEPT,,17.0,,
IND-320,D18,2022-08-01,DEPT,,11.0,,
IND-320,D18,2022-09-01,DEPT,,6.0,,
IND-320,D18,2022-11-01,DEPT,,8.0,,
IND-320,D18,2022-12-01,DEPT,106.0,6.0,,
IND-320,D18,2023-02-01,DEPT,,95.0,,
IND-320,D18,2023-03-01,DEPT,,97.0,,
IND-320,D18,2023-04-01,DEPT,,96.0,,
IND-320,D18,2023-05-01,DEPT,,97.0,,
IND-320,D18,2023-06-01,DEPT,,95.0,,
IND-320,D18,2023-07-01,DEPT,,89.0,,
IND-320,D18,2023-08-01,DEPT,,86.0,,
IND-320,D18,2023-09-01,DEPT,,91.0,,
IND-320,D18,2023-10-01,DEPT,,98.0,,
IND-320,D18,2023-11-01,DEPT,,97.0,,
IND-320,D18,2023-12-01,DEPT,,95.0,,
IND-320,D18,2024-01-01,DEPT,,98.0,,
IND-320,D18,2024-02-01,DEPT,,97.0,,
IND-320,D18,2024-03-01,DEPT,,89.0,,
IND-320,D18,2024-04-01,DEPT,,89.0,,
IND-320,D18,2024-05-01,DEPT,,96.0,,
IND-320,D18,2024-06-01,DEPT,,94.0,,
IND-320,D18,2024-07-01,DEPT,,99.0,,
IND-320,D18,2024-08-01,DEPT,,102.0,,
IND-320,D18,2024-09-01,DEPT,,107.0,,
IND-320,D18,2024-10-01,DEPT,,102.0,,
IND-320,D18,2024-11-01,DEPT,,109.0,,
IND-320,D19,2022-01-01,DEPT,,5.0,,
IND-320,D19,2022-04-01,DEPT,,5.0,,
IND-320,D19,2022-07-01,DEPT,,5.0,,
IND-320,D19,2022-10-01,DEPT,,5.0,,
IND-320,D19,2022-12-01,DEPT,45.0,,,
IND-320,D19,2023-02-01,DEPT,,44.0,,
IND-320,D19,2023-06-01,DEPT,,46.0,,
IND-320,D19,2023-07-01,DEPT,,46.0,,
IND-320,D19,2023-12-01,DEPT,,42.0,,
IND-320,D19,2024-01-01,DEPT,,41.0,,
IND-320,D19,2024-02-01,DEPT,,37.0,,
IND-320,D19,2024-03-01,DEPT,,39.0,,
IND-320,D19,2024-04-01,DEPT,,39.0,,
IND-320,D19,2024-05-01,DEPT,,43.0,,
IND-320,D19,2024-06-01,DEPT,,39.0,,
IND-320,D19,2024-07-01,DEPT,,38.0,,
IND-320,D19,2024-08-01,DEPT,,38.0,,
IND-320,D19,2024-09-01,DEPT,,42.0,,
IND-320,D19,2024-10-01,DEPT,,41.0,,
IND-320,D19,2024-11-01,DEPT,,45.0,,
IND-320,D21,2022-01-01,DEPT,,19.0,,
IND-320,D21,2022-02-01,DEPT,,20.0,,
IND-320,D21,2022-03-01,DEPT,,22.0,,
IND-320,D21,2022-04-01,DEPT,,20.0,,
IND-320,D21,2022-05-01,DEPT,,17.0,,
IND-320,D21,2022-06-01,DEPT,,31.0,,
IND-320,D21,2022-07-01,DEPT,,30.0,,
IND-320,D21,2022-08-01,DEPT,,20.0,,
IND-320,D21,2022-09-01,DEPT,,30.0,,
IND-320,D21,2022-10-01,DEPT,,23.0,,
IND-320,D21,2022-11-01,DEPT,,11.0,,
IND-320,D21,2022-12-01,DEPT,257.0,14.0,,
IND-320,D21,2023-01-01,DEPT,,17.0,,
IND-320,D21,2023-02-01,DEPT,,255.0,,
IND-320,D21,2023-03-01,DEPT,,248.0,,
IND-320,D21,2023-04-01,DEPT,,257.0,,
IND-320,D21,2023-05-01,DEPT,,268.0,,
IND-320,D21,2023-06-01,DEPT,,267.0,,
IND-320,D21,2023-07-01,DEPT,,262.0,,
IND-320,D21,2023-08-01,DEPT,,259.0,,
IND-320,D21,2023-09-01,DEPT,,255.0,,
IND-320,D21,2023-10-01,DEPT,,247.0,,
IND-320,D21,2023-11-01,DEPT,,255.0,,
IND-320,D21,2023-12-01,DEPT,,259.0,,
IND-320,D21,2024-01-01,DEPT,,269.0,,
IND-320,D21,2024-02-01,DEPT,,267.0,,
IND-320,D21,2024-03-01,DEPT,,269.0,,
IND-320,D21,2024-04-01,DEPT,,256.0,,
IND-320,D21,2024-05-01,DEPT,,245.0,,
IND-320,D21,2024-06-01,DEPT,,240.0,,
IND-320,D21,2024-07-01,DEPT,,247.0,,
IND-320,D21,2024-08-01,DEPT,,243.0,,
IND-320,D21,2024-09-01,DEPT,,235.0,,
IND-320,D21,2024-10-01,DEPT,,237.0,,
IND-320,D21,2024-11-01,DEPT,,242.0,,
IND-320,D22,2022-01-01,DEPT,,12.0,,
IND-320,D22,2022-02-01,DEPT,,10.0,,
IND-320,D22,2022-03-01,DEPT,,13.0,,
IND-320,D22,2022-04-01,DEPT,,9.0,,
IND-320,D22,2022-05-01,DEPT,,16.0,,
IND-320,D22,2022-06-01,DEPT,,16.0,,
IND-320,D22,2022-07-01,DEPT,,18.0,,
IND-320,D22,2022-08-01,DEPT,,26.0,,
IND-320,D22,2022-09-01,DEPT,,16.0,,
IND-320,D22,2022-10-01,DEPT,,27.0,,
IND-320,D22,2022-11-01,DEPT,,9.0,,
IND-320,D22,2022-12-01,DEPT,187.0,15.0,,
IND-320,D22,2023-01-01,DEPT,,6.0,,
IND-320,D22,2023-02-01,DEPT,,178.0,,
IND-320,D22,2023-03-01,DEPT,,176.0,,
IND-320,D22,2023-04-01,DEPT,,173.0,,
IND-320,D22,2023-05-01,DEPT,,166.0,,
IND-320,D22,2023-06-01,DEPT,,159.0,,
IND-320,D22,2023-07-01,DEPT,,164.0,,
IND-320,D22,2023-08-01,DEPT,,155.0,,
IND-320,D22,2023-09-01,DEPT,,156.0,,
IND-320,D22,2023-10-01,DEPT,,154.0,,
IND-320,D22,2023-11-01,DEPT,,157.0,,
IND-320,D22,2023-12-01,DEPT,,150.0,,
IND-320,D22,2024-01-01,DEPT,,154.0,,
IND-320,D22,2024-02-01,DEPT,,151.0,,
IND-320,D22,2024-03-01,DEPT,,147.0,,
IND-320,D22,2024-04-01,DEPT,,157.0,,
IND-320,D22,2024-05-01,DEPT,,161.0,,
IND-320,D22,2024-06-01,DEPT,,159.0,,
IND-320,D22,2024-07-01,DEPT,,154.0,,
IND-320,D22,2024-08-01,DEPT,,148.0,,
IND-320,D22,2024-09-01,DEPT,,137.0,,
IND-320,D22,2024-10-01,DEPT,,130.0,,
IND-320,D22,2024-11-01,DEPT,,130.0,,
IND-320,D23,2022-01-01,DEPT,,0.0,,
IND-320,D23,2022-03-01,DEPT,,0.0,,
IND-320,D23,2022-11-01,DEPT,,0.0,,
IND-320,D23,2022-12-01,DEPT,11.0,0.0,,
IND-320,D23,2023-01-01,DEPT,,0.0,,
IND-320,D23,2023-02-01,DEPT,,8.0,,
IND-320,D23,2023-03-01,DEPT,,8.0,,
IND-320,D23,2023-04-01,DEPT,,6.0,,
IND-320,D23,2023-06-01,DEPT,,6.0,,
IND-320,D23,2023-08-01,DEPT,,8.0,,
IND-320,D23,2023-12-01,DEPT,,16.0,,
IND-320,D23,2024-01-01,DEPT,,17.0,,
IND-320,D23,2024-02-01,DEPT,,19.0,,
IND-320,D23,2024-03-01,DEPT,,20.0,,
IND-320,D23,2024-04-01,DEPT,,21.0,,
IND-320,D23,2024-05-01,DEPT,,22.0,,
IND-320,D23,2024-06-01,DEPT,,22.0,,
IND-320,D23,2024-07-01,DEPT,,22.0,,
IND-320,D23,2024-08-01,DEPT,,24.0,,
IND-320,D23,2024-09-01,DEPT,,24.0,,
IND-320,D23,2024-10-01,DEPT,,28.0,,
IND-320,D23,2024-11-01,DEPT,,26.0,,
IND-320,D24,2022-02-01,DEPT,,8.0,,
IND-320,D24,2022-03-01,DEPT,,8.0,,
IND-320,D24,2022-05-01,DEPT,,7.0,,
IND-320,D24,2022-07-01,DEPT,,10.0,,
IND-320,D24,2022-08-01,DEPT,,16.0,,
IND-320,D24,2022-09-01,DEPT,,6.0,,
IND-320,D24,2022-10-01,DEPT,,7.0,,
IND-320,D24,2022-11-01,DEPT,,5.0,,
IND-320,D24,2022-12-01,DEPT,80.0,5.0,,
IND-320,D24,2023-02-01,DEPT,,80.0,,
IND-320,D24,2023-03-01,DEPT,,76.0,,
IND-320,D24,2023-04-01,DEPT,,85.0,,
IND-320,D24,2023-05-01,DEPT,,90.0,,
IND-320,D24,2023-06-01,DEPT,,102.0,,
IND-320,D24,2023-07-01,DEPT,,110.0,,
IND-320,D24,2023-08-01,DEPT,,98.0,,
IND-320,D24,2023-09-01,DEPT,,97.0,,
IND-320,D24,2023-10-01,DEPT,,98.0,,
IND-320,D24,2023-11-01,DEPT,,102.0,,
IND-320,D24,2023-12-01,DEPT,,100.0,,
IND-320,D24,2024-01-01,DEPT,,101.0,,
IND-320,D24,2024-02-01,DEPT,,97.0,,
IND-320,D24,2024-03-01,DEPT,,97.0,,
IND-320,D24,2024-04-01,DEPT,,91.0,,
IND-320,D24,2024-05-01,DEPT,,83.0,,
IND-320,D24,2024-06-01,DEPT,,78.0,,
IND-320,D24,2024-07-01,DEPT,,68.0,,
IND-320,D24,2024-08-01,DEPT,,69.0,,
IND-320,D24,2024-09-01,DEPT,,73.0,,
IND-320,D24,2024-10-01,DEPT,,70.0,,
IND-320,D24,2024-11-01,DEPT,,66.0,,
IND-320,D25,2022-01-01,DEPT,,10.0,,
IND-320,D25,2022-02-01,DEPT,,29.0,,
IND-320,D25,2022-03-01,DEPT,,23.0,,
IND-320,D25,2022-04-01,DEPT,,10.0,,
IND-320,D25,2022-05-01,DEPT,,23.0,,
IND-320,D25,2022-06-01,DEPT,,26.0,,
IND-320,D25,2022-07-01,DEPT,,22.0,,
IND-320,D25,2022-08-01,DEPT,,15.0,,
IND-320,D25,2022-09-01,DEPT,,18.0,,
IND-320,D25,2022-10-01,DEPT,,17.0,,
IND-320,D25,2022-11-01,DEPT,,22.0,,
IND-320,D25,2022-12-01,DEPT,233.0,18.0,,
IND-320,D25,2023-01-01,DEPT,,16.0,,
IND-320,D25,2023-02-01,DEPT,,227.0,,
IND-320,D25,2023-03-01,DEPT,,220.0,,
IND-320,D25,2023-04-01,DEPT,,240.0,,
IND-320,D25,2023-05-01,DEPT,,234.0,,
IND-320,D25,2023-06-01,DEPT,,243.0,,
IND-320,D25,2023-07-01,DEPT,,242.0,,
IND-320,D25,2023-08-01,DEPT,,246.0,,
IND-320,D25,2023-09-01,DEPT,,235.0,,
IND-320,D25,2023-10-01,DEPT,,244.0,,
IND-320,D25,2023-11-01,DEPT,,240.0,,
IND-320,D25,2023-12-01,DEPT,,242.0,,
IND-320,D25,2024-01-01,DEPT,,238.0,,
IND-320,D25,2024-02-01,DEPT,,237.0,,
IND-320,D25,2024-03-01,DEPT,,244.0,,
IND-320,D25,2024-04-01,DEPT,,231.0,,
IND-320,D25,2024-05-01,DEPT,,232.0,,
IND-320,D25,2024-06-01,DEPT,,225.0,,
IND-320,D25,2024-07-01,DEPT,,226.0,,
IND-320,D25,2024-08-01,DEPT,,230.0,,
IND-320,D25,2024-09-01,DEPT,,235.0,,
IND-320,D25,2024-10-01,DEPT,,241.0,,
IND-320,D25,2024-11-01,DEPT,,249.0,,
IND-320,D26,2022-01-01,DEPT,,26.0,,
IND-320,D26,2022-02-01,DEPT,,21.0,,
IND-320,D26,2022-03-01,DEPT,,24.0,,
IND-320,D26,2022-04-01,DEPT,,22.0,,
IND-320,D26,2022-05-01,DEPT,,38.0,,
IND-320,D26,2022-06-01,DEPT,,22.0,,
IND-320,D26,2022-07-01,DEPT,,28.0,,
IND-320,D26,2022-08-01,DEPT,,26.0,,
IND-320,D26,2022-09-01,DEPT,,22.0,,
IND-320,D26,2022-10-01,DEPT,,30.0,,
IND-320,D26,2022-11-01,DEPT,,16.0,,
IND-320,D26,2022-12-01,DEPT,301.0,26.0,,
IND-320,D26,2023-01-01,DEPT,,22.0,,
IND-320,D26,2023-02-01,DEPT,,283.0,,
IND-320,D26,2023-03-01,DEPT,,288.0,,
IND-320,D26,2023-04-01,DEPT,,280.0,,
IND-320,D26,2023-05-01,DEPT,,267.0,,
IND-320,D26,2023-06-01,DEPT,,286.0,,
IND-320,D26,2023-07-01,DEPT,,283.0,,
IND-320,D26,2023-08-01,DEPT,,276.0,,
IND-320,D26,2023-09-01,DEPT,,291.0,,
IND-320,D26,2023-10-01,DEPT,,292.0,,
IND-320,D26,2023-11-01,DEPT,,312.0,,
IND-320,D26,2023-12-01,DEPT,,303.0,,
IND-320,D26,2024-01-01,DEPT,,308.0,,
IND-320,D26,2024-02-01,DEPT,,320.0,,
IND-320,D26,2024-03-01,DEPT,,328.0,,
IND-320,D26,2024-04-01,DEPT,,326.0,,
IND-320,D26,2024-05-01,DEPT,,321.0,,
IND-320,D26,2024-06-01,DEPT,,318.0,,
IND-320,D26,2024-07-01,DEPT,,320.0,,
IND-320,D26,2024-08-01,DEPT,,319.0,,
IND-320,D26,2024-09-01,DEPT,,309.0,,
IND-320,D26,2024-10-01,DEPT,,297.0,,
IND-320,D26,2024-11-01,DEPT,,280.0,,
IND-320,D27,2022-01-01,DEPT,,18.0,,
IND-320,D27,2022-02-01,DEPT,,12.0,,
IND-320,D27,2022-03-01,DEPT,,19.0,,
IND-320,D27,2022-04-01,DEPT,,19.0,,
IND-320,D27,2022-05-01,DEPT,,20.0,,
IND-320,D27,2022-06-01,DEPT,,29.0,,
IND-320,D27,2022-07-01,DEPT,,19.0,,
IND-320,D27,2022-08-01,DEPT,,20.0,,
IND-320,D27,2022-09-01,DEPT,,17.0,,
IND-320,D27,2022-10-01,DEPT,,27.0,,
IND-320,D27,2022-11-01,DEPT,,26.0,,
IND-320,D27,2022-12-01,DEPT,243.0,17.0,,
IND-320,D27,2023-01-01,DEPT,,19.0,,
IND-320,D27,2023-02-01,DEPT,,247.0,,
IND-320,D27,2023-03-01,DEPT,,253.0,,
IND-320,D27,2023-04-01,DEPT,,241.0,,
IND-320,D27,2023-05-01,DEPT,,236.0,,
IND-320,D27,2023-06-01,DEPT,,229.0,,
IND-320,D27,2023-07-01,DEPT,,224.0,,
IND-320,D27,2023-08-01,DEPT,,218.0,,
IND-320,D27,2023-09-01,DEPT,,227.0,,
IND-320,D27,2023-10-01,DEPT,,216.0,,
IND-320,D27,2023-11-01,DEPT,,208.0,,
IND-320,D27,2023-12-01,DEPT,,205.0,,
IND-320,D27,2024-01-01,DEPT,,208.0,,
IND-320,D27,2024-02-01,DEPT,,211.0,,
IND-320,D27,2024-03-01,DEPT,,205.0,,
IND-320,D27,2024-04-01,DEPT,,211.0,,
IND-320,D27,2024-05-01,DEPT,,212.0,,
IND-320,D27,2024-06-01,DEPT,,199.0,,
IND-320,D27,2024-07-01,DEPT,,197.0,,
IND-320,D27,2024-08-01,DEPT,,197.0,,
IND-320,D27,2024-09-01,DEPT,,188.0,,
IND-320,D27,2024-10-01,DEPT,,188.0,,
IND-320,D27,2024-11-01,DEPT,,186.0,,
IND-320,D28,2022-01-01,DEPT,,9.0,,
IND-320,D28,2022-02-01,DEPT,,17.0,,
IND-320,D28,2022-03-01,DEPT,,8.0,,
IND-320,D28,2022-04-01,DEPT,,10.0,,
IND-320,D28,2022-05-01,DEPT,,9.0,,
IND-320,D28,2022-06-01,DEPT,,8.0,,
IND-320,D28,2022-07-01,DEPT,,20.0,,
IND-320,D28,2022-08-01,DEPT,,15.0,,
IND-320,D28,2022-09-01,DEPT,,9.0,,
IND-320,D28,2022-10-01,DEPT,,11.0,,
IND-320,D28,2022-11-01,DEPT,,16.0,,
IND-320,D28,2022-12-01,DEPT,142.0,10.0,,
IND-320,D28,2023-01-01,DEPT,,8.0,,
IND-320,D28,2023-02-01,DEPT,,127.0,,
IND-320,D28,2023-03-01,DEPT,,133.0,,
IND-320,D28,2023-04-01,DEPT,,133.0,,
IND-320,D28,2023-05-01,DEPT,,135.0,,
IND-320,D28,2023-06-01,DEPT,,143.0,,
IND-320,D28,2023-07-01,DEPT,,141.0,,
IND-320,D28,2023-08-01,DEPT,,140.0,,
IND-320,D28,2023-09-01,DEPT,,141.0,,
IND-320,D28,2023-10-01,DEPT,,146.0,,
IND-320,D28,2023-11-01,DEPT,,146.0,,
IND-320,D28,2023-12-01,DEPT,,150.0,,
IND-320,D28,2024-01-01,DEPT,,153.0,,
IND-320,D28,2024-02-01,DEPT,,164.0,,
IND-320,D28,2024-03-01,DEPT,,154.0,,
IND-320,D28,2024-04-01,DEPT,,153.0,,
IND-320,D28,2024-05-01,DEPT,,155.0,,
IND-320,D28,2024-06-01,DEPT,,149.0,,
IND-320,D28,2024-07-01,DEPT,,140.0,,
IND-320,D28,2024-08-01,DEPT,,137.0,,
IND-320,D28,2024-09-01,DEPT,,127.0,,
IND-320,D28,2024-10-01,DEPT,,128.0,,
IND-320,D28,2024-11-01,DEPT,,124.0,,
IND-320,D29,2022-01-01,DEPT,,23.0,,
IND-320,D29,2022-02-01,DEPT,,28.0,,
IND-320,D29,2022-03-01,DEPT,,35.0,,
IND-320,D29,2022-04-01,DEPT,,18.0,,
IND-320,D29,2022-05-01,DEPT,,29.0,,
IND-320,D29,2022-06-01,DEPT,,53.0,,
IND-320,D29,2022-07-01,DEPT,,51.0,,
IND-320,D29,2022-08-01,DEPT,,43.0,,
IND-320,D29,2022-09-01,DEPT,,36.0,,
IND-320,D29,2022-10-01,DEPT,,32.0,,
IND-320,D29,2022-11-01,DEPT,,38.0,,
IND-320,D29,2022-12-01,DEPT,414.0,28.0,,
IND-320,D29,2023-01-01,DEPT,,29.0,,
IND-320,D29,2023-02-01,DEPT,,416.0,,
IND-320,D29,2023-03-01,DEPT,,404.0,,
IND-320,D29,2023-04-01,DEPT,,421.0,,
IND-320,D29,2023-05-01,DEPT,,435.0,,
IND-320,D29,2023-06-01,DEPT,,415.0,,
IND-320,D29,2023-07-01,DEPT,,412.0,,
IND-320,D29,2023-08-01,DEPT,,399.0,,
IND-320,D29,2023-09-01,DEPT,,408.0,,
IND-320,D29,2023-10-01,DEPT,,404.0,,
IND-320,D29,2023-11-01,DEPT,,401.0,,
IND-320,D29,2023-12-01,DEPT,,404.0,,
IND-320,D29,2024-01-01,DEPT,,402.0,,
IND-320,D29,2024-02-01,DEPT,,400.0,,
IND-320,D29,2024-03-01,DEPT,,412.0,,
IND-320,D29,2024-04-01,DEPT,,399.0,,
IND-320,D29,2024-05-01,DEPT,,388.0,,
IND-320,D29,2024-06-01,DEPT,,380.0,,
IND-320,D29,2024-07-01,DEPT,,369.0,,
IND-320,D29,2024-08-01,DEPT,,366.0,,
IND-320,D29,2024-09-01,DEPT,,341.0,,
IND-320,D29,2024-10-01,DEPT,,347.0,,
IND-320,D29,2024-11-01,DEPT,,336.0,,
IND-320,D2A,2022-08-01,DEPT,,8.0,,
IND-320,D2A,2022-09-01,DEPT,,6.0,,
IND-320,D2A,2022-12-01,DEPT,39.0,,,
IND-320,D2A,2023-02-01,DEPT,,38.0,,
IND-320,D2A,2023-04-01,DEPT,,41.0,,
IND-320,D2A,2023-06-01,DEPT,,47.0,,
IND-320,D2A,2023-07-01,DEPT,,51.0,,
IND-320,D2A,2023-08-01,DEPT,,50.0,,
IND-320,D2A,2023-09-01,DEPT,,55.0,,
IND-320,D2A,2023-12-01,DEPT,,55.0,,
IND-320,D2A,2024-01-01,DEPT,,50.0,,
IND-320,D2A,2024-02-01,DEPT,,51.0,,
IND-320,D2A,2024-03-01,DEPT,,52.0,,
IND-320,D2A,2024-04-01,DEPT,,49.0,,
IND-320,D2A,2024-05-01,DEPT,,50.0,,
IND-320,D2A,2024-06-01,DEPT,,44.0,,
IND-320,D2A,2024-07-01,DEPT,,43.0,,
IND-320,D2A,2024-08-01,DEPT,,41.0,,
IND-320,D2A,2024-09-01,DEPT,,34.0,,
IND-320,D2A,2024-10-01,DEPT,,37.0,,
IND-320,D2A,2024-11-01,DEPT,,34.0,,
IND-320,D2B,2022-03-01,DEPT,,0.0,,
IND-320,D2B,2022-07-01,DEPT,,5.0,,
IND-320,D2B,2022-09-01,DEPT,,6.0,,
IND-320,D2B,2022-10-01,DEPT,,6.0,,
IND-320,D2B,2022-12-01,DEPT,35.0,0.0,,
IND-320,D2B,2023-01-01,DEPT,,5.0,,
IND-320,D2B,2023-07-01,DEPT,,45.0,,
IND-320,D2B,2023-11-01,DEPT,,34.0,,
IND-320,D2B,2023-12-01,DEPT,,35.0,,
IND-320,D2B,2024-01-01,DEPT,,29.0,,
IND-320,D2B,2024-02-01,DEPT,,26.0,,
IND-320,D2B,2024-03-01,DEPT,,27.0,,
IND-320,D2B,2024-04-01,DEPT,,24.0,,
IND-320,D2B,2024-05-01,DEPT,,23.0,,
IND-320,D2B,2024-06-01,DEPT,,23.0,,
IND-320,D2B,2024-07-01,DEPT,,29.0,,
IND-320,D2B,2024-08-01,DEPT,,36.0,,
IND-320,D2B,2024-09-01,DEPT,,38.0,,
IND-320,D2B,2024-10-01,DEPT,,37.0,,
IND-320,D2B,2024-11-01,DEPT,,40.0,,
IND-320,D30,2022-01-01,DEPT,,35.0,,
IND-320,D30,2022-02-01,DEPT,,28.0,,
IND-320,D30,2022-03-01,DEPT,,46.0,,
IND-320,D30,2022-04-01,DEPT,,31.0,,
IND-320,D30,2022-05-01,DEPT,,50.0,,
IND-320,D30,2022-06-01,DEPT,,50.0,,
IND-320,D30,2022-07-01,DEPT,,35.0,,
IND-320,D30,2022-08-01,DEPT,,38.0,,
IND-320,D30,2022-09-01,DEPT,,44.0,,
IND-320,D30,2022-10-01,DEPT,,57.0,,
IND-320,D30,2022-11-01,DEPT,,39.0,,
IND-320,D30,2022-12-01,DEPT,497.0,44.0,,
IND-320,D30,2023-01-01,DEPT,,47.0,,
IND-320,D30,2023-02-01,DEPT,,494.0,,
IND-320,D30,2023-03-01,DEPT,,490.0,,
IND-320,D30,2023-04-01,DEPT,,492.0,,
IND-320,D30,2023-05-01,DEPT,,487.0,,
IND-320,D30,2023-06-01,DEPT,,469.0,,
IND-320,D30,2023-07-01,DEPT,,471.0,,
IND-320,D30,2023-08-01,DEPT,,478.0,,
IND-320,D30,2023-09-01,DEPT,,487.0,,
IND-320,D30,2023-10-01,DEPT,,482.0,,
IND-320,D30,2023-11-01,DEPT,,496.0,,
IND-320,D30,2023-12-01,DEPT,,487.0,,
IND-320,D30,2024-01-01,DEPT,,471.0,,
IND-320,D30,2024-02-01,DEPT,,467.0,,
IND-320,D30,2024-03-01,DEPT,,478.0,,
IND-320,D30,2024-04-01,DEPT,,486.0,,
IND-320,D30,2024-05-01,DEPT,,487.0,,
IND-320,D30,2024-06-01,DEPT,,489.0,,
IND-320,D30,2024-07-01,DEPT,,505.0,,
IND-320,D30,2024-08-01,DEPT,,501.0,,
IND-320,D30,2024-09-01,DEPT,,489.0,,
IND-320,D30,2024-10-01,DEPT,,482.0,,
IND-320,D30,2024-11-01,DEPT,,457.0,,
IND-320,D31,2022-01-01,DEPT,,108.0,,
IND-320,D31,2022-02-01,DEPT,,129.0,,
IND-320,D31,2022-03-01,DEPT,,143.0,,
IND-320,D31,2022-04-01,DEPT,,102.0,,
IND-320,D31,2022-05-01,DEPT,,166.0,,
IND-320,D31,2022-06-01,DEPT,,170.0,,
IND-320,D31,2022-07-01,DEPT,,142.0,,
IND-320,D31,2022-08-01,DEPT,,153.0,,
IND-320,D31,2022-09-01,DEPT,,125.0,,
IND-320,D31,2022-10-01,DEPT,,153.0,,
IND-320,D31,2022-11-01,DEPT,,98.0,,
IND-320,D31,2022-12-01,DEPT,1588.0,99.0,,
IND-320,D31,2023-01-01,DEPT,,122.0,,
IND-320,D31,2023-02-01,DEPT,,1579.0,,
IND-320,D31,2023-03-01,DEPT,,1515.0,,
IND-320,D31,2023-04-01,DEPT,,1536.0,,
IND-320,D31,2023-05-01,DEPT,,1482.0,,
IND-320,D31,2023-06-01,DEPT,,1428.0,,
IND-320,D31,2023-07-01,DEPT,,1379.0,,
IND-320,D31,2023-08-01,DEPT,,1338.0,,
IND-320,D31,2023-09-01,DEPT,,1375.0,,
IND-320,D31,2023-10-01,DEPT,,1375.0,,
IND-320,D31,2023-11-01,DEPT,,1397.0,,
IND-320,D31,2023-12-01,DEPT,,1425.0,,
IND-320,D31,2024-01-01,DEPT,,1443.0,,
IND-320,D31,2024-02-01,DEPT,,1424.0,,
IND-320,D31,2024-03-01,DEPT,,1410.0,,
IND-320,D31,2024-04-01,DEPT,,1402.0,,
IND-320,D31,2024-05-01,DEPT,,1397.0,,
IND-320,D31,2024-06-01,DEPT,,1401.0,,
IND-320,D31,2024-07-01,DEPT,,1437.0,,
IND-320,D31,2024-08-01,DEPT,,1423.0,,
IND-320,D31,2024-09-01,DEPT,,1388.0,,
IND-320,D31,2024-10-01,DEPT,,1376.0,,
IND-320,D31,2024-11-01,DEPT,,1374.0,,
IND-320,D32,2022-04-01,DEPT,,0.0,,
IND-320,D32,2022-11-01,DEPT,,0.0,,
IND-320,D32,2022-12-01,DEPT,17.0,,,
IND-320,D32,2023-01-01,DEPT,,0.0,,
IND-320,D32,2023-06-01,DEPT,,26.0,,
IND-320,D32,2023-07-01,DEPT,,30.0,,
IND-320,D32,2023-12-01,DEPT,,40.0,,
IND-320,D32,2024-01-01,DEPT,,44.0,,
IND-320,D32,2024-02-01,DEPT,,43.0,,
IND-320,D32,2024-03-01,DEPT,,39.0,,
IND-320,D32,2024-04-01,DEPT,,39.0,,
IND-320,D32,2024-05-01,DEPT,,39.0,,
IND-320,D32,2024-06-01,DEPT,,33.0,,
IND-320,D32,2024-07-01,DEPT,,34.0,,
IND-320,D32,2024-08-01,DEPT,,31.0,,
IND-320,D32,2024-09-01,DEPT,,31.0,,
IND-320,D32,2024-10-01,DEPT,,29.0,,
IND-320,D32,2024-11-01,DEPT,,31.0,,
IND-320,D33,2022-01-01,DEPT,,111.0,,
IND-320,D33,2022-02-01,DEPT,,108.0,,
IND-320,D33,2022-03-01,DEPT,,142.0,,
IND-320,D33,2022-04-01,DEPT,,121.0,,
IND-320,D33,2022-05-01,DEPT,,164.0,,
IND-320,D33,2022-06-01,DEPT,,146.0,,
IND-320,D33,2022-07-01,DEPT,,123.0,,
IND-320,D33,2022-08-01,DEPT,,153.0,,
IND-320,D33,2022-09-01,DEPT,,150.0,,
IND-320,D33,2022-10-01,DEPT,,159.0,,
IND-320,D33,2022-11-01,DEPT,,119.0,,
IND-320,D33,2022-12-01,DEPT,1629.0,133.0,,
IND-320,D33,2023-01-01,DEPT,,124.0,,
IND-320,D33,2023-02-01,DEPT,,1640.0,,
IND-320,D33,2023-03-01,DEPT,,1617.0,,
IND-320,D33,2023-04-01,DEPT,,1623.0,,
IND-320,D33,2023-05-01,DEPT,,1590.0,,
IND-320,D33,2023-06-01,DEPT,,1615.0,,
IND-320,D33,2023-07-01,DEPT,,1610.0,,
IND-320,D33,2023-08-01,DEPT,,1571.0,,
IND-320,D33,2023-09-01,DEPT,,1542.0,,
IND-320,D33,2023-10-01,DEPT,,1530.0,,
IND-320,D33,2023-11-01,DEPT,,1531.0,,
IND-320,D33,2023-12-01,DEPT,,1531.0,,
IND-320,D33,2024-01-01,DEPT,,1525.0,,
IND-320,D33,2024-02-01,DEPT,,1515.0,,
IND-320,D33,2024-03-01,DEPT,,1485.0,,
IND-320,D33,2024-04-01,DEPT,,1489.0,,
IND-320,D33,2024-05-01,DEPT,,1491.0,,
IND-320,D33,2024-06-01,DEPT,,1465.0,,
IND-320,D33,2024-07-01,DEPT,,1503.0,,
IND-320,D33,2024-08-01,DEPT,,1531.0,,
IND-320,D33,2024-09-01,DEPT,,1569.0,,
IND-320,D33,2024-10-01,DEPT,,1554.0,,
IND-320,D33,2024-11-01,DEPT,,1573.0,,
IND-320,D34,2022-01-01,DEPT,,76.0,,
IND-320,D34,2022-02-01,DEPT,,84.0,,
IND-320,D34,2022-03-01,DEPT,,82.0,,
IND-320,D34,2022-04-01,DEPT,,63.0,,
IND-320,D34,2022-05-01,DEPT,,136.0,,
IND-320,D34,2022-06-01,DEPT,,107.0,,
IND-320,D34,2022-07-01,DEPT,,113.0,,
IND-320,D34,2022-08-01,DEPT,,153.0,,
IND-320,D34,2022-09-01,DEPT,,101.0,,
IND-320,D34,2022-10-01,DEPT,,100.0,,
IND-320,D34,2022-11-01,DEPT,,98.0,,
IND-320,D34,2022-12-01,DEPT,1185.0,72.0,,
IND-320,D34,2023-01-01,DEPT,,101.0,,
IND-320,D34,2023-02-01,DEPT,,1222.0,,
IND-320,D34,2023-03-01,DEPT,,1230.0,,
IND-320,D34,2023-04-01,DEPT,,1268.0,,
IND-320,D34,2023-05-01,DEPT,,1253.0,,
IND-320,D34,2023-06-01,DEPT,,1287.0,,
IND-320,D34,2023-07-01,DEPT,,1304.0,,
IND-320,D34,2023-08-01,DEPT,,1298.0,,
IND-320,D34,2023-09-01,DEPT,,1345.0,,
IND-320,D34,2023-10-01,DEPT,,1369.0,,
IND-320,D34,2023-11-01,DEPT,,1421.0,,
IND-320,D34,2023-12-01,DEPT,,1474.0,,
IND-320,D34,2024-01-01,DEPT,,1489.0,,
IND-320,D34,2024-02-01,DEPT,,1518.0,,
IND-320,D34,2024-03-01,DEPT,,1504.0,,
IND-320,D34,2024-04-01,DEPT,,1488.0,,
IND-320,D34,2024-05-01,DEPT,,1468.0,,
IND-320,D34,2024-06-01,DEPT,,1424.0,,
IND-320,D34,2024-07-01,DEPT,,1434.0,,
IND-320,D34,2024-08-01,DEPT,,1435.0,,
IND-320,D34,2024-09-01,DEPT,,1392.0,,
IND-320,D34,2024-10-01,DEPT,,1363.0,,
IND-320,D34,2024-11-01,DEPT,,1323.0,,
IND-320,D35,2022-01-01,DEPT,,49.0,,
IND-320,D35,2022-02-01,DEPT,,50.0,,
IND-320,D35,2022-03-01,DEPT,,38.0,,
IND-320,D35,2022-04-01,DEPT,,25.0,,
IND-320,D35,2022-05-01,DEPT,,47.0,,
IND-320,D35,2022-06-01,DEPT,,63.0,,
IND-320,D35,2022-07-01,DEPT,,68.0,,
IND-320,D35,2022-08-01,DEPT,,42.0,,
IND-320,D35,2022-09-01,DEPT,,80.0,,
IND-320,D35,2022-10-01,DEPT,,68.0,,
IND-320,D35,2022-11-01,DEPT,,55.0,,
IND-320,D35,2022-12-01,DEPT,647.0,62.0,,
IND-320,D35,2023-01-01,DEPT,,67.0,,
IND-320,D35,2023-02-01,DEPT,,669.0,,
IND-320,D35,2023-03-01,DEPT,,681.0,,
IND-320,D35,2023-04-01,DEPT,,711.0,,
IND-320,D35,2023-05-01,DEPT,,721.0,,
IND-320,D35,2023-06-01,DEPT,,726.0,,
IND-320,D35,2023-07-01,DEPT,,717.0,,
IND-320,D35,2023-08-01,DEPT,,733.0,,
IND-320,D35,2023-09-01,DEPT,,730.0,,
IND-320,D35,2023-10-01,DEPT,,726.0,,
IND-320,D35,2023-11-01,DEPT,,718.0,,
IND-320,D35,2023-12-01,DEPT,,716.0,,
IND-320,D35,2024-01-01,DEPT,,709.0,,
IND-320,D35,2024-02-01,DEPT,,701.0,,
IND-320,D35,2024-03-01,DEPT,,697.0,,
IND-320,D35,2024-04-01,DEPT,,696.0,,
IND-320,D35,2024-05-01,DEPT,,686.0,,
IND-320,D35,2024-06-01,DEPT,,680.0,,
IND-320,D35,2024-07-01,DEPT,,675.0,,
IND-320,D35,2024-08-01,DEPT,,670.0,,
IND-320,D35,2024-09-01,DEPT,,642.0,,
IND-320,D35,2024-10-01,DEPT,,643.0,,
IND-320,D35,2024-11-01,DEPT,,659.0,,
IND-320,D36,2022-02-01,DEPT,,6.0,,
IND-320,D36,2022-05-01,DEPT,,8.0,,
IND-320,D36,2022-06-01,DEPT,,10.0,,
IND-320,D36,2022-07-01,DEPT,,10.0,,
IND-320,D36,2022-10-01,DEPT,,7.0,,
IND-320,D36,2022-12-01,DEPT,59.0,6.0,,
IND-320,D36,2023-01-01,DEPT,,6.0,,
IND-320,D36,2023-02-01,DEPT,,69.0,,
IND-320,D36,2023-07-01,DEPT,,55.0,,
IND-320,D36,2023-08-01,DEPT,,56.0,,
IND-320,D36,2023-10-01,DEPT,,62.0,,
IND-320,D36,2023-11-01,DEPT,,66.0,,
IND-320,D36,2023-12-01,DEPT,,63.0,,
IND-320,D36,2024-01-01,DEPT,,60.0,,
IND-320,D36,2024-02-01,DEPT,,61.0,,
IND-320,D36,2024-03-01,DEPT,,64.0,,
IND-320,D36,2024-04-01,DEPT,,63.0,,
IND-320,D36,2024-05-01,DEPT,,64.0,,
IND-320,D36,2024-06-01,DEPT,,68.0,,
IND-320,D36,2024-07-01,DEPT,,66.0,,
IND-320,D36,2024-08-01,DEPT,,61.0,,
IND-320,D36,2024-09-01,DEPT,,64.0,,
IND-320,D36,2024-10-01,DEPT,,55.0,,
IND-320,D36,2024-11-01,DEPT,,52.0,,
IND-320,D37,2022-01-01,DEPT,,46.0,,
IND-320,D37,2022-02-01,DEPT,,75.0,,
IND-320,D37,2022-03-01,DEPT,,54.0,,
IND-320,D37,2022-04-01,DEPT,,40.0,,
IND-320,D37,2022-05-01,DEPT,,47.0,,
IND-320,D37,2022-06-01,DEPT,,45.0,,
IND-320,D37,2022-07-01,DEPT,,56.0,,
IND-320,D37,2022-08-01,DEPT,,42.0,,
IND-320,D37,2022-09-01,DEPT,,33.0,,
IND-320,D37,2022-10-01,DEPT,,46.0,,
IND-320,D37,2022-11-01,DEPT,,26.0,,
IND-320,D37,2022-12-01,DEPT,540.0,30.0,,
IND-320,D37,2023-01-01,DEPT,,39.0,,
IND-320,D37,2023-02-01,DEPT,,492.0,,
IND-320,D37,2023-03-01,DEPT,,466.0,,
IND-320,D37,2023-04-01,DEPT,,449.0,,
IND-320,D37,2023-05-01,DEPT,,445.0,,
IND-320,D37,2023-06-01,DEPT,,455.0,,
IND-320,D37,2023-07-01,DEPT,,433.0,,
IND-320,D37,2023-08-01,DEPT,,415.0,,
IND-320,D37,2023-09-01,DEPT,,431.0,,
IND-320,D37,2023-10-01,DEPT,,412.0,,
IND-320,D37,2023-11-01,DEPT,,412.0,,
IND-320,D37,2023-12-01,DEPT,,401.0,,
IND-320,D37,2024-01-01,DEPT,,392.0,,
IND-320,D37,2024-02-01,DEPT,,391.0,,
IND-320,D37,2024-03-01,DEPT,,379.0,,
IND-320,D37,2024-04-01,DEPT,,382.0,,
IND-320,D37,2024-05-01,DEPT,,368.0,,
IND-320,D37,2024-06-01,DEPT,,328.0,,
IND-320,D37,2024-07-01,DEPT,,330.0,,
IND-320,D37,2024-08-01,DEPT,,335.0,,
IND-320,D37,2024-09-01,DEPT,,319.0,,
IND-320,D37,2024-10-01,DEPT,,322.0,,
IND-320,D37,2024-11-01,DEPT,,317.0,,
IND-320,D38,2022-01-01,DEPT,,63.0,,
IND-320,D38,2022-02-01,DEPT,,56.0,,
IND-320,D38,2022-03-01,DEPT,,77.0,,
IND-320,D38,2022-04-01,DEPT,,65.0,,
IND-320,D38,2022-05-01,DEPT,,89.0,,
IND-320,D38,2022-06-01,DEPT,,87.0,,
IND-320,D38,2022-07-01,DEPT,,73.0,,
IND-320,D38,2022-08-01,DEPT,,70.0,,
IND-320,D38,2022-09-01,DEPT,,68.0,,
IND-320,D38,2022-10-01,DEPT,,93.0,,
IND-320,D38,2022-11-01,DEPT,,65.0,,
IND-320,D38,2022-12-01,DEPT,871.0,65.0,,
IND-320,D38,2023-01-01,DEPT,,70.0,,
IND-320,D38,2023-02-01,DEPT,,865.0,,
IND-320,D38,2023-03-01,DEPT,,884.0,,
IND-320,D38,2023-04-01,DEPT,,922.0,,
IND-320,D38,2023-05-01,DEPT,,933.0,,
IND-320,D38,2023-06-01,DEPT,,955.0,,
IND-320,D38,2023-07-01,DEPT,,979.0,,
IND-320,D38,2023-08-01,DEPT,,980.0,,
IND-320,D38,2023-09-01,DEPT,,995.0,,
IND-320,D38,2023-10-01,DEPT,,1022.0,,
IND-320,D38,2023-11-01,DEPT,,1030.0,,
IND-320,D38,2023-12-01,DEPT,,1052.0,,
IND-320,D38,2024-01-01,DEPT,,1087.0,,
IND-320,D38,2024-02-01,DEPT,,1112.0,,
IND-320,D38,2024-03-01,DEPT,,1100.0,,
IND-320,D38,2024-04-01,DEPT,,1084.0,,
IND-320,D38,2024-05-01,DEPT,,1034.0,,
IND-320,D38,2024-06-01,DEPT,,1017.0,,
IND-320,D38,2024-07-01,DEPT,,1019.0,,
IND-320,D38,2024-08-01,DEPT,,1050.0,,
IND-320,D38,2024-09-01,DEPT,,1061.0,,
IND-320,D38,2024-10-01,DEPT,,1104.0,,
IND-320,D38,2024-11-01,DEPT,,1151.0,,
IND-320,D39,2022-02-01,DEPT,,5.0,,
IND-320,D39,2022-05-01,DEPT,,5.0,,
IND-320,D39,2022-06-01,DEPT,,7.0,,
IND-320,D39,2022-07-01,DEPT,,5.0,,
IND-320,D39,2022-08-01,DEPT,,5.0,,
IND-320,D39,2022-09-01,DEPT,,6.0,,
IND-320,D39,2022-10-01,DEPT,,5.0,,
IND-320,D39,2022-11-01,DEPT,,5.0,,
IND-320,D39,2022-12-01,DEPT,51.0,,,
IND-320,D39,2023-01-01,DEPT,,7.0,,
IND-320,D39,2023-05-01,DEPT,,59.0,,
IND-320,D39,2023-06-01,DEPT,,55.0,,
IND-320,D39,2023-09-01,DEPT,,55.0,,
IND-320,D39,2023-10-01,DEPT,,56.0,,
IND-320,D39,2023-11-01,DEPT,,57.0,,
IND-320,D39,2023-12-01,DEPT,,60.0,,
IND-320,D39,2024-01-01,DEPT,,55.0,,
IND-320,D39,2024-02-01,DEPT,,54.0,,
IND-320,D39,2024-03-01,DEPT,,52.0,,
IND-320,D39,2024-04-01,DEPT,,56.0,,
IND-320,D39,2024-05-01,DEPT,,52.0,,
IND-320,D39,2024-06-01,DEPT,,52.0,,
IND-320,D39,2024-07-01,DEPT,,52.0,,
IND-320,D39,2024-08-01,DEPT,,53.0,,
IND-320,D39,2024-09-01,DEPT,,55.0,,
IND-320,D39,2024-10-01,DEPT,,53.0,,
IND-320,D39,2024-11-01,DEPT,,52.0,,
IND-320,D40,2022-04-01,DEPT,,6.0,,
IND-320,D40,2022-05-01,DEPT,,5.0,,
IND-320,D40,2022-06-01,DEPT,,7.0,,
IND-320,D40,2022-07-01,DEPT,,16.0,,
IND-320,D40,2022-08-01,DEPT,,29.0,,
IND-320,D40,2022-09-01,DEPT,,9.0,,
IND-320,D40,2022-10-01,DEPT,,6.0,,
IND-320,D40,2022-12-01,DEPT,98.0,8.0,,
IND-320,D40,2023-02-01,DEPT,,97.0,,
IND-320,D40,2023-03-01,DEPT,,102.0,,
IND-320,D40,2023-05-01,DEPT,,109.0,,
IND-320,D40,2023-06-01,DEPT,,111.0,,
IND-320,D40,2023-07-01,DEPT,,114.0,,
IND-320,D40,2023-08-01,DEPT,,125.0,,
IND-320,D40,2023-09-01,DEPT,,130.0,,
IND-320,D40,2023-10-01,DEPT,,131.0,,
IND-320,D40,2023-12-01,DEPT,,126.0,,
IND-320,D40,2024-01-01,DEPT,,131.0,,
IND-320,D40,2024-02-01,DEPT,,135.0,,
IND-320,D40,2024-03-01,DEPT,,131.0,,
IND-320,D40,2024-04-01,DEPT,,136.0,,
IND-320,D40,2024-05-01,DEPT,,129.0,,
IND-320,D40,2024-06-01,DEPT,,128.0,,
IND-320,D40,2024-07-01,DEPT,,119.0,,
IND-320,D40,2024-08-01,DEPT,,142.0,,
IND-320,D40,2024-09-01,DEPT,,152.0,,
IND-320,D40,2024-10-01,DEPT,,152.0,,
IND-320,D40,2024-11-01,DEPT,,150.0,,
IND-320,D41,2022-01-01,DEPT,,5.0,,
IND-320,D41,2022-02-01,DEPT,,9.0,,
IND-320,D41,2022-05-01,DEPT,,11.0,,
IND-320,D41,2022-06-01,DEPT,,8.0,,
IND-320,D41,2022-09-01,DEPT,,13.0,,
IND-320,D41,2022-10-01,DEPT,,5.0,,
IND-320,D41,2022-11-01,DEPT,,8.0,,
IND-320,D41,2022-12-01,DEPT,83.0,10.0,,
IND-320,D41,2023-01-01,DEPT,,12.0,,
IND-320,D41,2023-02-01,DEPT,,88.0,,
IND-320,D41,2023-03-01,DEPT,,90.0,,
IND-320,D41,2023-04-01,DEPT,,103.0,,
IND-320,D41,2023-05-01,DEPT,,100.0,,
IND-320,D41,2023-06-01,DEPT,,104.0,,
IND-320,D41,2023-07-01,DEPT,,113.0,,
IND-320,D41,2023-08-01,DEPT,,122.0,,
IND-320,D41,2023-09-01,DEPT,,118.0,,
IND-320,D41,2023-10-01,DEPT,,123.0,,
IND-320,D41,2023-11-01,DEPT,,121.0,,
IND-320,D41,2023-12-01,DEPT,,119.0,,
IND-320,D41,2024-01-01,DEPT,,119.0,,
IND-320,D41,2024-02-01,DEPT,,121.0,,
IND-320,D41,2024-03-01,DEPT,,122.0,,
IND-320,D41,2024-04-01,DEPT,,114.0,,
IND-320,D41,2024-05-01,DEPT,,113.0,,
IND-320,D41,2024-06-01,DEPT,,112.0,,
IND-320,D41,2024-07-01,DEPT,,113.0,,
IND-320,D41,2024-08-01,DEPT,,110.0,,
IND-320,D41,2024-09-01,DEPT,,111.0,,
IND-320,D41,2024-10-01,DEPT,,105.0,,
IND-320,D41,2024-11-01,DEPT,,113.0,,
IND-320,D42,2022-01-01,DEPT,,50.0,,
IND-320,D42,2022-02-01,DEPT,,41.0,,
IND-320,D42,2022-03-01,DEPT,,60.0,,
IND-320,D42,2022-04-01,DEPT,,40.0,,
IND-320,D42,2022-05-01,DEPT,,91.0,,
IND-320,D42,2022-06-01,DEPT,,49.0,,
IND-320,D42,2022-07-01,DEPT,,52.0,,
IND-320,D42,2022-08-01,DEPT,,57.0,,
IND-320,D42,2022-09-01,DEPT,,60.0,,
IND-320,D42,2022-10-01,DEPT,,82.0,,
IND-320,D42,2022-11-01,DEPT,,69.0,,
IND-320,D42,2022-12-01,DEPT,697.0,46.0,,
IND-320,D42,2023-01-01,DEPT,,48.0,,
IND-320,D42,2023-02-01,DEPT,,690.0,,
IND-320,D42,2023-03-01,DEPT,,667.0,,
IND-320,D42,2023-04-01,DEPT,,651.0,,
IND-320,D42,2023-05-01,DEPT,,610.0,,
IND-320,D42,2023-06-01,DEPT,,632.0,,
IND-320,D42,2023-07-01,DEPT,,639.0,,
IND-320,D42,2023-08-01,DEPT,,658.0,,
IND-320,D42,2023-09-01,DEPT,,658.0,,
IND-320,D42,2023-10-01,DEPT,,660.0,,
IND-320,D42,2023-11-01,DEPT,,636.0,,
IND-320,D42,2023-12-01,DEPT,,651.0,,
IND-320,D42,2024-01-01,DEPT,,662.0,,
IND-320,D42,2024-02-01,DEPT,,649.0,,
IND-320,D42,2024-03-01,DEPT,,661.0,,
IND-320,D42,2024-04-01,DEPT,,684.0,,
IND-320,D42,2024-05-01,DEPT,,693.0,,
IND-320,D42,2024-06-01,DEPT,,683.0,,
IND-320,D42,2024-07-01,DEPT,,705.0,,
IND-320,D42,2024-08-01,DEPT,,699.0,,
IND-320,D42,2024-09-01,DEPT,,684.0,,
IND-320,D42,2024-10-01,DEPT,,677.0,,
IND-320,D42,2024-11-01,DEPT,,705.0,,
IND-320,D43,2022-06-01,DEPT,,6.0,,
IND-320,D43,2022-09-01,DEPT,,6.0,,
IND-320,D43,2022-11-01,DEPT,,7.0,,
IND-320,D43,2022-12-01,DEPT,43.0,,,
IND-320,D43,2023-08-01,DEPT,,50.0,,
IND-320,D43,2023-09-01,DEPT,,55.0,,
IND-320,D43,2023-10-01,DEPT,,57.0,,
IND-320,D43,2023-12-01,DEPT,,51.0,,
IND-320,D43,2024-01-01,DEPT,,53.0,,
IND-320,D43,2024-02-01,DEPT,,55.0,,
IND-320,D43,2024-03-01,DEPT,,51.0,,
IND-320,D43,2024-04-01,DEPT,,49.0,,
IND-320,D43,2024-05-01,DEPT,,47.0,,
IND-320,D43,2024-06-01,DEPT,,49.0,,
IND-320,D43,2024-07-01,DEPT,,47.0,,
IND-320,D43,2024-08-01,DEPT,,40.0,,
IND-320,D43,2024-09-01,DEPT,,36.0,,
IND-320,D43,2024-10-01,DEPT,,32.0,,
IND-320,D43,2024-11-01,DEPT,,34.0,,
IND-320,D44,2022-01-01,DEPT,,28.0,,
IND-320,D44,2022-02-01,DEPT,,24.0,,
IND-320,D44,2022-03-01,DEPT,,29.0,,
IND-320,D44,2022-04-01,DEPT,,22.0,,
IND-320,D44,2022-05-01,DEPT,,41.0,,
IND-320,D44,2022-06-01,DEPT,,26.0,,
IND-320,D44,2022-07-01,DEPT,,30.0,,
IND-320,D44,2022-08-01,DEPT,,28.0,,
IND-320,D44,2022-09-01,DEPT,,28.0,,
IND-320,D44,2022-10-01,DEPT,,25.0,,
IND-320,D44,2022-11-01,DEPT,,36.0,,
IND-320,D44,2022-12-01,DEPT,1322.0,20.0,,
IND-320,D44,2023-01-01,DEPT,,81.0,,
IND-320,D44,2023-02-01,DEPT,,1243.0,,
IND-320,D44,2023-03-01,DEPT,,1208.0,,
IND-320,D44,2023-04-01,DEPT,,1185.0,,
IND-320,D44,2023-05-01,DEPT,,1165.0,,
IND-320,D44,2023-06-01,DEPT,,1197.0,,
IND-320,D44,2023-07-01,DEPT,,1171.0,,
IND-320,D44,2023-08-01,DEPT,,1156.0,,
IND-320,D44,2023-09-01,DEPT,,1155.0,,
IND-320,D44,2023-10-01,DEPT,,1157.0,,
IND-320,D44,2023-11-01,DEPT,,1160.0,,
IND-320,D44,2023-12-01,DEPT,,1166.0,,
IND-320,D44,2024-01-01,DEPT,,1171.0,,
IND-320,D44,2024-02-01,DEPT,,1204.0,,
IND-320,D44,2024-03-01,DEPT,,1211.0,,
IND-320,D44,2024-04-01,DEPT,,1217.0,,
IND-320,D44,2024-05-01,DEPT,,1198.0,,
IND-320,D44,2024-06-01,DEPT,,1152.0,,
IND-320,D44,2024-07-01,DEPT,,1166.0,,
IND-320,D44,2024-08-01,DEPT,,1154.0,,
IND-320,D44,2024-09-01,DEPT,,1124.0,,
IND-320,D44,2024-10-01,DEPT,,1129.0,,
IND-320,D44,2024-11-01,DEPT,,1182.0,,
IND-320,D45,2022-01-01,DEPT,,123.0,,
IND-320,D45,2022-02-01,DEPT,,116.0,,
IND-320,D45,2022-03-01,DEPT,,122.0,,
IND-320,D45,2022-04-01,DEPT,,95.0,,
IND-320,D45,2022-05-01,DEPT,,130.0,,
IND-320,D45,2022-06-01,DEPT,,121.0,,
IND-320,D45,2022-07-01,DEPT,,119.0,,
IND-320,D45,2022-08-01,DEPT,,110.0,,
IND-320,D45,2022-09-01,DEPT,,111.0,,
IND-320,D45,2022-10-01,DEPT,,102.0,,
IND-320,D45,2022-11-01,DEPT,,87.0,,
IND-320,D45,2022-12-01,DEPT,337.0,86.0,,
IND-320,D45,2023-01-01,DEPT,,25.0,,
IND-320,D45,2023-02-01,DEPT,,334.0,,
IND-320,D45,2023-03-01,DEPT,,327.0,,
IND-320,D45,2023-04-01,DEPT,,332.0,,
IND-320,D45,2023-05-01,DEPT,,334.0,,
IND-320,D45,2023-06-01,DEPT,,347.0,,
IND-320,D45,2023-07-01,DEPT,,330.0,,
IND-320,D45,2023-08-01,DEPT,,327.0,,
IND-320,D45,2023-09-01,DEPT,,323.0,,
IND-320,D45,2023-10-01,DEPT,,325.0,,
IND-320,D45,2023-11-01,DEPT,,317.0,,
IND-320,D45,2023-12-01,DEPT,,321.0,,
IND-320,D45,2024-01-01,DEPT,,322.0,,
IND-320,D45,2024-02-01,DEPT,,340.0,,
IND-320,D45,2024-03-01,DEPT,,346.0,,
IND-320,D45,2024-04-01,DEPT,,349.0,,
IND-320,D45,2024-05-01,DEPT,,338.0,,
IND-320,D45,2024-06-01,DEPT,,339.0,,
IND-320,D45,2024-07-01,DEPT,,358.0,,
IND-320,D45,2024-08-01,DEPT,,359.0,,
IND-320,D45,2024-09-01,DEPT,,361.0,,
IND-320,D45,2024-10-01,DEPT,,359.0,,
IND-320,D45,2024-11-01,DEPT,,364.0,,
IND-320,D46,2022-09-01,DEPT,,9.0,,
IND-320,D46,2022-11-01,DEPT,,6.0,,
IND-320,D46,2022-12-01,DEPT,37.0,,,
IND-320,D46,2023-10-01,DEPT,,33.0,,
IND-320,D46,2023-12-01,DEPT,,30.0,,
IND-320,D46,2024-01-01,DEPT,,31.0,,
IND-320,D46,2024-02-01,DEPT,,32.0,,
IND-320,D46,2024-03-01,DEPT,,32.0,,
IND-320,D46,2024-04-01,DEPT,,34.0,,
IND-320,D46,2024-05-01,DEPT,,33.0,,
IND-320,D46,2024-06-01,DEPT,,36.0,,
IND-320,D46,2024-07-01,DEPT,,40.0,,
IND-320,D46,2024-08-01,DEPT,,45.0,,
IND-320,D46,2024-09-01,DEPT,,48.0,,
IND-320,D46,2024-10-01,DEPT,,51.0,,
IND-320,D46,2024-11-01,DEPT,,52.0,,
IND-320,D47,2022-01-01,DEPT,,5.0,,
IND-320,D47,2022-02-01,DEPT,,5.0,,
IND-320,D47,2022-03-01,DEPT,,5.0,,
IND-320,D47,2022-05-01,DEPT,,11.0,,
IND-320,D47,2022-06-01,DEPT,,5.0,,
IND-320,D47,2022-07-01,DEPT,,18.0,,
IND-320,D47,2022-08-01,DEPT,,15.0,,
IND-320,D47,2022-09-01,DEPT,,10.0,,
IND-320,D47,2022-10-01,DEPT,,7.0,,
IND-320,D47,2022-11-01,DEPT,,12.0,,
IND-320,D47,2022-12-01,DEPT,109.0,14.0,,
IND-320,D47,2023-01-01,DEPT,,10.0,,
IND-320,D47,2023-02-01,DEPT,,119.0,,
IND-320,D47,2023-03-01,DEPT,,123.0,,
IND-320,D47,2023-04-01,DEPT,,128.0,,
IND-320,D47,2023-05-01,DEPT,,129.0,,
IND-320,D47,2023-06-01,DEPT,,126.0,,
IND-320,D47,2023-07-01,DEPT,,126.0,,
IND-320,D47,2023-08-01,DEPT,,121.0,,
IND-320,D47,2023-09-01,DEPT,,123.0,,
IND-320,D47,2023-10-01,DEPT,,123.0,,
IND-320,D47,2023-11-01,DEPT,,118.0,,
IND-320,D47,2023-12-01,DEPT,,114.0,,
IND-320,D47,2024-01-01,DEPT,,105.0,,
IND-320,D47,2024-02-01,DEPT,,106.0,,
IND-320,D47,2024-03-01,DEPT,,104.0,,
IND-320,D47,2024-04-01,DEPT,,103.0,,
IND-320,D47,2024-05-01,DEPT,,100.0,,
IND-320,D47,2024-06-01,DEPT,,103.0,,
IND-320,D47,2024-07-01,DEPT,,100.0,,
IND-320,D47,2024-08-01,DEPT,,100.0,,
IND-320,D47,2024-09-01,DEPT,,97.0,,
IND-320,D47,2024-10-01,DEPT,,100.0,,
IND-320,D47,2024-11-01,DEPT,,97.0,,
IND-320,D48,2022-02-01,DEPT,,0.0,,
IND-320,D48,2022-06-01,DEPT,,0.0,,
IND-320,D48,2022-09-01,DEPT,,0.0,,
IND-320,D48,2022-12-01,DEPT,12.0,,,
IND-320,D48,2023-01-01,DEPT,,0.0,,
IND-320,D48,2023-02-01,DEPT,,11.0,,
IND-320,D48,2023-03-01,DEPT,,10.0,,
IND-320,D48,2023-04-01,DEPT,,9.0,,
IND-320,D48,2023-05-01,DEPT,,8.0,,
IND-320,D48,2023-07-01,DEPT,,7.0,,
IND-320,D48,2023-09-01,DEPT,,7.0,,
IND-320,D48,2023-10-01,DEPT,,6.0,,
IND-320,D48,2023-12-01,DEPT,,2.0,,
IND-320,D48,2024-01-01,DEPT,,2.0,,
IND-320,D48,2024-02-01,DEPT,,2.0,,
IND-320,D48,2024-03-01,DEPT,,2.0,,
IND-320,D48,2024-04-01,DEPT,,2.0,,
IND-320,D48,2024-05-01,DEPT,,2.0,,
IND-320,D48,2024-06-01,DEPT,,1.0,,
IND-320,D48,2024-07-01,DEPT,,2.0,,
IND-320,D48,2024-08-01,DEPT,,1.0,,
IND-320,D48,2024-09-01,DEPT,,1.0,,
IND-320,D48,2024-10-01,DEPT,,1.0,,
IND-320,D48,2024-11-01,DEPT,,5.0,,
IND-320,D49,2022-01-01,DEPT,,19.0,,
IND-320,D49,2022-02-01,DEPT,,22.0,,
IND-320,D49,2022-03-01,DEPT,,24.0,,
IND-320,D49,2022-04-01,DEPT,,17.0,,
IND-320,D49,2022-05-01,DEPT,,27.0,,
IND-320,D49,2022-06-01,DEPT,,22.0,,
IND-320,D49,2022-07-01,DEPT,,28.0,,
IND-320,D49,2022-08-01,DEPT,,25.0,,
IND-320,D49,2022-09-01,DEPT,,25.0,,
IND-320,D49,2022-10-01,DEPT,,31.0,,
IND-320,D49,2022-11-01,DEPT,,12.0,,
IND-320,D49,2022-12-01,DEPT,276.0,24.0,,
IND-320,D49,2023-01-01,DEPT,,20.0,,
IND-320,D49,2023-02-01,DEPT,,263.0,,
IND-320,D49,2023-03-01,DEPT,,259.0,,
IND-320,D49,2023-04-01,DEPT,,264.0,,
IND-320,D49,2023-05-01,DEPT,,259.0,,
IND-320,D49,2023-06-01,DEPT,,255.0,,
IND-320,D49,2023-07-01,DEPT,,248.0,,
IND-320,D49,2023-08-01,DEPT,,247.0,,
IND-320,D49,2023-09-01,DEPT,,238.0,,
IND-320,D49,2023-10-01,DEPT,,231.0,,
IND-320,D49,2023-11-01,DEPT,,235.0,,
IND-320,D49,2023-12-01,DEPT,,224.0,,
IND-320,D49,2024-01-01,DEPT,,220.0,,
IND-320,D49,2024-02-01,DEPT,,235.0,,
IND-320,D49,2024-03-01,DEPT,,241.0,,
IND-320,D49,2024-04-01,DEPT,,244.0,,
IND-320,D49,2024-05-01,DEPT,,243.0,,
IND-320,D49,2024-06-01,DEPT,,253.0,,
IND-320,D49,2024-07-01,DEPT,,258.0,,
IND-320,D49,2024-08-01,DEPT,,257.0,,
IND-320,D49,2024-09-01,DEPT,,263.0,,
IND-320,D49,2024-10-01,DEPT,,263.0,,
IND-320,D49,2024-11-01,DEPT,,273.0,,
IND-320,D50,2022-05-01,DEPT,,11.0,,
IND-320,D50,2022-06-01,DEPT,,18.0,,
IND-320,D50,2022-07-01,DEPT,,12.0,,
IND-320,D50,2022-08-01,DEPT,,19.0,,
IND-320,D50,2022-09-01,DEPT,,7.0,,
IND-320,D50,2022-10-01,DEPT,,11.0,,
IND-320,D50,2022-11-01,DEPT,,5.0,,
IND-320,D50,2022-12-01,DEPT,97.0,7.0,,
IND-320,D50,2023-02-01,DEPT,,101.0,,
IND-320,D50,2023-04-01,DEPT,,107.0,,
IND-320,D50,2023-05-01,DEPT,,104.0,,
IND-320,D50,2023-06-01,DEPT,,100.0,,
IND-320,D50,2023-07-01,DEPT,,100.0,,
IND-320,D50,2023-08-01,DEPT,,89.0,,
IND-320,D50,2023-09-01,DEPT,,91.0,,
IND-320,D50,2023-10-01,DEPT,,92.0,,
IND-320,D50,2023-12-01,DEPT,,90.0,,
IND-320,D50,2024-01-01,DEPT,,97.0,,
IND-320,D50,2024-02-01,DEPT,,101.0,,
IND-320,D50,2024-03-01,DEPT,,105.0,,
IND-320,D50,2024-04-01,DEPT,,101.0,,
IND-320,D50,2024-05-01,DEPT,,104.0,,
IND-320,D50,2024-06-01,DEPT,,99.0,,
IND-320,D50,2024-07-01,DEPT,,103.0,,
IND-320,D50,2024-08-01,DEPT,,100.0,,
IND-320,D50,2024-09-01,DEPT,,95.0,,
IND-320,D50,2024-10-01,DEPT,,91.0,,
IND-320,D50,2024-11-01,DEPT,,99.0,,
IND-320,D51,2022-01-01,DEPT,,26.0,,
IND-320,D51,2022-02-01,DEPT,,17.0,,
IND-320,D51,2022-03-01,DEPT,,43.0,,
IND-320,D51,2022-04-01,DEPT,,41.0,,
IND-320,D51,2022-05-01,DEPT,,37.0,,
IND-320,D51,2022-06-01,DEPT,,41.0,,
IND-320,D51,2022-07-01,DEPT,,52.0,,
IND-320,D51,2022-08-01,DEPT,,42.0,,
IND-320,D51,2022-09-01,DEPT,,39.0,,
IND-320,D51,2022-10-01,DEPT,,32.0,,
IND-320,D51,2022-11-01,DEPT,,26.0,,
IND-320,D51,2022-12-01,DEPT,429.0,33.0,,
IND-320,D51,2023-01-01,DEPT,,43.0,,
IND-320,D51,2023-02-01,DEPT,,444.0,,
IND-320,D51,2023-03-01,DEPT,,441.0,,
IND-320,D51,2023-04-01,DEPT,,430.0,,
IND-320,D51,2023-05-01,DEPT,,429.0,,
IND-320,D51,2023-06-01,DEPT,,441.0,,
IND-320,D51,2023-07-01,DEPT,,445.0,,
IND-320,D51,2023-08-01,DEPT,,432.0,,
IND-320,D51,2023-09-01,DEPT,,432.0,,
IND-320,D51,2023-10-01,DEPT,,433.0,,
IND-320,D51,2023-11-01,DEPT,,438.0,,
IND-320,D51,2023-12-01,DEPT,,429.0,,
IND-320,D51,2024-01-01,DEPT,,415.0,,
IND-320,D51,2024-02-01,DEPT,,419.0,,
IND-320,D51,2024-03-01,DEPT,,401.0,,
IND-320,D51,2024-04-01,DEPT,,408.0,,
IND-320,D51,2024-05-01,DEPT,,390.0,,
IND-320,D51,2024-06-01,DEPT,,376.0,,
IND-320,D51,2024-07-01,DEPT,,350.0,,
IND-320,D51,2024-08-01,DEPT,,346.0,,
IND-320,D51,2024-09-01,DEPT,,350.0,,
IND-320,D51,2024-10-01,DEPT,,358.0,,
IND-320,D51,2024-11-01,DEPT,,353.0,,
IND-320,D52,2022-01-01,DEPT,,0.0,,
IND-320,D52,2022-08-01,DEPT,,5.0,,
IND-320,D52,2022-12-01,DEPT,26.0,,,
IND-320,D52,2023-01-01,DEPT,,6.0,,
IND-320,D52,2023-03-01,DEPT,,36.0,,
IND-320,D52,2023-08-01,DEPT,,34.0,,
IND-320,D52,2023-11-01,DEPT,,41.0,,
IND-320,D52,2023-12-01,DEPT,,39.0,,
IND-320,D52,2024-01-01,DEPT,,37.0,,
IND-320,D52,2024-02-01,DEPT,,42.0,,
IND-320,D52,2024-03-01,DEPT,,38.0,,
IND-320,D52,2024-04-01,DEPT,,37.0,,
IND-320,D52,2024-05-01,DEPT,,40.0,,
IND-320,D52,2024-06-01,DEPT,,42.0,,
IND-320,D52,2024-07-01,DEPT,,43.0,,
IND-320,D52,2024-08-01,DEPT,,39.0,,
IND-320,D52,2024-09-01,DEPT,,38.0,,
IND-320,D52,2024-10-01,DEPT,,38.0,,
IND-320,D52,2024-11-01,DEPT,,34.0,,
IND-320,D53,2022-01-01,DEPT,,9.0,,
IND-320,D53,2022-04-01,DEPT,,6.0,,
IND-320,D53,2022-07-01,DEPT,,11.0,,
IND-320,D53,2022-08-01,DEPT,,21.0,,
IND-320,D53,2022-09-01,DEPT,,5.0,,
IND-320,D53,2022-10-01,DEPT,,11.0,,
IND-320,D53,2022-11-01,DEPT,,12.0,,
IND-320,D53,2022-12-01,DEPT,94.0,,,
IND-320,D53,2023-01-01,DEPT,,14.0,,
IND-320,D53,2023-02-01,DEPT,,103.0,,
IND-320,D53,2023-03-01,DEPT,,106.0,,
IND-320,D53,2023-04-01,DEPT,,104.0,,
IND-320,D53,2023-05-01,DEPT,,107.0,,
IND-320,D53,2023-06-01,DEPT,,115.0,,
IND-320,D53,2023-07-01,DEPT,,114.0,,
IND-320,D53,2023-08-01,DEPT,,99.0,,
IND-320,D53,2023-09-01,DEPT,,96.0,,
IND-320,D53,2023-10-01,DEPT,,96.0,,
IND-320,D53,2023-11-01,DEPT,,92.0,,
IND-320,D53,2023-12-01,DEPT,,98.0,,
IND-320,D53,2024-01-01,DEPT,,95.0,,
IND-320,D53,2024-02-01,DEPT,,95.0,,
IND-320,D53,2024-03-01,DEPT,,94.0,,
IND-320,D53,2024-04-01,DEPT,,98.0,,
IND-320,D53,2024-05-01,DEPT,,98.0,,
IND-320,D53,2024-06-01,DEPT,,89.0,,
IND-320,D53,2024-07-01,DEPT,,85.0,,
IND-320,D53,2024-08-01,DEPT,,82.0,,
IND-320,D53,2024-09-01,DEPT,,81.0,,
IND-320,D53,2024-10-01,DEPT,,75.0,,
IND-320,D53,2024-11-01,DEPT,,76.0,,
IND-320,D54,2022-01-01,DEPT,,23.0,,
IND-320,D54,2022-02-01,DEPT,,19.0,,
IND-320,D54,2022-03-01,DEPT,,20.0,,
IND-320,D54,2022-04-01,DEPT,,22.0,,
IND-320,D54,2022-05-01,DEPT,,30.0,,
IND-320,D54,2022-06-01,DEPT,,31.0,,
IND-320,D54,2022-07-01,DEPT,,41.0,,
IND-320,D54,2022-08-01,DEPT,,26.0,,
IND-320,D54,2022-09-01,DEPT,,22.0,,
IND-320,D54,2022-10-01,DEPT,,36.0,,
IND-320,D54,2022-11-01,DEPT,,28.0,,
IND-320,D54,2022-12-01,DEPT,318.0,20.0,,
IND-320,D54,2023-01-01,DEPT,,27.0,,
IND-320,D54,2023-02-01,DEPT,,320.0,,
IND-320,D54,2023-03-01,DEPT,,331.0,,
IND-320,D54,2023-04-01,DEPT,,334.0,,
IND-320,D54,2023-05-01,DEPT,,338.0,,
IND-320,D54,2023-06-01,DEPT,,339.0,,
IND-320,D54,2023-07-01,DEPT,,326.0,,
IND-320,D54,2023-08-01,DEPT,,335.0,,
IND-320,D54,2023-09-01,DEPT,,347.0,,
IND-320,D54,2023-10-01,DEPT,,339.0,,
IND-320,D54,2023-11-01,DEPT,,346.0,,
IND-320,D54,2023-12-01,DEPT,,342.0,,
IND-320,D54,2024-01-01,DEPT,,335.0,,
IND-320,D54,2024-02-01,DEPT,,335.0,,
IND-320,D54,2024-03-01,DEPT,,339.0,,
IND-320,D54,2024-04-01,DEPT,,360.0,,
IND-320,D54,2024-05-01,DEPT,,345.0,,
IND-320,D54,2024-06-01,DEPT,,340.0,,
IND-320,D54,2024-07-01,DEPT,,340.0,,
IND-320,D54,2024-08-01,DEPT,,324.0,,
IND-320,D54,2024-09-01,DEPT,,311.0,,
IND-320,D54,2024-10-01,DEPT,,323.0,,
IND-320,D54,2024-11-01,DEPT,,318.0,,
IND-320,D55,2022-03-01,DEPT,,5.0,,
IND-320,D55,2022-09-01,DEPT,,6.0,,
IND-320,D55,2022-10-01,DEPT,,5.0,,
IND-320,D55,2022-12-01,DEPT,42.0,6.0,,
IND-320,D55,2023-06-01,DEPT,,42.0,,
IND-320,D55,2023-11-01,DEPT,,46.0,,
IND-320,D55,2023-12-01,DEPT,,42.0,,
IND-320,D55,2024-01-01,DEPT,,44.0,,
IND-320,D55,2024-02-01,DEPT,,51.0,,
IND-320,D55,2024-03-01,DEPT,,49.0,,
IND-320,D55,2024-04-01,DEPT,,48.0,,
IND-320,D55,2024-05-01,DEPT,,47.0,,
IND-320,D55,2024-06-01,DEPT,,47.0,,
IND-320,D55,2024-07-01,DEPT,,50.0,,
IND-320,D55,2024-08-01,DEPT,,50.0,,
IND-320,D55,2024-09-01,DEPT,,48.0,,
IND-320,D55,2024-10-01,DEPT,,47.0,,
IND-320,D55,2024-11-01,DEPT,,39.0,,
IND-320,D56,2022-01-01,DEPT,,16.0,,
IND-320,D56,2022-02-01,DEPT,,12.0,,
IND-320,D56,2022-03-01,DEPT,,14.0,,
IND-320,D56,2022-04-01,DEPT,,9.0,,
IND-320,D56,2022-05-01,DEPT,,12.0,,
IND-320,D56,2022-06-01,DEPT,,26.0,,
IND-320,D56,2022-07-01,DEPT,,18.0,,
IND-320,D56,2022-08-01,DEPT,,21.0,,
IND-320,D56,2022-09-01,DEPT,,17.0,,
IND-320,D56,2022-10-01,DEPT,,14.0,,
IND-320,D56,2022-11-01,DEPT,,14.0,,
IND-320,D56,2022-12-01,DEPT,189.0,16.0,,
IND-320,D56,2023-01-01,DEPT,,22.0,,
IND-320,D56,2023-02-01,DEPT,,198.0,,
IND-320,D56,2023-03-01,DEPT,,197.0,,
IND-320,D56,2023-04-01,DEPT,,206.0,,
IND-320,D56,2023-05-01,DEPT,,212.0,,
IND-320,D56,2023-06-01,DEPT,,205.0,,
IND-320,D56,2023-07-01,DEPT,,206.0,,
IND-320,D56,2023-08-01,DEPT,,209.0,,
IND-320,D56,2023-09-01,DEPT,,214.0,,
IND-320,D56,2023-10-01,DEPT,,220.0,,
IND-320,D56,2023-11-01,DEPT,,220.0,,
IND-320,D56,2023-12-01,DEPT,,228.0,,
IND-320,D56,2024-01-01,DEPT,,228.0,,
IND-320,D56,2024-02-01,DEPT,,219.0,,
IND-320,D56,2024-03-01,DEPT,,217.0,,
IND-320,D56,2024-04-01,DEPT,,216.0,,
IND-320,D56,2024-05-01,DEPT,,214.0,,
IND-320,D56,2024-06-01,DEPT,,215.0,,
IND-320,D56,2024-07-01,DEPT,,228.0,,
IND-320,D56,2024-08-01,DEPT,,226.0,,
IND-320,D56,2024-09-01,DEPT,,225.0,,
IND-320,D56,2024-10-01,DEPT,,217.0,,
IND-320,D56,2024-11-01,DEPT,,210.0,,
IND-320,D57,2022-01-01,DEPT,,45.0,,
IND-320,D57,2022-02-01,DEPT,,28.0,,
IND-320,D57,2022-03-01,DEPT,,27.0,,
IND-320,D57,2022-04-01,DEPT,,20.0,,
IND-320,D57,2022-05-01,DEPT,,29.0,,
IND-320,D57,2022-06-01,DEPT,,31.0,,
IND-320,D57,2022-07-01,DEPT,,41.0,,
IND-320,D57,2022-08-01,DEPT,,21.0,,
IND-320,D57,2022-09-01,DEPT,,23.0,,
IND-320,D57,2022-10-01,DEPT,,35.0,,
IND-320,D57,2022-11-01,DEPT,,33.0,,
IND-320,D57,2022-12-01,DEPT,369.0,36.0,,
IND-320,D57,2023-01-01,DEPT,,38.0,,
IND-320,D57,2023-02-01,DEPT,,348.0,,
IND-320,D57,2023-03-01,DEPT,,351.0,,
IND-320,D57,2023-04-01,DEPT,,365.0,,
IND-320,D57,2023-05-01,DEPT,,366.0,,
IND-320,D57,2023-06-01,DEPT,,367.0,,
IND-320,D57,2023-07-01,DEPT,,357.0,,
IND-320,D57,2023-08-01,DEPT,,363.0,,
IND-320,D57,2023-09-01,DEPT,,372.0,,
IND-320,D57,2023-10-01,DEPT,,361.0,,
IND-320,D57,2023-11-01,DEPT,,371.0,,
IND-320,D57,2023-12-01,DEPT,,359.0,,
IND-320,D57,2024-01-01,DEPT,,359.0,,
IND-320,D57,2024-02-01,DEPT,,355.0,,
IND-320,D57,2024-03-01,DEPT,,359.0,,
IND-320,D57,2024-04-01,DEPT,,359.0,,
IND-320,D57,2024-05-01,DEPT,,351.0,,
IND-320,D57,2024-06-01,DEPT,,343.0,,
IND-320,D57,2024-07-01,DEPT,,347.0,,
IND-320,D57,2024-08-01,DEPT,,348.0,,
IND-320,D57,2024-09-01,DEPT,,357.0,,
IND-320,D57,2024-10-01,DEPT,,367.0,,
IND-320,D57,2024-11-01,DEPT,,362.0,,
IND-320,D58,2022-03-01,DEPT,,6.0,,
IND-320,D58,2022-05-01,DEPT,,5.0,,
IND-320,D58,2022-07-01,DEPT,,11.0,,
IND-320,D58,2022-09-01,DEPT,,6.0,,
IND-320,D58,2022-12-01,DEPT,49.0,,,
IND-320,D58,2023-05-01,DEPT,,50.0,,
IND-320,D58,2023-07-01,DEPT,,48.0,,
IND-320,D58,2023-08-01,DEPT,,46.0,,
IND-320,D58,2023-10-01,DEPT,,50.0,,
IND-320,D58,2023-12-01,DEPT,,47.0,,
IND-320,D58,2024-01-01,DEPT,,48.0,,
IND-320,D58,2024-02-01,DEPT,,48.0,,
IND-320,D58,2024-03-01,DEPT,,48.0,,
IND-320,D58,2024-04-01,DEPT,,52.0,,
IND-320,D58,2024-05-01,DEPT,,47.0,,
IND-320,D58,2024-06-01,DEPT,,47.0,,
IND-320,D58,2024-07-01,DEPT,,47.0,,
IND-320,D58,2024-08-01,DEPT,,49.0,,
IND-320,D58,2024-09-01,DEPT,,54.0,,
IND-320,D58,2024-10-01,DEPT,,52.0,,
IND-320,D58,2024-11-01,DEPT,,52.0,,
IND-320,D59,2022-01-01,DEPT,,224.0,,
IND-320,D59,2022-02-01,DEPT,,209.0,,
IND-320,D59,2022-03-01,DEPT,,280.0,,
IND-320,D59,2022-04-01,DEPT,,188.0,,
IND-320,D59,2022-05-01,DEPT,,287.0,,
IND-320,D59,2022-06-01,DEPT,,264.0,,
IND-320,D59,2022-07-01,DEPT,,245.0,,
IND-320,D59,2022-08-01,DEPT,,238.0,,
IND-320,D59,2022-09-01,DEPT,,239.0,,
IND-320,D59,2022-10-01,DEPT,,264.0,,
IND-320,D59,2022-11-01,DEPT,,243.0,,
IND-320,D59,2022-12-01,DEPT,2892.0,211.0,,
IND-320,D59,2023-01-01,DEPT,,203.0,,
IND-320,D59,2023-02-01,DEPT,,2851.0,,
IND-320,D59,2023-03-01,DEPT,,2797.0,,
IND-320,D59,2023-04-01,DEPT,,2794.0,,
IND-320,D59,2023-05-01,DEPT,,2759.0,,
IND-320,D59,2023-06-01,DEPT,,2769.0,,
IND-320,D59,2023-07-01,DEPT,,2706.0,,
IND-320,D59,2023-08-01,DEPT,,2704.0,,
IND-320,D59,2023-09-01,DEPT,,2703.0,,
IND-320,D59,2023-10-01,DEPT,,2683.0,,
IND-320,D59,2023-11-01,DEPT,,2626.0,,
IND-320,D59,2023-12-01,DEPT,,2595.0,,
IND-320,D59,2024-01-01,DEPT,,2582.0,,
IND-320,D59,2024-02-01,DEPT,,2562.0,,
IND-320,D59,2024-03-01,DEPT,,2559.0,,
IND-320,D59,2024-04-01,DEPT,,2556.0,,
IND-320,D59,2024-05-01,DEPT,,2501.0,,
IND-320,D59,2024-06-01,DEPT,,2419.0,,
IND-320,D59,2024-07-01,DEPT,,2438.0,,
IND-320,D59,2024-08-01,DEPT,,2378.0,,
IND-320,D59,2024-09-01,DEPT,,2354.0,,
IND-320,D59,2024-10-01,DEPT,,2312.0,,
IND-320,D59,2024-11-01,DEPT,,2343.0,,
IND-320,D60,2022-01-01,DEPT,,32.0,,
IND-320,D60,2022-02-01,DEPT,,20.0,,
IND-320,D60,2022-03-01,DEPT,,37.0,,
IND-320,D60,2022-04-01,DEPT,,29.0,,
IND-320,D60,2022-05-01,DEPT,,35.0,,
IND-320,D60,2022-06-01,DEPT,,26.0,,
IND-320,D60,2022-07-01,DEPT,,39.0,,
IND-320,D60,2022-08-01,DEPT,,19.0,,
IND-320,D60,2022-09-01,DEPT,,26.0,,
IND-320,D60,2022-10-01,DEPT,,34.0,,
IND-320,D60,2022-11-01,DEPT,,37.0,,
IND-320,D60,2022-12-01,DEPT,358.0,24.0,,
IND-320,D60,2023-01-01,DEPT,,42.0,,
IND-320,D60,2023-02-01,DEPT,,358.0,,
IND-320,D60,2023-03-01,DEPT,,355.0,,
IND-320,D60,2023-04-01,DEPT,,361.0,,
IND-320,D60,2023-05-01,DEPT,,368.0,,
IND-320,D60,2023-06-01,DEPT,,384.0,,
IND-320,D60,2023-07-01,DEPT,,376.0,,
IND-320,D60,2023-08-01,DEPT,,393.0,,
IND-320,D60,2023-09-01,DEPT,,402.0,,
IND-320,D60,2023-10-01,DEPT,,409.0,,
IND-320,D60,2023-11-01,DEPT,,421.0,,
IND-320,D60,2023-12-01,DEPT,,445.0,,
IND-320,D60,2024-01-01,DEPT,,442.0,,
IND-320,D60,2024-02-01,DEPT,,444.0,,
IND-320,D60,2024-03-01,DEPT,,446.0,,
IND-320,D60,2024-04-01,DEPT,,459.0,,
IND-320,D60,2024-05-01,DEPT,,445.0,,
IND-320,D60,2024-06-01,DEPT,,458.0,,
IND-320,D60,2024-07-01,DEPT,,468.0,,
IND-320,D60,2024-08-01,DEPT,,470.0,,
IND-320,D60,2024-09-01,DEPT,,462.0,,
IND-320,D60,2024-10-01,DEPT,,448.0,,
IND-320,D60,2024-11-01,DEPT,,446.0,,
IND-320,D61,2022-02-01,DEPT,,6.0,,
IND-320,D61,2022-07-01,DEPT,,5.0,,
IND-320,D61,2022-09-01,DEPT,,5.0,,
IND-320,D61,2022-12-01,DEPT,37.0,,,
IND-320,D61,2023-02-01,DEPT,,38.0,,
IND-320,D61,2023-03-01,DEPT,,43.0,,
IND-320,D61,2023-04-01,DEPT,,47.0,,
IND-320,D61,2023-05-01,DEPT,,60.0,,
IND-320,D61,2023-06-01,DEPT,,71.0,,
IND-320,D61,2023-08-01,DEPT,,71.0,,
IND-320,D61,2023-10-01,DEPT,,77.0,,
IND-320,D61,2023-11-01,DEPT,,79.0,,
IND-320,D61,2023-12-01,DEPT,,85.0,,
IND-320,D61,2024-01-01,DEPT,,88.0,,
IND-320,D61,2024-02-01,DEPT,,88.0,,
IND-320,D61,2024-03-01,DEPT,,96.0,,
IND-320,D61,2024-04-01,DEPT,,92.0,,
IND-320,D61,2024-05-01,DEPT,,84.0,,
IND-320,D61,2024-06-01,DEPT,,73.0,,
IND-320,D61,2024-07-01,DEPT,,81.0,,
IND-320,D61,2024-08-01,DEPT,,87.0,,
IND-320,D61,2024-09-01,DEPT,,84.0,,
IND-320,D61,2024-10-01,DEPT,,81.0,,
IND-320,D61,2024-11-01,DEPT,,81.0,,
IND-320,D62,2022-01-01,DEPT,,51.0,,
IND-320,D62,2022-02-01,DEPT,,50.0,,
IND-320,D62,2022-03-01,DEPT,,45.0,,
IND-320,D62,2022-04-01,DEPT,,48.0,,
IND-320,D62,2022-05-01,DEPT,,67.0,,
IND-320,D62,2022-06-01,DEPT,,64.0,,
IND-320,D62,2022-07-01,DEPT,,61.0,,
IND-320,D62,2022-08-01,DEPT,,50.0,,
IND-320,D62,2022-09-01,DEPT,,35.0,,
IND-320,D62,2022-10-01,DEPT,,57.0,,
IND-320,D62,2022-11-01,DEPT,,56.0,,
IND-320,D62,2022-12-01,DEPT,641.0,57.0,,
IND-320,D62,2023-01-01,DEPT,,54.0,,
IND-320,D62,2023-02-01,DEPT,,615.0,,
IND-320,D62,2023-03-01,DEPT,,625.0,,
IND-320,D62,2023-04-01,DEPT,,636.0,,
IND-320,D62,2023-05-01,DEPT,,626.0,,
IND-320,D62,2023-06-01,DEPT,,621.0,,
IND-320,D62,2023-07-01,DEPT,,630.0,,
IND-320,D62,2023-08-01,DEPT,,649.0,,
IND-320,D62,2023-09-01,DEPT,,681.0,,
IND-320,D62,2023-10-01,DEPT,,691.0,,
IND-320,D62,2023-11-01,DEPT,,691.0,,
IND-320,D62,2023-12-01,DEPT,,695.0,,
IND-320,D62,2024-01-01,DEPT,,694.0,,
IND-320,D62,2024-02-01,DEPT,,700.0,,
IND-320,D62,2024-03-01,DEPT,,703.0,,
IND-320,D62,2024-04-01,DEPT,,703.0,,
IND-320,D62,2024-05-01,DEPT,,729.0,,
IND-320,D62,2024-06-01,DEPT,,709.0,,
IND-320,D62,2024-07-01,DEPT,,717.0,,
IND-320,D62,2024-08-01,DEPT,,717.0,,
IND-320,D62,2024-09-01,DEPT,,702.0,,
IND-320,D62,2024-10-01,DEPT,,696.0,,
IND-320,D62,2024-11-01,DEPT,,678.0,,
IND-320,D63,2022-01-01,DEPT,,19.0,,
IND-320,D63,2022-02-01,DEPT,,21.0,,
IND-320,D63,2022-03-01,DEPT,,29.0,,
IND-320,D63,2022-04-01,DEPT,,34.0,,
IND-320,D63,2022-05-01,DEPT,,21.0,,
IND-320,D63,2022-06-01,DEPT,,42.0,,
IND-320,D63,2022-07-01,DEPT,,25.0,,
IND-320,D63,2022-08-01,DEPT,,27.0,,
IND-320,D63,2022-09-01,DEPT,,20.0,,
IND-320,D63,2022-10-01,DEPT,,29.0,,
IND-320,D63,2022-11-01,DEPT,,19.0,,
IND-320,D63,2022-12-01,DEPT,306.0,20.0,,
IND-320,D63,2023-01-01,DEPT,,21.0,,
IND-320,D63,2023-02-01,DEPT,,289.0,,
IND-320,D63,2023-03-01,DEPT,,287.0,,
IND-320,D63,2023-04-01,DEPT,,275.0,,
IND-320,D63,2023-05-01,DEPT,,277.0,,
IND-320,D63,2023-06-01,DEPT,,263.0,,
IND-320,D63,2023-07-01,DEPT,,268.0,,
IND-320,D63,2023-08-01,DEPT,,263.0,,
IND-320,D63,2023-09-01,DEPT,,274.0,,
IND-320,D63,2023-10-01,DEPT,,279.0,,
IND-320,D63,2023-11-01,DEPT,,284.0,,
IND-320,D63,2023-12-01,DEPT,,289.0,,
IND-320,D63,2024-01-01,DEPT,,286.0,,
IND-320,D63,2024-02-01,DEPT,,306.0,,
IND-320,D63,2024-03-01,DEPT,,314.0,,
IND-320,D63,2024-04-01,DEPT,,321.0,,
IND-320,D63,2024-05-01,DEPT,,319.0,,
IND-320,D63,2024-06-01,DEPT,,307.0,,
IND-320,D63,2024-07-01,DEPT,,310.0,,
IND-320,D63,2024-08-01,DEPT,,318.0,,
IND-320,D63,2024-09-01,DEPT,,319.0,,
IND-320,D63,2024-10-01,DEPT,,319.0,,
IND-320,D63,2024-11-01,DEPT,,323.0,,
IND-320,D64,2022-01-01,DEPT,,13.0,,
IND-320,D64,2022-02-01,DEPT,,15.0,,
IND-320,D64,2022-03-01,DEPT,,13.0,,
IND-320,D64,2022-04-01,DEPT,,18.0,,
IND-320,D64,2022-05-01,DEPT,,10.0,,
IND-320,D64,2022-06-01,DEPT,,15.0,,
IND-320,D64,2022-07-01,DEPT,,67.0,,
IND-320,D64,2022-08-01,DEPT,,43.0,,
IND-320,D64,2022-09-01,DEPT,,15.0,,
IND-320,D64,2022-10-01,DEPT,,17.0,,
IND-320,D64,2022-11-01,DEPT,,15.0,,
IND-320,D64,2022-12-01,DEPT,263.0,22.0,,
IND-320,D64,2023-01-01,DEPT,,14.0,,
IND-320,D64,2023-02-01,DEPT,,251.0,,
IND-320,D64,2023-03-01,DEPT,,257.0,,
IND-320,D64,2023-04-01,DEPT,,251.0,,
IND-320,D64,2023-05-01,DEPT,,268.0,,
IND-320,D64,2023-06-01,DEPT,,274.0,,
IND-320,D64,2023-07-01,DEPT,,274.0,,
IND-320,D64,2023-08-01,DEPT,,268.0,,
IND-320,D64,2023-09-01,DEPT,,277.0,,
IND-320,D64,2023-10-01,DEPT,,281.0,,
IND-320,D64,2023-11-01,DEPT,,290.0,,
IND-320,D64,2023-12-01,DEPT,,283.0,,
IND-320,D64,2024-01-01,DEPT,,282.0,,
IND-320,D64,2024-02-01,DEPT,,289.0,,
IND-320,D64,2024-03-01,DEPT,,286.0,,
IND-320,D64,2024-04-01,DEPT,,297.0,,
IND-320,D64,2024-05-01,DEPT,,283.0,,
IND-320,D64,2024-06-01,DEPT,,277.0,,
IND-320,D64,2024-07-01,DEPT,,323.0,,
IND-320,D64,2024-08-01,DEPT,,288.0,,
IND-320,D64,2024-09-01,DEPT,,277.0,,
IND-320,D64,2024-10-01,DEPT,,269.0,,
IND-320,D64,2024-11-01,DEPT,,266.0,,
IND-320,D65,2022-03-01,DEPT,,6.0,,
IND-320,D65,2022-06-01,DEPT,,5.0,,
IND-320,D65,2022-08-01,DEPT,,10.0,,
IND-320,D65,2022-10-01,DEPT,,6.0,,
IND-320,D65,2022-11-01,DEPT,,5.0,,
IND-320,D65,2022-12-01,DEPT,55.0,,,
IND-320,D65,2023-02-01,DEPT,,56.0,,
IND-320,D65,2023-03-01,DEPT,,56.0,,
IND-320,D65,2023-04-01,DEPT,,57.0,,
IND-320,D65,2023-06-01,DEPT,,60.0,,
IND-320,D65,2023-08-01,DEPT,,59.0,,
IND-320,D65,2023-09-01,DEPT,,59.0,,
IND-320,D65,2023-12-01,DEPT,,57.0,,
IND-320,D65,2024-01-01,DEPT,,63.0,,
IND-320,D65,2024-02-01,DEPT,,62.0,,
IND-320,D65,2024-03-01,DEPT,,65.0,,
IND-320,D65,2024-04-01,DEPT,,70.0,,
IND-320,D65,2024-05-01,DEPT,,72.0,,
IND-320,D65,2024-06-01,DEPT,,65.0,,
IND-320,D65,2024-07-01,DEPT,,69.0,,
IND-320,D65,2024-08-01,DEPT,,65.0,,
IND-320,D65,2024-09-01,DEPT,,64.0,,
IND-320,D65,2024-10-01,DEPT,,64.0,,
IND-320,D65,2024-11-01,DEPT,,60.0,,
IND-320,D66,2022-01-01,DEPT,,28.0,,
IND-320,D66,2022-02-01,DEPT,,38.0,,
IND-320,D66,2022-03-01,DEPT,,36.0,,
IND-320,D66,2022-04-01,DEPT,,43.0,,
IND-320,D66,2022-05-01,DEPT,,44.0,,
IND-320,D66,2022-06-01,DEPT,,39.0,,
IND-320,D66,2022-07-01,DEPT,,73.0,,
IND-320,D66,2022-08-01,DEPT,,57.0,,
IND-320,D66,2022-09-01,DEPT,,44.0,,
IND-320,D66,2022-10-01,DEPT,,48.0,,
IND-320,D66,2022-11-01,DEPT,,29.0,,
IND-320,D66,2022-12-01,DEPT,520.0,41.0,,
IND-320,D66,2023-01-01,DEPT,,39.0,,
IND-320,D66,2023-02-01,DEPT,,517.0,,
IND-320,D66,2023-03-01,DEPT,,502.0,,
IND-320,D66,2023-04-01,DEPT,,502.0,,
IND-320,D66,2023-05-01,DEPT,,488.0,,
IND-320,D66,2023-06-01,DEPT,,488.0,,
IND-320,D66,2023-07-01,DEPT,,465.0,,
IND-320,D66,2023-08-01,DEPT,,443.0,,
IND-320,D66,2023-09-01,DEPT,,439.0,,
IND-320,D66,2023-10-01,DEPT,,434.0,,
IND-320,D66,2023-11-01,DEPT,,438.0,,
IND-320,D66,2023-12-01,DEPT,,427.0,,
IND-320,D66,2024-01-01,DEPT,,421.0,,
IND-320,D66,2024-02-01,DEPT,,413.0,,
IND-320,D66,2024-03-01,DEPT,,416.0,,
IND-320,D66,2024-04-01,DEPT,,414.0,,
IND-320,D66,2024-05-01,DEPT,,425.0,,
IND-320,D66,2024-06-01,DEPT,,429.0,,
IND-320,D66,2024-07-01,DEPT,,422.0,,
IND-320,D66,2024-08-01,DEPT,,428.0,,
IND-320,D66,2024-09-01,DEPT,,415.0,,
IND-320,D66,2024-10-01,DEPT,,402.0,,
IND-320,D66,2024-11-01,DEPT,,405.0,,
IND-320,D67,2022-01-01,DEPT,,55.0,,
IND-320,D67,2022-02-01,DEPT,,60.0,,
IND-320,D67,2022-03-01,DEPT,,54.0,,
IND-320,D67,2022-04-01,DEPT,,54.0,,
IND-320,D67,2022-05-01,DEPT,,62.0,,
IND-320,D67,2022-06-01,DEPT,,52.0,,
IND-320,D67,2022-07-01,DEPT,,66.0,,
IND-320,D67,2022-08-01,DEPT,,39.0,,
IND-320,D67,2022-09-01,DEPT,,53.0,,
IND-320,D67,2022-10-01,DEPT,,56.0,,
IND-320,D67,2022-11-01,DEPT,,50.0,,
IND-320,D67,2022-12-01,DEPT,641.0,40.0,,
IND-320,D67,2023-01-01,DEPT,,67.0,,
IND-320,D67,2023-02-01,DEPT,,595.0,,
IND-320,D67,2023-03-01,DEPT,,585.0,,
IND-320,D67,2023-04-01,DEPT,,582.0,,
IND-320,D67,2023-05-01,DEPT,,582.0,,
IND-320,D67,2023-06-01,DEPT,,564.0,,
IND-320,D67,2023-07-01,DEPT,,542.0,,
IND-320,D67,2023-08-01,DEPT,,530.0,,
IND-320,D67,2023-09-01,DEPT,,524.0,,
IND-320,D67,2023-10-01,DEPT,,516.0,,
IND-320,D67,2023-11-01,DEPT,,510.0,,
IND-320,D67,2023-12-01,DEPT,,504.0,,
IND-320,D67,2024-01-01,DEPT,,475.0,,
IND-320,D67,2024-02-01,DEPT,,476.0,,
IND-320,D67,2024-03-01,DEPT,,467.0,,
IND-320,D67,2024-04-01,DEPT,,455.0,,
IND-320,D67,2024-05-01,DEPT,,451.0,,
IND-320,D67,2024-06-01,DEPT,,455.0,,
IND-320,D67,2024-07-01,DEPT,,476.0,,
IND-320,D67,2024-08-01,DEPT,,486.0,,
IND-320,D67,2024-09-01,DEPT,,485.0,,
IND-320,D67,2024-10-01,DEPT,,479.0,,
IND-320,D67,2024-11-01,DEPT,,471.0,,
IND-320,D68,2022-01-01,DEPT,,26.0,,
IND-320,D68,2022-02-01,DEPT,,22.0,,
IND-320,D68,2022-03-01,DEPT,,26.0,,
IND-320,D68,2022-04-01,DEPT,,27.0,,
IND-320,D68,2022-05-01,DEPT,,34.0,,
IND-320,D68,2022-06-01,DEPT,,31.0,,
IND-320,D68,2022-07-01,DEPT,,33.0,,
IND-320,D68,2022-08-01,DEPT,,35.0,,
IND-320,D68,2022-09-01,DEPT,,21.0,,
IND-320,D68,2022-10-01,DEPT,,29.0,,
IND-320,D68,2022-11-01,DEPT,,18.0,,
IND-320,D68,2022-12-01,DEPT,320.0,18.0,,
IND-320,D68,2023-01-01,DEPT,,26.0,,
IND-320,D68,2023-02-01,DEPT,,315.0,,
IND-320,D68,2023-03-01,DEPT,,312.0,,
IND-320,D68,2023-04-01,DEPT,,314.0,,
IND-320,D68,2023-05-01,DEPT,,302.0,,
IND-320,D68,2023-06-01,DEPT,,301.0,,
IND-320,D68,2023-07-01,DEPT,,284.0,,
IND-320,D68,2023-08-01,DEPT,,269.0,,
IND-320,D68,2023-09-01,DEPT,,277.0,,
IND-320,D68,2023-10-01,DEPT,,280.0,,
IND-320,D68,2023-11-01,DEPT,,290.0,,
IND-320,D68,2023-12-01,DEPT,,291.0,,
IND-320,D68,2024-01-01,DEPT,,290.0,,
IND-320,D68,2024-02-01,DEPT,,293.0,,
IND-320,D68,2024-03-01,DEPT,,286.0,,
IND-320,D68,2024-04-01,DEPT,,284.0,,
IND-320,D68,2024-05-01,DEPT,,284.0,,
IND-320,D68,2024-06-01,DEPT,,279.0,,
IND-320,D68,2024-07-01,DEPT,,292.0,,
IND-320,D68,2024-08-01,DEPT,,291.0,,
IND-320,D68,2024-09-01,DEPT,,283.0,,
IND-320,D68,2024-10-01,DEPT,,269.0,,
IND-320,D68,2024-11-01,DEPT,,251.0,,
IND-320,D69,2022-01-01,DEPT,,297.0,,
IND-320,D69,2022-02-01,DEPT,,320.0,,
IND-320,D69,2022-03-01,DEPT,,357.0,,
IND-320,D69,2022-04-01,DEPT,,220.0,,
IND-320,D69,2022-05-01,DEPT,,449.0,,
IND-320,D69,2022-06-01,DEPT,,500.0,,
IND-320,D69,2022-07-01,DEPT,,453.0,,
IND-320,D69,2022-08-01,DEPT,,295.0,,
IND-320,D69,2022-09-01,DEPT,,316.0,,
IND-320,D69,2022-10-01,DEPT,,295.0,,
IND-320,D69,2022-11-01,DEPT,,224.0,,
IND-320,D69,2022-12-01,DEPT,4000.0,274.0,,
IND-320,D69,2023-01-01,DEPT,,224.0,,
IND-320,D69,2023-02-01,DEPT,,3792.0,,
IND-320,D69,2023-03-01,DEPT,,3685.0,,
IND-320,D69,2023-04-01,DEPT,,3664.0,,
IND-320,D69,2023-05-01,DEPT,,3507.0,,
IND-320,D69,2023-06-01,DEPT,,3325.0,,
IND-320,D69,2023-07-01,DEPT,,3158.0,,
IND-320,D69,2023-08-01,DEPT,,3168.0,,
IND-320,D69,2023-09-01,DEPT,,3156.0,,
IND-320,D69,2023-10-01,DEPT,,3155.0,,
IND-320,D69,2023-11-01,DEPT,,3173.0,,
IND-320,D69,2023-12-01,DEPT,,3116.0,,
IND-320,D69,2024-01-01,DEPT,,3153.0,,
IND-320,D69,2024-02-01,DEPT,,3130.0,,
IND-320,D69,2024-03-01,DEPT,,3065.0,,
IND-320,D69,2024-04-01,DEPT,,3116.0,,
IND-320,D69,2024-05-01,DEPT,,3074.0,,
IND-320,D69,2024-06-01,DEPT,,3026.0,,
IND-320,D69,2024-07-01,DEPT,,3051.0,,
IND-320,D69,2024-08-01,DEPT,,3040.0,,
IND-320,D69,2024-09-01,DEPT,,3001.0,,
IND-320,D69,2024-10-01,DEPT,,3020.0,,
IND-320,D69,2024-11-01,DEPT,,3084.0,,
IND-320,D70,2022-01-01,DEPT,,0.0,,
IND-320,D70,2022-02-01,DEPT,,5.0,,
IND-320,D70,2022-10-01,DEPT,,6.0,,
IND-320,D70,2022-12-01,DEPT,26.0,,,
IND-320,D70,2023-06-01,DEPT,,28.0,,
IND-320,D70,2023-11-01,DEPT,,30.0,,
IND-320,D70,2023-12-01,DEPT,,31.0,,
IND-320,D70,2024-01-01,DEPT,,37.0,,
IND-320,D70,2024-02-01,DEPT,,40.0,,
IND-320,D70,2024-03-01,DEPT,,42.0,,
IND-320,D70,2024-04-01,DEPT,,45.0,,
IND-320,D70,2024-05-01,DEPT,,45.0,,
IND-320,D70,2024-06-01,DEPT,,50.0,,
IND-320,D70,2024-07-01,DEPT,,50.0,,
IND-320,D70,2024-08-01,DEPT,,49.0,,
IND-320,D70,2024-09-01,DEPT,,48.0,,
IND-320,D70,2024-10-01,DEPT,,46.0,,
IND-320,D70,2024-11-01,DEPT,,44.0,,
IND-320,D71,2022-02-01,DEPT,,13.0,,
IND-320,D71,2022-03-01,DEPT,,11.0,,
IND-320,D71,2022-04-01,DEPT,,9.0,,
IND-320,D71,2022-05-01,DEPT,,16.0,,
IND-320,D71,2022-06-01,DEPT,,15.0,,
IND-320,D71,2022-07-01,DEPT,,15.0,,
IND-320,D71,2022-08-01,DEPT,,12.0,,
IND-320,D71,2022-09-01,DEPT,,13.0,,
IND-320,D71,2022-10-01,DEPT,,13.0,,
IND-320,D71,2022-11-01,DEPT,,10.0,,
IND-320,D71,2022-12-01,DEPT,142.0,11.0,,
IND-320,D71,2023-01-01,DEPT,,9.0,,
IND-320,D71,2023-02-01,DEPT,,143.0,,
IND-320,D71,2023-03-01,DEPT,,146.0,,
IND-320,D71,2023-04-01,DEPT,,148.0,,
IND-320,D71,2023-05-01,DEPT,,138.0,,
IND-320,D71,2023-06-01,DEPT,,134.0,,
IND-320,D71,2023-07-01,DEPT,,134.0,,
IND-320,D71,2023-08-01,DEPT,,141.0,,
IND-320,D71,2023-09-01,DEPT,,138.0,,
IND-320,D71,2023-10-01,DEPT,,129.0,,
IND-320,D71,2023-11-01,DEPT,,131.0,,
IND-320,D71,2023-12-01,DEPT,,137.0,,
IND-320,D71,2024-01-01,DEPT,,136.0,,
IND-320,D71,2024-02-01,DEPT,,134.0,,
IND-320,D71,2024-03-01,DEPT,,125.0,,
IND-320,D71,2024-04-01,DEPT,,120.0,,
IND-320,D71,2024-05-01,DEPT,,129.0,,
IND-320,D71,2024-06-01,DEPT,,124.0,,
IND-320,D71,2024-07-01,DEPT,,123.0,,
IND-320,D71,2024-08-01,DEPT,,119.0,,
IND-320,D71,2024-09-01,DEPT,,120.0,,
IND-320,D71,2024-10-01,DEPT,,128.0,,
IND-320,D71,2024-11-01,DEPT,,126.0,,
IND-320,D72,2022-01-01,DEPT,,27.0,,
IND-320,D72,2022-02-01,DEPT,,24.0,,
IND-320,D72,2022-03-01,DEPT,,23.0,,
IND-320,D72,2022-04-01,DEPT,,19.0,,
IND-320,D72,2022-05-01,DEPT,,21.0,,
IND-320,D72,2022-06-01,DEPT,,28.0,,
IND-320,D72,2022-07-01,DEPT,,18.0,,
IND-320,D72,2022-08-01,DEPT,,30.0,,
IND-320,D72,2022-09-01,DEPT,,24.0,,
IND-320,D72,2022-10-01,DEPT,,26.0,,
IND-320,D72,2022-11-01,DEPT,,32.0,,
IND-320,D72,2022-12-01,DEPT,297.0,25.0,,
IND-320,D72,2023-01-01,DEPT,,26.0,,
IND-320,D72,2023-02-01,DEPT,,282.0,,
IND-320,D72,2023-03-01,DEPT,,285.0,,
IND-320,D72,2023-04-01,DEPT,,284.0,,
IND-320,D72,2023-05-01,DEPT,,298.0,,
IND-320,D72,2023-06-01,DEPT,,291.0,,
IND-320,D72,2023-07-01,DEPT,,297.0,,
IND-320,D72,2023-08-01,DEPT,,295.0,,
IND-320,D72,2023-09-01,DEPT,,289.0,,
IND-320,D72,2023-10-01,DEPT,,292.0,,
IND-320,D72,2023-11-01,DEPT,,288.0,,
IND-320,D72,2023-12-01,DEPT,,290.0,,
IND-320,D72,2024-01-01,DEPT,,296.0,,
IND-320,D72,2024-02-01,DEPT,,307.0,,
IND-320,D72,2024-03-01,DEPT,,313.0,,
IND-320,D72,2024-04-01,DEPT,,342.0,,
IND-320,D72,2024-05-01,DEPT,,338.0,,
IND-320,D72,2024-06-01,DEPT,,338.0,,
IND-320,D72,2024-07-01,DEPT,,346.0,,
IND-320,D72,2024-08-01,DEPT,,342.0,,
IND-320,D72,2024-09-01,DEPT,,344.0,,
IND-320,D72,2024-10-01,DEPT,,342.0,,
IND-320,D72,2024-11-01,DEPT,,339.0,,
IND-320,D73,2022-01-01,DEPT,,15.0,,
IND-320,D73,2022-02-01,DEPT,,11.0,,
IND-320,D73,2022-03-01,DEPT,,11.0,,
IND-320,D73,2022-04-01,DEPT,,10.0,,
IND-320,D73,2022-05-01,DEPT,,12.0,,
IND-320,D73,2022-06-01,DEPT,,10.0,,
IND-320,D73,2022-07-01,DEPT,,23.0,,
IND-320,D73,2022-08-01,DEPT,,11.0,,
IND-320,D73,2022-09-01,DEPT,,17.0,,
IND-320,D73,2022-10-01,DEPT,,11.0,,
IND-320,D73,2022-11-01,DEPT,,12.0,,
IND-320,D73,2022-12-01,DEPT,153.0,10.0,,
IND-320,D73,2023-01-01,DEPT,,20.0,,
IND-320,D73,2023-02-01,DEPT,,158.0,,
IND-320,D73,2023-03-01,DEPT,,160.0,,
IND-320,D73,2023-04-01,DEPT,,162.0,,
IND-320,D73,2023-05-01,DEPT,,162.0,,
IND-320,D73,2023-06-01,DEPT,,163.0,,
IND-320,D73,2023-07-01,DEPT,,153.0,,
IND-320,D73,2023-08-01,DEPT,,160.0,,
IND-320,D73,2023-09-01,DEPT,,157.0,,
IND-320,D73,2023-10-01,DEPT,,158.0,,
IND-320,D73,2023-11-01,DEPT,,156.0,,
IND-320,D73,2023-12-01,DEPT,,158.0,,
IND-320,D73,2024-01-01,DEPT,,150.0,,
IND-320,D73,2024-02-01,DEPT,,156.0,,
IND-320,D73,2024-03-01,DEPT,,155.0,,
IND-320,D73,2024-04-01,DEPT,,156.0,,
IND-320,D73,2024-05-01,DEPT,,157.0,,
IND-320,D73,2024-06-01,DEPT,,154.0,,
IND-320,D73,2024-07-01,DEPT,,149.0,,
IND-320,D73,2024-08-01,DEPT,,147.0,,
IND-320,D73,2024-09-01,DEPT,,143.0,,
IND-320,D73,2024-10-01,DEPT,,141.0,,
IND-320,D73,2024-11-01,DEPT,,148.0,,
IND-320,D74,2022-01-01,DEPT,,26.0,,
IND-320,D74,2022-02-01,DEPT,,17.0,,
IND-320,D74,2022-03-01,DEPT,,24.0,,
IND-320,D74,2022-04-01,DEPT,,18.0,,
IND-320,D74,2022-05-01,DEPT,,12.0,,
IND-320,D74,2022-06-01,DEPT,,21.0,,
IND-320,D74,2022-07-01,DEPT,,37.0,,
IND-320,D74,2022-08-01,DEPT,,28.0,,
IND-320,D74,2022-09-01,DEPT,,23.0,,
IND-320,D74,2022-10-01,DEPT,,26.0,,
IND-320,D74,2022-11-01,DEPT,,21.0,,
IND-320,D74,2022-12-01,DEPT,274.0,21.0,,
IND-320,D74,2023-01-01,DEPT,,17.0,,
IND-320,D74,2023-02-01,DEPT,,280.0,,
IND-320,D74,2023-03-01,DEPT,,283.0,,
IND-320,D74,2023-04-01,DEPT,,293.0,,
IND-320,D74,2023-05-01,DEPT,,302.0,,
IND-320,D74,2023-06-01,DEPT,,304.0,,
IND-320,D74,2023-07-01,DEPT,,308.0,,
IND-320,D74,2023-08-01,DEPT,,304.0,,
IND-320,D74,2023-09-01,DEPT,,309.0,,
IND-320,D74,2023-10-01,DEPT,,315.0,,
IND-320,D74,2023-11-01,DEPT,,311.0,,
IND-320,D74,2023-12-01,DEPT,,328.0,,
IND-320,D74,2024-01-01,DEPT,,343.0,,
IND-320,D74,2024-02-01,DEPT,,339.0,,
IND-320,D74,2024-03-01,DEPT,,330.0,,
IND-320,D74,2024-04-01,DEPT,,331.0,,
IND-320,D74,2024-05-01,DEPT,,343.0,,
IND-320,D74,2024-06-01,DEPT,,367.0,,
IND-320,D74,2024-07-01,DEPT,,364.0,,
IND-320,D74,2024-08-01,DEPT,,381.0,,
IND-320,D74,2024-09-01,DEPT,,392.0,,
IND-320,D74,2024-10-01,DEPT,,398.0,,
IND-320,D74,2024-11-01,DEPT,,429.0,,
IND-320,D75,2022-01-01,DEPT,,1129.0,,
IND-320,D75,2022-02-01,DEPT,,1056.0,,
IND-320,D75,2022-03-01,DEPT,,1283.0,,
IND-320,D75,2022-04-01,DEPT,,940.0,,
IND-320,D75,2022-05-01,DEPT,,1264.0,,
IND-320,D75,2022-06-01,DEPT,,1290.0,,
IND-320,D75,2022-07-01,DEPT,,1338.0,,
IND-320,D75,2022-08-01,DEPT,,1084.0,,
IND-320,D75,2022-09-01,DEPT,,977.0,,
IND-320,D75,2022-10-01,DEPT,,949.0,,
IND-320,D75,2022-11-01,DEPT,,840.0,,
IND-320,D75,2022-12-01,DEPT,13013.0,863.0,,
IND-320,D75,2023-01-01,DEPT,,859.0,,
IND-320,D75,2023-02-01,DEPT,,12371.0,,
IND-320,D75,2023-03-01,DEPT,,11826.0,,
IND-320,D75,2023-04-01,DEPT,,11565.0,,
IND-320,D75,2023-05-01,DEPT,,11275.0,,
IND-320,D75,2023-06-01,DEPT,,10971.0,,
IND-320,D75,2023-07-01,DEPT,,10714.0,,
IND-320,D75,2023-08-01,DEPT,,10474.0,,
IND-320,D75,2023-09-01,DEPT,,10474.0,,
IND-320,D75,2023-10-01,DEPT,,10419.0,,
IND-320,D75,2023-11-01,DEPT,,10405.0,,
IND-320,D75,2023-12-01,DEPT,,10271.0,,
IND-320,D75,2024-01-01,DEPT,,10193.0,,
IND-320,D75,2024-02-01,DEPT,,10166.0,,
IND-320,D75,2024-03-01,DEPT,,10058.0,,
IND-320,D75,2024-04-01,DEPT,,10052.0,,
IND-320,D75,2024-05-01,DEPT,,9786.0,,
IND-320,D75,2024-06-01,DEPT,,9488.0,,
IND-320,D75,2024-07-01,DEPT,,9182.0,,
IND-320,D75,2024-08-01,DEPT,,8827.0,,
IND-320,D75,2024-09-01,DEPT,,8419.0,,
IND-320,D75,2024-10-01,DEPT,,8117.0,,
IND-320,D75,2024-11-01,DEPT,,7841.0,,
IND-320,D76,2022-01-01,DEPT,,86.0,,
IND-320,D76,2022-02-01,DEPT,,76.0,,
IND-320,D76,2022-03-01,DEPT,,131.0,,
IND-320,D76,2022-04-01,DEPT,,107.0,,
IND-320,D76,2022-05-01,DEPT,,142.0,,
IND-320,D76,2022-06-01,DEPT,,148.0,,
IND-320,D76,2022-07-01,DEPT,,131.0,,
IND-320,D76,2022-08-01,DEPT,,110.0,,
IND-320,D76,2022-09-01,DEPT,,96.0,,
IND-320,D76,2022-10-01,DEPT,,165.0,,
IND-320,D76,2022-11-01,DEPT,,116.0,,
IND-320,D76,2022-12-01,DEPT,1396.0,88.0,,
IND-320,D76,2023-01-01,DEPT,,99.0,,
IND-320,D76,2023-02-01,DEPT,,1411.0,,
IND-320,D76,2023-03-01,DEPT,,1392.0,,
IND-320,D76,2023-04-01,DEPT,,1366.0,,
IND-320,D76,2023-05-01,DEPT,,1333.0,,
IND-320,D76,2023-06-01,DEPT,,1334.0,,
IND-320,D76,2023-07-01,DEPT,,1291.0,,
IND-320,D76,2023-08-01,DEPT,,1270.0,,
IND-320,D76,2023-09-01,DEPT,,1260.0,,
IND-320,D76,2023-10-01,DEPT,,1187.0,,
IND-320,D76,2023-11-01,DEPT,,1153.0,,
IND-320,D76,2023-12-01,DEPT,,1146.0,,
IND-320,D76,2024-01-01,DEPT,,1123.0,,
IND-320,D76,2024-02-01,DEPT,,1130.0,,
IND-320,D76,2024-03-01,DEPT,,1108.0,,
IND-320,D76,2024-04-01,DEPT,,1101.0,,
IND-320,D76,2024-05-01,DEPT,,1061.0,,
IND-320,D76,2024-06-01,DEPT,,1001.0,,
IND-320,D76,2024-07-01,DEPT,,992.0,,
IND-320,D76,2024-08-01,DEPT,,990.0,,
IND-320,D76,2024-09-01,DEPT,,998.0,,
IND-320,D76,2024-10-01,DEPT,,982.0,,
IND-320,D76,2024-11-01,DEPT,,976.0,,
IND-320,D77,2022-01-01,DEPT,,80.0,,
IND-320,D77,2022-02-01,DEPT,,90.0,,
IND-320,D77,2022-03-01,DEPT,,88.0,,
IND-320,D77,2022-04-01,DEPT,,86.0,,
IND-320,D77,2022-05-01,DEPT,,109.0,,
IND-320,D77,2022-06-01,DEPT,,116.0,,
IND-320,D77,2022-07-01,DEPT,,78.0,,
IND-320,D77,2022-08-01,DEPT,,81.0,,
IND-320,D77,2022-09-01,DEPT,,75.0,,
IND-320,D77,2022-10-01,DEPT,,90.0,,
IND-320,D77,2022-11-01,DEPT,,78.0,,
IND-320,D77,2022-12-01,DEPT,1064.0,93.0,,
IND-320,D77,2023-01-01,DEPT,,88.0,,
IND-320,D77,2023-02-01,DEPT,,1040.0,,
IND-320,D77,2023-03-01,DEPT,,1024.0,,
IND-320,D77,2023-04-01,DEPT,,1033.0,,
IND-320,D77,2023-05-01,DEPT,,1006.0,,
IND-320,D77,2023-06-01,DEPT,,996.0,,
IND-320,D77,2023-07-01,DEPT,,993.0,,
IND-320,D77,2023-08-01,DEPT,,994.0,,
IND-320,D77,2023-09-01,DEPT,,1008.0,,
IND-320,D77,2023-10-01,DEPT,,999.0,,
IND-320,D77,2023-11-01,DEPT,,1020.0,,
IND-320,D77,2023-12-01,DEPT,,1017.0,,
IND-320,D77,2024-01-01,DEPT,,1015.0,,
IND-320,D77,2024-02-01,DEPT,,1021.0,,
IND-320,D77,2024-03-01,DEPT,,1022.0,,
IND-320,D77,2024-04-01,DEPT,,1005.0,,
IND-320,D77,2024-05-01,DEPT,,1020.0,,
IND-320,D77,2024-06-01,DEPT,,1016.0,,
IND-320,D77,2024-07-01,DEPT,,1022.0,,
IND-320,D77,2024-08-01,DEPT,,1025.0,,
IND-320,D77,2024-09-01,DEPT,,1020.0,,
IND-320,D77,2024-10-01,DEPT,,1011.0,,
IND-320,D77,2024-11-01,DEPT,,1000.0,,
IND-320,D78,2022-01-01,DEPT,,81.0,,
IND-320,D78,2022-02-01,DEPT,,62.0,,
IND-320,D78,2022-03-01,DEPT,,106.0,,
IND-320,D78,2022-04-01,DEPT,,76.0,,
IND-320,D78,2022-05-01,DEPT,,106.0,,
IND-320,D78,2022-06-01,DEPT,,101.0,,
IND-320,D78,2022-07-01,DEPT,,101.0,,
IND-320,D78,2022-08-01,DEPT,,64.0,,
IND-320,D78,2022-09-01,DEPT,,84.0,,
IND-320,D78,2022-10-01,DEPT,,91.0,,
IND-320,D78,2022-11-01,DEPT,,60.0,,
IND-320,D78,2022-12-01,DEPT,1004.0,72.0,,
IND-320,D78,2023-01-01,DEPT,,81.0,,
IND-320,D78,2023-02-01,DEPT,,978.0,,
IND-320,D78,2023-03-01,DEPT,,952.0,,
IND-320,D78,2023-04-01,DEPT,,942.0,,
IND-320,D78,2023-05-01,DEPT,,928.0,,
IND-320,D78,2023-06-01,DEPT,,918.0,,
IND-320,D78,2023-07-01,DEPT,,898.0,,
IND-320,D78,2023-08-01,DEPT,,900.0,,
IND-320,D78,2023-09-01,DEPT,,907.0,,
IND-320,D78,2023-10-01,DEPT,,893.0,,
IND-320,D78,2023-11-01,DEPT,,913.0,,
IND-320,D78,2023-12-01,DEPT,,912.0,,
IND-320,D78,2024-01-01,DEPT,,913.0,,
IND-320,D78,2024-02-01,DEPT,,930.0,,
IND-320,D78,2024-03-01,DEPT,,928.0,,
IND-320,D78,2024-04-01,DEPT,,928.0,,
IND-320,D78,2024-05-01,DEPT,,914.0,,
IND-320,D78,2024-06-01,DEPT,,907.0,,
IND-320,D78,2024-07-01,DEPT,,922.0,,
IND-320,D78,2024-08-01,DEPT,,918.0,,
IND-320,D78,2024-09-01,DEPT,,879.0,,
IND-320,D78,2024-10-01,DEPT,,856.0,,
IND-320,D78,2024-11-01,DEPT,,846.0,,
IND-320,D79,2022-01-01,DEPT,,8.0,,
IND-320,D79,2022-02-01,DEPT,,6.0,,
IND-320,D79,2022-03-01,DEPT,,11.0,,
IND-320,D79,2022-04-01,DEPT,,10.0,,
IND-320,D79,2022-05-01,DEPT,,8.0,,
IND-320,D79,2022-06-01,DEPT,,19.0,,
IND-320,D79,2022-07-01,DEPT,,10.0,,
IND-320,D79,2022-08-01,DEPT,,15.0,,
IND-320,D79,2022-09-01,DEPT,,12.0,,
IND-320,D79,2022-10-01,DEPT,,10.0,,
IND-320,D79,2022-11-01,DEPT,,15.0,,
IND-320,D79,2022-12-01,DEPT,134.0,10.0,,
IND-320,D79,2023-01-01,DEPT,,17.0,,
IND-320,D79,2023-02-01,DEPT,,142.0,,
IND-320,D79,2023-03-01,DEPT,,141.0,,
IND-320,D79,2023-04-01,DEPT,,140.0,,
IND-320,D79,2023-05-01,DEPT,,148.0,,
IND-320,D79,2023-06-01,DEPT,,145.0,,
IND-320,D79,2023-07-01,DEPT,,149.0,,
IND-320,D79,2023-08-01,DEPT,,140.0,,
IND-320,D79,2023-09-01,DEPT,,138.0,,
IND-320,D79,2023-10-01,DEPT,,137.0,,
IND-320,D79,2023-11-01,DEPT,,129.0,,
IND-320,D79,2023-12-01,DEPT,,126.0,,
IND-320,D79,2024-01-01,DEPT,,127.0,,
IND-320,D79,2024-02-01,DEPT,,126.0,,
IND-320,D79,2024-03-01,DEPT,,124.0,,
IND-320,D79,2024-04-01,DEPT,,121.0,,
IND-320,D79,2024-05-01,DEPT,,108.0,,
IND-320,D79,2024-06-01,DEPT,,111.0,,
IND-320,D79,2024-07-01,DEPT,,109.0,,
IND-320,D79,2024-08-01,DEPT,,106.0,,
IND-320,D79,2024-09-01,DEPT,,99.0,,
IND-320,D79,2024-10-01,DEPT,,97.0,,
IND-320,D79,2024-11-01,DEPT,,99.0,,
IND-320,D80,2022-01-01,DEPT,,25.0,,
IND-320,D80,2022-02-01,DEPT,,32.0,,
IND-320,D80,2022-03-01,DEPT,,33.0,,
IND-320,D80,2022-04-01,DEPT,,28.0,,
IND-320,D80,2022-05-01,DEPT,,28.0,,
IND-320,D80,2022-06-01,DEPT,,42.0,,
IND-320,D80,2022-07-01,DEPT,,30.0,,
IND-320,D80,2022-08-01,DEPT,,25.0,,
IND-320,D80,2022-09-01,DEPT,,19.0,,
IND-320,D80,2022-10-01,DEPT,,30.0,,
IND-320,D80,2022-11-01,DEPT,,17.0,,
IND-320,D80,2022-12-01,DEPT,339.0,30.0,,
IND-320,D80,2023-01-01,DEPT,,32.0,,
IND-320,D80,2023-02-01,DEPT,,336.0,,
IND-320,D80,2023-03-01,DEPT,,330.0,,
IND-320,D80,2023-04-01,DEPT,,326.0,,
IND-320,D80,2023-05-01,DEPT,,328.0,,
IND-320,D80,2023-06-01,DEPT,,315.0,,
IND-320,D80,2023-07-01,DEPT,,319.0,,
IND-320,D80,2023-08-01,DEPT,,315.0,,
IND-320,D80,2023-09-01,DEPT,,324.0,,
IND-320,D80,2023-10-01,DEPT,,332.0,,
IND-320,D80,2023-11-01,DEPT,,348.0,,
IND-320,D80,2023-12-01,DEPT,,342.0,,
IND-320,D80,2024-01-01,DEPT,,334.0,,
IND-320,D80,2024-02-01,DEPT,,331.0,,
IND-320,D80,2024-03-01,DEPT,,329.0,,
IND-320,D80,2024-04-01,DEPT,,341.0,,
IND-320,D80,2024-05-01,DEPT,,345.0,,
IND-320,D80,2024-06-01,DEPT,,349.0,,
IND-320,D80,2024-07-01,DEPT,,348.0,,
IND-320,D80,2024-08-01,DEPT,,349.0,,
IND-320,D80,2024-09-01,DEPT,,352.0,,
IND-320,D80,2024-10-01,DEPT,,344.0,,
IND-320,D80,2024-11-01,DEPT,,325.0,,
IND-320,D81,2022-01-01,DEPT,,8.0,,
IND-320,D81,2022-02-01,DEPT,,10.0,,
IND-320,D81,2022-03-01,DEPT,,8.0,,
IND-320,D81,2022-04-01,DEPT,,13.0,,
IND-320,D81,2022-05-01,DEPT,,12.0,,
IND-320,D81,2022-06-01,DEPT,,13.0,,
IND-320,D81,2022-07-01,DEPT,,9.0,,
IND-320,D81,2022-08-01,DEPT,,8.0,,
IND-320,D81,2022-09-01,DEPT,,14.0,,
IND-320,D81,2022-10-01,DEPT,,12.0,,
IND-320,D81,2022-11-01,DEPT,,11.0,,
IND-320,D81,2022-12-01,DEPT,124.0,6.0,,
IND-320,D81,2023-01-01,DEPT,,10.0,,
IND-320,D81,2023-02-01,DEPT,,120.0,,
IND-320,D81,2023-03-01,DEPT,,117.0,,
IND-320,D81,2023-04-01,DEPT,,113.0,,
IND-320,D81,2023-05-01,DEPT,,117.0,,
IND-320,D81,2023-06-01,DEPT,,116.0,,
IND-320,D81,2023-07-01,DEPT,,120.0,,
IND-320,D81,2023-09-01,DEPT,,121.0,,
IND-320,D81,2023-10-01,DEPT,,116.0,,
IND-320,D81,2023-11-01,DEPT,,112.0,,
IND-320,D81,2023-12-01,DEPT,,116.0,,
IND-320,D81,2024-01-01,DEPT,,118.0,,
IND-320,D81,2024-02-01,DEPT,,122.0,,
IND-320,D81,2024-03-01,DEPT,,120.0,,
IND-320,D81,2024-04-01,DEPT,,118.0,,
IND-320,D81,2024-05-01,DEPT,,114.0,,
IND-320,D81,2024-06-01,DEPT,,110.0,,
IND-320,D81,2024-07-01,DEPT,,105.0,,
IND-320,D81,2024-08-01,DEPT,,110.0,,
IND-320,D81,2024-09-01,DEPT,,94.0,,
IND-320,D81,2024-10-01,DEPT,,95.0,,
IND-320,D81,2024-11-01,DEPT,,93.0,,
IND-320,D82,2022-04-01,DEPT,,6.0,,
IND-320,D82,2022-05-01,DEPT,,8.0,,
IND-320,D82,2022-07-01,DEPT,,9.0,,
IND-320,D82,2022-09-01,DEPT,,5.0,,
IND-320,D82,2022-10-01,DEPT,,7.0,,
IND-320,D82,2022-12-01,DEPT,52.0,,,
IND-320,D82,2023-02-01,DEPT,,58.0,,
IND-320,D82,2023-03-01,DEPT,,59.0,,
IND-320,D82,2023-05-01,DEPT,,48.0,,
IND-320,D82,2023-06-01,DEPT,,53.0,,
IND-320,D82,2023-09-01,DEPT,,51.0,,
IND-320,D82,2023-10-01,DEPT,,49.0,,
IND-320,D82,2023-12-01,DEPT,,54.0,,
IND-320,D82,2024-01-01,DEPT,,57.0,,
IND-320,D82,2024-02-01,DEPT,,59.0,,
IND-320,D82,2024-03-01,DEPT,,56.0,,
IND-320,D82,2024-04-01,DEPT,,59.0,,
IND-320,D82,2024-05-01,DEPT,,63.0,,
IND-320,D82,2024-06-01,DEPT,,63.0,,
IND-320,D82,2024-07-01,DEPT,,60.0,,
IND-320,D82,2024-08-01,DEPT,,63.0,,
IND-320,D82,2024-09-01,DEPT,,63.0,,
IND-320,D82,2024-10-01,DEPT,,62.0,,
IND-320,D82,2024-11-01,DEPT,,65.0,,
IND-320,D83,2022-01-01,DEPT,,45.0,,
IND-320,D83,2022-02-01,DEPT,,50.0,,
IND-320,D83,2022-03-01,DEPT,,46.0,,
IND-320,D83,2022-04-01,DEPT,,30.0,,
IND-320,D83,2022-05-01,DEPT,,54.0,,
IND-320,D83,2022-06-01,DEPT,,72.0,,
IND-320,D83,2022-07-01,DEPT,,89.0,,
IND-320,D83,2022-08-01,DEPT,,90.0,,
IND-320,D83,2022-09-01,DEPT,,67.0,,
IND-320,D83,2022-10-01,DEPT,,56.0,,
IND-320,D83,2022-11-01,DEPT,,38.0,,
IND-320,D83,2022-12-01,DEPT,686.0,49.0,,
IND-320,D83,2023-01-01,DEPT,,48.0,,
IND-320,D83,2023-02-01,DEPT,,687.0,,
IND-320,D83,2023-03-01,DEPT,,698.0,,
IND-320,D83,2023-04-01,DEPT,,710.0,,
IND-320,D83,2023-05-01,DEPT,,710.0,,
IND-320,D83,2023-06-01,DEPT,,730.0,,
IND-320,D83,2023-07-01,DEPT,,737.0,,
IND-320,D83,2023-08-01,DEPT,,753.0,,
IND-320,D83,2023-09-01,DEPT,,746.0,,
IND-320,D83,2023-10-01,DEPT,,773.0,,
IND-320,D83,2023-11-01,DEPT,,788.0,,
IND-320,D83,2023-12-01,DEPT,,804.0,,
IND-320,D83,2024-01-01,DEPT,,813.0,,
IND-320,D83,2024-02-01,DEPT,,809.0,,
IND-320,D83,2024-03-01,DEPT,,792.0,,
IND-320,D83,2024-04-01,DEPT,,799.0,,
IND-320,D83,2024-05-01,DEPT,,789.0,,
IND-320,D83,2024-06-01,DEPT,,746.0,,
IND-320,D83,2024-07-01,DEPT,,728.0,,
IND-320,D83,2024-08-01,DEPT,,707.0,,
IND-320,D83,2024-09-01,DEPT,,699.0,,
IND-320,D83,2024-10-01,DEPT,,670.0,,
IND-320,D83,2024-11-01,DEPT,,663.0,,
IND-320,D84,2022-01-01,DEPT,,24.0,,
IND-320,D84,2022-02-01,DEPT,,23.0,,
IND-320,D84,2022-03-01,DEPT,,23.0,,
IND-320,D84,2022-04-01,DEPT,,21.0,,
IND-320,D84,2022-05-01,DEPT,,37.0,,
IND-320,D84,2022-06-01,DEPT,,37.0,,
IND-320,D84,2022-07-01,DEPT,,46.0,,
IND-320,D84,2022-08-01,DEPT,,39.0,,
IND-320,D84,2022-09-01,DEPT,,29.0,,
IND-320,D84,2022-10-01,DEPT,,37.0,,
IND-320,D84,2022-11-01,DEPT,,27.0,,
IND-320,D84,2022-12-01,DEPT,372.0,29.0,,
IND-320,D84,2023-01-01,DEPT,,26.0,,
IND-320,D84,2023-02-01,DEPT,,371.0,,
IND-320,D84,2023-03-01,DEPT,,375.0,,
IND-320,D84,2023-04-01,DEPT,,379.0,,
IND-320,D84,2023-05-01,DEPT,,373.0,,
IND-320,D84,2023-06-01,DEPT,,360.0,,
IND-320,D84,2023-07-01,DEPT,,345.0,,
IND-320,D84,2023-08-01,DEPT,,340.0,,
IND-320,D84,2023-09-01,DEPT,,340.0,,
IND-320,D84,2023-10-01,DEPT,,346.0,,
IND-320,D84,2023-11-01,DEPT,,349.0,,
IND-320,D84,2023-12-01,DEPT,,355.0,,
IND-320,D84,2024-01-01,DEPT,,358.0,,
IND-320,D84,2024-02-01,DEPT,,362.0,,
IND-320,D84,2024-03-01,DEPT,,356.0,,
IND-320,D84,2024-04-01,DEPT,,353.0,,
IND-320,D84,2024-05-01,DEPT,,355.0,,
IND-320,D84,2024-06-01,DEPT,,371.0,,
IND-320,D84,2024-07-01,DEPT,,377.0,,
IND-320,D84,2024-08-01,DEPT,,381.0,,
IND-320,D84,2024-09-01,DEPT,,387.0,,
IND-320,D84,2024-10-01,DEPT,,376.0,,
IND-320,D84,2024-11-01,DEPT,,366.0,,
IND-320,D85,2022-01-01,DEPT,,7.0,,
IND-320,D85,2022-02-01,DEPT,,12.0,,
IND-320,D85,2022-03-01,DEPT,,6.0,,
IND-320,D85,2022-04-01,DEPT,,9.0,,
IND-320,D85,2022-05-01,DEPT,,9.0,,
IND-320,D85,2022-06-01,DEPT,,11.0,,
IND-320,D85,2022-07-01,DEPT,,10.0,,
IND-320,D85,2022-08-01,DEPT,,13.0,,
IND-320,D85,2022-09-01,DEPT,,11.0,,
IND-320,D85,2022-10-01,DEPT,,9.0,,
IND-320,D85,2022-11-01,DEPT,,9.0,,
IND-320,D85,2022-12-01,DEPT,110.0,,,
IND-320,D85,2023-01-01,DEPT,,10.0,,
IND-320,D85,2023-02-01,DEPT,,104.0,,
IND-320,D85,2023-03-01,DEPT,,115.0,,
IND-320,D85,2023-04-01,DEPT,,119.0,,
IND-320,D85,2023-05-01,DEPT,,123.0,,
IND-320,D85,2023-06-01,DEPT,,121.0,,
IND-320,D85,2023-07-01,DEPT,,121.0,,
IND-320,D85,2023-08-01,DEPT,,124.0,,
IND-320,D85,2023-09-01,DEPT,,123.0,,
IND-320,D85,2023-10-01,DEPT,,129.0,,
IND-320,D85,2023-11-01,DEPT,,132.0,,
IND-320,D85,2023-12-01,DEPT,,140.0,,
IND-320,D85,2024-01-01,DEPT,,137.0,,
IND-320,D85,2024-02-01,DEPT,,130.0,,
IND-320,D85,2024-03-01,DEPT,,124.0,,
IND-320,D85,2024-04-01,DEPT,,124.0,,
IND-320,D85,2024-05-01,DEPT,,120.0,,
IND-320,D85,2024-06-01,DEPT,,120.0,,
IND-320,D85,2024-07-01,DEPT,,118.0,,
IND-320,D85,2024-08-01,DEPT,,112.0,,
IND-320,D85,2024-09-01,DEPT,,117.0,,
IND-320,D85,2024-10-01,DEPT,,121.0,,
IND-320,D85,2024-11-01,DEPT,,117.0,,
IND-320,D86,2022-01-01,DEPT,,13.0,,
IND-320,D86,2022-02-01,DEPT,,7.0,,
IND-320,D86,2022-03-01,DEPT,,21.0,,
IND-320,D86,2022-04-01,DEPT,,7.0,,
IND-320,D86,2022-05-01,DEPT,,13.0,,
IND-320,D86,2022-06-01,DEPT,,10.0,,
IND-320,D86,2022-07-01,DEPT,,20.0,,
IND-320,D86,2022-08-01,DEPT,,13.0,,
IND-320,D86,2022-09-01,DEPT,,15.0,,
IND-320,D86,2022-10-01,DEPT,,22.0,,
IND-320,D86,2022-11-01,DEPT,,16.0,,
IND-320,D86,2022-12-01,DEPT,167.0,10.0,,
IND-320,D86,2023-01-01,DEPT,,19.0,,
IND-320,D86,2023-02-01,DEPT,,173.0,,
IND-320,D86,2023-03-01,DEPT,,164.0,,
IND-320,D86,2023-04-01,DEPT,,173.0,,
IND-320,D86,2023-05-01,DEPT,,177.0,,
IND-320,D86,2023-06-01,DEPT,,195.0,,
IND-320,D86,2023-07-01,DEPT,,194.0,,
IND-320,D86,2023-08-01,DEPT,,187.0,,
IND-320,D86,2023-09-01,DEPT,,191.0,,
IND-320,D86,2023-10-01,DEPT,,191.0,,
IND-320,D86,2023-11-01,DEPT,,180.0,,
IND-320,D86,2023-12-01,DEPT,,178.0,,
IND-320,D86,2024-01-01,DEPT,,178.0,,
IND-320,D86,2024-02-01,DEPT,,174.0,,
IND-320,D86,2024-03-01,DEPT,,171.0,,
IND-320,D86,2024-04-01,DEPT,,175.0,,
IND-320,D86,2024-05-01,DEPT,,174.0,,
IND-320,D86,2024-06-01,DEPT,,168.0,,
IND-320,D86,2024-07-01,DEPT,,175.0,,
IND-320,D86,2024-08-01,DEPT,,175.0,,
IND-320,D86,2024-09-01,DEPT,,179.0,,
IND-320,D86,2024-10-01,DEPT,,179.0,,
IND-320,D86,2024-11-01,DEPT,,185.0,,
IND-320,D87,2022-01-01,DEPT,,14.0,,
IND-320,D87,2022-02-01,DEPT,,12.0,,
IND-320,D87,2022-03-01,DEPT,,9.0,,
IND-320,D87,2022-04-01,DEPT,,7.0,,
IND-320,D87,2022-05-01,DEPT,,13.0,,
IND-320,D87,2022-06-01,DEPT,,9.0,,
IND-320,D87,2022-07-01,DEPT,,18.0,,
IND-320,D87,2022-08-01,DEPT,,16.0,,
IND-320,D87,2022-09-01,DEPT,,9.0,,
IND-320,D87,2022-10-01,DEPT,,11.0,,
IND-320,D87,2022-11-01,DEPT,,9.0,,
IND-320,D87,2022-12-01,DEPT,144.0,17.0,,
IND-320,D87,2023-01-01,DEPT,,11.0,,
IND-320,D87,2023-02-01,DEPT,,143.0,,
IND-320,D87,2023-03-01,DEPT,,148.0,,
IND-320,D87,2023-04-01,DEPT,,150.0,,
IND-320,D87,2023-05-01,DEPT,,157.0,,
IND-320,D87,2023-06-01,DEPT,,157.0,,
IND-320,D87,2023-07-01,DEPT,,160.0,,
IND-320,D87,2023-08-01,DEPT,,158.0,,
IND-320,D87,2023-09-01,DEPT,,165.0,,
IND-320,D87,2023-10-01,DEPT,,167.0,,
IND-320,D87,2023-11-01,DEPT,,172.0,,
IND-320,D87,2023-12-01,DEPT,,170.0,,
IND-320,D87,2024-01-01,DEPT,,178.0,,
IND-320,D87,2024-02-01,DEPT,,172.0,,
IND-320,D87,2024-03-01,DEPT,,167.0,,
IND-320,D87,2024-04-01,DEPT,,170.0,,
IND-320,D87,2024-05-01,DEPT,,156.0,,
IND-320,D87,2024-06-01,DEPT,,153.0,,
IND-320,D87,2024-07-01,DEPT,,144.0,,
IND-320,D87,2024-08-01,DEPT,,141.0,,
IND-320,D87,2024-09-01,DEPT,,131.0,,
IND-320,D87,2024-10-01,DEPT,,129.0,,
IND-320,D87,2024-11-01,DEPT,,124.0,,
IND-320,D88,2022-01-01,DEPT,,8.0,,
IND-320,D88,2022-02-01,DEPT,,7.0,,
IND-320,D88,2022-03-01,DEPT,,7.0,,
IND-320,D88,2022-04-01,DEPT,,5.0,,
IND-320,D88,2022-05-01,DEPT,,9.0,,
IND-320,D88,2022-06-01,DEPT,,9.0,,
IND-320,D88,2022-07-01,DEPT,,8.0,,
IND-320,D88,2022-08-01,DEPT,,6.0,,
IND-320,D88,2022-09-01,DEPT,,9.0,,
IND-320,D88,2022-10-01,DEPT,,5.0,,
IND-320,D88,2022-11-01,DEPT,,5.0,,
IND-320,D88,2022-12-01,DEPT,83.0,5.0,,
IND-320,D88,2023-01-01,DEPT,,6.0,,
IND-320,D88,2023-02-01,DEPT,,88.0,,
IND-320,D88,2023-04-01,DEPT,,86.0,,
IND-320,D88,2023-06-01,DEPT,,78.0,,
IND-320,D88,2023-07-01,DEPT,,81.0,,
IND-320,D88,2023-10-01,DEPT,,75.0,,
IND-320,D88,2023-11-01,DEPT,,77.0,,
IND-320,D88,2023-12-01,DEPT,,81.0,,
IND-320,D88,2024-01-01,DEPT,,82.0,,
IND-320,D88,2024-02-01,DEPT,,79.0,,
IND-320,D88,2024-03-01,DEPT,,85.0,,
IND-320,D88,2024-04-01,DEPT,,86.0,,
IND-320,D88,2024-05-01,DEPT,,87.0,,
IND-320,D88,2024-06-01,DEPT,,90.0,,
IND-320,D88,2024-07-01,DEPT,,89.0,,
IND-320,D88,2024-08-01,DEPT,,97.0,,
IND-320,D88,2024-09-01,DEPT,,96.0,,
IND-320,D88,2024-10-01,DEPT,,89.0,,
IND-320,D88,2024-11-01,DEPT,,90.0,,
IND-320,D89,2022-01-01,DEPT,,14.0,,
IND-320,D89,2022-02-01,DEPT,,10.0,,
IND-320,D89,2022-03-01,DEPT,,11.0,,
IND-320,D89,2022-04-01,DEPT,,13.0,,
IND-320,D89,2022-05-01,DEPT,,14.0,,
IND-320,D89,2022-06-01,DEPT,,10.0,,
IND-320,D89,2022-07-01,DEPT,,9.0,,
IND-320,D89,2022-08-01,DEPT,,7.0,,
IND-320,D89,2022-09-01,DEPT,,11.0,,
IND-320,D89,2022-10-01,DEPT,,12.0,,
IND-320,D89,2022-11-01,DEPT,,10.0,,
IND-320,D89,2022-12-01,DEPT,138.0,17.0,,
IND-320,D89,2023-01-01,DEPT,,11.0,,
IND-320,D89,2023-02-01,DEPT,,136.0,,
IND-320,D89,2023-03-01,DEPT,,139.0,,
IND-320,D89,2023-04-01,DEPT,,138.0,,
IND-320,D89,2023-05-01,DEPT,,133.0,,
IND-320,D89,2023-06-01,DEPT,,132.0,,
IND-320,D89,2023-07-01,DEPT,,133.0,,
IND-320,D89,2023-08-01,DEPT,,129.0,,
IND-320,D89,2023-09-01,DEPT,,133.0,,
IND-320,D89,2023-10-01,DEPT,,130.0,,
IND-320,D89,2023-11-01,DEPT,,133.0,,
IND-320,D89,2023-12-01,DEPT,,128.0,,
IND-320,D89,2024-01-01,DEPT,,127.0,,
IND-320,D89,2024-02-01,DEPT,,111.0,,
IND-320,D89,2024-03-01,DEPT,,113.0,,
IND-320,D89,2024-04-01,DEPT,,108.0,,
IND-320,D89,2024-05-01,DEPT,,110.0,,
IND-320,D89,2024-06-01,DEPT,,107.0,,
IND-320,D89,2024-07-01,DEPT,,106.0,,
IND-320,D89,2024-08-01,DEPT,,106.0,,
IND-320,D89,2024-09-01,DEPT,,98.0,,
IND-320,D89,2024-10-01,DEPT,,97.0,,
IND-320,D89,2024-11-01,DEPT,,98.0,,
IND-320,D90,2022-06-01,DEPT,,5.0,,
IND-320,D90,2022-08-01,DEPT,,5.0,,
IND-320,D90,2022-12-01,DEPT,34.0,,,
IND-320,D90,2023-01-01,DEPT,,6.0,,
IND-320,D90,2023-05-01,DEPT,,38.0,,
IND-320,D90,2023-06-01,DEPT,,41.0,,
IND-320,D90,2023-07-01,DEPT,,48.0,,
IND-320,D90,2023-08-01,DEPT,,54.0,,
IND-320,D90,2023-09-01,DEPT,,56.0,,
IND-320,D90,2023-10-01,DEPT,,55.0,,
IND-320,D90,2023-11-01,DEPT,,60.0,,
IND-320,D90,2023-12-01,DEPT,,64.0,,
IND-320,D90,2024-01-01,DEPT,,60.0,,
IND-320,D90,2024-02-01,DEPT,,61.0,,
IND-320,D90,2024-03-01,DEPT,,63.0,,
IND-320,D90,2024-04-01,DEPT,,67.0,,
IND-320,D90,2024-05-01,DEPT,,69.0,,
IND-320,D90,2024-06-01,DEPT,,64.0,,
IND-320,D90,2024-07-01,DEPT,,65.0,,
IND-320,D90,2024-08-01,DEPT,,59.0,,
IND-320,D90,2024-09-01,DEPT,,58.0,,
IND-320,D90,2024-10-01,DEPT,,59.0,,
IND-320,D90,2024-11-01,DEPT,,53.0,,
IND-320,D91,2022-01-01,DEPT,,110.0,,
IND-320,D91,2022-02-01,DEPT,,123.0,,
IND-320,D91,2022-03-01,DEPT,,137.0,,
IND-320,D91,2022-04-01,DEPT,,95.0,,
IND-320,D91,2022-05-01,DEPT,,149.0,,
IND-320,D91,2022-06-01,DEPT,,151.0,,
IND-320,D91,2022-07-01,DEPT,,118.0,,
IND-320,D91,2022-08-01,DEPT,,97.0,,
IND-320,D91,2022-09-01,DEPT,,110.0,,
IND-320,D91,2022-10-01,DEPT,,109.0,,
IND-320,D91,2022-11-01,DEPT,,136.0,,
IND-320,D91,2022-12-01,DEPT,1428.0,93.0,,
IND-320,D91,2023-01-01,DEPT,,132.0,,
IND-320,D91,2023-02-01,DEPT,,1401.0,,
IND-320,D91,2023-03-01,DEPT,,1370.0,,
IND-320,D91,2023-04-01,DEPT,,1368.0,,
IND-320,D91,2023-05-01,DEPT,,1325.0,,
IND-320,D91,2023-06-01,DEPT,,1309.0,,
IND-320,D91,2023-07-01,DEPT,,1315.0,,
IND-320,D91,2023-08-01,DEPT,,1329.0,,
IND-320,D91,2023-09-01,DEPT,,1334.0,,
IND-320,D91,2023-10-01,DEPT,,1345.0,,
IND-320,D91,2023-11-01,DEPT,,1330.0,,
IND-320,D91,2023-12-01,DEPT,,1345.0,,
IND-320,D91,2024-01-01,DEPT,,1330.0,,
IND-320,D91,2024-02-01,DEPT,,1313.0,,
IND-320,D91,2024-03-01,DEPT,,1323.0,,
IND-320,D91,2024-04-01,DEPT,,1336.0,,
IND-320,D91,2024-05-01,DEPT,,1339.0,,
IND-320,D91,2024-06-01,DEPT,,1313.0,,
IND-320,D91,2024-07-01,DEPT,,1303.0,,
IND-320,D91,2024-08-01,DEPT,,1323.0,,
IND-320,D91,2024-09-01,DEPT,,1305.0,,
IND-320,D91,2024-10-01,DEPT,,1258.0,,
IND-320,D91,2024-11-01,DEPT,,1263.0,,
IND-320,D92,2022-01-01,DEPT,,175.0,,
IND-320,D92,2022-02-01,DEPT,,180.0,,
IND-320,D92,2022-03-01,DEPT,,197.0,,
IND-320,D92,2022-04-01,DEPT,,171.0,,
IND-320,D92,2022-05-01,DEPT,,225.0,,
IND-320,D92,2022-06-01,DEPT,,192.0,,
IND-320,D92,2022-07-01,DEPT,,195.0,,
IND-320,D92,2022-08-01,DEPT,,179.0,,
IND-320,D92,2022-09-01,DEPT,,199.0,,
IND-320,D92,2022-10-01,DEPT,,166.0,,
IND-320,D92,2022-11-01,DEPT,,169.0,,
IND-320,D92,2022-12-01,DEPT,2202.0,154.0,,
IND-320,D92,2023-01-01,DEPT,,149.0,,
IND-320,D92,2023-02-01,DEPT,,2123.0,,
IND-320,D92,2023-03-01,DEPT,,2079.0,,
IND-320,D92,2023-04-01,DEPT,,2045.0,,
IND-320,D92,2023-05-01,DEPT,,1962.0,,
IND-320,D92,2023-06-01,DEPT,,1949.0,,
IND-320,D92,2023-07-01,DEPT,,1945.0,,
IND-320,D92,2023-08-01,DEPT,,1939.0,,
IND-320,D92,2023-09-01,DEPT,,1897.0,,
IND-320,D92,2023-10-01,DEPT,,1905.0,,
IND-320,D92,2023-11-01,DEPT,,1888.0,,
IND-320,D92,2023-12-01,DEPT,,1887.0,,
IND-320,D92,2024-01-01,DEPT,,1867.0,,
IND-320,D92,2024-02-01,DEPT,,1851.0,,
IND-320,D92,2024-03-01,DEPT,,1804.0,,
IND-320,D92,2024-04-01,DEPT,,1781.0,,
IND-320,D92,2024-05-01,DEPT,,1765.0,,
IND-320,D92,2024-06-01,DEPT,,1696.0,,
IND-320,D92,2024-07-01,DEPT,,1643.0,,
IND-320,D92,2024-08-01,DEPT,,1564.0,,
IND-320,D92,2024-09-01,DEPT,,1538.0,,
IND-320,D92,2024-10-01,DEPT,,1530.0,,
IND-320,D92,2024-11-01,DEPT,,1499.0,,
IND-320,D93,2022-01-01,DEPT,,503.0,,
IND-320,D93,2022-02-01,DEPT,,477.0,,
IND-320,D93,2022-03-01,DEPT,,493.0,,
IND-320,D93,2022-04-01,DEPT,,376.0,,
IND-320,D93,2022-05-01,DEPT,,614.0,,
IND-320,D93,2022-06-01,DEPT,,530.0,,
IND-320,D93,2022-07-01,DEPT,,504.0,,
IND-320,D93,2022-08-01,DEPT,,424.0,,
IND-320,D93,2022-09-01,DEPT,,468.0,,
IND-320,D93,2022-10-01,DEPT,,492.0,,
IND-320,D93,2022-11-01,DEPT,,394.0,,
IND-320,D93,2022-12-01,DEPT,5860.0,585.0,,
IND-320,D93,2023-01-01,DEPT,,402.0,,
IND-320,D93,2023-02-01,DEPT,,5633.0,,
IND-320,D93,2023-03-01,DEPT,,5565.0,,
IND-320,D93,2023-04-01,DEPT,,5539.0,,
IND-320,D93,2023-05-01,DEPT,,5376.0,,
IND-320,D93,2023-06-01,DEPT,,5351.0,,
IND-320,D93,2023-07-01,DEPT,,5405.0,,
IND-320,D93,2023-08-01,DEPT,,5414.0,,
IND-320,D93,2023-09-01,DEPT,,5390.0,,
IND-320,D93,2023-10-01,DEPT,,5372.0,,
IND-320,D93,2023-11-01,DEPT,,5365.0,,
IND-320,D93,2023-12-01,DEPT,,5179.0,,
IND-320,D93,2024-01-01,DEPT,,5135.0,,
IND-320,D93,2024-02-01,DEPT,,5107.0,,
IND-320,D93,2024-03-01,DEPT,,5023.0,,
IND-320,D93,2024-04-01,DEPT,,5048.0,,
IND-320,D93,2024-05-01,DEPT,,5013.0,,
IND-320,D93,2024-06-01,DEPT,,4885.0,,
IND-320,D93,2024-07-01,DEPT,,4757.0,,
IND-320,D93,2024-08-01,DEPT,,4672.0,,
IND-320,D93,2024-09-01,DEPT,,4573.0,,
IND-320,D93,2024-10-01,DEPT,,4449.0,,
IND-320,D93,2024-11-01,DEPT,,4387.0,,
IND-320,D94,2022-01-01,DEPT,,210.0,,
IND-320,D94,2022-02-01,DEPT,,174.0,,
IND-320,D94,2022-03-01,DEPT,,222.0,,
IND-320,D94,2022-04-01,DEPT,,149.0,,
IND-320,D94,2022-05-01,DEPT,,257.0,,
IND-320,D94,2022-06-01,DEPT,,220.0,,
IND-320,D94,2022-07-01,DEPT,,190.0,,
IND-320,D94,2022-08-01,DEPT,,190.0,,
IND-320,D94,2022-09-01,DEPT,,174.0,,
IND-320,D94,2022-10-01,DEPT,,176.0,,
IND-320,D94,2022-11-01,DEPT,,147.0,,
IND-320,D94,2022-12-01,DEPT,2254.0,145.0,,
IND-320,D94,2023-01-01,DEPT,,153.0,,
IND-320,D94,2023-02-01,DEPT,,2101.0,,
IND-320,D94,2023-03-01,DEPT,,2016.0,,
IND-320,D94,2023-04-01,DEPT,,1999.0,,
IND-320,D94,2023-05-01,DEPT,,1889.0,,
IND-320,D94,2023-06-01,DEPT,,1824.0,,
IND-320,D94,2023-07-01,DEPT,,1799.0,,
IND-320,D94,2023-08-01,DEPT,,1750.0,,
IND-320,D94,2023-09-01,DEPT,,1747.0,,
IND-320,D94,2023-10-01,DEPT,,1757.0,,
IND-320,D94,2023-11-01,DEPT,,1777.0,,
IND-320,D94,2023-12-01,DEPT,,1805.0,,
IND-320,D94,2024-01-01,DEPT,,1814.0,,
IND-320,D94,2024-02-01,DEPT,,1798.0,,
IND-320,D94,2024-03-01,DEPT,,1779.0,,
IND-320,D94,2024-04-01,DEPT,,1771.0,,
IND-320,D94,2024-05-01,DEPT,,1784.0,,
IND-320,D94,2024-06-01,DEPT,,1773.0,,
IND-320,D94,2024-07-01,DEPT,,1769.0,,
IND-320,D94,2024-08-01,DEPT,,1787.0,,
IND-320,D94,2024-09-01,DEPT,,1726.0,,
IND-320,D94,2024-10-01,DEPT,,1683.0,,
IND-320,D94,2024-11-01,DEPT,,1662.0,,
IND-320,D95,2022-01-01,DEPT,,153.0,,
IND-320,D95,2022-02-01,DEPT,,138.0,,
IND-320,D95,2022-03-01,DEPT,,166.0,,
IND-320,D95,2022-04-01,DEPT,,146.0,,
IND-320,D95,2022-05-01,DEPT,,169.0,,
IND-320,D95,2022-06-01,DEPT,,168.0,,
IND-320,D95,2022-07-01,DEPT,,165.0,,
IND-320,D95,2022-08-01,DEPT,,147.0,,
IND-320,D95,2022-09-01,DEPT,,188.0,,
IND-320,D95,2022-10-01,DEPT,,151.0,,
IND-320,D95,2022-11-01,DEPT,,170.0,,
IND-320,D95,2022-12-01,DEPT,1882.0,121.0,,
IND-320,D95,2023-01-01,DEPT,,174.0,,
IND-320,D95,2023-02-01,DEPT,,1905.0,,
IND-320,D95,2023-03-01,DEPT,,1885.0,,
IND-320,D95,2023-04-01,DEPT,,1891.0,,
IND-320,D95,2023-05-01,DEPT,,1846.0,,
IND-320,D95,2023-06-01,DEPT,,1824.0,,
IND-320,D95,2023-07-01,DEPT,,1803.0,,
IND-320,D95,2023-08-01,DEPT,,1770.0,,
IND-320,D95,2023-09-01,DEPT,,1735.0,,
IND-320,D95,2023-10-01,DEPT,,1718.0,,
IND-320,D95,2023-11-01,DEPT,,1705.0,,
IND-320,D95,2023-12-01,DEPT,,1709.0,,
IND-320,D95,2024-01-01,DEPT,,1691.0,,
IND-320,D95,2024-02-01,DEPT,,1665.0,,
IND-320,D95,2024-03-01,DEPT,,1657.0,,
IND-320,D95,2024-04-01,DEPT,,1635.0,,
IND-320,D95,2024-05-01,DEPT,,1617.0,,
IND-320,D95,2024-06-01,DEPT,,1575.0,,
IND-320,D95,2024-07-01,DEPT,,1577.0,,
IND-320,D95,2024-08-01,DEPT,,1553.0,,
IND-320,D95,2024-09-01,DEPT,,1489.0,,
IND-320,D95,2024-10-01,DEPT,,1493.0,,
IND-320,D95,2024-11-01,DEPT,,1470.0,,
IND-320,D971,2022-01-01,DEPT,,58.0,,
IND-320,D971,2022-02-01,DEPT,,45.0,,
IND-320,D971,2022-03-01,DEPT,,68.0,,
IND-320,D971,2022-04-01,DEPT,,63.0,,
IND-320,D971,2022-05-01,DEPT,,54.0,,
IND-320,D971,2022-06-01,DEPT,,55.0,,
IND-320,D971,2022-07-01,DEPT,,39.0,,
IND-320,D971,2022-08-01,DEPT,,46.0,,
IND-320,D971,2022-09-01,DEPT,,62.0,,
IND-320,D971,2022-10-01,DEPT,,61.0,,
IND-320,D971,2022-11-01,DEPT,,66.0,,
IND-320,D971,2022-12-01,DEPT,697.0,80.0,,
IND-320,D971,2023-01-01,DEPT,,68.0,,
IND-320,D971,2023-02-01,DEPT,,730.0,,
IND-320,D971,2023-03-01,DEPT,,769.0,,
IND-320,D971,2023-04-01,DEPT,,765.0,,
IND-320,D971,2023-05-01,DEPT,,789.0,,
IND-320,D971,2023-06-01,DEPT,,802.0,,
IND-320,D971,2023-07-01,DEPT,,817.0,,
IND-320,D971,2023-08-01,DEPT,,851.0,,
IND-320,D971,2023-09-01,DEPT,,870.0,,
IND-320,D971,2023-10-01,DEPT,,885.0,,
IND-320,D971,2023-11-01,DEPT,,889.0,,
IND-320,D971,2023-12-01,DEPT,,892.0,,
IND-320,D971,2024-01-01,DEPT,,933.0,,
IND-320,D971,2024-02-01,DEPT,,930.0,,
IND-320,D971,2024-03-01,DEPT,,928.0,,
IND-320,D971,2024-04-01,DEPT,,941.0,,
IND-320,D971,2024-05-01,DEPT,,948.0,,
IND-320,D971,2024-06-01,DEPT,,964.0,,
IND-320,D971,2024-07-01,DEPT,,1008.0,,
IND-320,D971,2024-08-01,DEPT,,1005.0,,
IND-320,D971,2024-09-01,DEPT,,1025.0,,
IND-320,D971,2024-10-01,DEPT,,1042.0,,
IND-320,D971,2024-11-01,DEPT,,1059.0,,
IND-320,D972,2022-01-01,DEPT,,50.0,,
IND-320,D972,2022-02-01,DEPT,,35.0,,
IND-320,D972,2022-03-01,DEPT,,45.0,,
IND-320,D972,2022-04-01,DEPT,,42.0,,
IND-320,D972,2022-05-01,DEPT,,38.0,,
IND-320,D972,2022-06-01,DEPT,,38.0,,
IND-320,D972,2022-07-01,DEPT,,38.0,,
IND-320,D972,2022-08-01,DEPT,,42.0,,
IND-320,D972,2022-09-01,DEPT,,36.0,,
IND-320,D972,2022-10-01,DEPT,,45.0,,
IND-320,D972,2022-11-01,DEPT,,42.0,,
IND-320,D972,2022-12-01,DEPT,491.0,40.0,,
IND-320,D972,2023-01-01,DEPT,,47.0,,
IND-320,D972,2023-02-01,DEPT,,485.0,,
IND-320,D972,2023-03-01,DEPT,,480.0,,
IND-320,D972,2023-04-01,DEPT,,477.0,,
IND-320,D972,2023-05-01,DEPT,,475.0,,
IND-320,D972,2023-06-01,DEPT,,482.0,,
IND-320,D972,2023-07-01,DEPT,,476.0,,
IND-320,D972,2023-08-01,DEPT,,476.0,,
IND-320,D972,2023-09-01,DEPT,,482.0,,
IND-320,D972,2023-10-01,DEPT,,466.0,,
IND-320,D972,2023-11-01,DEPT,,463.0,,
IND-320,D972,2023-12-01,DEPT,,461.0,,
IND-320,D972,2024-01-01,DEPT,,474.0,,
IND-320,D972,2024-02-01,DEPT,,489.0,,
IND-320,D972,2024-03-01,DEPT,,490.0,,
IND-320,D972,2024-04-01,DEPT,,499.0,,
IND-320,D972,2024-05-01,DEPT,,488.0,,
IND-320,D972,2024-06-01,DEPT,,476.0,,
IND-320,D972,2024-07-01,DEPT,,480.0,,
IND-320,D972,2024-08-01,DEPT,,461.0,,
IND-320,D972,2024-09-01,DEPT,,466.0,,
IND-320,D972,2024-10-01,DEPT,,490.0,,
IND-320,D972,2024-11-01,DEPT,,492.0,,
IND-320,D973,2022-01-01,DEPT,,131.0,,
IND-320,D973,2022-02-01,DEPT,,131.0,,
IND-320,D973,2022-03-01,DEPT,,143.0,,
IND-320,D973,2022-04-01,DEPT,,153.0,,
IND-320,D973,2022-05-01,DEPT,,133.0,,
IND-320,D973,2022-06-01,DEPT,,123.0,,
IND-320,D973,2022-07-01,DEPT,,96.0,,
IND-320,D973,2022-08-01,DEPT,,115.0,,
IND-320,D973,2022-09-01,DEPT,,126.0,,
IND-320,D973,2022-10-01,DEPT,,91.0,,
IND-320,D973,2022-11-01,DEPT,,121.0,,
IND-320,D973,2022-12-01,DEPT,1477.0,114.0,,
IND-320,D973,2023-01-01,DEPT,,123.0,,
IND-320,D973,2023-02-01,DEPT,,1450.0,,
IND-320,D973,2023-03-01,DEPT,,1436.0,,
IND-320,D973,2023-04-01,DEPT,,1385.0,,
IND-320,D973,2023-05-01,DEPT,,1331.0,,
IND-320,D973,2023-06-01,DEPT,,1314.0,,
IND-320,D973,2023-07-01,DEPT,,1304.0,,
IND-320,D973,2023-08-01,DEPT,,1294.0,,
IND-320,D973,2023-09-01,DEPT,,1270.0,,
IND-320,D973,2023-10-01,DEPT,,1333.0,,
IND-320,D973,2023-11-01,DEPT,,1389.0,,
IND-320,D973,2023-12-01,DEPT,,1409.0,,
IND-320,D973,2024-01-01,DEPT,,1449.0,,
IND-320,D973,2024-02-01,DEPT,,1466.0,,
IND-320,D973,2024-03-01,DEPT,,1463.0,,
IND-320,D973,2024-04-01,DEPT,,1450.0,,
IND-320,D973,2024-05-01,DEPT,,1460.0,,
IND-320,D973,2024-06-01,DEPT,,1454.0,,
IND-320,D973,2024-07-01,DEPT,,1439.0,,
IND-320,D973,2024-08-01,DEPT,,1447.0,,
IND-320,D973,2024-09-01,DEPT,,1446.0,,
IND-320,D973,2024-10-01,DEPT,,1413.0,,
IND-320,D973,2024-11-01,DEPT,,1341.0,,
IND-320,D974,2022-01-01,DEPT,,25.0,,
IND-320,D974,2022-02-01,DEPT,,22.0,,
IND-320,D974,2022-03-01,DEPT,,27.0,,
IND-320,D974,2022-04-01,DEPT,,37.0,,
IND-320,D974,2022-05-01,DEPT,,49.0,,
IND-320,D974,2022-06-01,DEPT,,60.0,,
IND-320,D974,2022-07-01,DEPT,,33.0,,
IND-320,D974,2022-08-01,DEPT,,29.0,,
IND-320,D974,2022-09-01,DEPT,,37.0,,
IND-320,D974,2022-10-01,DEPT,,42.0,,
IND-320,D974,2022-11-01,DEPT,,49.0,,
IND-320,D974,2022-12-01,DEPT,456.0,46.0,,
IND-320,D974,2023-01-01,DEPT,,46.0,,
IND-320,D974,2023-02-01,DEPT,,502.0,,
IND-320,D974,2023-03-01,DEPT,,500.0,,
IND-320,D974,2023-04-01,DEPT,,501.0,,
IND-320,D974,2023-05-01,DEPT,,491.0,,
IND-320,D974,2023-06-01,DEPT,,470.0,,
IND-320,D974,2023-07-01,DEPT,,477.0,,
IND-320,D974,2023-08-01,DEPT,,489.0,,
IND-320,D974,2023-09-01,DEPT,,506.0,,
IND-320,D974,2023-10-01,DEPT,,508.0,,
IND-320,D974,2023-11-01,DEPT,,490.0,,
IND-320,D974,2023-12-01,DEPT,,508.0,,
IND-320,D974,2024-01-01,DEPT,,515.0,,
IND-320,D974,2024-02-01,DEPT,,531.0,,
IND-320,D974,2024-03-01,DEPT,,532.0,,
IND-320,D974,2024-04-01,DEPT,,547.0,,
IND-320,D974,2024-05-01,DEPT,,560.0,,
IND-320,D974,2024-06-01,DEPT,,564.0,,
IND-320,D974,2024-07-01,DEPT,,573.0,,
IND-320,D974,2024-08-01,DEPT,,579.0,,
IND-320,D974,2024-09-01,DEPT,,576.0,,
IND-320,D974,2024-10-01,DEPT,,589.0,,
IND-320,D974,2024-11-01,DEPT,,602.0,,
IND-320,D976,2022-01-01,DEPT,,92.0,,
IND-320,D976,2022-02-01,DEPT,,68.0,,
IND-320,D976,2022-03-01,DEPT,,77.0,,
IND-320,D976,2022-04-01,DEPT,,50.0,,
IND-320,D976,2022-05-01,DEPT,,98.0,,
IND-320,D976,2022-06-01,DEPT,,122.0,,
IND-320,D976,2022-07-01,DEPT,,122.0,,
IND-320,D976,2022-08-01,DEPT,,111.0,,
IND-320,D976,2022-09-01,DEPT,,111.0,,
IND-320,D976,2022-10-01,DEPT,,89.0,,
IND-320,D976,2022-11-01,DEPT,,97.0,,
IND-320,D976,2022-12-01,DEPT,1129.0,92.0,,
IND-320,D976,2023-01-01,DEPT,,100.0,,
IND-320,D976,2023-02-01,DEPT,,1149.0,,
IND-320,D976,2023-03-01,DEPT,,1165.0,,
IND-320,D976,2023-04-01,DEPT,,1188.0,,
IND-320,D976,2023-05-01,DEPT,,1194.0,,
IND-320,D976,2023-06-01,DEPT,,1180.0,,
IND-320,D976,2023-07-01,DEPT,,1169.0,,
IND-320,D976,2023-08-01,DEPT,,1147.0,,
IND-320,D976,2023-09-01,DEPT,,1130.0,,
IND-320,D976,2023-10-01,DEPT,,1125.0,,
IND-320,D976,2023-11-01,DEPT,,1126.0,,
IND-320,D976,2023-12-01,DEPT,,1172.0,,
IND-320,D976,2024-01-01,DEPT,,1185.0,,
IND-320,D976,2024-02-01,DEPT,,1203.0,,
IND-320,D976,2024-03-01,DEPT,,1210.0,,
IND-320,D976,2024-04-01,DEPT,,1233.0,,
IND-320,D976,2024-05-01,DEPT,,1221.0,,
IND-320,D976,2024-06-01,DEPT,,1239.0,,
IND-320,D976,2024-07-01,DEPT,,1256.0,,
IND-320,D976,2024-08-01,DEPT,,1250.0,,
IND-320,D976,2024-09-01,DEPT,,1230.0,,
IND-320,D976,2024-10-01,DEPT,,1227.0,,
IND-320,D976,2024-11-01,DEPT,,1216.0,,
IND-320,FRANCE,2022-01-01,NAT,,5360.0,,
IND-320,FRANCE,2022-02-01,NAT,,5130.0,,
IND-320,FRANCE,2022-03-01,NAT,,5946.0,,
IND-320,FRANCE,2022-04-01,NAT,,4657.0,,
IND-320,FRANCE,2022-05-01,NAT,,6634.0,,
IND-320,FRANCE,2022-06-01,NAT,,6594.0,,
IND-320,FRANCE,2022-07-01,NAT,,6571.0,,
IND-320,FRANCE,2022-08-01,NAT,,5910.0,,
IND-320,FRANCE,2022-09-01,NAT,,5641.0,,
IND-320,FRANCE,2022-10-01,NAT,,5717.0,,
IND-320,FRANCE,2022-11-01,NAT,,4944.0,,
IND-320,FRANCE,2022-12-01,NAT,68679.0,5043.0,,
IND-320,FRANCE,2023-01-01,NAT,,5113.0,,
IND-320,FRANCE,2023-02-01,NAT,,66606.0,,
IND-320,FRANCE,2023-03-01,NAT,,65164.0,,
IND-320,FRANCE,2023-04-01,NAT,,65060.0,,
IND-320,FRANCE,2023-05-01,NAT,,63817.0,,
IND-320,FRANCE,2023-06-01,NAT,,63731.0,,
IND-320,FRANCE,2023-07-01,NAT,,62691.0,,
IND-320,FRANCE,2023-08-01,NAT,,62118.0,,
IND-320,FRANCE,2023-09-01,NAT,,62233.0,,
IND-320,FRANCE,2023-10-01,NAT,,62419.0,,
IND-320,FRANCE,2023-11-01,NAT,,62332.0,,
IND-320,FRANCE,2023-12-01,NAT,,62909.0,,
IND-320,FRANCE,2024-01-01,NAT,,62829.0,,
IND-320,FRANCE,2024-02-01,NAT,,62848.0,,
IND-320,FRANCE,2024-03-01,NAT,,62331.0,,
IND-320,FRANCE,2024-04-01,NAT,,62464.0,,
IND-320,FRANCE,2024-05-01,NAT,,61756.0,,
IND-320,FRANCE,2024-06-01,NAT,,60560.0,,
IND-320,FRANCE,2024-07-01,NAT,,60467.0,,
IND-320,FRANCE,2024-08-01,NAT,,59725.0,,
IND-320,FRANCE,2024-09-01,NAT,,58499.0,,
IND-320,FRANCE,2024-10-01,NAT,,57739.0,,
IND-320,FRANCE,2024-11-01,NAT,,57329.0,,
IND-320,R01,2022-01-01,REG,,58.0,,
IND-320,R01,2022-02-01,REG,,45.0,,
IND-320,R01,2022-03-01,REG,,68.0,,
IND-320,R01,2022-04-01,REG,,63.0,,
IND-320,R01,2022-05-01,REG,,54.0,,
IND-320,R01,2022-06-01,REG,,55.0,,
IND-320,R01,2022-07-01,REG,,39.0,,
IND-320,R01,2022-08-01,REG,,46.0,,
IND-320,R01,2022-09-01,REG,,62.0,,
IND-320,R01,2022-10-01,REG,,61.0,,
IND-320,R01,2022-11-01,REG,,66.0,,
IND-320,R01,2022-12-01,REG,697.0,80.0,,
IND-320,R01,2023-01-01,REG,,68.0,,
IND-320,R01,2023-02-01,REG,,730.0,,
IND-320,R01,2023-03-01,REG,,769.0,,
IND-320,R01,2023-04-01,REG,,765.0,,
IND-320,R01,2023-05-01,REG,,789.0,,
IND-320,R01,2023-06-01,REG,,802.0,,
IND-320,R01,2023-07-01,REG,,817.0,,
IND-320,R01,2023-08-01,REG,,851.0,,
IND-320,R01,2023-09-01,REG,,870.0,,
IND-320,R01,2023-10-01,REG,,885.0,,
IND-320,R01,2023-11-01,REG,,889.0,,
IND-320,R01,2023-12-01,REG,,892.0,,
IND-320,R01,2024-01-01,REG,,933.0,,
IND-320,R01,2024-02-01,REG,,930.0,,
IND-320,R01,2024-03-01,REG,,928.0,,
IND-320,R01,2024-04-01,REG,,941.0,,
IND-320,R01,2024-05-01,REG,,948.0,,
IND-320,R01,2024-06-01,REG,,964.0,,
IND-320,R01,2024-07-01,REG,,1008.0,,
IND-320,R01,2024-08-01,REG,,1005.0,,
IND-320,R01,2024-09-01,REG,,1025.0,,
IND-320,R01,2024-10-01,REG,,1042.0,,
IND-320,R01,2024-11-01,REG,,1059.0,,
IND-320,R02,2022-01-01,REG,,50.0,,
IND-320,R02,2022-02-01,REG,,35.0,,
IND-320,R02,2022-03-01,REG,,45.0,,
IND-320,R02,2022-04-01,REG,,42.0,,
IND-320,R02,2022-05-01,REG,,38.0,,
IND-320,R02,2022-06-01,REG,,38.0,,
IND-320,R02,2022-07-01,REG,,38.0,,
IND-320,R02,2022-08-01,REG,,42.0,,
IND-320,R02,2022-09-01,REG,,36.0,,
IND-320,R02,2022-10-01,REG,,45.0,,
IND-320,R02,2022-11-01,REG,,42.0,,
IND-320,R02,2022-12-01,REG,491.0,40.0,,
IND-320,R02,2023-01-01,REG,,47.0,,
IND-320,R02,2023-02-01,REG,,485.0,,
IND-320,R02,2023-03-01,REG,,480.0,,
IND-320,R02,2023-04-01,REG,,477.0,,
IND-320,R02,2023-05-01,REG,,475.0,,
IND-320,R02,2023-06-01,REG,,482.0,,
IND-320,R02,2023-07-01,REG,,476.0,,
IND-320,R02,2023-08-01,REG,,476.0,,
IND-320,R02,2023-09-01,REG,,482.0,,
IND-320,R02,2023-10-01,REG,,466.0,,
IND-320,R02,2023-11-01,REG,,463.0,,
IND-320,R02,2023-12-01,REG,,461.0,,
IND-320,R02,2024-01-01,REG,,474.0,,
IND-320,R02,2024-02-01,REG,,489.0,,
IND-320,R02,2024-03-01,REG,,490.0,,
IND-320,R02,2024-04-01,REG,,499.0,,
IND-320,R02,2024-05-01,REG,,488.0,,
IND-320,R02,2024-06-01,REG,,476.0,,
IND-320,R02,2024-07-01,REG,,480.0,,
IND-320,R02,2024-08-01,REG,,461.0,,
IND-320,R02,2024-09-01,REG,,466.0,,
IND-320,R02,2024-10-01,REG,,490.0,,
IND-320,R02,2024-11-01,REG,,492.0,,
IND-320,R03,2022-01-01,REG,,131.0,,
IND-320,R03,2022-02-01,REG,,131.0,,
IND-320,R03,2022-03-01,REG,,143.0,,
IND-320,R03,2022-04-01,REG,,153.0,,
IND-320,R03,2022-05-01,REG,,133.0,,
IND-320,R03,2022-06-01,REG,,123.0,,
IND-320,R03,2022-07-01,REG,,96.0,,
IND-320,R03,2022-08-01,REG,,115.0,,
IND-320,R03,2022-09-01,REG,,126.0,,
IND-320,R03,2022-10-01,REG,,91.0,,
IND-320,R03,2022-11-01,REG,,121.0,,
IND-320,R03,2022-12-01,REG,1477.0,114.0,,
IND-320,R03,2023-01-01,REG,,123.0,,
IND-320,R03,2023-02-01,REG,,1450.0,,
IND-320,R03,2023-03-01,REG,,1436.0,,
IND-320,R03,2023-04-01,REG,,1385.0,,
IND-320,R03,2023-05-01,REG,,1331.0,,
IND-320,R03,2023-06-01,REG,,1314.0,,
IND-320,R03,2023-07-01,REG,,1304.0,,
IND-320,R03,2023-08-01,REG,,1294.0,,
IND-320,R03,2023-09-01,REG,,1270.0,,
IND-320,R03,2023-10-01,REG,,1333.0,,
IND-320,R03,2023-11-01,REG,,1389.0,,
IND-320,R03,2023-12-01,REG,,1409.0,,
IND-320,R03,2024-01-01,REG,,1449.0,,
IND-320,R03,2024-02-01,REG,,1466.0,,
IND-320,R03,2024-03-01,REG,,1463.0,,
IND-320,R03,2024-04-01,REG,,1450.0,,
IND-320,R03,2024-05-01,REG,,1460.0,,
IND-320,R03,2024-06-01,REG,,1454.0,,
IND-320,R03,2024-07-01,REG,,1439.0,,
IND-320,R03,2024-08-01,REG,,1447.0,,
IND-320,R03,2024-09-01,REG,,1446.0,,
IND-320,R03,2024-10-01,REG,,1413.0,,
IND-320,R03,2024-11-01,REG,,1341.0,,
IND-320,R04,2022-01-01,REG,,25.0,,
IND-320,R04,2022-02-01,REG,,22.0,,
IND-320,R04,2022-03-01,REG,,27.0,,
IND-320,R04,2022-04-01,REG,,37.0,,
IND-320,R04,2022-05-01,REG,,49.0,,
IND-320,R04,2022-06-01,REG,,60.0,,
IND-320,R04,2022-07-01,REG,,33.0,,
IND-320,R04,2022-08-01,REG,,29.0,,
IND-320,R04,2022-09-01,REG,,37.0,,
IND-320,R04,2022-10-01,REG,,42.0,,
IND-320,R04,2022-11-01,REG,,49.0,,
IND-320,R04,2022-12-01,REG,456.0,46.0,,
IND-320,R04,2023-01-01,REG,,46.0,,
IND-320,R04,2023-02-01,REG,,502.0,,
IND-320,R04,2023-03-01,REG,,500.0,,
IND-320,R04,2023-04-01,REG,,501.0,,
IND-320,R04,2023-05-01,REG,,491.0,,
IND-320,R04,2023-06-01,REG,,470.0,,
IND-320,R04,2023-07-01,REG,,477.0,,
IND-320,R04,2023-08-01,REG,,489.0,,
IND-320,R04,2023-09-01,REG,,506.0,,
IND-320,R04,2023-10-01,REG,,508.0,,
IND-320,R04,2023-11-01,REG,,490.0,,
IND-320,R04,2023-12-01,REG,,508.0,,
IND-320,R04,2024-01-01,REG,,515.0,,
IND-320,R04,2024-02-01,REG,,531.0,,
IND-320,R04,2024-03-01,REG,,532.0,,
IND-320,R04,2024-04-01,REG,,547.0,,
IND-320,R04,2024-05-01,REG,,560.0,,
IND-320,R04,2024-06-01,REG,,564.0,,
IND-320,R04,2024-07-01,REG,,573.0,,
IND-320,R04,2024-08-01,REG,,579.0,,
IND-320,R04,2024-09-01,REG,,576.0,,
IND-320,R04,2024-10-01,REG,,589.0,,
IND-320,R04,2024-11-01,REG,,602.0,,
IND-320,R06,2022-01-01,REG,,92.0,,
IND-320,R06,2022-02-01,REG,,68.0,,
IND-320,R06,2022-03-01,REG,,77.0,,
IND-320,R06,2022-04-01,REG,,50.0,,
IND-320,R06,2022-05-01,REG,,98.0,,
IND-320,R06,2022-06-01,REG,,122.0,,
IND-320,R06,2022-07-01,REG,,122.0,,
IND-320,R06,2022-08-01,REG,,111.0,,
IND-320,R06,2022-09-01,REG,,111.0,,
IND-320,R06,2022-10-01,REG,,89.0,,
IND-320,R06,2022-11-01,REG,,97.0,,
IND-320,R06,2022-12-01,REG,1129.0,92.0,,
IND-320,R06,2023-01-01,REG,,100.0,,
IND-320,R06,2023-02-01,REG,,1149.0,,
IND-320,R06,2023-03-01,REG,,1165.0,,
IND-320,R06,2023-04-01,REG,,1188.0,,
IND-320,R06,2023-05-01,REG,,1194.0,,
IND-320,R06,2023-06-01,REG,,1180.0,,
IND-320,R06,2023-07-01,REG,,1169.0,,
IND-320,R06,2023-08-01,REG,,1147.0,,
IND-320,R06,2023-09-01,REG,,1130.0,,
IND-320,R06,2023-10-01,REG,,1125.0,,
IND-320,R06,2023-11-01,REG,,1126.0,,
IND-320,R06,2023-12-01,REG,,1172.0,,
IND-320,R06,2024-01-01,REG,,1185.0,,
IND-320,R06,2024-02-01,REG,,1203.0,,
IND-320,R06,2024-03-01,REG,,1210.0,,
IND-320,R06,2024-04-01,REG,,1233.0,,
IND-320,R06,2024-05-01,REG,,1221.0,,
IND-320,R06,2024-06-01,REG,,1239.0,,
IND-320,R06,2024-07-01,REG,,1256.0,,
IND-320,R06,2024-08-01,REG,,1250.0,,
IND-320,R06,2024-09-01,REG,,1230.0,,
IND-320,R06,2024-10-01,REG,,1227.0,,
IND-320,R06,2024-11-01,REG,,1216.0,,
IND-320,R11,2022-01-01,REG,,2441.0,,
IND-320,R11,2022-02-01,REG,,2300.0,,
IND-320,R11,2022-03-01,REG,,2692.0,,
IND-320,R11,2022-04-01,REG,,2039.0,,
IND-320,R11,2022-05-01,REG,,2893.0,,
IND-320,R11,2022-06-01,REG,,2768.0,,
IND-320,R11,2022-07-01,REG,,2689.0,,
IND-320,R11,2022-08-01,REG,,2266.0,,
IND-320,R11,2022-09-01,REG,,2275.0,,
IND-320,R11,2022-10-01,REG,,2224.0,,
IND-320,R11,2022-11-01,REG,,1994.0,,
IND-320,R11,2022-12-01,REG,28707.0,2126.0,,
IND-320,R11,2023-01-01,REG,,2038.0,,
IND-320,R11,2023-02-01,REG,,27552.0,,
IND-320,R11,2023-03-01,REG,,26717.0,,
IND-320,R11,2023-04-01,REG,,26382.0,,
IND-320,R11,2023-05-01,REG,,25607.0,,
IND-320,R11,2023-06-01,REG,,25142.0,,
IND-320,R11,2023-07-01,REG,,24872.0,,
IND-320,R11,2023-08-01,REG,,24570.0,,
IND-320,R11,2023-09-01,REG,,24492.0,,
IND-320,R11,2023-10-01,REG,,24408.0,,
IND-320,R11,2023-11-01,REG,,24403.0,,
IND-320,R11,2023-12-01,REG,,24125.0,,
IND-320,R11,2024-01-01,REG,,23958.0,,
IND-320,R11,2024-02-01,REG,,23851.0,,
IND-320,R11,2024-03-01,REG,,23594.0,,
IND-320,R11,2024-04-01,REG,,23556.0,,
IND-320,R11,2024-05-01,REG,,23238.0,,
IND-320,R11,2024-06-01,REG,,22653.0,,
IND-320,R11,2024-07-01,REG,,22175.0,,
IND-320,R11,2024-08-01,REG,,21669.0,,
IND-320,R11,2024-09-01,REG,,20949.0,,
IND-320,R11,2024-10-01,REG,,20397.0,,
IND-320,R11,2024-11-01,REG,,19968.0,,
IND-320,R24,2022-01-01,REG,,194.0,,
IND-320,R24,2022-02-01,REG,,232.0,,
IND-320,R24,2022-03-01,REG,,193.0,,
IND-320,R24,2022-04-01,REG,,153.0,,
IND-320,R24,2022-05-01,REG,,210.0,,
IND-320,R24,2022-06-01,REG,,204.0,,
IND-320,R24,2022-07-01,REG,,222.0,,
IND-320,R24,2022-08-01,REG,,178.0,,
IND-320,R24,2022-09-01,REG,,172.0,,
IND-320,R24,2022-10-01,REG,,171.0,,
IND-320,R24,2022-11-01,REG,,145.0,,
IND-320,R24,2022-12-01,REG,1267.0,148.0,,
IND-320,R24,2023-01-01,REG,,90.0,,
IND-320,R24,2023-02-01,REG,,1205.0,,
IND-320,R24,2023-03-01,REG,,1113.0,,
IND-320,R24,2023-04-01,REG,,1113.0,,
IND-320,R24,2023-05-01,REG,,1111.0,,
IND-320,R24,2023-06-01,REG,,1144.0,,
IND-320,R24,2023-07-01,REG,,1161.0,,
IND-320,R24,2023-08-01,REG,,1146.0,,
IND-320,R24,2023-09-01,REG,,1104.0,,
IND-320,R24,2023-10-01,REG,,1166.0,,
IND-320,R24,2023-11-01,REG,,1159.0,,
IND-320,R24,2023-12-01,REG,,1149.0,,
IND-320,R24,2024-01-01,REG,,1144.0,,
IND-320,R24,2024-02-01,REG,,1174.0,,
IND-320,R24,2024-03-01,REG,,1154.0,,
IND-320,R24,2024-04-01,REG,,1150.0,,
IND-320,R24,2024-05-01,REG,,1134.0,,
IND-320,R24,2024-06-01,REG,,1090.0,,
IND-320,R24,2024-07-01,REG,,1106.0,,
IND-320,R24,2024-08-01,REG,,1104.0,,
IND-320,R24,2024-09-01,REG,,1089.0,,
IND-320,R24,2024-10-01,REG,,1071.0,,
IND-320,R24,2024-11-01,REG,,1079.0,,
IND-320,R27,2022-01-01,REG,,43.0,,
IND-320,R27,2022-02-01,REG,,82.0,,
IND-320,R27,2022-03-01,REG,,73.0,,
IND-320,R27,2022-04-01,REG,,52.0,,
IND-320,R27,2022-05-01,REG,,80.0,,
IND-320,R27,2022-06-01,REG,,94.0,,
IND-320,R27,2022-07-01,REG,,92.0,,
IND-320,R27,2022-08-01,REG,,64.0,,
IND-320,R27,2022-09-01,REG,,84.0,,
IND-320,R27,2022-10-01,REG,,76.0,,
IND-320,R27,2022-11-01,REG,,58.0,,
IND-320,R27,2022-12-01,REG,930.0,60.0,,
IND-320,R27,2023-01-01,REG,,66.0,,
IND-320,R27,2023-02-01,REG,,761.0,,
IND-320,R27,2023-03-01,REG,,753.0,,
IND-320,R27,2023-04-01,REG,,783.0,,
IND-320,R27,2023-05-01,REG,,920.0,,
IND-320,R27,2023-06-01,REG,,900.0,,
IND-320,R27,2023-07-01,REG,,867.0,,
IND-320,R27,2023-08-01,REG,,875.0,,
IND-320,R27,2023-09-01,REG,,872.0,,
IND-320,R27,2023-10-01,REG,,911.0,,
IND-320,R27,2023-11-01,REG,,906.0,,
IND-320,R27,2023-12-01,REG,,968.0,,
IND-320,R27,2024-01-01,REG,,970.0,,
IND-320,R27,2024-02-01,REG,,952.0,,
IND-320,R27,2024-03-01,REG,,956.0,,
IND-320,R27,2024-04-01,REG,,935.0,,
IND-320,R27,2024-05-01,REG,,929.0,,
IND-320,R27,2024-06-01,REG,,909.0,,
IND-320,R27,2024-07-01,REG,,916.0,,
IND-320,R27,2024-08-01,REG,,908.0,,
IND-320,R27,2024-09-01,REG,,903.0,,
IND-320,R27,2024-10-01,REG,,913.0,,
IND-320,R27,2024-11-01,REG,,916.0,,
IND-320,R28,2022-01-01,REG,,121.0,,
IND-320,R28,2022-02-01,REG,,109.0,,
IND-320,R28,2022-03-01,REG,,175.0,,
IND-320,R28,2022-04-01,REG,,142.0,,
IND-320,R28,2022-05-01,REG,,193.0,,
IND-320,R28,2022-06-01,REG,,212.0,,
IND-320,R28,2022-07-01,REG,,184.0,,
IND-320,R28,2022-08-01,REG,,180.0,,
IND-320,R28,2022-09-01,REG,,143.0,,
IND-320,R28,2022-10-01,REG,,217.0,,
IND-320,R28,2022-11-01,REG,,172.0,,
IND-320,R28,2022-12-01,REG,2008.0,132.0,,
IND-320,R28,2023-01-01,REG,,142.0,,
IND-320,R28,2023-02-01,REG,,2035.0,,
IND-320,R28,2023-03-01,REG,,1920.0,,
IND-320,R28,2023-04-01,REG,,1999.0,,
IND-320,R28,2023-05-01,REG,,1973.0,,
IND-320,R28,2023-06-01,REG,,1980.0,,
IND-320,R28,2023-07-01,REG,,1859.0,,
IND-320,R28,2023-08-01,REG,,1884.0,,
IND-320,R28,2023-09-01,REG,,1824.0,,
IND-320,R28,2023-10-01,REG,,1819.0,,
IND-320,R28,2023-11-01,REG,,1675.0,,
IND-320,R28,2023-12-01,REG,,1757.0,,
IND-320,R28,2024-01-01,REG,,1747.0,,
IND-320,R28,2024-02-01,REG,,1751.0,,
IND-320,R28,2024-03-01,REG,,1736.0,,
IND-320,R28,2024-04-01,REG,,1718.0,,
IND-320,R28,2024-05-01,REG,,1674.0,,
IND-320,R28,2024-06-01,REG,,1575.0,,
IND-320,R28,2024-07-01,REG,,1588.0,,
IND-320,R28,2024-08-01,REG,,1594.0,,
IND-320,R28,2024-09-01,REG,,1575.0,,
IND-320,R28,2024-10-01,REG,,1554.0,,
IND-320,R28,2024-11-01,REG,,1555.0,,
IND-320,R32,2022-01-01,REG,,345.0,,
IND-320,R32,2022-02-01,REG,,323.0,,
IND-320,R32,2022-03-01,REG,,406.0,,
IND-320,R32,2022-04-01,REG,,303.0,,
IND-320,R32,2022-05-01,REG,,429.0,,
IND-320,R32,2022-06-01,REG,,406.0,,
IND-320,R32,2022-07-01,REG,,387.0,,
IND-320,R32,2022-08-01,REG,,354.0,,
IND-320,R32,2022-09-01,REG,,337.0,,
IND-320,R32,2022-10-01,REG,,400.0,,
IND-320,R32,2022-11-01,REG,,367.0,,
IND-320,R32,2022-12-01,REG,4401.0,344.0,,
IND-320,R32,2023-01-01,REG,,346.0,,
IND-320,R32,2023-02-01,REG,,4335.0,,
IND-320,R32,2023-03-01,REG,,4291.0,,
IND-320,R32,2023-04-01,REG,,4305.0,,
IND-320,R32,2023-05-01,REG,,4280.0,,
IND-320,R32,2023-06-01,REG,,4295.0,,
IND-320,R32,2023-07-01,REG,,4242.0,,
IND-320,R32,2023-08-01,REG,,4272.0,,
IND-320,R32,2023-09-01,REG,,4329.0,,
IND-320,R32,2023-10-01,REG,,4346.0,,
IND-320,R32,2023-11-01,REG,,4332.0,,
IND-320,R32,2023-12-01,REG,,4323.0,,
IND-320,R32,2024-01-01,REG,,4293.0,,
IND-320,R32,2024-02-01,REG,,4272.0,,
IND-320,R32,2024-03-01,REG,,4270.0,,
IND-320,R32,2024-04-01,REG,,4293.0,,
IND-320,R32,2024-05-01,REG,,4245.0,,
IND-320,R32,2024-06-01,REG,,4157.0,,
IND-320,R32,2024-07-01,REG,,4203.0,,
IND-320,R32,2024-08-01,REG,,4145.0,,
IND-320,R32,2024-09-01,REG,,4097.0,,
IND-320,R32,2024-10-01,REG,,4012.0,,
IND-320,R32,2024-11-01,REG,,3983.0,,
IND-320,R44,2022-01-01,REG,,195.0,,
IND-320,R44,2022-02-01,REG,,166.0,,
IND-320,R44,2022-03-01,REG,,195.0,,
IND-320,R44,2022-04-01,REG,,188.0,,
IND-320,R44,2022-05-01,REG,,219.0,,
IND-320,R44,2022-06-01,REG,,219.0,,
IND-320,R44,2022-07-01,REG,,265.0,,
IND-320,R44,2022-08-01,REG,,196.0,,
IND-320,R44,2022-09-01,REG,,193.0,,
IND-320,R44,2022-10-01,REG,,215.0,,
IND-320,R44,2022-11-01,REG,,184.0,,
IND-320,R44,2022-12-01,REG,2462.0,184.0,,
IND-320,R44,2023-01-01,REG,,237.0,,
IND-320,R44,2023-02-01,REG,,2363.0,,
IND-320,R44,2023-03-01,REG,,2310.0,,
IND-320,R44,2023-04-01,REG,,2367.0,,
IND-320,R44,2023-05-01,REG,,2277.0,,
IND-320,R44,2023-06-01,REG,,2399.0,,
IND-320,R44,2023-07-01,REG,,2301.0,,
IND-320,R44,2023-08-01,REG,,2237.0,,
IND-320,R44,2023-09-01,REG,,2113.0,,
IND-320,R44,2023-10-01,REG,,2275.0,,
IND-320,R44,2023-11-01,REG,,2379.0,,
IND-320,R44,2023-12-01,REG,,2342.0,,
IND-320,R44,2024-01-01,REG,,2289.0,,
IND-320,R44,2024-02-01,REG,,2298.0,,
IND-320,R44,2024-03-01,REG,,2268.0,,
IND-320,R44,2024-04-01,REG,,2280.0,,
IND-320,R44,2024-05-01,REG,,2236.0,,
IND-320,R44,2024-06-01,REG,,2200.0,,
IND-320,R44,2024-07-01,REG,,2208.0,,
IND-320,R44,2024-08-01,REG,,2192.0,,
IND-320,R44,2024-09-01,REG,,2175.0,,
IND-320,R44,2024-10-01,REG,,2175.0,,
IND-320,R44,2024-11-01,REG,,2123.0,,
IND-320,R52,2022-01-01,REG,,90.0,,
IND-320,R52,2022-02-01,REG,,82.0,,
IND-320,R52,2022-03-01,REG,,82.0,,
IND-320,R52,2022-04-01,REG,,73.0,,
IND-320,R52,2022-05-01,REG,,98.0,,
IND-320,R52,2022-06-01,REG,,87.0,,
IND-320,R52,2022-07-01,REG,,97.0,,
IND-320,R52,2022-08-01,REG,,117.0,,
IND-320,R52,2022-09-01,REG,,93.0,,
IND-320,R52,2022-10-01,REG,,102.0,,
IND-320,R52,2022-11-01,REG,,101.0,,
IND-320,R52,2022-12-01,REG,2099.0,69.0,,
IND-320,R52,2023-01-01,REG,,151.0,,
IND-320,R52,2023-02-01,REG,,1995.0,,
IND-320,R52,2023-03-01,REG,,1973.0,,
IND-320,R52,2023-04-01,REG,,1956.0,,
IND-320,R52,2023-05-01,REG,,1952.0,,
IND-320,R52,2023-06-01,REG,,1979.0,,
IND-320,R52,2023-07-01,REG,,1951.0,,
IND-320,R52,2023-08-01,REG,,1921.0,,
IND-320,R52,2023-09-01,REG,,1901.0,,
IND-320,R52,2023-10-01,REG,,1905.0,,
IND-320,R52,2023-11-01,REG,,1907.0,,
IND-320,R52,2023-12-01,REG,,1918.0,,
IND-320,R52,2024-01-01,REG,,1919.0,,
IND-320,R52,2024-02-01,REG,,1971.0,,
IND-320,R52,2024-03-01,REG,,1983.0,,
IND-320,R52,2024-04-01,REG,,2025.0,,
IND-320,R52,2024-05-01,REG,,1997.0,,
IND-320,R52,2024-06-01,REG,,1952.0,,
IND-320,R52,2024-07-01,REG,,1973.0,,
IND-320,R52,2024-08-01,REG,,1947.0,,
IND-320,R52,2024-09-01,REG,,1929.0,,
IND-320,R52,2024-10-01,REG,,1930.0,,
IND-320,R52,2024-11-01,REG,,1987.0,,
IND-320,R53,2022-01-01,REG,,100.0,,
IND-320,R53,2022-02-01,REG,,100.0,,
IND-320,R53,2022-03-01,REG,,100.0,,
IND-320,R53,2022-04-01,REG,,61.0,,
IND-320,R53,2022-05-01,REG,,104.0,,
IND-320,R53,2022-06-01,REG,,158.0,,
IND-320,R53,2022-07-01,REG,,155.0,,
IND-320,R53,2022-08-01,REG,,132.0,,
IND-320,R53,2022-09-01,REG,,149.0,,
IND-320,R53,2022-10-01,REG,,141.0,,
IND-320,R53,2022-11-01,REG,,116.0,,
IND-320,R53,2022-12-01,REG,1437.0,121.0,,
IND-320,R53,2023-01-01,REG,,124.0,,
IND-320,R53,2023-02-01,REG,,1461.0,,
IND-320,R53,2023-03-01,REG,,1458.0,,
IND-320,R53,2023-04-01,REG,,1511.0,,
IND-320,R53,2023-05-01,REG,,1534.0,,
IND-320,R53,2023-06-01,REG,,1505.0,,
IND-320,R53,2023-07-01,REG,,1499.0,,
IND-320,R53,2023-08-01,REG,,1496.0,,
IND-320,R53,2023-09-01,REG,,1508.0,,
IND-320,R53,2023-10-01,REG,,1504.0,,
IND-320,R53,2023-11-01,REG,,1496.0,,
IND-320,R53,2023-12-01,REG,,1498.0,,
IND-320,R53,2024-01-01,REG,,1493.0,,
IND-320,R53,2024-02-01,REG,,1471.0,,
IND-320,R53,2024-03-01,REG,,1473.0,,
IND-320,R53,2024-04-01,REG,,1468.0,,
IND-320,R53,2024-05-01,REG,,1449.0,,
IND-320,R53,2024-06-01,REG,,1434.0,,
IND-320,R53,2024-07-01,REG,,1426.0,,
IND-320,R53,2024-08-01,REG,,1410.0,,
IND-320,R53,2024-09-01,REG,,1345.0,,
IND-320,R53,2024-10-01,REG,,1337.0,,
IND-320,R53,2024-11-01,REG,,1335.0,,
IND-320,R75,2022-01-01,REG,,198.0,,
IND-320,R75,2022-02-01,REG,,173.0,,
IND-320,R75,2022-03-01,REG,,234.0,,
IND-320,R75,2022-04-01,REG,,199.0,,
IND-320,R75,2022-05-01,REG,,259.0,,
IND-320,R75,2022-06-01,REG,,247.0,,
IND-320,R75,2022-07-01,REG,,332.0,,
IND-320,R75,2022-08-01,REG,,365.0,,
IND-320,R75,2022-09-01,REG,,261.0,,
IND-320,R75,2022-10-01,REG,,283.0,,
IND-320,R75,2022-11-01,REG,,211.0,,
IND-320,R75,2022-12-01,REG,3068.0,248.0,,
IND-320,R75,2023-01-01,REG,,224.0,,
IND-320,R75,2023-02-01,REG,,3105.0,,
IND-320,R75,2023-03-01,REG,,3051.0,,
IND-320,R75,2023-04-01,REG,,2977.0,,
IND-320,R75,2023-05-01,REG,,3101.0,,
IND-320,R75,2023-06-01,REG,,3230.0,,
IND-320,R75,2023-07-01,REG,,3235.0,,
IND-320,R75,2023-08-01,REG,,3104.0,,
IND-320,R75,2023-09-01,REG,,3087.0,,
IND-320,R75,2023-10-01,REG,,3072.0,,
IND-320,R75,2023-11-01,REG,,2951.0,,
IND-320,R75,2023-12-01,REG,,3119.0,,
IND-320,R75,2024-01-01,REG,,3117.0,,
IND-320,R75,2024-02-01,REG,,3085.0,,
IND-320,R75,2024-03-01,REG,,3034.0,,
IND-320,R75,2024-04-01,REG,,3050.0,,
IND-320,R75,2024-05-01,REG,,2984.0,,
IND-320,R75,2024-06-01,REG,,2904.0,,
IND-320,R75,2024-07-01,REG,,2945.0,,
IND-320,R75,2024-08-01,REG,,2956.0,,
IND-320,R75,2024-09-01,REG,,2982.0,,
IND-320,R75,2024-10-01,REG,,2960.0,,
IND-320,R75,2024-11-01,REG,,2966.0,,
IND-320,R76,2022-01-01,REG,,264.0,,
IND-320,R76,2022-02-01,REG,,299.0,,
IND-320,R76,2022-03-01,REG,,337.0,,
IND-320,R76,2022-04-01,REG,,264.0,,
IND-320,R76,2022-05-01,REG,,431.0,,
IND-320,R76,2022-06-01,REG,,408.0,,
IND-320,R76,2022-07-01,REG,,401.0,,
IND-320,R76,2022-08-01,REG,,440.0,,
IND-320,R76,2022-09-01,REG,,367.0,,
IND-320,R76,2022-10-01,REG,,399.0,,
IND-320,R76,2022-11-01,REG,,300.0,,
IND-320,R76,2022-12-01,REG,4330.0,276.0,,
IND-320,R76,2023-01-01,REG,,349.0,,
IND-320,R76,2023-02-01,REG,,4280.0,,
IND-320,R76,2023-03-01,REG,,4190.0,,
IND-320,R76,2023-04-01,REG,,4221.0,,
IND-320,R76,2023-05-01,REG,,4090.0,,
IND-320,R76,2023-06-01,REG,,4192.0,,
IND-320,R76,2023-07-01,REG,,3982.0,,
IND-320,R76,2023-08-01,REG,,3848.0,,
IND-320,R76,2023-09-01,REG,,4076.0,,
IND-320,R76,2023-10-01,REG,,4058.0,,
IND-320,R76,2023-11-01,REG,,4056.0,,
IND-320,R76,2023-12-01,REG,,4365.0,,
IND-320,R76,2024-01-01,REG,,4380.0,,
IND-320,R76,2024-02-01,REG,,4384.0,,
IND-320,R76,2024-03-01,REG,,4353.0,,
IND-320,R76,2024-04-01,REG,,4346.0,,
IND-320,R76,2024-05-01,REG,,4339.0,,
IND-320,R76,2024-06-01,REG,,4287.0,,
IND-320,R76,2024-07-01,REG,,4349.0,,
IND-320,R76,2024-08-01,REG,,4345.0,,
IND-320,R76,2024-09-01,REG,,4216.0,,
IND-320,R76,2024-10-01,REG,,4163.0,,
IND-320,R76,2024-11-01,REG,,4105.0,,
IND-320,R84,2022-01-01,REG,,515.0,,
IND-320,R84,2022-02-01,REG,,501.0,,
IND-320,R84,2022-03-01,REG,,595.0,,
IND-320,R84,2022-04-01,REG,,427.0,,
IND-320,R84,2022-05-01,REG,,742.0,,
IND-320,R84,2022-06-01,REG,,763.0,,
IND-320,R84,2022-07-01,REG,,728.0,,
IND-320,R84,2022-08-01,REG,,545.0,,
IND-320,R84,2022-09-01,REG,,571.0,,
IND-320,R84,2022-10-01,REG,,603.0,,
IND-320,R84,2022-11-01,REG,,459.0,,
IND-320,R84,2022-12-01,REG,6998.0,496.0,,
IND-320,R84,2023-01-01,REG,,448.0,,
IND-320,R84,2023-02-01,REG,,6598.0,,
IND-320,R84,2023-03-01,REG,,6508.0,,
IND-320,R84,2023-04-01,REG,,6617.0,,
IND-320,R84,2023-05-01,REG,,6318.0,,
IND-320,R84,2023-06-01,REG,,6284.0,,
IND-320,R84,2023-07-01,REG,,6142.0,,
IND-320,R84,2023-08-01,REG,,6107.0,,
IND-320,R84,2023-09-01,REG,,6257.0,,
IND-320,R84,2023-10-01,REG,,6266.0,,
IND-320,R84,2023-11-01,REG,,6252.0,,
IND-320,R84,2023-12-01,REG,,6297.0,,
IND-320,R84,2024-01-01,REG,,6387.0,,
IND-320,R84,2024-02-01,REG,,6412.0,,
IND-320,R84,2024-03-01,REG,,6339.0,,
IND-320,R84,2024-04-01,REG,,6410.0,,
IND-320,R84,2024-05-01,REG,,6322.0,,
IND-320,R84,2024-06-01,REG,,6243.0,,
IND-320,R84,2024-07-01,REG,,6289.0,,
IND-320,R84,2024-08-01,REG,,6321.0,,
IND-320,R84,2024-09-01,REG,,6274.0,,
IND-320,R84,2024-10-01,REG,,6320.0,,
IND-320,R84,2024-11-01,REG,,6489.0,,
IND-320,R93,2022-01-01,REG,,498.0,,
IND-320,R93,2022-02-01,REG,,462.0,,
IND-320,R93,2022-03-01,REG,,504.0,,
IND-320,R93,2022-04-01,REG,,411.0,,
IND-320,R93,2022-05-01,REG,,604.0,,
IND-320,R93,2022-06-01,REG,,630.0,,
IND-320,R93,2022-07-01,REG,,686.0,,
IND-320,R93,2022-08-01,REG,,722.0,,
IND-320,R93,2022-09-01,REG,,612.0,,
IND-320,R93,2022-10-01,REG,,552.0,,
IND-320,R93,2022-11-01,REG,,462.0,,
IND-320,R93,2022-12-01,REG,6648.0,467.0,,
IND-320,R93,2023-01-01,REG,,509.0,,
IND-320,R93,2023-02-01,REG,,6562.0,,
IND-320,R93,2023-03-01,REG,,6530.0,,
IND-320,R93,2023-04-01,REG,,6472.0,,
IND-320,R93,2023-05-01,REG,,6374.0,,
IND-320,R93,2023-06-01,REG,,6386.0,,
IND-320,R93,2023-07-01,REG,,6241.0,,
IND-320,R93,2023-08-01,REG,,6351.0,,
IND-320,R93,2023-09-01,REG,,6357.0,,
IND-320,R93,2023-10-01,REG,,6372.0,,
IND-320,R93,2023-11-01,REG,,6425.0,,
IND-320,R93,2023-12-01,REG,,6516.0,,
IND-320,R93,2024-01-01,REG,,6497.0,,
IND-320,R93,2024-02-01,REG,,6531.0,,
IND-320,R93,2024-03-01,REG,,6469.0,,
IND-320,R93,2024-04-01,REG,,6490.0,,
IND-320,R93,2024-05-01,REG,,6459.0,,
IND-320,R93,2024-06-01,REG,,6392.0,,
IND-320,R93,2024-07-01,REG,,6461.0,,
IND-320,R93,2024-08-01,REG,,6315.0,,
IND-320,R93,2024-09-01,REG,,6150.0,,
IND-320,R93,2024-10-01,REG,,6072.0,,
IND-320,R93,2024-11-01,REG,,6039.0,,
IND-320,R94,2022-03-01,REG,,0.0,,
IND-320,R94,2022-07-01,REG,,5.0,,
IND-320,R94,2022-08-01,REG,,8.0,,
IND-320,R94,2022-09-01,REG,,12.0,,
IND-320,R94,2022-10-01,REG,,6.0,,
IND-320,R94,2022-12-01,REG,74.0,0.0,,
IND-320,R94,2023-01-01,REG,,5.0,,
IND-320,R94,2023-02-01,REG,,38.0,,
IND-320,R94,2023-04-01,REG,,41.0,,
IND-320,R94,2023-06-01,REG,,47.0,,
IND-320,R94,2023-07-01,REG,,96.0,,
IND-320,R94,2023-08-01,REG,,50.0,,
IND-320,R94,2023-09-01,REG,,55.0,,
IND-320,R94,2023-11-01,REG,,34.0,,
IND-320,R94,2023-12-01,REG,,90.0,,
IND-320,R94,2024-01-01,REG,,79.0,,
IND-320,R94,2024-02-01,REG,,77.0,,
IND-320,R94,2024-03-01,REG,,79.0,,
IND-320,R94,2024-04-01,REG,,73.0,,
IND-320,R94,2024-05-01,REG,,73.0,,
IND-320,R94,2024-06-01,REG,,67.0,,
IND-320,R94,2024-07-01,REG,,72.0,,
IND-320,R94,2024-08-01,REG,,77.0,,
IND-320,R94,2024-09-01,REG,,72.0,,
IND-320,R94,2024-10-01,REG,,74.0,,
IND-320,R94,2024-11-01,REG,,74.0,,
