indic_id,enforce_zone_id,metric_enforce_date,maille,indic_vi,indic_va,indic_vc,indic_ta
IND-307,D01,2023-10-01,DEPT,,1630.0,,
IND-307,D01,2023-11-01,DEPT,,1690.0,,
IND-307,D01,2023-12-01,DEPT,,1759.0,,
IND-307,D01,2024-01-01,DEPT,,1866.0,,
IND-307,D01,2024-02-01,DEPT,,1919.0,,
IND-307,D01,2024-03-01,DEPT,,2030.0,,
IND-307,D01,2024-04-01,DEPT,,2081.0,,
IND-307,D01,2024-05-01,DEPT,,2122.0,,
IND-307,D01,2024-06-01,DEPT,,2255.0,,
IND-307,D01,2024-07-01,DEPT,,2337.0,,
IND-307,D01,2024-08-01,DEPT,,2396.0,,
IND-307,D01,2024-09-01,DEPT,,2355.0,,
IND-307,D01,2024-10-01,DEPT,,2425.0,,
IND-307,D01,2025-02-01,DEPT,,2676.0,,
IND-307,D01,2025-05-01,DEPT,,2839.0,,
IND-307,D01,2025-08-01,DEPT,,3060.0,,
IND-307,D01,2025-10-01,DEPT,,3148.0,,
IND-307,D01,2025-11-01,DEPT,,3274.0,,
IND-307,D01,2025-12-01,DEPT,,3303.0,,
IND-307,D01,2026-01-01,DEPT,,4068.0,,
IND-307,D01,2026-03-01,DEPT,,4189.0,,100.0
IND-307,D02,2023-10-01,DEPT,,1725.0,,
IND-307,D02,2023-11-01,DEPT,,1796.0,,
IND-307,D02,2023-12-01,DEPT,,1872.0,,
IND-307,D02,2024-01-01,DEPT,,1887.0,,
IND-307,D02,2024-02-01,DEPT,,1899.0,,
IND-307,D02,2024-03-01,DEPT,,2006.0,,
IND-307,D02,2024-04-01,DEPT,,2102.0,,
IND-307,D02,2024-05-01,DEPT,,2129.0,,
IND-307,D02,2024-06-01,DEPT,,2220.0,,
IND-307,D02,2024-07-01,DEPT,,2330.0,,
IND-307,D02,2024-08-01,DEPT,,2396.0,,
IND-307,D02,2024-09-01,DEPT,,2410.0,,
IND-307,D02,2024-10-01,DEPT,,2484.0,,
IND-307,D02,2025-02-01,DEPT,,2798.0,,
IND-307,D02,2025-05-01,DEPT,,2936.0,,
IND-307,D02,2025-08-01,DEPT,,3088.0,,
IND-307,D02,2025-10-01,DEPT,,3214.0,,
IND-307,D02,2025-11-01,DEPT,,3244.0,,
IND-307,D02,2025-12-01,DEPT,,3261.0,,
IND-307,D02,2026-01-01,DEPT,,4018.0,,
IND-307,D02,2026-03-01,DEPT,,4200.0,,63.09
IND-307,D03,2023-10-01,DEPT,,857.0,,
IND-307,D03,2023-11-01,DEPT,,854.0,,
IND-307,D03,2023-12-01,DEPT,,888.0,,
IND-307,D03,2024-01-01,DEPT,,929.0,,
IND-307,D03,2024-02-01,DEPT,,943.0,,
IND-307,D03,2024-03-01,DEPT,,991.0,,
IND-307,D03,2024-04-01,DEPT,,1074.0,,
IND-307,D03,2024-05-01,DEPT,,1105.0,,
IND-307,D03,2024-06-01,DEPT,,1216.0,,
IND-307,D03,2024-07-01,DEPT,,1281.0,,
IND-307,D03,2024-08-01,DEPT,,1339.0,,
IND-307,D03,2024-09-01,DEPT,,1326.0,,
IND-307,D03,2024-10-01,DEPT,,1336.0,,
IND-307,D03,2025-02-01,DEPT,,1440.0,,
IND-307,D03,2025-05-01,DEPT,,1561.0,,
IND-307,D03,2025-08-01,DEPT,,1698.0,,
IND-307,D03,2025-10-01,DEPT,,1729.0,,
IND-307,D03,2025-11-01,DEPT,,1769.0,,
IND-307,D03,2025-12-01,DEPT,,1772.0,,
IND-307,D03,2026-01-01,DEPT,,2164.0,,
IND-307,D03,2026-03-01,DEPT,,2251.0,,57.86
IND-307,D04,2023-10-01,DEPT,,404.0,,
IND-307,D04,2023-11-01,DEPT,,422.0,,
IND-307,D04,2023-12-01,DEPT,,447.0,,
IND-307,D04,2024-01-01,DEPT,,481.0,,
IND-307,D04,2024-02-01,DEPT,,516.0,,
IND-307,D04,2024-03-01,DEPT,,549.0,,
IND-307,D04,2024-04-01,DEPT,,557.0,,
IND-307,D04,2024-05-01,DEPT,,575.0,,
IND-307,D04,2024-06-01,DEPT,,608.0,,
IND-307,D04,2024-07-01,DEPT,,615.0,,
IND-307,D04,2024-08-01,DEPT,,640.0,,
IND-307,D04,2024-09-01,DEPT,,633.0,,
IND-307,D04,2024-10-01,DEPT,,652.0,,
IND-307,D04,2025-02-01,DEPT,,689.0,,
IND-307,D04,2025-05-01,DEPT,,745.0,,
IND-307,D04,2025-08-01,DEPT,,772.0,,
IND-307,D04,2025-10-01,DEPT,,780.0,,
IND-307,D04,2025-11-01,DEPT,,818.0,,
IND-307,D04,2025-12-01,DEPT,,820.0,,
IND-307,D04,2026-01-01,DEPT,,1019.0,,
IND-307,D04,2026-03-01,DEPT,,1056.0,,66.26
IND-307,D05,2023-10-01,DEPT,,268.0,,
IND-307,D05,2023-11-01,DEPT,,282.0,,
IND-307,D05,2023-12-01,DEPT,,286.0,,
IND-307,D05,2024-01-01,DEPT,,289.0,,
IND-307,D05,2024-02-01,DEPT,,294.0,,
IND-307,D05,2024-03-01,DEPT,,312.0,,
IND-307,D05,2024-04-01,DEPT,,320.0,,
IND-307,D05,2024-05-01,DEPT,,319.0,,
IND-307,D05,2024-06-01,DEPT,,359.0,,
IND-307,D05,2024-07-01,DEPT,,378.0,,
IND-307,D05,2024-08-01,DEPT,,386.0,,
IND-307,D05,2024-09-01,DEPT,,376.0,,
IND-307,D05,2024-10-01,DEPT,,400.0,,
IND-307,D05,2025-02-01,DEPT,,418.0,,
IND-307,D05,2025-05-01,DEPT,,448.0,,
IND-307,D05,2025-08-01,DEPT,,468.0,,
IND-307,D05,2025-10-01,DEPT,,480.0,,
IND-307,D05,2025-11-01,DEPT,,493.0,,
IND-307,D05,2025-12-01,DEPT,,505.0,,
IND-307,D05,2026-01-01,DEPT,,668.0,,
IND-307,D05,2026-03-01,DEPT,,682.0,,43.01
IND-307,D06,2023-10-01,DEPT,,2602.0,,
IND-307,D06,2023-11-01,DEPT,,2689.0,,
IND-307,D06,2023-12-01,DEPT,,2807.0,,
IND-307,D06,2024-01-01,DEPT,,2949.0,,
IND-307,D06,2024-02-01,DEPT,,3005.0,,
IND-307,D06,2024-03-01,DEPT,,3114.0,,
IND-307,D06,2024-04-01,DEPT,,3278.0,,
IND-307,D06,2024-05-01,DEPT,,3349.0,,
IND-307,D06,2024-06-01,DEPT,,3540.0,,
IND-307,D06,2024-07-01,DEPT,,3623.0,,
IND-307,D06,2024-08-01,DEPT,,3828.0,,
IND-307,D06,2024-09-01,DEPT,,3893.0,,
IND-307,D06,2024-10-01,DEPT,,3958.0,,
IND-307,D06,2025-02-01,DEPT,,4301.0,,
IND-307,D06,2025-05-01,DEPT,,4663.0,,
IND-307,D06,2025-08-01,DEPT,,4956.0,,
IND-307,D06,2025-10-01,DEPT,,5080.0,,
IND-307,D06,2025-11-01,DEPT,,5230.0,,
IND-307,D06,2025-12-01,DEPT,,5293.0,,
IND-307,D06,2026-01-01,DEPT,,6473.0,,
IND-307,D06,2026-03-01,DEPT,,6767.0,,74.74
IND-307,D07,2023-10-01,DEPT,,873.0,,
IND-307,D07,2023-11-01,DEPT,,889.0,,
IND-307,D07,2023-12-01,DEPT,,906.0,,
IND-307,D07,2024-01-01,DEPT,,967.0,,
IND-307,D07,2024-02-01,DEPT,,1009.0,,
IND-307,D07,2024-03-01,DEPT,,1047.0,,
IND-307,D07,2024-04-01,DEPT,,1088.0,,
IND-307,D07,2024-05-01,DEPT,,1118.0,,
IND-307,D07,2024-06-01,DEPT,,1187.0,,
IND-307,D07,2024-07-01,DEPT,,1243.0,,
IND-307,D07,2024-08-01,DEPT,,1313.0,,
IND-307,D07,2024-09-01,DEPT,,1319.0,,
IND-307,D07,2024-10-01,DEPT,,1341.0,,
IND-307,D07,2025-02-01,DEPT,,1493.0,,
IND-307,D07,2025-05-01,DEPT,,1606.0,,
IND-307,D07,2025-08-01,DEPT,,1737.0,,
IND-307,D07,2025-10-01,DEPT,,1741.0,,
IND-307,D07,2025-11-01,DEPT,,1811.0,,
IND-307,D07,2025-12-01,DEPT,,1855.0,,
IND-307,D07,2026-01-01,DEPT,,2358.0,,
IND-307,D07,2026-03-01,DEPT,,2424.0,,100.0
IND-307,D08,2023-10-01,DEPT,,754.0,,
IND-307,D08,2023-11-01,DEPT,,791.0,,
IND-307,D08,2023-12-01,DEPT,,829.0,,
IND-307,D08,2024-01-01,DEPT,,820.0,,
IND-307,D08,2024-02-01,DEPT,,862.0,,
IND-307,D08,2024-03-01,DEPT,,937.0,,
IND-307,D08,2024-04-01,DEPT,,972.0,,
IND-307,D08,2024-05-01,DEPT,,1006.0,,
IND-307,D08,2024-06-01,DEPT,,1088.0,,
IND-307,D08,2024-07-01,DEPT,,1086.0,,
IND-307,D08,2024-08-01,DEPT,,1144.0,,
IND-307,D08,2024-09-01,DEPT,,1130.0,,
IND-307,D08,2024-10-01,DEPT,,1158.0,,
IND-307,D08,2025-02-01,DEPT,,1241.0,,
IND-307,D08,2025-05-01,DEPT,,1321.0,,
IND-307,D08,2025-08-01,DEPT,,1383.0,,
IND-307,D08,2025-10-01,DEPT,,1389.0,,
IND-307,D08,2025-11-01,DEPT,,1462.0,,
IND-307,D08,2025-12-01,DEPT,,1479.0,,
IND-307,D08,2026-01-01,DEPT,,1928.0,,
IND-307,D08,2026-03-01,DEPT,,2022.0,,77.98
IND-307,D09,2023-10-01,DEPT,,363.0,,
IND-307,D09,2023-11-01,DEPT,,382.0,,
IND-307,D09,2023-12-01,DEPT,,399.0,,
IND-307,D09,2024-01-01,DEPT,,431.0,,
IND-307,D09,2024-02-01,DEPT,,431.0,,
IND-307,D09,2024-03-01,DEPT,,465.0,,
IND-307,D09,2024-04-01,DEPT,,490.0,,
IND-307,D09,2024-05-01,DEPT,,515.0,,
IND-307,D09,2024-06-01,DEPT,,552.0,,
IND-307,D09,2024-07-01,DEPT,,562.0,,
IND-307,D09,2024-08-01,DEPT,,591.0,,
IND-307,D09,2024-09-01,DEPT,,570.0,,
IND-307,D09,2024-10-01,DEPT,,594.0,,
IND-307,D09,2025-02-01,DEPT,,677.0,,
IND-307,D09,2025-05-01,DEPT,,711.0,,
IND-307,D09,2025-08-01,DEPT,,735.0,,
IND-307,D09,2025-10-01,DEPT,,721.0,,
IND-307,D09,2025-11-01,DEPT,,748.0,,
IND-307,D09,2025-12-01,DEPT,,771.0,,
IND-307,D09,2026-01-01,DEPT,,949.0,,
IND-307,D09,2026-03-01,DEPT,,978.0,,100.0
IND-307,D10,2023-10-01,DEPT,,961.0,,
IND-307,D10,2023-11-01,DEPT,,991.0,,
IND-307,D10,2023-12-01,DEPT,,1064.0,,
IND-307,D10,2024-01-01,DEPT,,1086.0,,
IND-307,D10,2024-02-01,DEPT,,1104.0,,
IND-307,D10,2024-03-01,DEPT,,1144.0,,
IND-307,D10,2024-04-01,DEPT,,1192.0,,
IND-307,D10,2024-05-01,DEPT,,1238.0,,
IND-307,D10,2024-06-01,DEPT,,1307.0,,
IND-307,D10,2024-07-01,DEPT,,1366.0,,
IND-307,D10,2024-08-01,DEPT,,1414.0,,
IND-307,D10,2024-09-01,DEPT,,1412.0,,
IND-307,D10,2024-10-01,DEPT,,1429.0,,
IND-307,D10,2025-02-01,DEPT,,1605.0,,
IND-307,D10,2025-05-01,DEPT,,1766.0,,
IND-307,D10,2025-08-01,DEPT,,1841.0,,
IND-307,D10,2025-10-01,DEPT,,1847.0,,
IND-307,D10,2025-11-01,DEPT,,1930.0,,
IND-307,D10,2025-12-01,DEPT,,1930.0,,
IND-307,D10,2026-01-01,DEPT,,2511.0,,
IND-307,D10,2026-03-01,DEPT,,2615.0,,100.0
IND-307,D11,2023-10-01,DEPT,,1071.0,,
IND-307,D11,2023-11-01,DEPT,,1087.0,,
IND-307,D11,2023-12-01,DEPT,,1143.0,,
IND-307,D11,2024-01-01,DEPT,,1187.0,,
IND-307,D11,2024-02-01,DEPT,,1228.0,,
IND-307,D11,2024-03-01,DEPT,,1301.0,,
IND-307,D11,2024-04-01,DEPT,,1310.0,,
IND-307,D11,2024-05-01,DEPT,,1364.0,,
IND-307,D11,2024-06-01,DEPT,,1458.0,,
IND-307,D11,2024-07-01,DEPT,,1503.0,,
IND-307,D11,2024-08-01,DEPT,,1594.0,,
IND-307,D11,2024-09-01,DEPT,,1618.0,,
IND-307,D11,2024-10-01,DEPT,,1647.0,,
IND-307,D11,2025-02-01,DEPT,,1850.0,,
IND-307,D11,2025-05-01,DEPT,,2001.0,,
IND-307,D11,2025-08-01,DEPT,,2116.0,,
IND-307,D11,2025-10-01,DEPT,,2156.0,,
IND-307,D11,2025-11-01,DEPT,,2211.0,,
IND-307,D11,2025-12-01,DEPT,,2291.0,,
IND-307,D11,2026-01-01,DEPT,,2909.0,,
IND-307,D11,2026-03-01,DEPT,,3014.0,,70.31
IND-307,D12,2023-10-01,DEPT,,607.0,,
IND-307,D12,2023-11-01,DEPT,,613.0,,
IND-307,D12,2023-12-01,DEPT,,632.0,,
IND-307,D12,2024-01-01,DEPT,,658.0,,
IND-307,D12,2024-02-01,DEPT,,693.0,,
IND-307,D12,2024-03-01,DEPT,,710.0,,
IND-307,D12,2024-04-01,DEPT,,727.0,,
IND-307,D12,2024-05-01,DEPT,,780.0,,
IND-307,D12,2024-06-01,DEPT,,808.0,,
IND-307,D12,2024-07-01,DEPT,,805.0,,
IND-307,D12,2024-08-01,DEPT,,857.0,,
IND-307,D12,2024-09-01,DEPT,,883.0,,
IND-307,D12,2024-10-01,DEPT,,890.0,,
IND-307,D12,2025-02-01,DEPT,,965.0,,
IND-307,D12,2025-05-01,DEPT,,1013.0,,
IND-307,D12,2025-08-01,DEPT,,1070.0,,
IND-307,D12,2025-10-01,DEPT,,964.0,,
IND-307,D12,2025-11-01,DEPT,,1122.0,,
IND-307,D12,2025-12-01,DEPT,,1173.0,,
IND-307,D12,2026-01-01,DEPT,,1452.0,,
IND-307,D12,2026-03-01,DEPT,,1504.0,,74.81
IND-307,D13,2023-10-01,DEPT,,5262.0,,
IND-307,D13,2023-11-01,DEPT,,5400.0,,
IND-307,D13,2023-12-01,DEPT,,5791.0,,
IND-307,D13,2024-01-01,DEPT,,6017.0,,
IND-307,D13,2024-02-01,DEPT,,6144.0,,
IND-307,D13,2024-03-01,DEPT,,6418.0,,
IND-307,D13,2024-04-01,DEPT,,6577.0,,
IND-307,D13,2024-05-01,DEPT,,6898.0,,
IND-307,D13,2024-06-01,DEPT,,7292.0,,
IND-307,D13,2024-07-01,DEPT,,7401.0,,
IND-307,D13,2024-08-01,DEPT,,7702.0,,
IND-307,D13,2024-09-01,DEPT,,7730.0,,
IND-307,D13,2024-10-01,DEPT,,7960.0,,
IND-307,D13,2025-02-01,DEPT,,8660.0,,
IND-307,D13,2025-05-01,DEPT,,9291.0,,
IND-307,D13,2025-08-01,DEPT,,9630.0,,
IND-307,D13,2025-10-01,DEPT,,9779.0,,
IND-307,D13,2025-11-01,DEPT,,10190.0,,
IND-307,D13,2025-12-01,DEPT,,10430.0,,
IND-307,D13,2026-01-01,DEPT,,12640.0,,
IND-307,D13,2026-03-01,DEPT,,13074.0,,77.68
IND-307,D14,2023-10-01,DEPT,,2267.0,,
IND-307,D14,2023-11-01,DEPT,,2311.0,,
IND-307,D14,2023-12-01,DEPT,,2330.0,,
IND-307,D14,2024-01-01,DEPT,,2392.0,,
IND-307,D14,2024-02-01,DEPT,,2462.0,,
IND-307,D14,2024-03-01,DEPT,,2624.0,,
IND-307,D14,2024-04-01,DEPT,,2679.0,,
IND-307,D14,2024-05-01,DEPT,,2748.0,,
IND-307,D14,2024-06-01,DEPT,,2877.0,,
IND-307,D14,2024-07-01,DEPT,,2924.0,,
IND-307,D14,2024-08-01,DEPT,,3037.0,,
IND-307,D14,2024-09-01,DEPT,,3015.0,,
IND-307,D14,2024-10-01,DEPT,,3091.0,,
IND-307,D14,2025-02-01,DEPT,,3240.0,,
IND-307,D14,2025-05-01,DEPT,,3503.0,,
IND-307,D14,2025-08-01,DEPT,,3695.0,,
IND-307,D14,2025-10-01,DEPT,,3714.0,,
IND-307,D14,2025-11-01,DEPT,,3843.0,,
IND-307,D14,2025-12-01,DEPT,,3920.0,,
IND-307,D14,2026-01-01,DEPT,,4606.0,,
IND-307,D14,2026-03-01,DEPT,,4784.0,,73.76
IND-307,D15,2023-10-01,DEPT,,251.0,,
IND-307,D15,2023-11-01,DEPT,,240.0,,
IND-307,D15,2023-12-01,DEPT,,248.0,,
IND-307,D15,2024-01-01,DEPT,,262.0,,
IND-307,D15,2024-02-01,DEPT,,265.0,,
IND-307,D15,2024-03-01,DEPT,,278.0,,
IND-307,D15,2024-04-01,DEPT,,286.0,,
IND-307,D15,2024-05-01,DEPT,,301.0,,
IND-307,D15,2024-06-01,DEPT,,337.0,,
IND-307,D15,2024-07-01,DEPT,,342.0,,
IND-307,D15,2024-08-01,DEPT,,342.0,,
IND-307,D15,2024-09-01,DEPT,,347.0,,
IND-307,D15,2024-10-01,DEPT,,356.0,,
IND-307,D15,2025-02-01,DEPT,,393.0,,
IND-307,D15,2025-05-01,DEPT,,430.0,,
IND-307,D15,2025-08-01,DEPT,,478.0,,
IND-307,D15,2025-10-01,DEPT,,481.0,,
IND-307,D15,2025-11-01,DEPT,,507.0,,
IND-307,D15,2025-12-01,DEPT,,502.0,,
IND-307,D15,2026-01-01,DEPT,,574.0,,
IND-307,D15,2026-03-01,DEPT,,581.0,,64.77
IND-307,D16,2023-10-01,DEPT,,1132.0,,
IND-307,D16,2023-11-01,DEPT,,1140.0,,
IND-307,D16,2023-12-01,DEPT,,1233.0,,
IND-307,D16,2024-01-01,DEPT,,1271.0,,
IND-307,D16,2024-02-01,DEPT,,1355.0,,
IND-307,D16,2024-03-01,DEPT,,1433.0,,
IND-307,D16,2024-04-01,DEPT,,1480.0,,
IND-307,D16,2024-05-01,DEPT,,1532.0,,
IND-307,D16,2024-06-01,DEPT,,1615.0,,
IND-307,D16,2024-07-01,DEPT,,1629.0,,
IND-307,D16,2024-08-01,DEPT,,1735.0,,
IND-307,D16,2024-09-01,DEPT,,1727.0,,
IND-307,D16,2024-10-01,DEPT,,1745.0,,
IND-307,D16,2025-02-01,DEPT,,1927.0,,
IND-307,D16,2025-05-01,DEPT,,2075.0,,
IND-307,D16,2025-08-01,DEPT,,2239.0,,
IND-307,D16,2025-10-01,DEPT,,2231.0,,
IND-307,D16,2025-11-01,DEPT,,2303.0,,
IND-307,D16,2025-12-01,DEPT,,2298.0,,
IND-307,D16,2026-01-01,DEPT,,2693.0,,
IND-307,D16,2026-03-01,DEPT,,2780.0,,78.18
IND-307,D17,2023-10-01,DEPT,,1684.0,,
IND-307,D17,2023-11-01,DEPT,,1721.0,,
IND-307,D17,2023-12-01,DEPT,,1785.0,,
IND-307,D17,2024-01-01,DEPT,,1840.0,,
IND-307,D17,2024-02-01,DEPT,,1906.0,,
IND-307,D17,2024-03-01,DEPT,,2012.0,,
IND-307,D17,2024-04-01,DEPT,,2053.0,,
IND-307,D17,2024-05-01,DEPT,,2155.0,,
IND-307,D17,2024-06-01,DEPT,,2196.0,,
IND-307,D17,2024-07-01,DEPT,,2270.0,,
IND-307,D17,2024-08-01,DEPT,,2401.0,,
IND-307,D17,2024-09-01,DEPT,,2414.0,,
IND-307,D17,2024-10-01,DEPT,,2447.0,,
IND-307,D17,2025-02-01,DEPT,,2716.0,,
IND-307,D17,2025-05-01,DEPT,,2911.0,,
IND-307,D17,2025-08-01,DEPT,,3104.0,,
IND-307,D17,2025-10-01,DEPT,,3184.0,,
IND-307,D17,2025-11-01,DEPT,,3284.0,,
IND-307,D17,2025-12-01,DEPT,,3321.0,,
IND-307,D17,2026-01-01,DEPT,,3986.0,,
IND-307,D17,2026-03-01,DEPT,,4102.0,,50.45
IND-307,D18,2023-10-01,DEPT,,898.0,,
IND-307,D18,2023-11-01,DEPT,,907.0,,
IND-307,D18,2023-12-01,DEPT,,922.0,,
IND-307,D18,2024-01-01,DEPT,,953.0,,
IND-307,D18,2024-02-01,DEPT,,974.0,,
IND-307,D18,2024-03-01,DEPT,,1024.0,,
IND-307,D18,2024-04-01,DEPT,,1044.0,,
IND-307,D18,2024-05-01,DEPT,,1060.0,,
IND-307,D18,2024-06-01,DEPT,,1123.0,,
IND-307,D18,2024-07-01,DEPT,,1156.0,,
IND-307,D18,2024-08-01,DEPT,,1190.0,,
IND-307,D18,2024-09-01,DEPT,,1201.0,,
IND-307,D18,2024-10-01,DEPT,,1212.0,,
IND-307,D18,2025-02-01,DEPT,,1330.0,,
IND-307,D18,2025-05-01,DEPT,,1410.0,,
IND-307,D18,2025-08-01,DEPT,,1465.0,,
IND-307,D18,2025-10-01,DEPT,,1504.0,,
IND-307,D18,2025-11-01,DEPT,,1559.0,,
IND-307,D18,2025-12-01,DEPT,,1587.0,,
IND-307,D18,2026-01-01,DEPT,,2005.0,,
IND-307,D18,2026-03-01,DEPT,,2047.0,,68.24
IND-307,D19,2023-10-01,DEPT,,537.0,,
IND-307,D19,2023-11-01,DEPT,,541.0,,
IND-307,D19,2023-12-01,DEPT,,567.0,,
IND-307,D19,2024-01-01,DEPT,,591.0,,
IND-307,D19,2024-02-01,DEPT,,606.0,,
IND-307,D19,2024-03-01,DEPT,,652.0,,
IND-307,D19,2024-04-01,DEPT,,667.0,,
IND-307,D19,2024-05-01,DEPT,,717.0,,
IND-307,D19,2024-06-01,DEPT,,747.0,,
IND-307,D19,2024-07-01,DEPT,,793.0,,
IND-307,D19,2024-08-01,DEPT,,861.0,,
IND-307,D19,2024-09-01,DEPT,,850.0,,
IND-307,D19,2024-10-01,DEPT,,869.0,,
IND-307,D19,2025-02-01,DEPT,,955.0,,
IND-307,D19,2025-05-01,DEPT,,1019.0,,
IND-307,D19,2025-08-01,DEPT,,1118.0,,
IND-307,D19,2025-10-01,DEPT,,1108.0,,
IND-307,D19,2025-11-01,DEPT,,1128.0,,
IND-307,D19,2025-12-01,DEPT,,1133.0,,
IND-307,D19,2026-01-01,DEPT,,1389.0,,
IND-307,D19,2026-03-01,DEPT,,1441.0,,56.61
IND-307,D21,2023-10-01,DEPT,,1457.0,,
IND-307,D21,2023-11-01,DEPT,,1527.0,,
IND-307,D21,2023-12-01,DEPT,,1572.0,,
IND-307,D21,2024-01-01,DEPT,,1618.0,,
IND-307,D21,2024-02-01,DEPT,,1687.0,,
IND-307,D21,2024-03-01,DEPT,,1802.0,,
IND-307,D21,2024-04-01,DEPT,,1804.0,,
IND-307,D21,2024-05-01,DEPT,,1853.0,,
IND-307,D21,2024-06-01,DEPT,,1931.0,,
IND-307,D21,2024-07-01,DEPT,,1975.0,,
IND-307,D21,2024-08-01,DEPT,,2063.0,,
IND-307,D21,2024-09-01,DEPT,,2084.0,,
IND-307,D21,2024-10-01,DEPT,,2164.0,,
IND-307,D21,2025-02-01,DEPT,,2353.0,,
IND-307,D21,2025-05-01,DEPT,,2478.0,,
IND-307,D21,2025-08-01,DEPT,,2636.0,,
IND-307,D21,2025-10-01,DEPT,,2718.0,,
IND-307,D21,2025-11-01,DEPT,,2766.0,,
IND-307,D21,2025-12-01,DEPT,,2785.0,,
IND-307,D21,2026-01-01,DEPT,,3537.0,,
IND-307,D21,2026-03-01,DEPT,,3646.0,,98.91
IND-307,D22,2023-10-01,DEPT,,1701.0,,
IND-307,D22,2023-11-01,DEPT,,1744.0,,
IND-307,D22,2023-12-01,DEPT,,1789.0,,
IND-307,D22,2024-01-01,DEPT,,1854.0,,
IND-307,D22,2024-02-01,DEPT,,1921.0,,
IND-307,D22,2024-03-01,DEPT,,1999.0,,
IND-307,D22,2024-04-01,DEPT,,2039.0,,
IND-307,D22,2024-05-01,DEPT,,2113.0,,
IND-307,D22,2024-06-01,DEPT,,2227.0,,
IND-307,D22,2024-07-01,DEPT,,2319.0,,
IND-307,D22,2024-08-01,DEPT,,2449.0,,
IND-307,D22,2024-09-01,DEPT,,2471.0,,
IND-307,D22,2024-10-01,DEPT,,2579.0,,
IND-307,D22,2025-02-01,DEPT,,2766.0,,
IND-307,D22,2025-05-01,DEPT,,2916.0,,
IND-307,D22,2025-08-01,DEPT,,3107.0,,
IND-307,D22,2025-10-01,DEPT,,3213.0,,
IND-307,D22,2025-11-01,DEPT,,3312.0,,
IND-307,D22,2025-12-01,DEPT,,3376.0,,
IND-307,D22,2026-01-01,DEPT,,4008.0,,
IND-307,D22,2026-03-01,DEPT,,4133.0,,100.0
IND-307,D23,2023-10-01,DEPT,,227.0,,
IND-307,D23,2023-11-01,DEPT,,232.0,,
IND-307,D23,2023-12-01,DEPT,,251.0,,
IND-307,D23,2024-01-01,DEPT,,268.0,,
IND-307,D23,2024-02-01,DEPT,,281.0,,
IND-307,D23,2024-03-01,DEPT,,286.0,,
IND-307,D23,2024-04-01,DEPT,,291.0,,
IND-307,D23,2024-05-01,DEPT,,300.0,,
IND-307,D23,2024-06-01,DEPT,,318.0,,
IND-307,D23,2024-07-01,DEPT,,331.0,,
IND-307,D23,2024-08-01,DEPT,,342.0,,
IND-307,D23,2024-09-01,DEPT,,352.0,,
IND-307,D23,2024-10-01,DEPT,,364.0,,
IND-307,D23,2025-02-01,DEPT,,390.0,,
IND-307,D23,2025-05-01,DEPT,,418.0,,
IND-307,D23,2025-08-01,DEPT,,461.0,,
IND-307,D23,2025-10-01,DEPT,,463.0,,
IND-307,D23,2025-11-01,DEPT,,490.0,,
IND-307,D23,2025-12-01,DEPT,,490.0,,
IND-307,D23,2026-01-01,DEPT,,589.0,,
IND-307,D23,2026-03-01,DEPT,,610.0,,0.0
IND-307,D24,2023-10-01,DEPT,,972.0,,
IND-307,D24,2023-11-01,DEPT,,986.0,,
IND-307,D24,2023-12-01,DEPT,,1022.0,,
IND-307,D24,2024-01-01,DEPT,,1058.0,,
IND-307,D24,2024-02-01,DEPT,,1106.0,,
IND-307,D24,2024-03-01,DEPT,,1192.0,,
IND-307,D24,2024-04-01,DEPT,,1253.0,,
IND-307,D24,2024-05-01,DEPT,,1288.0,,
IND-307,D24,2024-06-01,DEPT,,1380.0,,
IND-307,D24,2024-07-01,DEPT,,1424.0,,
IND-307,D24,2024-08-01,DEPT,,1488.0,,
IND-307,D24,2024-09-01,DEPT,,1512.0,,
IND-307,D24,2024-10-01,DEPT,,1515.0,,
IND-307,D24,2025-02-01,DEPT,,1601.0,,
IND-307,D24,2025-05-01,DEPT,,1754.0,,
IND-307,D24,2025-08-01,DEPT,,1822.0,,
IND-307,D24,2025-10-01,DEPT,,1908.0,,
IND-307,D24,2025-11-01,DEPT,,1961.0,,
IND-307,D24,2025-12-01,DEPT,,1997.0,,
IND-307,D24,2026-01-01,DEPT,,2502.0,,
IND-307,D24,2026-03-01,DEPT,,2586.0,,72.62
IND-307,D25,2023-10-01,DEPT,,1612.0,,
IND-307,D25,2023-11-01,DEPT,,1675.0,,
IND-307,D25,2023-12-01,DEPT,,1729.0,,
IND-307,D25,2024-01-01,DEPT,,1817.0,,
IND-307,D25,2024-02-01,DEPT,,1861.0,,
IND-307,D25,2024-03-01,DEPT,,1896.0,,
IND-307,D25,2024-04-01,DEPT,,2008.0,,
IND-307,D25,2024-05-01,DEPT,,2077.0,,
IND-307,D25,2024-06-01,DEPT,,2224.0,,
IND-307,D25,2024-07-01,DEPT,,2306.0,,
IND-307,D25,2024-08-01,DEPT,,2431.0,,
IND-307,D25,2024-09-01,DEPT,,2480.0,,
IND-307,D25,2024-10-01,DEPT,,2549.0,,
IND-307,D25,2025-02-01,DEPT,,2690.0,,
IND-307,D25,2025-05-01,DEPT,,2893.0,,
IND-307,D25,2025-08-01,DEPT,,3123.0,,
IND-307,D25,2025-10-01,DEPT,,3213.0,,
IND-307,D25,2025-11-01,DEPT,,3306.0,,
IND-307,D25,2025-12-01,DEPT,,3334.0,,
IND-307,D25,2026-01-01,DEPT,,4010.0,,
IND-307,D25,2026-03-01,DEPT,,4124.0,,81.26
IND-307,D26,2023-10-01,DEPT,,1529.0,,
IND-307,D26,2023-11-01,DEPT,,1576.0,,
IND-307,D26,2023-12-01,DEPT,,1613.0,,
IND-307,D26,2024-01-01,DEPT,,1684.0,,
IND-307,D26,2024-02-01,DEPT,,1739.0,,
IND-307,D26,2024-03-01,DEPT,,1804.0,,
IND-307,D26,2024-04-01,DEPT,,1907.0,,
IND-307,D26,2024-05-01,DEPT,,1970.0,,
IND-307,D26,2024-06-01,DEPT,,2046.0,,
IND-307,D26,2024-07-01,DEPT,,2122.0,,
IND-307,D26,2024-08-01,DEPT,,2133.0,,
IND-307,D26,2024-09-01,DEPT,,2162.0,,
IND-307,D26,2024-10-01,DEPT,,2237.0,,
IND-307,D26,2025-02-01,DEPT,,2359.0,,
IND-307,D26,2025-05-01,DEPT,,2536.0,,
IND-307,D26,2025-08-01,DEPT,,2705.0,,
IND-307,D26,2025-10-01,DEPT,,2741.0,,
IND-307,D26,2025-11-01,DEPT,,2841.0,,
IND-307,D26,2025-12-01,DEPT,,2887.0,,
IND-307,D26,2026-01-01,DEPT,,3666.0,,
IND-307,D26,2026-03-01,DEPT,,3748.0,,75.61
IND-307,D27,2023-10-01,DEPT,,2222.0,,
IND-307,D27,2023-11-01,DEPT,,2275.0,,
IND-307,D27,2023-12-01,DEPT,,2339.0,,
IND-307,D27,2024-01-01,DEPT,,2403.0,,
IND-307,D27,2024-02-01,DEPT,,2473.0,,
IND-307,D27,2024-03-01,DEPT,,2608.0,,
IND-307,D27,2024-04-01,DEPT,,2689.0,,
IND-307,D27,2024-05-01,DEPT,,2760.0,,
IND-307,D27,2024-06-01,DEPT,,2908.0,,
IND-307,D27,2024-07-01,DEPT,,2939.0,,
IND-307,D27,2024-08-01,DEPT,,3086.0,,
IND-307,D27,2024-09-01,DEPT,,3078.0,,
IND-307,D27,2024-10-01,DEPT,,3142.0,,
IND-307,D27,2025-02-01,DEPT,,3393.0,,
IND-307,D27,2025-05-01,DEPT,,3555.0,,
IND-307,D27,2025-08-01,DEPT,,3671.0,,
IND-307,D27,2025-10-01,DEPT,,3763.0,,
IND-307,D27,2025-11-01,DEPT,,3842.0,,
IND-307,D27,2025-12-01,DEPT,,3912.0,,
IND-307,D27,2026-01-01,DEPT,,4631.0,,
IND-307,D27,2026-03-01,DEPT,,4849.0,,70.86
IND-307,D28,2023-10-01,DEPT,,1509.0,,
IND-307,D28,2023-11-01,DEPT,,1562.0,,
IND-307,D28,2023-12-01,DEPT,,1678.0,,
IND-307,D28,2024-01-01,DEPT,,1709.0,,
IND-307,D28,2024-02-01,DEPT,,1724.0,,
IND-307,D28,2024-03-01,DEPT,,1801.0,,
IND-307,D28,2024-04-01,DEPT,,1819.0,,
IND-307,D28,2024-05-01,DEPT,,1880.0,,
IND-307,D28,2024-06-01,DEPT,,1922.0,,
IND-307,D28,2024-07-01,DEPT,,1995.0,,
IND-307,D28,2024-08-01,DEPT,,2052.0,,
IND-307,D28,2024-09-01,DEPT,,2061.0,,
IND-307,D28,2024-10-01,DEPT,,2152.0,,
IND-307,D28,2025-02-01,DEPT,,2292.0,,
IND-307,D28,2025-05-01,DEPT,,2404.0,,
IND-307,D28,2025-08-01,DEPT,,2535.0,,
IND-307,D28,2025-10-01,DEPT,,2579.0,,
IND-307,D28,2025-11-01,DEPT,,2662.0,,
IND-307,D28,2025-12-01,DEPT,,2718.0,,
IND-307,D28,2026-01-01,DEPT,,3428.0,,
IND-307,D28,2026-03-01,DEPT,,3519.0,,100.0
IND-307,D29,2023-10-01,DEPT,,2323.0,,
IND-307,D29,2023-11-01,DEPT,,2364.0,,
IND-307,D29,2023-12-01,DEPT,,2439.0,,
IND-307,D29,2024-01-01,DEPT,,2553.0,,
IND-307,D29,2024-02-01,DEPT,,2624.0,,
IND-307,D29,2024-03-01,DEPT,,2726.0,,
IND-307,D29,2024-04-01,DEPT,,2802.0,,
IND-307,D29,2024-05-01,DEPT,,2884.0,,
IND-307,D29,2024-06-01,DEPT,,3034.0,,
IND-307,D29,2024-07-01,DEPT,,3152.0,,
IND-307,D29,2024-08-01,DEPT,,3255.0,,
IND-307,D29,2024-09-01,DEPT,,3287.0,,
IND-307,D29,2024-10-01,DEPT,,3399.0,,
IND-307,D29,2025-02-01,DEPT,,3657.0,,
IND-307,D29,2025-05-01,DEPT,,3974.0,,
IND-307,D29,2025-08-01,DEPT,,4299.0,,
IND-307,D29,2025-10-01,DEPT,,4422.0,,
IND-307,D29,2025-11-01,DEPT,,4548.0,,
IND-307,D29,2025-12-01,DEPT,,4655.0,,
IND-307,D29,2026-01-01,DEPT,,5385.0,,
IND-307,D29,2026-03-01,DEPT,,5585.0,,88.32
IND-307,D2A,2023-10-01,DEPT,,202.0,,
IND-307,D2A,2023-11-01,DEPT,,215.0,,
IND-307,D2A,2023-12-01,DEPT,,226.0,,
IND-307,D2A,2024-01-01,DEPT,,237.0,,
IND-307,D2A,2024-02-01,DEPT,,248.0,,
IND-307,D2A,2024-03-01,DEPT,,257.0,,
IND-307,D2A,2024-04-01,DEPT,,268.0,,
IND-307,D2A,2024-05-01,DEPT,,284.0,,
IND-307,D2A,2024-06-01,DEPT,,290.0,,
IND-307,D2A,2024-07-01,DEPT,,305.0,,
IND-307,D2A,2024-08-01,DEPT,,329.0,,
IND-307,D2A,2024-09-01,DEPT,,339.0,,
IND-307,D2A,2024-10-01,DEPT,,350.0,,
IND-307,D2A,2025-02-01,DEPT,,388.0,,
IND-307,D2A,2025-05-01,DEPT,,417.0,,
IND-307,D2A,2025-08-01,DEPT,,430.0,,
IND-307,D2A,2025-10-01,DEPT,,441.0,,
IND-307,D2A,2025-11-01,DEPT,,456.0,,
IND-307,D2A,2025-12-01,DEPT,,454.0,,
IND-307,D2A,2026-01-01,DEPT,,555.0,,
IND-307,D2A,2026-03-01,DEPT,,582.0,,81.16
IND-307,D2B,2023-10-01,DEPT,,248.0,,
IND-307,D2B,2023-11-01,DEPT,,252.0,,
IND-307,D2B,2023-12-01,DEPT,,281.0,,
IND-307,D2B,2024-01-01,DEPT,,288.0,,
IND-307,D2B,2024-02-01,DEPT,,303.0,,
IND-307,D2B,2024-03-01,DEPT,,315.0,,
IND-307,D2B,2024-04-01,DEPT,,328.0,,
IND-307,D2B,2024-05-01,DEPT,,354.0,,
IND-307,D2B,2024-06-01,DEPT,,366.0,,
IND-307,D2B,2024-07-01,DEPT,,370.0,,
IND-307,D2B,2024-08-01,DEPT,,401.0,,
IND-307,D2B,2024-09-01,DEPT,,410.0,,
IND-307,D2B,2024-10-01,DEPT,,417.0,,
IND-307,D2B,2025-02-01,DEPT,,460.0,,
IND-307,D2B,2025-05-01,DEPT,,491.0,,
IND-307,D2B,2025-08-01,DEPT,,536.0,,
IND-307,D2B,2025-10-01,DEPT,,544.0,,
IND-307,D2B,2025-11-01,DEPT,,555.0,,
IND-307,D2B,2025-12-01,DEPT,,568.0,,
IND-307,D2B,2026-01-01,DEPT,,692.0,,
IND-307,D2B,2026-03-01,DEPT,,733.0,,65.84
IND-307,D30,2023-10-01,DEPT,,2320.0,,
IND-307,D30,2023-11-01,DEPT,,2362.0,,
IND-307,D30,2023-12-01,DEPT,,2470.0,,
IND-307,D30,2024-01-01,DEPT,,2529.0,,
IND-307,D30,2024-02-01,DEPT,,2623.0,,
IND-307,D30,2024-03-01,DEPT,,2655.0,,
IND-307,D30,2024-04-01,DEPT,,2788.0,,
IND-307,D30,2024-05-01,DEPT,,2957.0,,
IND-307,D30,2024-06-01,DEPT,,3102.0,,
IND-307,D30,2024-07-01,DEPT,,3160.0,,
IND-307,D30,2024-08-01,DEPT,,3272.0,,
IND-307,D30,2024-09-01,DEPT,,3277.0,,
IND-307,D30,2024-10-01,DEPT,,3346.0,,
IND-307,D30,2025-02-01,DEPT,,3571.0,,
IND-307,D30,2025-05-01,DEPT,,3875.0,,
IND-307,D30,2025-08-01,DEPT,,4106.0,,
IND-307,D30,2025-10-01,DEPT,,4178.0,,
IND-307,D30,2025-11-01,DEPT,,4261.0,,
IND-307,D30,2025-12-01,DEPT,,4318.0,,
IND-307,D30,2026-01-01,DEPT,,5654.0,,
IND-307,D30,2026-03-01,DEPT,,5789.0,,82.68
IND-307,D31,2023-10-01,DEPT,,4405.0,,
IND-307,D31,2023-11-01,DEPT,,4519.0,,
IND-307,D31,2023-12-01,DEPT,,4721.0,,
IND-307,D31,2024-01-01,DEPT,,4926.0,,
IND-307,D31,2024-02-01,DEPT,,5066.0,,
IND-307,D31,2024-03-01,DEPT,,5404.0,,
IND-307,D31,2024-04-01,DEPT,,5582.0,,
IND-307,D31,2024-05-01,DEPT,,5835.0,,
IND-307,D31,2024-06-01,DEPT,,6177.0,,
IND-307,D31,2024-07-01,DEPT,,6090.0,,
IND-307,D31,2024-08-01,DEPT,,6662.0,,
IND-307,D31,2024-09-01,DEPT,,6726.0,,
IND-307,D31,2024-10-01,DEPT,,6837.0,,
IND-307,D31,2025-02-01,DEPT,,7629.0,,
IND-307,D31,2025-05-01,DEPT,,8095.0,,
IND-307,D31,2025-08-01,DEPT,,8408.0,,
IND-307,D31,2025-10-01,DEPT,,8566.0,,
IND-307,D31,2025-11-01,DEPT,,8820.0,,
IND-307,D31,2025-12-01,DEPT,,8971.0,,
IND-307,D31,2026-01-01,DEPT,,10687.0,,
IND-307,D31,2026-03-01,DEPT,,11064.0,,97.67
IND-307,D32,2023-10-01,DEPT,,360.0,,
IND-307,D32,2023-11-01,DEPT,,369.0,,
IND-307,D32,2023-12-01,DEPT,,393.0,,
IND-307,D32,2024-01-01,DEPT,,410.0,,
IND-307,D32,2024-02-01,DEPT,,438.0,,
IND-307,D32,2024-03-01,DEPT,,443.0,,
IND-307,D32,2024-04-01,DEPT,,457.0,,
IND-307,D32,2024-05-01,DEPT,,479.0,,
IND-307,D32,2024-06-01,DEPT,,511.0,,
IND-307,D32,2024-07-01,DEPT,,517.0,,
IND-307,D32,2024-08-01,DEPT,,544.0,,
IND-307,D32,2024-09-01,DEPT,,552.0,,
IND-307,D32,2024-10-01,DEPT,,565.0,,
IND-307,D32,2025-02-01,DEPT,,633.0,,
IND-307,D32,2025-05-01,DEPT,,666.0,,
IND-307,D32,2025-08-01,DEPT,,720.0,,
IND-307,D32,2025-10-01,DEPT,,733.0,,
IND-307,D32,2025-11-01,DEPT,,749.0,,
IND-307,D32,2025-12-01,DEPT,,755.0,,
IND-307,D32,2026-01-01,DEPT,,967.0,,
IND-307,D32,2026-03-01,DEPT,,997.0,,69.55
IND-307,D33,2023-10-01,DEPT,,4855.0,,
IND-307,D33,2023-11-01,DEPT,,4859.0,,
IND-307,D33,2023-12-01,DEPT,,5078.0,,
IND-307,D33,2024-01-01,DEPT,,5180.0,,
IND-307,D33,2024-02-01,DEPT,,5390.0,,
IND-307,D33,2024-03-01,DEPT,,5581.0,,
IND-307,D33,2024-04-01,DEPT,,5649.0,,
IND-307,D33,2024-05-01,DEPT,,5822.0,,
IND-307,D33,2024-06-01,DEPT,,6096.0,,
IND-307,D33,2024-07-01,DEPT,,6045.0,,
IND-307,D33,2024-08-01,DEPT,,6437.0,,
IND-307,D33,2024-09-01,DEPT,,6579.0,,
IND-307,D33,2024-10-01,DEPT,,6724.0,,
IND-307,D33,2025-02-01,DEPT,,7461.0,,
IND-307,D33,2025-05-01,DEPT,,7904.0,,
IND-307,D33,2025-08-01,DEPT,,8255.0,,
IND-307,D33,2025-10-01,DEPT,,8554.0,,
IND-307,D33,2025-11-01,DEPT,,8742.0,,
IND-307,D33,2025-12-01,DEPT,,8883.0,,
IND-307,D33,2026-01-01,DEPT,,10929.0,,
IND-307,D33,2026-03-01,DEPT,,11273.0,,90.73
IND-307,D34,2023-10-01,DEPT,,3720.0,,
IND-307,D34,2023-11-01,DEPT,,3822.0,,
IND-307,D34,2023-12-01,DEPT,,4016.0,,
IND-307,D34,2024-01-01,DEPT,,4158.0,,
IND-307,D34,2024-02-01,DEPT,,4238.0,,
IND-307,D34,2024-03-01,DEPT,,4404.0,,
IND-307,D34,2024-04-01,DEPT,,4551.0,,
IND-307,D34,2024-05-01,DEPT,,4793.0,,
IND-307,D34,2024-06-01,DEPT,,5139.0,,
IND-307,D34,2024-07-01,DEPT,,5194.0,,
IND-307,D34,2024-08-01,DEPT,,5412.0,,
IND-307,D34,2024-09-01,DEPT,,5445.0,,
IND-307,D34,2024-10-01,DEPT,,5556.0,,
IND-307,D34,2025-02-01,DEPT,,6065.0,,
IND-307,D34,2025-05-01,DEPT,,6477.0,,
IND-307,D34,2025-08-01,DEPT,,6925.0,,
IND-307,D34,2025-10-01,DEPT,,7022.0,,
IND-307,D34,2025-11-01,DEPT,,7234.0,,
IND-307,D34,2025-12-01,DEPT,,7392.0,,
IND-307,D34,2026-01-01,DEPT,,9277.0,,
IND-307,D34,2026-03-01,DEPT,,9604.0,,76.74
IND-307,D35,2023-10-01,DEPT,,2971.0,,
IND-307,D35,2023-11-01,DEPT,,3050.0,,
IND-307,D35,2023-12-01,DEPT,,3133.0,,
IND-307,D35,2024-01-01,DEPT,,3299.0,,
IND-307,D35,2024-02-01,DEPT,,3498.0,,
IND-307,D35,2024-03-01,DEPT,,3629.0,,
IND-307,D35,2024-04-01,DEPT,,3772.0,,
IND-307,D35,2024-05-01,DEPT,,3887.0,,
IND-307,D35,2024-06-01,DEPT,,4102.0,,
IND-307,D35,2024-07-01,DEPT,,4283.0,,
IND-307,D35,2024-08-01,DEPT,,4460.0,,
IND-307,D35,2024-09-01,DEPT,,4540.0,,
IND-307,D35,2024-10-01,DEPT,,4707.0,,
IND-307,D35,2025-02-01,DEPT,,5144.0,,
IND-307,D35,2025-05-01,DEPT,,5535.0,,
IND-307,D35,2025-08-01,DEPT,,5879.0,,
IND-307,D35,2025-10-01,DEPT,,6040.0,,
IND-307,D35,2025-11-01,DEPT,,6207.0,,
IND-307,D35,2025-12-01,DEPT,,6316.0,,
IND-307,D35,2026-01-01,DEPT,,7276.0,,
IND-307,D35,2026-03-01,DEPT,,7469.0,,100.0
IND-307,D36,2023-10-01,DEPT,,577.0,,
IND-307,D36,2023-11-01,DEPT,,591.0,,
IND-307,D36,2023-12-01,DEPT,,601.0,,
IND-307,D36,2024-01-01,DEPT,,646.0,,
IND-307,D36,2024-02-01,DEPT,,657.0,,
IND-307,D36,2024-03-01,DEPT,,697.0,,
IND-307,D36,2024-04-01,DEPT,,734.0,,
IND-307,D36,2024-05-01,DEPT,,744.0,,
IND-307,D36,2024-06-01,DEPT,,748.0,,
IND-307,D36,2024-07-01,DEPT,,790.0,,
IND-307,D36,2024-08-01,DEPT,,798.0,,
IND-307,D36,2024-09-01,DEPT,,811.0,,
IND-307,D36,2024-10-01,DEPT,,834.0,,
IND-307,D36,2025-02-01,DEPT,,874.0,,
IND-307,D36,2025-05-01,DEPT,,932.0,,
IND-307,D36,2025-08-01,DEPT,,956.0,,
IND-307,D36,2025-10-01,DEPT,,972.0,,
IND-307,D36,2025-11-01,DEPT,,976.0,,
IND-307,D36,2025-12-01,DEPT,,1014.0,,
IND-307,D36,2026-01-01,DEPT,,1304.0,,
IND-307,D36,2026-03-01,DEPT,,1327.0,,61.43
IND-307,D37,2023-10-01,DEPT,,1807.0,,
IND-307,D37,2023-11-01,DEPT,,1844.0,,
IND-307,D37,2023-12-01,DEPT,,1963.0,,
IND-307,D37,2024-01-01,DEPT,,2021.0,,
IND-307,D37,2024-02-01,DEPT,,2068.0,,
IND-307,D37,2024-03-01,DEPT,,2159.0,,
IND-307,D37,2024-04-01,DEPT,,2216.0,,
IND-307,D37,2024-05-01,DEPT,,2294.0,,
IND-307,D37,2024-06-01,DEPT,,2364.0,,
IND-307,D37,2024-07-01,DEPT,,2425.0,,
IND-307,D37,2024-08-01,DEPT,,2577.0,,
IND-307,D37,2024-09-01,DEPT,,2597.0,,
IND-307,D37,2024-10-01,DEPT,,2642.0,,
IND-307,D37,2025-02-01,DEPT,,2891.0,,
IND-307,D37,2025-05-01,DEPT,,3052.0,,
IND-307,D37,2025-08-01,DEPT,,3253.0,,
IND-307,D37,2025-10-01,DEPT,,3304.0,,
IND-307,D37,2025-11-01,DEPT,,3375.0,,
IND-307,D37,2025-12-01,DEPT,,3470.0,,
IND-307,D37,2026-01-01,DEPT,,4164.0,,
IND-307,D37,2026-03-01,DEPT,,4276.0,,93.71
IND-307,D38,2023-10-01,DEPT,,3629.0,,
IND-307,D38,2023-11-01,DEPT,,3774.0,,
IND-307,D38,2023-12-01,DEPT,,3874.0,,
IND-307,D38,2024-01-01,DEPT,,4012.0,,
IND-307,D38,2024-02-01,DEPT,,4137.0,,
IND-307,D38,2024-03-01,DEPT,,4304.0,,
IND-307,D38,2024-04-01,DEPT,,4391.0,,
IND-307,D38,2024-05-01,DEPT,,4554.0,,
IND-307,D38,2024-06-01,DEPT,,4756.0,,
IND-307,D38,2024-07-01,DEPT,,4783.0,,
IND-307,D38,2024-08-01,DEPT,,5048.0,,
IND-307,D38,2024-09-01,DEPT,,5123.0,,
IND-307,D38,2024-10-01,DEPT,,5229.0,,
IND-307,D38,2025-02-01,DEPT,,5723.0,,
IND-307,D38,2025-05-01,DEPT,,6106.0,,
IND-307,D38,2025-08-01,DEPT,,6489.0,,
IND-307,D38,2025-10-01,DEPT,,6605.0,,
IND-307,D38,2025-11-01,DEPT,,6737.0,,
IND-307,D38,2025-12-01,DEPT,,6888.0,,
IND-307,D38,2026-01-01,DEPT,,8121.0,,
IND-307,D38,2026-03-01,DEPT,,8379.0,,69.34
IND-307,D39,2023-10-01,DEPT,,633.0,,
IND-307,D39,2023-11-01,DEPT,,660.0,,
IND-307,D39,2023-12-01,DEPT,,678.0,,
IND-307,D39,2024-01-01,DEPT,,654.0,,
IND-307,D39,2024-02-01,DEPT,,726.0,,
IND-307,D39,2024-03-01,DEPT,,768.0,,
IND-307,D39,2024-04-01,DEPT,,796.0,,
IND-307,D39,2024-05-01,DEPT,,818.0,,
IND-307,D39,2024-06-01,DEPT,,873.0,,
IND-307,D39,2024-07-01,DEPT,,896.0,,
IND-307,D39,2024-08-01,DEPT,,923.0,,
IND-307,D39,2024-09-01,DEPT,,936.0,,
IND-307,D39,2024-10-01,DEPT,,960.0,,
IND-307,D39,2025-02-01,DEPT,,1072.0,,
IND-307,D39,2025-05-01,DEPT,,1119.0,,
IND-307,D39,2025-08-01,DEPT,,1161.0,,
IND-307,D39,2025-10-01,DEPT,,1171.0,,
IND-307,D39,2025-11-01,DEPT,,1206.0,,
IND-307,D39,2025-12-01,DEPT,,1255.0,,
IND-307,D39,2026-01-01,DEPT,,1642.0,,
IND-307,D39,2026-03-01,DEPT,,1693.0,,63.51
IND-307,D40,2023-10-01,DEPT,,1078.0,,
IND-307,D40,2023-11-01,DEPT,,1110.0,,
IND-307,D40,2023-12-01,DEPT,,1170.0,,
IND-307,D40,2024-01-01,DEPT,,1203.0,,
IND-307,D40,2024-02-01,DEPT,,1272.0,,
IND-307,D40,2024-03-01,DEPT,,1304.0,,
IND-307,D40,2024-04-01,DEPT,,1343.0,,
IND-307,D40,2024-05-01,DEPT,,1424.0,,
IND-307,D40,2024-06-01,DEPT,,1437.0,,
IND-307,D40,2024-07-01,DEPT,,1444.0,,
IND-307,D40,2024-08-01,DEPT,,1508.0,,
IND-307,D40,2024-09-01,DEPT,,1534.0,,
IND-307,D40,2024-10-01,DEPT,,1590.0,,
IND-307,D40,2025-02-01,DEPT,,1713.0,,
IND-307,D40,2025-05-01,DEPT,,1882.0,,
IND-307,D40,2025-08-01,DEPT,,2002.0,,
IND-307,D40,2025-10-01,DEPT,,2021.0,,
IND-307,D40,2025-11-01,DEPT,,2049.0,,
IND-307,D40,2025-12-01,DEPT,,2112.0,,
IND-307,D40,2026-01-01,DEPT,,2653.0,,
IND-307,D40,2026-03-01,DEPT,,2715.0,,73.64
IND-307,D41,2023-10-01,DEPT,,776.0,,
IND-307,D41,2023-11-01,DEPT,,825.0,,
IND-307,D41,2023-12-01,DEPT,,856.0,,
IND-307,D41,2024-01-01,DEPT,,892.0,,
IND-307,D41,2024-02-01,DEPT,,919.0,,
IND-307,D41,2024-03-01,DEPT,,940.0,,
IND-307,D41,2024-04-01,DEPT,,993.0,,
IND-307,D41,2024-05-01,DEPT,,1007.0,,
IND-307,D41,2024-06-01,DEPT,,1107.0,,
IND-307,D41,2024-07-01,DEPT,,1172.0,,
IND-307,D41,2024-08-01,DEPT,,1179.0,,
IND-307,D41,2024-09-01,DEPT,,1163.0,,
IND-307,D41,2024-10-01,DEPT,,1192.0,,
IND-307,D41,2025-02-01,DEPT,,1381.0,,
IND-307,D41,2025-05-01,DEPT,,1467.0,,
IND-307,D41,2025-08-01,DEPT,,1568.0,,
IND-307,D41,2025-10-01,DEPT,,1593.0,,
IND-307,D41,2025-11-01,DEPT,,1666.0,,
IND-307,D41,2025-12-01,DEPT,,1685.0,,
IND-307,D41,2026-01-01,DEPT,,2062.0,,
IND-307,D41,2026-03-01,DEPT,,2127.0,,91.64
IND-307,D42,2023-10-01,DEPT,,2207.0,,
IND-307,D42,2023-11-01,DEPT,,2227.0,,
IND-307,D42,2023-12-01,DEPT,,2341.0,,
IND-307,D42,2024-01-01,DEPT,,2430.0,,
IND-307,D42,2024-02-01,DEPT,,2511.0,,
IND-307,D42,2024-03-01,DEPT,,2664.0,,
IND-307,D42,2024-04-01,DEPT,,2765.0,,
IND-307,D42,2024-05-01,DEPT,,2836.0,,
IND-307,D42,2024-06-01,DEPT,,3015.0,,
IND-307,D42,2024-07-01,DEPT,,3076.0,,
IND-307,D42,2024-08-01,DEPT,,3247.0,,
IND-307,D42,2024-09-01,DEPT,,3241.0,,
IND-307,D42,2024-10-01,DEPT,,3329.0,,
IND-307,D42,2025-02-01,DEPT,,3558.0,,
IND-307,D42,2025-05-01,DEPT,,3823.0,,
IND-307,D42,2025-08-01,DEPT,,4111.0,,
IND-307,D42,2025-10-01,DEPT,,4235.0,,
IND-307,D42,2025-11-01,DEPT,,4392.0,,
IND-307,D42,2025-12-01,DEPT,,4524.0,,
IND-307,D42,2026-01-01,DEPT,,5177.0,,
IND-307,D42,2026-03-01,DEPT,,5388.0,,80.61
IND-307,D43,2023-10-01,DEPT,,443.0,,
IND-307,D43,2023-11-01,DEPT,,452.0,,
IND-307,D43,2023-12-01,DEPT,,464.0,,
IND-307,D43,2024-01-01,DEPT,,481.0,,
IND-307,D43,2024-02-01,DEPT,,496.0,,
IND-307,D43,2024-03-01,DEPT,,502.0,,
IND-307,D43,2024-04-01,DEPT,,530.0,,
IND-307,D43,2024-05-01,DEPT,,561.0,,
IND-307,D43,2024-06-01,DEPT,,579.0,,
IND-307,D43,2024-07-01,DEPT,,628.0,,
IND-307,D43,2024-08-01,DEPT,,652.0,,
IND-307,D43,2024-09-01,DEPT,,660.0,,
IND-307,D43,2024-10-01,DEPT,,684.0,,
IND-307,D43,2025-02-01,DEPT,,726.0,,
IND-307,D43,2025-05-01,DEPT,,781.0,,
IND-307,D43,2025-08-01,DEPT,,832.0,,
IND-307,D43,2025-10-01,DEPT,,853.0,,
IND-307,D43,2025-11-01,DEPT,,885.0,,
IND-307,D43,2025-12-01,DEPT,,920.0,,
IND-307,D43,2026-01-01,DEPT,,1058.0,,
IND-307,D43,2026-03-01,DEPT,,1117.0,,81.01
IND-307,D44,2023-10-01,DEPT,,3308.0,,
IND-307,D44,2023-11-01,DEPT,,3420.0,,
IND-307,D44,2023-12-01,DEPT,,3614.0,,
IND-307,D44,2024-01-01,DEPT,,3721.0,,
IND-307,D44,2024-02-01,DEPT,,3936.0,,
IND-307,D44,2024-03-01,DEPT,,4052.0,,
IND-307,D44,2024-04-01,DEPT,,4199.0,,
IND-307,D44,2024-05-01,DEPT,,4378.0,,
IND-307,D44,2024-06-01,DEPT,,4657.0,,
IND-307,D44,2024-07-01,DEPT,,4866.0,,
IND-307,D44,2024-08-01,DEPT,,5042.0,,
IND-307,D44,2024-09-01,DEPT,,5146.0,,
IND-307,D44,2024-10-01,DEPT,,5317.0,,
IND-307,D44,2025-02-01,DEPT,,5617.0,,
IND-307,D44,2025-05-01,DEPT,,5966.0,,
IND-307,D44,2025-08-01,DEPT,,6247.0,,
IND-307,D44,2025-10-01,DEPT,,6466.0,,
IND-307,D44,2025-11-01,DEPT,,6658.0,,
IND-307,D44,2025-12-01,DEPT,,6728.0,,
IND-307,D44,2026-01-01,DEPT,,7988.0,,
IND-307,D44,2026-03-01,DEPT,,8278.0,,100.0
IND-307,D45,2023-10-01,DEPT,,2084.0,,
IND-307,D45,2023-11-01,DEPT,,2246.0,,
IND-307,D45,2023-12-01,DEPT,,2288.0,,
IND-307,D45,2024-01-01,DEPT,,2305.0,,
IND-307,D45,2024-02-01,DEPT,,2347.0,,
IND-307,D45,2024-03-01,DEPT,,2465.0,,
IND-307,D45,2024-04-01,DEPT,,2592.0,,
IND-307,D45,2024-05-01,DEPT,,2687.0,,
IND-307,D45,2024-06-01,DEPT,,2862.0,,
IND-307,D45,2024-07-01,DEPT,,3027.0,,
IND-307,D45,2024-08-01,DEPT,,3101.0,,
IND-307,D45,2024-09-01,DEPT,,3116.0,,
IND-307,D45,2024-10-01,DEPT,,3192.0,,
IND-307,D45,2025-02-01,DEPT,,3486.0,,
IND-307,D45,2025-05-01,DEPT,,3754.0,,
IND-307,D45,2025-08-01,DEPT,,4000.0,,
IND-307,D45,2025-10-01,DEPT,,3983.0,,
IND-307,D45,2025-11-01,DEPT,,4073.0,,
IND-307,D45,2025-12-01,DEPT,,4222.0,,
IND-307,D45,2026-01-01,DEPT,,5190.0,,
IND-307,D45,2026-03-01,DEPT,,5376.0,,87.83
IND-307,D46,2023-10-01,DEPT,,382.0,,
IND-307,D46,2023-11-01,DEPT,,399.0,,
IND-307,D46,2023-12-01,DEPT,,419.0,,
IND-307,D46,2024-01-01,DEPT,,431.0,,
IND-307,D46,2024-02-01,DEPT,,433.0,,
IND-307,D46,2024-03-01,DEPT,,449.0,,
IND-307,D46,2024-04-01,DEPT,,461.0,,
IND-307,D46,2024-05-01,DEPT,,472.0,,
IND-307,D46,2024-06-01,DEPT,,510.0,,
IND-307,D46,2024-07-01,DEPT,,509.0,,
IND-307,D46,2024-08-01,DEPT,,545.0,,
IND-307,D46,2024-09-01,DEPT,,539.0,,
IND-307,D46,2024-10-01,DEPT,,554.0,,
IND-307,D46,2025-02-01,DEPT,,649.0,,
IND-307,D46,2025-05-01,DEPT,,707.0,,
IND-307,D46,2025-08-01,DEPT,,751.0,,
IND-307,D46,2025-10-01,DEPT,,760.0,,
IND-307,D46,2025-11-01,DEPT,,779.0,,
IND-307,D46,2025-12-01,DEPT,,800.0,,
IND-307,D46,2026-01-01,DEPT,,968.0,,
IND-307,D46,2026-03-01,DEPT,,995.0,,100.0
IND-307,D47,2023-10-01,DEPT,,918.0,,
IND-307,D47,2023-11-01,DEPT,,960.0,,
IND-307,D47,2023-12-01,DEPT,,987.0,,
IND-307,D47,2024-01-01,DEPT,,1003.0,,
IND-307,D47,2024-02-01,DEPT,,1088.0,,
IND-307,D47,2024-03-01,DEPT,,1118.0,,
IND-307,D47,2024-04-01,DEPT,,1163.0,,
IND-307,D47,2024-05-01,DEPT,,1228.0,,
IND-307,D47,2024-06-01,DEPT,,1305.0,,
IND-307,D47,2024-07-01,DEPT,,1293.0,,
IND-307,D47,2024-08-01,DEPT,,1337.0,,
IND-307,D47,2024-09-01,DEPT,,1371.0,,
IND-307,D47,2024-10-01,DEPT,,1380.0,,
IND-307,D47,2025-02-01,DEPT,,1511.0,,
IND-307,D47,2025-05-01,DEPT,,1675.0,,
IND-307,D47,2025-08-01,DEPT,,1708.0,,
IND-307,D47,2025-10-01,DEPT,,1735.0,,
IND-307,D47,2025-11-01,DEPT,,1781.0,,
IND-307,D47,2025-12-01,DEPT,,1811.0,,
IND-307,D47,2026-01-01,DEPT,,2261.0,,
IND-307,D47,2026-03-01,DEPT,,2355.0,,68.33
IND-307,D48,2023-10-01,DEPT,,120.0,,
IND-307,D48,2023-11-01,DEPT,,122.0,,
IND-307,D48,2023-12-01,DEPT,,119.0,,
IND-307,D48,2024-01-01,DEPT,,125.0,,
IND-307,D48,2024-02-01,DEPT,,129.0,,
IND-307,D48,2024-03-01,DEPT,,130.0,,
IND-307,D48,2024-04-01,DEPT,,136.0,,
IND-307,D48,2024-05-01,DEPT,,146.0,,
IND-307,D48,2024-06-01,DEPT,,164.0,,
IND-307,D48,2024-07-01,DEPT,,164.0,,
IND-307,D48,2024-08-01,DEPT,,180.0,,
IND-307,D48,2024-09-01,DEPT,,174.0,,
IND-307,D48,2024-10-01,DEPT,,182.0,,
IND-307,D48,2025-02-01,DEPT,,194.0,,
IND-307,D48,2025-05-01,DEPT,,214.0,,
IND-307,D48,2025-08-01,DEPT,,231.0,,
IND-307,D48,2025-10-01,DEPT,,242.0,,
IND-307,D48,2025-11-01,DEPT,,251.0,,
IND-307,D48,2025-12-01,DEPT,,260.0,,
IND-307,D48,2026-01-01,DEPT,,318.0,,
IND-307,D48,2026-03-01,DEPT,,326.0,,70.51
IND-307,D49,2023-10-01,DEPT,,2042.0,,
IND-307,D49,2023-11-01,DEPT,,2157.0,,
IND-307,D49,2023-12-01,DEPT,,2249.0,,
IND-307,D49,2024-01-01,DEPT,,2286.0,,
IND-307,D49,2024-02-01,DEPT,,2378.0,,
IND-307,D49,2024-03-01,DEPT,,2451.0,,
IND-307,D49,2024-04-01,DEPT,,2509.0,,
IND-307,D49,2024-05-01,DEPT,,2662.0,,
IND-307,D49,2024-06-01,DEPT,,2802.0,,
IND-307,D49,2024-07-01,DEPT,,2905.0,,
IND-307,D49,2024-08-01,DEPT,,3072.0,,
IND-307,D49,2024-09-01,DEPT,,3110.0,,
IND-307,D49,2024-10-01,DEPT,,3195.0,,
IND-307,D49,2025-02-01,DEPT,,3353.0,,
IND-307,D49,2025-05-01,DEPT,,3558.0,,
IND-307,D49,2025-08-01,DEPT,,3742.0,,
IND-307,D49,2025-10-01,DEPT,,3809.0,,
IND-307,D49,2025-11-01,DEPT,,3892.0,,
IND-307,D49,2025-12-01,DEPT,,3956.0,,
IND-307,D49,2026-01-01,DEPT,,4818.0,,
IND-307,D49,2026-03-01,DEPT,,4887.0,,88.64
IND-307,D50,2023-10-01,DEPT,,1334.0,,
IND-307,D50,2023-11-01,DEPT,,1346.0,,
IND-307,D50,2023-12-01,DEPT,,1385.0,,
IND-307,D50,2024-01-01,DEPT,,1431.0,,
IND-307,D50,2024-02-01,DEPT,,1460.0,,
IND-307,D50,2024-03-01,DEPT,,1559.0,,
IND-307,D50,2024-04-01,DEPT,,1560.0,,
IND-307,D50,2024-05-01,DEPT,,1614.0,,
IND-307,D50,2024-06-01,DEPT,,1682.0,,
IND-307,D50,2024-07-01,DEPT,,1726.0,,
IND-307,D50,2024-08-01,DEPT,,1793.0,,
IND-307,D50,2024-09-01,DEPT,,1802.0,,
IND-307,D50,2024-10-01,DEPT,,1805.0,,
IND-307,D50,2025-02-01,DEPT,,1992.0,,
IND-307,D50,2025-05-01,DEPT,,2148.0,,
IND-307,D50,2025-08-01,DEPT,,2272.0,,
IND-307,D50,2025-10-01,DEPT,,2322.0,,
IND-307,D50,2025-11-01,DEPT,,2361.0,,
IND-307,D50,2025-12-01,DEPT,,2420.0,,
IND-307,D50,2026-01-01,DEPT,,2911.0,,
IND-307,D50,2026-03-01,DEPT,,3000.0,,68.16
IND-307,D51,2023-10-01,DEPT,,1738.0,,
IND-307,D51,2023-11-01,DEPT,,1855.0,,
IND-307,D51,2023-12-01,DEPT,,1925.0,,
IND-307,D51,2024-01-01,DEPT,,1999.0,,
IND-307,D51,2024-02-01,DEPT,,2096.0,,
IND-307,D51,2024-03-01,DEPT,,2215.0,,
IND-307,D51,2024-04-01,DEPT,,2331.0,,
IND-307,D51,2024-05-01,DEPT,,2408.0,,
IND-307,D51,2024-06-01,DEPT,,2629.0,,
IND-307,D51,2024-07-01,DEPT,,2669.0,,
IND-307,D51,2024-08-01,DEPT,,2703.0,,
IND-307,D51,2024-09-01,DEPT,,2758.0,,
IND-307,D51,2024-10-01,DEPT,,2764.0,,
IND-307,D51,2025-02-01,DEPT,,3000.0,,
IND-307,D51,2025-05-01,DEPT,,3191.0,,
IND-307,D51,2025-08-01,DEPT,,3365.0,,
IND-307,D51,2025-10-01,DEPT,,3463.0,,
IND-307,D51,2025-11-01,DEPT,,3582.0,,
IND-307,D51,2025-12-01,DEPT,,3621.0,,
IND-307,D51,2026-01-01,DEPT,,4346.0,,
IND-307,D51,2026-03-01,DEPT,,4509.0,,79.7
IND-307,D52,2023-10-01,DEPT,,454.0,,
IND-307,D52,2023-11-01,DEPT,,470.0,,
IND-307,D52,2023-12-01,DEPT,,501.0,,
IND-307,D52,2024-01-01,DEPT,,473.0,,
IND-307,D52,2024-02-01,DEPT,,490.0,,
IND-307,D52,2024-03-01,DEPT,,517.0,,
IND-307,D52,2024-04-01,DEPT,,529.0,,
IND-307,D52,2024-05-01,DEPT,,538.0,,
IND-307,D52,2024-06-01,DEPT,,594.0,,
IND-307,D52,2024-07-01,DEPT,,634.0,,
IND-307,D52,2024-08-01,DEPT,,649.0,,
IND-307,D52,2024-09-01,DEPT,,668.0,,
IND-307,D52,2024-10-01,DEPT,,712.0,,
IND-307,D52,2025-02-01,DEPT,,751.0,,
IND-307,D52,2025-05-01,DEPT,,803.0,,
IND-307,D52,2025-08-01,DEPT,,851.0,,
IND-307,D52,2025-10-01,DEPT,,881.0,,
IND-307,D52,2025-11-01,DEPT,,915.0,,
IND-307,D52,2025-12-01,DEPT,,933.0,,
IND-307,D52,2026-01-01,DEPT,,1209.0,,
IND-307,D52,2026-03-01,DEPT,,1240.0,,100.0
IND-307,D53,2023-10-01,DEPT,,764.0,,
IND-307,D53,2023-11-01,DEPT,,780.0,,
IND-307,D53,2023-12-01,DEPT,,812.0,,
IND-307,D53,2024-01-01,DEPT,,815.0,,
IND-307,D53,2024-02-01,DEPT,,867.0,,
IND-307,D53,2024-03-01,DEPT,,935.0,,
IND-307,D53,2024-04-01,DEPT,,971.0,,
IND-307,D53,2024-05-01,DEPT,,1024.0,,
IND-307,D53,2024-06-01,DEPT,,1129.0,,
IND-307,D53,2024-07-01,DEPT,,1163.0,,
IND-307,D53,2024-08-01,DEPT,,1179.0,,
IND-307,D53,2024-09-01,DEPT,,1202.0,,
IND-307,D53,2024-10-01,DEPT,,1265.0,,
IND-307,D53,2025-02-01,DEPT,,1389.0,,
IND-307,D53,2025-05-01,DEPT,,1480.0,,
IND-307,D53,2025-08-01,DEPT,,1578.0,,
IND-307,D53,2025-10-01,DEPT,,1610.0,,
IND-307,D53,2025-11-01,DEPT,,1663.0,,
IND-307,D53,2025-12-01,DEPT,,1706.0,,
IND-307,D53,2026-01-01,DEPT,,2016.0,,
IND-307,D53,2026-03-01,DEPT,,2084.0,,91.45
IND-307,D54,2023-10-01,DEPT,,2132.0,,
IND-307,D54,2023-11-01,DEPT,,2205.0,,
IND-307,D54,2023-12-01,DEPT,,2275.0,,
IND-307,D54,2024-01-01,DEPT,,2356.0,,
IND-307,D54,2024-02-01,DEPT,,2461.0,,
IND-307,D54,2024-03-01,DEPT,,2611.0,,
IND-307,D54,2024-04-01,DEPT,,2720.0,,
IND-307,D54,2024-05-01,DEPT,,2814.0,,
IND-307,D54,2024-06-01,DEPT,,2959.0,,
IND-307,D54,2024-07-01,DEPT,,2975.0,,
IND-307,D54,2024-08-01,DEPT,,3123.0,,
IND-307,D54,2024-09-01,DEPT,,3177.0,,
IND-307,D54,2024-10-01,DEPT,,3253.0,,
IND-307,D54,2025-02-01,DEPT,,3500.0,,
IND-307,D54,2025-05-01,DEPT,,3622.0,,
IND-307,D54,2025-08-01,DEPT,,3747.0,,
IND-307,D54,2025-10-01,DEPT,,3833.0,,
IND-307,D54,2025-11-01,DEPT,,3965.0,,
IND-307,D54,2025-12-01,DEPT,,4044.0,,
IND-307,D54,2026-01-01,DEPT,,4768.0,,
IND-307,D54,2026-03-01,DEPT,,4945.0,,95.27
IND-307,D55,2023-10-01,DEPT,,497.0,,
IND-307,D55,2023-11-01,DEPT,,519.0,,
IND-307,D55,2023-12-01,DEPT,,551.0,,
IND-307,D55,2024-01-01,DEPT,,575.0,,
IND-307,D55,2024-02-01,DEPT,,585.0,,
IND-307,D55,2024-03-01,DEPT,,608.0,,
IND-307,D55,2024-04-01,DEPT,,647.0,,
IND-307,D55,2024-05-01,DEPT,,680.0,,
IND-307,D55,2024-06-01,DEPT,,730.0,,
IND-307,D55,2024-07-01,DEPT,,736.0,,
IND-307,D55,2024-08-01,DEPT,,788.0,,
IND-307,D55,2024-09-01,DEPT,,818.0,,
IND-307,D55,2024-10-01,DEPT,,864.0,,
IND-307,D55,2025-02-01,DEPT,,938.0,,
IND-307,D55,2025-05-01,DEPT,,976.0,,
IND-307,D55,2025-08-01,DEPT,,1031.0,,
IND-307,D55,2025-10-01,DEPT,,1063.0,,
IND-307,D55,2025-11-01,DEPT,,1096.0,,
IND-307,D55,2025-12-01,DEPT,,1098.0,,
IND-307,D55,2026-01-01,DEPT,,1302.0,,
IND-307,D55,2026-03-01,DEPT,,1343.0,,81.58
IND-307,D56,2023-10-01,DEPT,,2169.0,,
IND-307,D56,2023-11-01,DEPT,,2256.0,,
IND-307,D56,2023-12-01,DEPT,,2380.0,,
IND-307,D56,2024-01-01,DEPT,,2457.0,,
IND-307,D56,2024-02-01,DEPT,,2534.0,,
IND-307,D56,2024-03-01,DEPT,,2573.0,,
IND-307,D56,2024-04-01,DEPT,,2625.0,,
IND-307,D56,2024-05-01,DEPT,,2709.0,,
IND-307,D56,2024-06-01,DEPT,,2866.0,,
IND-307,D56,2024-07-01,DEPT,,2964.0,,
IND-307,D56,2024-08-01,DEPT,,3093.0,,
IND-307,D56,2024-09-01,DEPT,,3075.0,,
IND-307,D56,2024-10-01,DEPT,,3179.0,,
IND-307,D56,2025-02-01,DEPT,,3416.0,,
IND-307,D56,2025-05-01,DEPT,,3644.0,,
IND-307,D56,2025-08-01,DEPT,,3827.0,,
IND-307,D56,2025-10-01,DEPT,,3933.0,,
IND-307,D56,2025-11-01,DEPT,,4029.0,,
IND-307,D56,2025-12-01,DEPT,,4109.0,,
IND-307,D56,2026-01-01,DEPT,,4840.0,,
IND-307,D56,2026-03-01,DEPT,,4985.0,,66.76
IND-307,D57,2023-10-01,DEPT,,2482.0,,
IND-307,D57,2023-11-01,DEPT,,2579.0,,
IND-307,D57,2023-12-01,DEPT,,2640.0,,
IND-307,D57,2024-01-01,DEPT,,2707.0,,
IND-307,D57,2024-02-01,DEPT,,2815.0,,
IND-307,D57,2024-03-01,DEPT,,2964.0,,
IND-307,D57,2024-04-01,DEPT,,3053.0,,
IND-307,D57,2024-05-01,DEPT,,3200.0,,
IND-307,D57,2024-06-01,DEPT,,3417.0,,
IND-307,D57,2024-07-01,DEPT,,3488.0,,
IND-307,D57,2024-08-01,DEPT,,3602.0,,
IND-307,D57,2024-09-01,DEPT,,3669.0,,
IND-307,D57,2024-10-01,DEPT,,3749.0,,
IND-307,D57,2025-02-01,DEPT,,4064.0,,
IND-307,D57,2025-05-01,DEPT,,4330.0,,
IND-307,D57,2025-08-01,DEPT,,4627.0,,
IND-307,D57,2025-10-01,DEPT,,4787.0,,
IND-307,D57,2025-11-01,DEPT,,4994.0,,
IND-307,D57,2025-12-01,DEPT,,5081.0,,
IND-307,D57,2026-01-01,DEPT,,5981.0,,
IND-307,D57,2026-03-01,DEPT,,6237.0,,59.69
IND-307,D58,2023-10-01,DEPT,,454.0,,
IND-307,D58,2023-11-01,DEPT,,452.0,,
IND-307,D58,2023-12-01,DEPT,,479.0,,
IND-307,D58,2024-01-01,DEPT,,491.0,,
IND-307,D58,2024-02-01,DEPT,,511.0,,
IND-307,D58,2024-03-01,DEPT,,546.0,,
IND-307,D58,2024-04-01,DEPT,,573.0,,
IND-307,D58,2024-05-01,DEPT,,611.0,,
IND-307,D58,2024-06-01,DEPT,,616.0,,
IND-307,D58,2024-07-01,DEPT,,643.0,,
IND-307,D58,2024-08-01,DEPT,,659.0,,
IND-307,D58,2024-09-01,DEPT,,659.0,,
IND-307,D58,2024-10-01,DEPT,,665.0,,
IND-307,D58,2025-02-01,DEPT,,708.0,,
IND-307,D58,2025-05-01,DEPT,,764.0,,
IND-307,D58,2025-08-01,DEPT,,793.0,,
IND-307,D58,2025-10-01,DEPT,,811.0,,
IND-307,D58,2025-11-01,DEPT,,830.0,,
IND-307,D58,2025-12-01,DEPT,,854.0,,
IND-307,D58,2026-01-01,DEPT,,1122.0,,
IND-307,D58,2026-03-01,DEPT,,1160.0,,62.66
IND-307,D59,2023-10-01,DEPT,,7172.0,,
IND-307,D59,2023-11-01,DEPT,,7504.0,,
IND-307,D59,2023-12-01,DEPT,,7860.0,,
IND-307,D59,2024-01-01,DEPT,,8112.0,,
IND-307,D59,2024-02-01,DEPT,,8227.0,,
IND-307,D59,2024-03-01,DEPT,,8661.0,,
IND-307,D59,2024-04-01,DEPT,,8976.0,,
IND-307,D59,2024-05-01,DEPT,,9366.0,,
IND-307,D59,2024-06-01,DEPT,,9717.0,,
IND-307,D59,2024-07-01,DEPT,,9904.0,,
IND-307,D59,2024-08-01,DEPT,,10363.0,,
IND-307,D59,2024-09-01,DEPT,,10387.0,,
IND-307,D59,2024-10-01,DEPT,,10608.0,,
IND-307,D59,2025-02-01,DEPT,,11455.0,,
IND-307,D59,2025-05-01,DEPT,,12290.0,,
IND-307,D59,2025-08-01,DEPT,,12880.0,,
IND-307,D59,2025-10-01,DEPT,,13414.0,,
IND-307,D59,2025-11-01,DEPT,,13926.0,,
IND-307,D59,2025-12-01,DEPT,,14223.0,,
IND-307,D59,2026-01-01,DEPT,,16879.0,,
IND-307,D59,2026-03-01,DEPT,,17394.0,,54.2
IND-307,D60,2023-10-01,DEPT,,2677.0,,
IND-307,D60,2023-11-01,DEPT,,2762.0,,
IND-307,D60,2023-12-01,DEPT,,2853.0,,
IND-307,D60,2024-01-01,DEPT,,2910.0,,
IND-307,D60,2024-02-01,DEPT,,2936.0,,
IND-307,D60,2024-03-01,DEPT,,3061.0,,
IND-307,D60,2024-04-01,DEPT,,3138.0,,
IND-307,D60,2024-05-01,DEPT,,3172.0,,
IND-307,D60,2024-06-01,DEPT,,3311.0,,
IND-307,D60,2024-07-01,DEPT,,3390.0,,
IND-307,D60,2024-08-01,DEPT,,3482.0,,
IND-307,D60,2024-09-01,DEPT,,3567.0,,
IND-307,D60,2024-10-01,DEPT,,3627.0,,
IND-307,D60,2025-02-01,DEPT,,4050.0,,
IND-307,D60,2025-05-01,DEPT,,4273.0,,
IND-307,D60,2025-08-01,DEPT,,4516.0,,
IND-307,D60,2025-10-01,DEPT,,4657.0,,
IND-307,D60,2025-11-01,DEPT,,4788.0,,
IND-307,D60,2025-12-01,DEPT,,4767.0,,
IND-307,D60,2026-01-01,DEPT,,5741.0,,
IND-307,D60,2026-03-01,DEPT,,5949.0,,78.89
IND-307,D61,2023-10-01,DEPT,,813.0,,
IND-307,D61,2023-11-01,DEPT,,821.0,,
IND-307,D61,2023-12-01,DEPT,,863.0,,
IND-307,D61,2024-01-01,DEPT,,896.0,,
IND-307,D61,2024-02-01,DEPT,,909.0,,
IND-307,D61,2024-03-01,DEPT,,969.0,,
IND-307,D61,2024-04-01,DEPT,,1006.0,,
IND-307,D61,2024-05-01,DEPT,,1008.0,,
IND-307,D61,2024-06-01,DEPT,,1105.0,,
IND-307,D61,2024-07-01,DEPT,,1125.0,,
IND-307,D61,2024-08-01,DEPT,,1174.0,,
IND-307,D61,2024-09-01,DEPT,,1183.0,,
IND-307,D61,2024-10-01,DEPT,,1199.0,,
IND-307,D61,2025-02-01,DEPT,,1319.0,,
IND-307,D61,2025-05-01,DEPT,,1391.0,,
IND-307,D61,2025-08-01,DEPT,,1434.0,,
IND-307,D61,2025-10-01,DEPT,,1472.0,,
IND-307,D61,2025-11-01,DEPT,,1506.0,,
IND-307,D61,2025-12-01,DEPT,,1540.0,,
IND-307,D61,2026-01-01,DEPT,,1856.0,,
IND-307,D61,2026-03-01,DEPT,,1903.0,,64.56
IND-307,D62,2023-10-01,DEPT,,4726.0,,
IND-307,D62,2023-11-01,DEPT,,4950.0,,
IND-307,D62,2023-12-01,DEPT,,5169.0,,
IND-307,D62,2024-01-01,DEPT,,5367.0,,
IND-307,D62,2024-02-01,DEPT,,5601.0,,
IND-307,D62,2024-03-01,DEPT,,5772.0,,
IND-307,D62,2024-04-01,DEPT,,5974.0,,
IND-307,D62,2024-05-01,DEPT,,6179.0,,
IND-307,D62,2024-06-01,DEPT,,6497.0,,
IND-307,D62,2024-07-01,DEPT,,5516.0,,
IND-307,D62,2024-08-01,DEPT,,6932.0,,
IND-307,D62,2024-09-01,DEPT,,7044.0,,
IND-307,D62,2024-10-01,DEPT,,7017.0,,
IND-307,D62,2025-02-01,DEPT,,7610.0,,
IND-307,D62,2025-05-01,DEPT,,8322.0,,
IND-307,D62,2025-08-01,DEPT,,8752.0,,
IND-307,D62,2025-10-01,DEPT,,8883.0,,
IND-307,D62,2025-11-01,DEPT,,9145.0,,
IND-307,D62,2025-12-01,DEPT,,9322.0,,
IND-307,D62,2026-01-01,DEPT,,10873.0,,
IND-307,D62,2026-03-01,DEPT,,11180.0,,67.72
IND-307,D63,2023-10-01,DEPT,,1539.0,,
IND-307,D63,2023-11-01,DEPT,,1600.0,,
IND-307,D63,2023-12-01,DEPT,,1671.0,,
IND-307,D63,2024-01-01,DEPT,,1740.0,,
IND-307,D63,2024-02-01,DEPT,,1807.0,,
IND-307,D63,2024-03-01,DEPT,,1913.0,,
IND-307,D63,2024-04-01,DEPT,,2005.0,,
IND-307,D63,2024-05-01,DEPT,,2075.0,,
IND-307,D63,2024-06-01,DEPT,,2226.0,,
IND-307,D63,2024-07-01,DEPT,,2332.0,,
IND-307,D63,2024-08-01,DEPT,,2421.0,,
IND-307,D63,2024-09-01,DEPT,,2415.0,,
IND-307,D63,2024-10-01,DEPT,,2497.0,,
IND-307,D63,2025-02-01,DEPT,,2774.0,,
IND-307,D63,2025-05-01,DEPT,,2961.0,,
IND-307,D63,2025-08-01,DEPT,,3222.0,,
IND-307,D63,2025-10-01,DEPT,,3421.0,,
IND-307,D63,2025-11-01,DEPT,,3468.0,,
IND-307,D63,2025-12-01,DEPT,,3557.0,,
IND-307,D63,2026-01-01,DEPT,,3904.0,,
IND-307,D63,2026-03-01,DEPT,,4060.0,,51.98
IND-307,D64,2023-10-01,DEPT,,1501.0,,
IND-307,D64,2023-11-01,DEPT,,1503.0,,
IND-307,D64,2023-12-01,DEPT,,1543.0,,
IND-307,D64,2024-01-01,DEPT,,1540.0,,
IND-307,D64,2024-02-01,DEPT,,1610.0,,
IND-307,D64,2024-03-01,DEPT,,1685.0,,
IND-307,D64,2024-04-01,DEPT,,1717.0,,
IND-307,D64,2024-05-01,DEPT,,1786.0,,
IND-307,D64,2024-06-01,DEPT,,1987.0,,
IND-307,D64,2024-07-01,DEPT,,2094.0,,
IND-307,D64,2024-08-01,DEPT,,2140.0,,
IND-307,D64,2024-09-01,DEPT,,2211.0,,
IND-307,D64,2024-10-01,DEPT,,2295.0,,
IND-307,D64,2025-02-01,DEPT,,2443.0,,
IND-307,D64,2025-05-01,DEPT,,2660.0,,
IND-307,D64,2025-08-01,DEPT,,2792.0,,
IND-307,D64,2025-10-01,DEPT,,2862.0,,
IND-307,D64,2025-11-01,DEPT,,2958.0,,
IND-307,D64,2025-12-01,DEPT,,3016.0,,
IND-307,D64,2026-01-01,DEPT,,3802.0,,
IND-307,D64,2026-03-01,DEPT,,3922.0,,63.76
IND-307,D65,2023-10-01,DEPT,,633.0,,
IND-307,D65,2023-11-01,DEPT,,649.0,,
IND-307,D65,2023-12-01,DEPT,,689.0,,
IND-307,D65,2024-01-01,DEPT,,688.0,,
IND-307,D65,2024-02-01,DEPT,,720.0,,
IND-307,D65,2024-03-01,DEPT,,763.0,,
IND-307,D65,2024-04-01,DEPT,,771.0,,
IND-307,D65,2024-05-01,DEPT,,780.0,,
IND-307,D65,2024-06-01,DEPT,,811.0,,
IND-307,D65,2024-07-01,DEPT,,821.0,,
IND-307,D65,2024-08-01,DEPT,,864.0,,
IND-307,D65,2024-09-01,DEPT,,848.0,,
IND-307,D65,2024-10-01,DEPT,,863.0,,
IND-307,D65,2025-02-01,DEPT,,978.0,,
IND-307,D65,2025-05-01,DEPT,,1027.0,,
IND-307,D65,2025-08-01,DEPT,,1103.0,,
IND-307,D65,2025-10-01,DEPT,,1095.0,,
IND-307,D65,2025-11-01,DEPT,,1115.0,,
IND-307,D65,2025-12-01,DEPT,,1144.0,,
IND-307,D65,2026-01-01,DEPT,,1452.0,,
IND-307,D65,2026-03-01,DEPT,,1501.0,,88.73
IND-307,D66,2023-10-01,DEPT,,1383.0,,
IND-307,D66,2023-11-01,DEPT,,1423.0,,
IND-307,D66,2023-12-01,DEPT,,1512.0,,
IND-307,D66,2024-01-01,DEPT,,1562.0,,
IND-307,D66,2024-02-01,DEPT,,1577.0,,
IND-307,D66,2024-03-01,DEPT,,1647.0,,
IND-307,D66,2024-04-01,DEPT,,1727.0,,
IND-307,D66,2024-05-01,DEPT,,1823.0,,
IND-307,D66,2024-06-01,DEPT,,1959.0,,
IND-307,D66,2024-07-01,DEPT,,2025.0,,
IND-307,D66,2024-08-01,DEPT,,2082.0,,
IND-307,D66,2024-09-01,DEPT,,2075.0,,
IND-307,D66,2024-10-01,DEPT,,2131.0,,
IND-307,D66,2025-02-01,DEPT,,2312.0,,
IND-307,D66,2025-05-01,DEPT,,2463.0,,
IND-307,D66,2025-08-01,DEPT,,2631.0,,
IND-307,D66,2025-10-01,DEPT,,2686.0,,
IND-307,D66,2025-11-01,DEPT,,2737.0,,
IND-307,D66,2025-12-01,DEPT,,2810.0,,
IND-307,D66,2026-01-01,DEPT,,3613.0,,
IND-307,D66,2026-03-01,DEPT,,3732.0,,77.85
IND-307,D67,2023-10-01,DEPT,,2904.0,,
IND-307,D67,2023-11-01,DEPT,,3007.0,,
IND-307,D67,2023-12-01,DEPT,,3127.0,,
IND-307,D67,2024-01-01,DEPT,,3322.0,,
IND-307,D67,2024-02-01,DEPT,,3389.0,,
IND-307,D67,2024-03-01,DEPT,,3528.0,,
IND-307,D67,2024-04-01,DEPT,,3679.0,,
IND-307,D67,2024-05-01,DEPT,,3761.0,,
IND-307,D67,2024-06-01,DEPT,,4025.0,,
IND-307,D67,2024-07-01,DEPT,,4167.0,,
IND-307,D67,2024-08-01,DEPT,,4295.0,,
IND-307,D67,2024-09-01,DEPT,,4383.0,,
IND-307,D67,2024-10-01,DEPT,,4478.0,,
IND-307,D67,2025-02-01,DEPT,,4915.0,,
IND-307,D67,2025-05-01,DEPT,,5297.0,,
IND-307,D67,2025-08-01,DEPT,,5560.0,,
IND-307,D67,2025-10-01,DEPT,,5806.0,,
IND-307,D67,2025-11-01,DEPT,,5869.0,,
IND-307,D67,2025-12-01,DEPT,,6057.0,,
IND-307,D67,2026-01-01,DEPT,,6948.0,,
IND-307,D67,2026-03-01,DEPT,,7217.0,,66.51
IND-307,D68,2023-10-01,DEPT,,1999.0,,
IND-307,D68,2023-11-01,DEPT,,2102.0,,
IND-307,D68,2023-12-01,DEPT,,2218.0,,
IND-307,D68,2024-01-01,DEPT,,2328.0,,
IND-307,D68,2024-02-01,DEPT,,2392.0,,
IND-307,D68,2024-03-01,DEPT,,2553.0,,
IND-307,D68,2024-04-01,DEPT,,2656.0,,
IND-307,D68,2024-05-01,DEPT,,2735.0,,
IND-307,D68,2024-06-01,DEPT,,2868.0,,
IND-307,D68,2024-07-01,DEPT,,2922.0,,
IND-307,D68,2024-08-01,DEPT,,3069.0,,
IND-307,D68,2024-09-01,DEPT,,3148.0,,
IND-307,D68,2024-10-01,DEPT,,3192.0,,
IND-307,D68,2025-02-01,DEPT,,3533.0,,
IND-307,D68,2025-05-01,DEPT,,3774.0,,
IND-307,D68,2025-08-01,DEPT,,4042.0,,
IND-307,D68,2025-10-01,DEPT,,4216.0,,
IND-307,D68,2025-11-01,DEPT,,4369.0,,
IND-307,D68,2025-12-01,DEPT,,4473.0,,
IND-307,D68,2026-01-01,DEPT,,5096.0,,
IND-307,D68,2026-03-01,DEPT,,5285.0,,54.64
IND-307,D69,2023-10-01,DEPT,,4569.0,,
IND-307,D69,2023-11-01,DEPT,,4732.0,,
IND-307,D69,2023-12-01,DEPT,,4849.0,,
IND-307,D69,2024-01-01,DEPT,,5029.0,,
IND-307,D69,2024-02-01,DEPT,,5168.0,,
IND-307,D69,2024-03-01,DEPT,,5506.0,,
IND-307,D69,2024-04-01,DEPT,,5666.0,,
IND-307,D69,2024-05-01,DEPT,,5896.0,,
IND-307,D69,2024-06-01,DEPT,,6241.0,,
IND-307,D69,2024-07-01,DEPT,,6392.0,,
IND-307,D69,2024-08-01,DEPT,,6752.0,,
IND-307,D69,2024-09-01,DEPT,,6812.0,,
IND-307,D69,2024-10-01,DEPT,,6855.0,,
IND-307,D69,2025-02-01,DEPT,,7236.0,,
IND-307,D69,2025-05-01,DEPT,,7827.0,,
IND-307,D69,2025-08-01,DEPT,,8287.0,,
IND-307,D69,2025-10-01,DEPT,,8363.0,,
IND-307,D69,2025-11-01,DEPT,,8544.0,,
IND-307,D69,2025-12-01,DEPT,,8700.0,,
IND-307,D69,2026-01-01,DEPT,,10516.0,,
IND-307,D69,2026-03-01,DEPT,,10651.0,,77.64
IND-307,D70,2023-10-01,DEPT,,776.0,,
IND-307,D70,2023-11-01,DEPT,,805.0,,
IND-307,D70,2023-12-01,DEPT,,828.0,,
IND-307,D70,2024-01-01,DEPT,,857.0,,
IND-307,D70,2024-02-01,DEPT,,886.0,,
IND-307,D70,2024-03-01,DEPT,,934.0,,
IND-307,D70,2024-04-01,DEPT,,976.0,,
IND-307,D70,2024-05-01,DEPT,,1017.0,,
IND-307,D70,2024-06-01,DEPT,,1050.0,,
IND-307,D70,2024-07-01,DEPT,,1072.0,,
IND-307,D70,2024-08-01,DEPT,,1076.0,,
IND-307,D70,2024-09-01,DEPT,,1087.0,,
IND-307,D70,2024-10-01,DEPT,,1127.0,,
IND-307,D70,2025-02-01,DEPT,,1179.0,,
IND-307,D70,2025-05-01,DEPT,,1284.0,,
IND-307,D70,2025-08-01,DEPT,,1351.0,,
IND-307,D70,2025-10-01,DEPT,,1400.0,,
IND-307,D70,2025-11-01,DEPT,,1441.0,,
IND-307,D70,2025-12-01,DEPT,,1482.0,,
IND-307,D70,2026-01-01,DEPT,,1846.0,,
IND-307,D70,2026-03-01,DEPT,,1893.0,,55.28
IND-307,D71,2023-10-01,DEPT,,1417.0,,
IND-307,D71,2023-11-01,DEPT,,1498.0,,
IND-307,D71,2023-12-01,DEPT,,1518.0,,
IND-307,D71,2024-01-01,DEPT,,1532.0,,
IND-307,D71,2024-02-01,DEPT,,1562.0,,
IND-307,D71,2024-03-01,DEPT,,1664.0,,
IND-307,D71,2024-04-01,DEPT,,1680.0,,
IND-307,D71,2024-05-01,DEPT,,1750.0,,
IND-307,D71,2024-06-01,DEPT,,1812.0,,
IND-307,D71,2024-07-01,DEPT,,1852.0,,
IND-307,D71,2024-08-01,DEPT,,1920.0,,
IND-307,D71,2024-09-01,DEPT,,1924.0,,
IND-307,D71,2024-10-01,DEPT,,1952.0,,
IND-307,D71,2025-02-01,DEPT,,2191.0,,
IND-307,D71,2025-05-01,DEPT,,2273.0,,
IND-307,D71,2025-08-01,DEPT,,2398.0,,
IND-307,D71,2025-10-01,DEPT,,2469.0,,
IND-307,D71,2025-11-01,DEPT,,2509.0,,
IND-307,D71,2025-12-01,DEPT,,2572.0,,
IND-307,D71,2026-01-01,DEPT,,3317.0,,
IND-307,D71,2026-03-01,DEPT,,3434.0,,72.33
IND-307,D72,2023-10-01,DEPT,,1500.0,,
IND-307,D72,2023-11-01,DEPT,,1564.0,,
IND-307,D72,2023-12-01,DEPT,,1648.0,,
IND-307,D72,2024-01-01,DEPT,,1751.0,,
IND-307,D72,2024-02-01,DEPT,,1771.0,,
IND-307,D72,2024-03-01,DEPT,,1882.0,,
IND-307,D72,2024-04-01,DEPT,,1990.0,,
IND-307,D72,2024-05-01,DEPT,,2077.0,,
IND-307,D72,2024-06-01,DEPT,,2195.0,,
IND-307,D72,2024-07-01,DEPT,,2257.0,,
IND-307,D72,2024-08-01,DEPT,,2358.0,,
IND-307,D72,2024-09-01,DEPT,,2421.0,,
IND-307,D72,2024-10-01,DEPT,,2472.0,,
IND-307,D72,2025-02-01,DEPT,,2586.0,,
IND-307,D72,2025-05-01,DEPT,,2795.0,,
IND-307,D72,2025-08-01,DEPT,,2984.0,,
IND-307,D72,2025-10-01,DEPT,,3115.0,,
IND-307,D72,2025-11-01,DEPT,,3185.0,,
IND-307,D72,2025-12-01,DEPT,,3195.0,,
IND-307,D72,2026-01-01,DEPT,,3885.0,,
IND-307,D72,2026-03-01,DEPT,,3926.0,,100.0
IND-307,D73,2023-10-01,DEPT,,1305.0,,
IND-307,D73,2023-11-01,DEPT,,1315.0,,
IND-307,D73,2023-12-01,DEPT,,1346.0,,
IND-307,D73,2024-01-01,DEPT,,1405.0,,
IND-307,D73,2024-02-01,DEPT,,1450.0,,
IND-307,D73,2024-03-01,DEPT,,1508.0,,
IND-307,D73,2024-04-01,DEPT,,1582.0,,
IND-307,D73,2024-05-01,DEPT,,1578.0,,
IND-307,D73,2024-06-01,DEPT,,1703.0,,
IND-307,D73,2024-07-01,DEPT,,1700.0,,
IND-307,D73,2024-08-01,DEPT,,1743.0,,
IND-307,D73,2024-09-01,DEPT,,1756.0,,
IND-307,D73,2024-10-01,DEPT,,1806.0,,
IND-307,D73,2025-02-01,DEPT,,2008.0,,
IND-307,D73,2025-05-01,DEPT,,2115.0,,
IND-307,D73,2025-08-01,DEPT,,2239.0,,
IND-307,D73,2025-10-01,DEPT,,2202.0,,
IND-307,D73,2025-11-01,DEPT,,2307.0,,
IND-307,D73,2025-12-01,DEPT,,2331.0,,
IND-307,D73,2026-01-01,DEPT,,2899.0,,
IND-307,D73,2026-03-01,DEPT,,2981.0,,100.0
IND-307,D74,2023-10-01,DEPT,,1904.0,,
IND-307,D74,2023-11-01,DEPT,,1960.0,,
IND-307,D74,2023-12-01,DEPT,,1956.0,,
IND-307,D74,2024-01-01,DEPT,,2066.0,,
IND-307,D74,2024-02-01,DEPT,,2127.0,,
IND-307,D74,2024-03-01,DEPT,,2224.0,,
IND-307,D74,2024-04-01,DEPT,,2270.0,,
IND-307,D74,2024-05-01,DEPT,,2342.0,,
IND-307,D74,2024-06-01,DEPT,,2489.0,,
IND-307,D74,2024-07-01,DEPT,,2522.0,,
IND-307,D74,2024-08-01,DEPT,,2635.0,,
IND-307,D74,2024-09-01,DEPT,,2677.0,,
IND-307,D74,2024-10-01,DEPT,,2715.0,,
IND-307,D74,2025-02-01,DEPT,,2966.0,,
IND-307,D74,2025-05-01,DEPT,,3209.0,,
IND-307,D74,2025-08-01,DEPT,,3433.0,,
IND-307,D74,2025-10-01,DEPT,,3542.0,,
IND-307,D74,2025-11-01,DEPT,,3659.0,,
IND-307,D74,2025-12-01,DEPT,,3752.0,,
IND-307,D74,2026-01-01,DEPT,,4655.0,,
IND-307,D74,2026-03-01,DEPT,,4817.0,,65.04
IND-307,D75,2023-10-01,DEPT,,2433.0,,
IND-307,D75,2023-11-01,DEPT,,2496.0,,
IND-307,D75,2023-12-01,DEPT,,2605.0,,
IND-307,D75,2024-01-01,DEPT,,2688.0,,
IND-307,D75,2024-02-01,DEPT,,2903.0,,
IND-307,D75,2024-03-01,DEPT,,3107.0,,
IND-307,D75,2024-04-01,DEPT,,3320.0,,
IND-307,D75,2024-05-01,DEPT,,3467.0,,
IND-307,D75,2024-06-01,DEPT,,3754.0,,
IND-307,D75,2024-07-01,DEPT,,3837.0,,
IND-307,D75,2024-08-01,DEPT,,4054.0,,
IND-307,D75,2024-09-01,DEPT,,4110.0,,
IND-307,D75,2024-10-01,DEPT,,4262.0,,
IND-307,D75,2025-02-01,DEPT,,4726.0,,
IND-307,D75,2025-05-01,DEPT,,5167.0,,
IND-307,D75,2025-08-01,DEPT,,5462.0,,
IND-307,D75,2025-10-01,DEPT,,5537.0,,
IND-307,D75,2025-11-01,DEPT,,5854.0,,
IND-307,D75,2025-12-01,DEPT,,6012.0,,
IND-307,D75,2026-01-01,DEPT,,6901.0,,
IND-307,D75,2026-03-01,DEPT,,7166.0,,66.5
IND-307,D76,2023-10-01,DEPT,,4643.0,,
IND-307,D76,2023-11-01,DEPT,,4792.0,,
IND-307,D76,2023-12-01,DEPT,,4912.0,,
IND-307,D76,2024-01-01,DEPT,,5017.0,,
IND-307,D76,2024-02-01,DEPT,,5071.0,,
IND-307,D76,2024-03-01,DEPT,,5298.0,,
IND-307,D76,2024-04-01,DEPT,,5429.0,,
IND-307,D76,2024-05-01,DEPT,,5545.0,,
IND-307,D76,2024-06-01,DEPT,,5684.0,,
IND-307,D76,2024-07-01,DEPT,,5926.0,,
IND-307,D76,2024-08-01,DEPT,,6024.0,,
IND-307,D76,2024-09-01,DEPT,,6058.0,,
IND-307,D76,2024-10-01,DEPT,,6202.0,,
IND-307,D76,2025-02-01,DEPT,,6603.0,,
IND-307,D76,2025-05-01,DEPT,,6981.0,,
IND-307,D76,2025-08-01,DEPT,,7350.0,,
IND-307,D76,2025-10-01,DEPT,,7476.0,,
IND-307,D76,2025-11-01,DEPT,,7733.0,,
IND-307,D76,2025-12-01,DEPT,,7937.0,,
IND-307,D76,2026-01-01,DEPT,,9527.0,,
IND-307,D76,2026-03-01,DEPT,,9823.0,,78.98
IND-307,D77,2023-10-01,DEPT,,3848.0,,
IND-307,D77,2023-11-01,DEPT,,3925.0,,
IND-307,D77,2023-12-01,DEPT,,4019.0,,
IND-307,D77,2024-01-01,DEPT,,4166.0,,
IND-307,D77,2024-02-01,DEPT,,4272.0,,
IND-307,D77,2024-03-01,DEPT,,4442.0,,
IND-307,D77,2024-04-01,DEPT,,4563.0,,
IND-307,D77,2024-05-01,DEPT,,4685.0,,
IND-307,D77,2024-06-01,DEPT,,5122.0,,
IND-307,D77,2024-07-01,DEPT,,5290.0,,
IND-307,D77,2024-08-01,DEPT,,5539.0,,
IND-307,D77,2024-09-01,DEPT,,5615.0,,
IND-307,D77,2024-10-01,DEPT,,5748.0,,
IND-307,D77,2025-02-01,DEPT,,6282.0,,
IND-307,D77,2025-05-01,DEPT,,6708.0,,
IND-307,D77,2025-08-01,DEPT,,7088.0,,
IND-307,D77,2025-10-01,DEPT,,7196.0,,
IND-307,D77,2025-11-01,DEPT,,7372.0,,
IND-307,D77,2025-12-01,DEPT,,7501.0,,
IND-307,D77,2026-01-01,DEPT,,9052.0,,
IND-307,D77,2026-03-01,DEPT,,9346.0,,99.76
IND-307,D78,2023-10-01,DEPT,,3489.0,,
IND-307,D78,2023-11-01,DEPT,,3578.0,,
IND-307,D78,2023-12-01,DEPT,,3754.0,,
IND-307,D78,2024-01-01,DEPT,,3869.0,,
IND-307,D78,2024-02-01,DEPT,,4058.0,,
IND-307,D78,2024-03-01,DEPT,,4257.0,,
IND-307,D78,2024-04-01,DEPT,,4442.0,,
IND-307,D78,2024-05-01,DEPT,,4588.0,,
IND-307,D78,2024-06-01,DEPT,,4894.0,,
IND-307,D78,2024-07-01,DEPT,,5039.0,,
IND-307,D78,2024-08-01,DEPT,,5232.0,,
IND-307,D78,2024-09-01,DEPT,,5331.0,,
IND-307,D78,2024-10-01,DEPT,,5536.0,,
IND-307,D78,2025-02-01,DEPT,,6142.0,,
IND-307,D78,2025-05-01,DEPT,,6531.0,,
IND-307,D78,2025-08-01,DEPT,,6958.0,,
IND-307,D78,2025-10-01,DEPT,,7074.0,,
IND-307,D78,2025-11-01,DEPT,,7268.0,,
IND-307,D78,2025-12-01,DEPT,,7386.0,,
IND-307,D78,2026-01-01,DEPT,,8355.0,,
IND-307,D78,2026-03-01,DEPT,,8735.0,,100.0
IND-307,D79,2023-10-01,DEPT,,1037.0,,
IND-307,D79,2023-11-01,DEPT,,1080.0,,
IND-307,D79,2023-12-01,DEPT,,1112.0,,
IND-307,D79,2024-01-01,DEPT,,1138.0,,
IND-307,D79,2024-02-01,DEPT,,1195.0,,
IND-307,D79,2024-03-01,DEPT,,1252.0,,
IND-307,D79,2024-04-01,DEPT,,1303.0,,
IND-307,D79,2024-05-01,DEPT,,1346.0,,
IND-307,D79,2024-06-01,DEPT,,1379.0,,
IND-307,D79,2024-07-01,DEPT,,1408.0,,
IND-307,D79,2024-08-01,DEPT,,1489.0,,
IND-307,D79,2024-09-01,DEPT,,1501.0,,
IND-307,D79,2024-10-01,DEPT,,1517.0,,
IND-307,D79,2025-02-01,DEPT,,1644.0,,
IND-307,D79,2025-05-01,DEPT,,1754.0,,
IND-307,D79,2025-08-01,DEPT,,1910.0,,
IND-307,D79,2025-10-01,DEPT,,1918.0,,
IND-307,D79,2025-11-01,DEPT,,1986.0,,
IND-307,D79,2025-12-01,DEPT,,2002.0,,
IND-307,D79,2026-01-01,DEPT,,2354.0,,
IND-307,D79,2026-03-01,DEPT,,2421.0,,67.26
IND-307,D80,2023-10-01,DEPT,,1856.0,,
IND-307,D80,2023-11-01,DEPT,,1908.0,,
IND-307,D80,2023-12-01,DEPT,,1954.0,,
IND-307,D80,2024-01-01,DEPT,,2000.0,,
IND-307,D80,2024-02-01,DEPT,,2078.0,,
IND-307,D80,2024-03-01,DEPT,,2172.0,,
IND-307,D80,2024-04-01,DEPT,,2239.0,,
IND-307,D80,2024-05-01,DEPT,,2325.0,,
IND-307,D80,2024-06-01,DEPT,,2503.0,,
IND-307,D80,2024-07-01,DEPT,,2567.0,,
IND-307,D80,2024-08-01,DEPT,,2647.0,,
IND-307,D80,2024-09-01,DEPT,,2698.0,,
IND-307,D80,2024-10-01,DEPT,,2707.0,,
IND-307,D80,2025-02-01,DEPT,,3113.0,,
IND-307,D80,2025-05-01,DEPT,,3272.0,,
IND-307,D80,2025-08-01,DEPT,,3468.0,,
IND-307,D80,2025-10-01,DEPT,,3478.0,,
IND-307,D80,2025-11-01,DEPT,,3556.0,,
IND-307,D80,2025-12-01,DEPT,,3583.0,,
IND-307,D80,2026-01-01,DEPT,,4270.0,,
IND-307,D80,2026-03-01,DEPT,,4433.0,,64.96
IND-307,D81,2023-10-01,DEPT,,1017.0,,
IND-307,D81,2023-11-01,DEPT,,1078.0,,
IND-307,D81,2023-12-01,DEPT,,1157.0,,
IND-307,D81,2024-01-01,DEPT,,1177.0,,
IND-307,D81,2024-02-01,DEPT,,1186.0,,
IND-307,D81,2024-03-01,DEPT,,1227.0,,
IND-307,D81,2024-04-01,DEPT,,1305.0,,
IND-307,D81,2024-05-01,DEPT,,1376.0,,
IND-307,D81,2024-06-01,DEPT,,1455.0,,
IND-307,D81,2024-07-01,DEPT,,1489.0,,
IND-307,D81,2024-08-01,DEPT,,1591.0,,
IND-307,D81,2024-09-01,DEPT,,1610.0,,
IND-307,D81,2024-10-01,DEPT,,1643.0,,
IND-307,D81,2025-02-01,DEPT,,1810.0,,
IND-307,D81,2025-05-01,DEPT,,1931.0,,
IND-307,D81,2025-08-01,DEPT,,2074.0,,
IND-307,D81,2025-10-01,DEPT,,2094.0,,
IND-307,D81,2025-11-01,DEPT,,2176.0,,
IND-307,D81,2025-12-01,DEPT,,2190.0,,
IND-307,D81,2026-01-01,DEPT,,2679.0,,
IND-307,D81,2026-03-01,DEPT,,2765.0,,82.99
IND-307,D82,2023-10-01,DEPT,,903.0,,
IND-307,D82,2023-11-01,DEPT,,932.0,,
IND-307,D82,2023-12-01,DEPT,,989.0,,
IND-307,D82,2024-01-01,DEPT,,1008.0,,
IND-307,D82,2024-02-01,DEPT,,1033.0,,
IND-307,D82,2024-03-01,DEPT,,1061.0,,
IND-307,D82,2024-04-01,DEPT,,1089.0,,
IND-307,D82,2024-05-01,DEPT,,1136.0,,
IND-307,D82,2024-06-01,DEPT,,1185.0,,
IND-307,D82,2024-07-01,DEPT,,1198.0,,
IND-307,D82,2024-08-01,DEPT,,1290.0,,
IND-307,D82,2024-09-01,DEPT,,1289.0,,
IND-307,D82,2024-10-01,DEPT,,1295.0,,
IND-307,D82,2025-02-01,DEPT,,1471.0,,
IND-307,D82,2025-05-01,DEPT,,1523.0,,
IND-307,D82,2025-08-01,DEPT,,1608.0,,
IND-307,D82,2025-10-01,DEPT,,1656.0,,
IND-307,D82,2025-11-01,DEPT,,1705.0,,
IND-307,D82,2025-12-01,DEPT,,1727.0,,
IND-307,D82,2026-01-01,DEPT,,2152.0,,
IND-307,D82,2026-03-01,DEPT,,2244.0,,79.12
IND-307,D83,2023-10-01,DEPT,,2845.0,,
IND-307,D83,2023-11-01,DEPT,,3013.0,,
IND-307,D83,2023-12-01,DEPT,,3151.0,,
IND-307,D83,2024-01-01,DEPT,,3228.0,,
IND-307,D83,2024-02-01,DEPT,,3357.0,,
IND-307,D83,2024-03-01,DEPT,,3497.0,,
IND-307,D83,2024-04-01,DEPT,,3656.0,,
IND-307,D83,2024-05-01,DEPT,,3798.0,,
IND-307,D83,2024-06-01,DEPT,,4120.0,,
IND-307,D83,2024-07-01,DEPT,,4228.0,,
IND-307,D83,2024-08-01,DEPT,,4471.0,,
IND-307,D83,2024-09-01,DEPT,,4448.0,,
IND-307,D83,2024-10-01,DEPT,,4618.0,,
IND-307,D83,2025-02-01,DEPT,,5025.0,,
IND-307,D83,2025-05-01,DEPT,,5364.0,,
IND-307,D83,2025-08-01,DEPT,,5689.0,,
IND-307,D83,2025-10-01,DEPT,,5806.0,,
IND-307,D83,2025-11-01,DEPT,,5998.0,,
IND-307,D83,2025-12-01,DEPT,,6186.0,,
IND-307,D83,2026-01-01,DEPT,,7622.0,,
IND-307,D83,2026-03-01,DEPT,,7852.0,,84.83
IND-307,D84,2023-10-01,DEPT,,1669.0,,
IND-307,D84,2023-11-01,DEPT,,1718.0,,
IND-307,D84,2023-12-01,DEPT,,1803.0,,
IND-307,D84,2024-01-01,DEPT,,1863.0,,
IND-307,D84,2024-02-01,DEPT,,1946.0,,
IND-307,D84,2024-03-01,DEPT,,1982.0,,
IND-307,D84,2024-04-01,DEPT,,2029.0,,
IND-307,D84,2024-05-01,DEPT,,2138.0,,
IND-307,D84,2024-06-01,DEPT,,2185.0,,
IND-307,D84,2024-07-01,DEPT,,2215.0,,
IND-307,D84,2024-08-01,DEPT,,2303.0,,
IND-307,D84,2024-09-01,DEPT,,2324.0,,
IND-307,D84,2024-10-01,DEPT,,2404.0,,
IND-307,D84,2025-02-01,DEPT,,2563.0,,
IND-307,D84,2025-05-01,DEPT,,2777.0,,
IND-307,D84,2025-08-01,DEPT,,2924.0,,
IND-307,D84,2025-10-01,DEPT,,3002.0,,
IND-307,D84,2025-11-01,DEPT,,3033.0,,
IND-307,D84,2025-12-01,DEPT,,3052.0,,
IND-307,D84,2026-01-01,DEPT,,3874.0,,
IND-307,D84,2026-03-01,DEPT,,4011.0,,92.96
IND-307,D85,2023-10-01,DEPT,,1402.0,,
IND-307,D85,2023-11-01,DEPT,,1450.0,,
IND-307,D85,2023-12-01,DEPT,,1513.0,,
IND-307,D85,2024-01-01,DEPT,,1551.0,,
IND-307,D85,2024-02-01,DEPT,,1627.0,,
IND-307,D85,2024-03-01,DEPT,,1701.0,,
IND-307,D85,2024-04-01,DEPT,,1810.0,,
IND-307,D85,2024-05-01,DEPT,,1928.0,,
IND-307,D85,2024-06-01,DEPT,,2028.0,,
IND-307,D85,2024-07-01,DEPT,,2189.0,,
IND-307,D85,2024-08-01,DEPT,,2223.0,,
IND-307,D85,2024-09-01,DEPT,,2246.0,,
IND-307,D85,2024-10-01,DEPT,,2332.0,,
IND-307,D85,2025-02-01,DEPT,,2525.0,,
IND-307,D85,2025-05-01,DEPT,,2752.0,,
IND-307,D85,2025-08-01,DEPT,,2909.0,,
IND-307,D85,2025-10-01,DEPT,,3017.0,,
IND-307,D85,2025-11-01,DEPT,,3076.0,,
IND-307,D85,2025-12-01,DEPT,,3120.0,,
IND-307,D85,2026-01-01,DEPT,,3674.0,,
IND-307,D85,2026-03-01,DEPT,,3768.0,,96.4
IND-307,D86,2023-10-01,DEPT,,1269.0,,
IND-307,D86,2023-11-01,DEPT,,1279.0,,
IND-307,D86,2023-12-01,DEPT,,1332.0,,
IND-307,D86,2024-01-01,DEPT,,1381.0,,
IND-307,D86,2024-02-01,DEPT,,1455.0,,
IND-307,D86,2024-03-01,DEPT,,1567.0,,
IND-307,D86,2024-04-01,DEPT,,1589.0,,
IND-307,D86,2024-05-01,DEPT,,1623.0,,
IND-307,D86,2024-06-01,DEPT,,1718.0,,
IND-307,D86,2024-07-01,DEPT,,1749.0,,
IND-307,D86,2024-08-01,DEPT,,1876.0,,
IND-307,D86,2024-09-01,DEPT,,1880.0,,
IND-307,D86,2024-10-01,DEPT,,1927.0,,
IND-307,D86,2025-02-01,DEPT,,2072.0,,
IND-307,D86,2025-05-01,DEPT,,2227.0,,
IND-307,D86,2025-08-01,DEPT,,2387.0,,
IND-307,D86,2025-10-01,DEPT,,2479.0,,
IND-307,D86,2025-11-01,DEPT,,2565.0,,
IND-307,D86,2025-12-01,DEPT,,2634.0,,
IND-307,D86,2026-01-01,DEPT,,2981.0,,
IND-307,D86,2026-03-01,DEPT,,3059.0,,94.63
IND-307,D87,2023-10-01,DEPT,,1011.0,,
IND-307,D87,2023-11-01,DEPT,,1012.0,,
IND-307,D87,2023-12-01,DEPT,,1001.0,,
IND-307,D87,2024-01-01,DEPT,,1035.0,,
IND-307,D87,2024-02-01,DEPT,,1087.0,,
IND-307,D87,2024-03-01,DEPT,,1180.0,,
IND-307,D87,2024-04-01,DEPT,,1188.0,,
IND-307,D87,2024-05-01,DEPT,,1250.0,,
IND-307,D87,2024-06-01,DEPT,,1332.0,,
IND-307,D87,2024-07-01,DEPT,,1367.0,,
IND-307,D87,2024-08-01,DEPT,,1466.0,,
IND-307,D87,2024-09-01,DEPT,,1479.0,,
IND-307,D87,2024-10-01,DEPT,,1500.0,,
IND-307,D87,2025-02-01,DEPT,,1653.0,,
IND-307,D87,2025-05-01,DEPT,,1736.0,,
IND-307,D87,2025-08-01,DEPT,,1845.0,,
IND-307,D87,2025-10-01,DEPT,,1863.0,,
IND-307,D87,2025-11-01,DEPT,,1925.0,,
IND-307,D87,2025-12-01,DEPT,,1977.0,,
IND-307,D87,2026-01-01,DEPT,,2341.0,,
IND-307,D87,2026-03-01,DEPT,,2410.0,,70.18
IND-307,D88,2023-10-01,DEPT,,805.0,,
IND-307,D88,2023-11-01,DEPT,,818.0,,
IND-307,D88,2023-12-01,DEPT,,846.0,,
IND-307,D88,2024-01-01,DEPT,,879.0,,
IND-307,D88,2024-02-01,DEPT,,904.0,,
IND-307,D88,2024-03-01,DEPT,,953.0,,
IND-307,D88,2024-04-01,DEPT,,984.0,,
IND-307,D88,2024-05-01,DEPT,,1054.0,,
IND-307,D88,2024-06-01,DEPT,,1094.0,,
IND-307,D88,2024-07-01,DEPT,,1106.0,,
IND-307,D88,2024-08-01,DEPT,,1177.0,,
IND-307,D88,2024-09-01,DEPT,,1206.0,,
IND-307,D88,2024-10-01,DEPT,,1233.0,,
IND-307,D88,2025-02-01,DEPT,,1315.0,,
IND-307,D88,2025-05-01,DEPT,,1390.0,,
IND-307,D88,2025-08-01,DEPT,,1435.0,,
IND-307,D88,2025-10-01,DEPT,,1494.0,,
IND-307,D88,2025-11-01,DEPT,,1527.0,,
IND-307,D88,2025-12-01,DEPT,,1548.0,,
IND-307,D88,2026-01-01,DEPT,,1872.0,,
IND-307,D88,2026-03-01,DEPT,,1913.0,,74.06
IND-307,D89,2023-10-01,DEPT,,1014.0,,
IND-307,D89,2023-11-01,DEPT,,1073.0,,
IND-307,D89,2023-12-01,DEPT,,1095.0,,
IND-307,D89,2024-01-01,DEPT,,1158.0,,
IND-307,D89,2024-02-01,DEPT,,1181.0,,
IND-307,D89,2024-03-01,DEPT,,1242.0,,
IND-307,D89,2024-04-01,DEPT,,1277.0,,
IND-307,D89,2024-05-01,DEPT,,1332.0,,
IND-307,D89,2024-06-01,DEPT,,1386.0,,
IND-307,D89,2024-07-01,DEPT,,1448.0,,
IND-307,D89,2024-08-01,DEPT,,1503.0,,
IND-307,D89,2024-09-01,DEPT,,1501.0,,
IND-307,D89,2024-10-01,DEPT,,1532.0,,
IND-307,D89,2025-02-01,DEPT,,1635.0,,
IND-307,D89,2025-05-01,DEPT,,1733.0,,
IND-307,D89,2025-08-01,DEPT,,1843.0,,
IND-307,D89,2025-10-01,DEPT,,1873.0,,
IND-307,D89,2025-11-01,DEPT,,1908.0,,
IND-307,D89,2025-12-01,DEPT,,1953.0,,
IND-307,D89,2026-01-01,DEPT,,2568.0,,
IND-307,D89,2026-03-01,DEPT,,2679.0,,100.0
IND-307,D90,2023-10-01,DEPT,,493.0,,
IND-307,D90,2023-11-01,DEPT,,497.0,,
IND-307,D90,2023-12-01,DEPT,,536.0,,
IND-307,D90,2024-01-01,DEPT,,550.0,,
IND-307,D90,2024-02-01,DEPT,,560.0,,
IND-307,D90,2024-03-01,DEPT,,577.0,,
IND-307,D90,2024-04-01,DEPT,,617.0,,
IND-307,D90,2024-05-01,DEPT,,630.0,,
IND-307,D90,2024-06-01,DEPT,,646.0,,
IND-307,D90,2024-07-01,DEPT,,667.0,,
IND-307,D90,2024-08-01,DEPT,,692.0,,
IND-307,D90,2024-09-01,DEPT,,684.0,,
IND-307,D90,2024-10-01,DEPT,,724.0,,
IND-307,D90,2025-02-01,DEPT,,768.0,,
IND-307,D90,2025-05-01,DEPT,,806.0,,
IND-307,D90,2025-08-01,DEPT,,863.0,,
IND-307,D90,2025-10-01,DEPT,,860.0,,
IND-307,D90,2025-11-01,DEPT,,892.0,,
IND-307,D90,2025-12-01,DEPT,,905.0,,
IND-307,D90,2026-01-01,DEPT,,1181.0,,
IND-307,D90,2026-03-01,DEPT,,1225.0,,62.97
IND-307,D91,2023-10-01,DEPT,,2542.0,,
IND-307,D91,2023-11-01,DEPT,,2652.0,,
IND-307,D91,2023-12-01,DEPT,,2808.0,,
IND-307,D91,2024-01-01,DEPT,,2957.0,,
IND-307,D91,2024-02-01,DEPT,,3038.0,,
IND-307,D91,2024-03-01,DEPT,,3215.0,,
IND-307,D91,2024-04-01,DEPT,,3211.0,,
IND-307,D91,2024-05-01,DEPT,,3333.0,,
IND-307,D91,2024-06-01,DEPT,,3539.0,,
IND-307,D91,2024-07-01,DEPT,,3744.0,,
IND-307,D91,2024-08-01,DEPT,,3909.0,,
IND-307,D91,2024-09-01,DEPT,,4011.0,,
IND-307,D91,2024-10-01,DEPT,,4130.0,,
IND-307,D91,2025-02-01,DEPT,,4585.0,,
IND-307,D91,2025-05-01,DEPT,,4828.0,,
IND-307,D91,2025-08-01,DEPT,,5143.0,,
IND-307,D91,2025-10-01,DEPT,,5333.0,,
IND-307,D91,2025-11-01,DEPT,,5501.0,,
IND-307,D91,2025-12-01,DEPT,,5666.0,,
IND-307,D91,2026-01-01,DEPT,,6759.0,,
IND-307,D91,2026-03-01,DEPT,,7069.0,,100.0
IND-307,D92,2023-10-01,DEPT,,2621.0,,
IND-307,D92,2023-11-01,DEPT,,2688.0,,
IND-307,D92,2023-12-01,DEPT,,2821.0,,
IND-307,D92,2024-01-01,DEPT,,2912.0,,
IND-307,D92,2024-02-01,DEPT,,3069.0,,
IND-307,D92,2024-03-01,DEPT,,3223.0,,
IND-307,D92,2024-04-01,DEPT,,3349.0,,
IND-307,D92,2024-05-01,DEPT,,3547.0,,
IND-307,D92,2024-06-01,DEPT,,3784.0,,
IND-307,D92,2024-07-01,DEPT,,3932.0,,
IND-307,D92,2024-08-01,DEPT,,4079.0,,
IND-307,D92,2024-09-01,DEPT,,4188.0,,
IND-307,D92,2024-10-01,DEPT,,4370.0,,
IND-307,D92,2025-02-01,DEPT,,4952.0,,
IND-307,D92,2025-05-01,DEPT,,5178.0,,
IND-307,D92,2025-08-01,DEPT,,5509.0,,
IND-307,D92,2025-10-01,DEPT,,5688.0,,
IND-307,D92,2025-11-01,DEPT,,5862.0,,
IND-307,D92,2025-12-01,DEPT,,6086.0,,
IND-307,D92,2026-01-01,DEPT,,6906.0,,
IND-307,D92,2026-03-01,DEPT,,7213.0,,100.0
IND-307,D93,2023-10-01,DEPT,,3790.0,,
IND-307,D93,2023-11-01,DEPT,,3904.0,,
IND-307,D93,2023-12-01,DEPT,,3993.0,,
IND-307,D93,2024-01-01,DEPT,,4047.0,,
IND-307,D93,2024-02-01,DEPT,,4091.0,,
IND-307,D93,2024-03-01,DEPT,,4107.0,,
IND-307,D93,2024-04-01,DEPT,,4168.0,,
IND-307,D93,2024-05-01,DEPT,,4319.0,,
IND-307,D93,2024-06-01,DEPT,,4520.0,,
IND-307,D93,2024-07-01,DEPT,,4623.0,,
IND-307,D93,2024-08-01,DEPT,,4725.0,,
IND-307,D93,2024-09-01,DEPT,,4845.0,,
IND-307,D93,2024-10-01,DEPT,,4997.0,,
IND-307,D93,2025-02-01,DEPT,,5402.0,,
IND-307,D93,2025-05-01,DEPT,,5622.0,,
IND-307,D93,2025-08-01,DEPT,,5948.0,,
IND-307,D93,2025-10-01,DEPT,,6079.0,,
IND-307,D93,2025-11-01,DEPT,,6176.0,,
IND-307,D93,2025-12-01,DEPT,,6398.0,,
IND-307,D93,2026-01-01,DEPT,,8105.0,,
IND-307,D93,2026-03-01,DEPT,,8415.0,,73.39
IND-307,D94,2023-10-01,DEPT,,3045.0,,
IND-307,D94,2023-11-01,DEPT,,3147.0,,
IND-307,D94,2023-12-01,DEPT,,3210.0,,
IND-307,D94,2024-01-01,DEPT,,3291.0,,
IND-307,D94,2024-02-01,DEPT,,3491.0,,
IND-307,D94,2024-03-01,DEPT,,3675.0,,
IND-307,D94,2024-04-01,DEPT,,3866.0,,
IND-307,D94,2024-05-01,DEPT,,3986.0,,
IND-307,D94,2024-06-01,DEPT,,4312.0,,
IND-307,D94,2024-07-01,DEPT,,4370.0,,
IND-307,D94,2024-08-01,DEPT,,4513.0,,
IND-307,D94,2024-09-01,DEPT,,4531.0,,
IND-307,D94,2024-10-01,DEPT,,4609.0,,
IND-307,D94,2025-02-01,DEPT,,4993.0,,
IND-307,D94,2025-05-01,DEPT,,5131.0,,
IND-307,D94,2025-08-01,DEPT,,5370.0,,
IND-307,D94,2025-10-01,DEPT,,5490.0,,
IND-307,D94,2025-11-01,DEPT,,5517.0,,
IND-307,D94,2025-12-01,DEPT,,5607.0,,
IND-307,D94,2026-01-01,DEPT,,6946.0,,
IND-307,D94,2026-03-01,DEPT,,7214.0,,90.3
IND-307,D95,2023-10-01,DEPT,,3234.0,,
IND-307,D95,2023-11-01,DEPT,,3366.0,,
IND-307,D95,2023-12-01,DEPT,,3514.0,,
IND-307,D95,2024-01-01,DEPT,,3669.0,,
IND-307,D95,2024-02-01,DEPT,,3753.0,,
IND-307,D95,2024-03-01,DEPT,,3949.0,,
IND-307,D95,2024-04-01,DEPT,,4059.0,,
IND-307,D95,2024-05-01,DEPT,,4195.0,,
IND-307,D95,2024-06-01,DEPT,,4433.0,,
IND-307,D95,2024-07-01,DEPT,,4476.0,,
IND-307,D95,2024-08-01,DEPT,,4665.0,,
IND-307,D95,2024-09-01,DEPT,,4754.0,,
IND-307,D95,2024-10-01,DEPT,,4908.0,,
IND-307,D95,2025-02-01,DEPT,,5258.0,,
IND-307,D95,2025-05-01,DEPT,,5486.0,,
IND-307,D95,2025-08-01,DEPT,,5892.0,,
IND-307,D95,2025-10-01,DEPT,,6053.0,,
IND-307,D95,2025-11-01,DEPT,,6203.0,,
IND-307,D95,2025-12-01,DEPT,,6386.0,,
IND-307,D95,2026-01-01,DEPT,,7373.0,,
IND-307,D95,2026-03-01,DEPT,,7674.0,,100.0
IND-307,D971,2023-10-01,DEPT,,809.0,,
IND-307,D971,2023-11-01,DEPT,,840.0,,
IND-307,D971,2023-12-01,DEPT,,854.0,,
IND-307,D971,2024-01-01,DEPT,,864.0,,
IND-307,D971,2024-02-01,DEPT,,886.0,,
IND-307,D971,2024-03-01,DEPT,,985.0,,
IND-307,D971,2024-04-01,DEPT,,991.0,,
IND-307,D971,2024-05-01,DEPT,,1045.0,,
IND-307,D971,2024-06-01,DEPT,,1131.0,,
IND-307,D971,2024-07-01,DEPT,,1138.0,,
IND-307,D971,2024-08-01,DEPT,,1169.0,,
IND-307,D971,2024-09-01,DEPT,,1157.0,,
IND-307,D971,2024-10-01,DEPT,,1216.0,,
IND-307,D971,2025-02-01,DEPT,,1268.0,,
IND-307,D971,2025-05-01,DEPT,,1359.0,,
IND-307,D971,2025-08-01,DEPT,,1427.0,,
IND-307,D971,2025-10-01,DEPT,,1462.0,,
IND-307,D971,2025-11-01,DEPT,,1505.0,,
IND-307,D971,2025-12-01,DEPT,,1561.0,,
IND-307,D971,2026-01-01,DEPT,,2085.0,,
IND-307,D971,2026-03-01,DEPT,,2133.0,,64.27
IND-307,D972,2023-10-01,DEPT,,621.0,,
IND-307,D972,2023-11-01,DEPT,,653.0,,
IND-307,D972,2023-12-01,DEPT,,688.0,,
IND-307,D972,2024-01-01,DEPT,,763.0,,
IND-307,D972,2024-02-01,DEPT,,775.0,,
IND-307,D972,2024-03-01,DEPT,,796.0,,
IND-307,D972,2024-04-01,DEPT,,828.0,,
IND-307,D972,2024-05-01,DEPT,,858.0,,
IND-307,D972,2024-06-01,DEPT,,917.0,,
IND-307,D972,2024-07-01,DEPT,,948.0,,
IND-307,D972,2024-08-01,DEPT,,981.0,,
IND-307,D972,2024-09-01,DEPT,,1021.0,,
IND-307,D972,2024-10-01,DEPT,,1068.0,,
IND-307,D972,2025-02-01,DEPT,,1127.0,,
IND-307,D972,2025-05-01,DEPT,,1199.0,,
IND-307,D972,2025-08-01,DEPT,,1268.0,,
IND-307,D972,2025-10-01,DEPT,,1317.0,,
IND-307,D972,2025-11-01,DEPT,,1357.0,,
IND-307,D972,2025-12-01,DEPT,,1387.0,,
IND-307,D972,2026-01-01,DEPT,,1764.0,,
IND-307,D972,2026-03-01,DEPT,,1819.0,,84.07
IND-307,D973,2023-10-01,DEPT,,256.0,,
IND-307,D973,2023-11-01,DEPT,,263.0,,
IND-307,D973,2023-12-01,DEPT,,276.0,,
IND-307,D973,2024-01-01,DEPT,,301.0,,
IND-307,D973,2024-02-01,DEPT,,312.0,,
IND-307,D973,2024-03-01,DEPT,,326.0,,
IND-307,D973,2024-04-01,DEPT,,335.0,,
IND-307,D973,2024-05-01,DEPT,,346.0,,
IND-307,D973,2024-06-01,DEPT,,383.0,,
IND-307,D973,2024-07-01,DEPT,,391.0,,
IND-307,D973,2024-08-01,DEPT,,424.0,,
IND-307,D973,2024-09-01,DEPT,,430.0,,
IND-307,D973,2024-10-01,DEPT,,453.0,,
IND-307,D973,2025-02-01,DEPT,,490.0,,
IND-307,D973,2025-05-01,DEPT,,549.0,,
IND-307,D973,2025-08-01,DEPT,,594.0,,
IND-307,D973,2025-10-01,DEPT,,619.0,,
IND-307,D973,2025-11-01,DEPT,,645.0,,
IND-307,D973,2025-12-01,DEPT,,628.0,,
IND-307,D973,2026-01-01,DEPT,,850.0,,
IND-307,D973,2026-03-01,DEPT,,873.0,,58.88
IND-307,D974,2023-10-01,DEPT,,2371.0,,
IND-307,D974,2023-11-01,DEPT,,2557.0,,
IND-307,D974,2023-12-01,DEPT,,2716.0,,
IND-307,D974,2024-01-01,DEPT,,2872.0,,
IND-307,D974,2024-02-01,DEPT,,2927.0,,
IND-307,D974,2024-03-01,DEPT,,3130.0,,
IND-307,D974,2024-04-01,DEPT,,3352.0,,
IND-307,D974,2024-05-01,DEPT,,3459.0,,
IND-307,D974,2024-06-01,DEPT,,3598.0,,
IND-307,D974,2024-07-01,DEPT,,3711.0,,
IND-307,D974,2024-08-01,DEPT,,3910.0,,
IND-307,D974,2024-09-01,DEPT,,3997.0,,
IND-307,D974,2024-10-01,DEPT,,4104.0,,
IND-307,D974,2025-02-01,DEPT,,4557.0,,
IND-307,D974,2025-05-01,DEPT,,4971.0,,
IND-307,D974,2025-08-01,DEPT,,5366.0,,
IND-307,D974,2025-10-01,DEPT,,5499.0,,
IND-307,D974,2025-11-01,DEPT,,5763.0,,
IND-307,D974,2025-12-01,DEPT,,5900.0,,
IND-307,D974,2026-01-01,DEPT,,7129.0,,
IND-307,D974,2026-03-01,DEPT,,7457.0,,92.87
IND-307,D976,,DEPT,,,,
IND-307,FRANCE,2023-10-01,NAT,,174648.0,,
IND-307,FRANCE,2023-11-01,NAT,,180298.0,,
IND-307,FRANCE,2023-12-01,NAT,,187538.0,,
IND-307,FRANCE,2024-01-01,NAT,,193870.0,,
IND-307,FRANCE,2024-02-01,NAT,,200138.0,,
IND-307,FRANCE,2024-03-01,NAT,,209571.0,,
IND-307,FRANCE,2024-04-01,NAT,,216633.0,,
IND-307,FRANCE,2024-05-01,NAT,,224630.0,,
IND-307,FRANCE,2024-06-01,NAT,,237457.0,,
IND-307,FRANCE,2024-07-01,NAT,,242294.0,,
IND-307,FRANCE,2024-08-01,NAT,,254038.0,,
IND-307,FRANCE,2024-09-01,NAT,,256765.0,,
IND-307,FRANCE,2024-10-01,NAT,,263002.0,,
IND-307,FRANCE,2025-02-01,NAT,,286266.0,,
IND-307,FRANCE,2025-05-01,NAT,,305567.0,,
IND-307,FRANCE,2025-08-01,NAT,,323367.0,,
IND-307,FRANCE,2025-10-01,NAT,,330766.0,,
IND-307,FRANCE,2025-11-01,NAT,,340462.0,,
IND-307,FRANCE,2025-12-01,NAT,,347239.0,,
IND-307,FRANCE,2026-01-01,NAT,,419024.0,,
IND-307,FRANCE,2026-03-01,NAT,,433126.0,,79.18
IND-307,R01,2023-10-01,REG,,809.0,,
IND-307,R01,2023-11-01,REG,,840.0,,
IND-307,R01,2023-12-01,REG,,854.0,,
IND-307,R01,2024-01-01,REG,,864.0,,
IND-307,R01,2024-02-01,REG,,886.0,,
IND-307,R01,2024-03-01,REG,,985.0,,
IND-307,R01,2024-04-01,REG,,991.0,,
IND-307,R01,2024-05-01,REG,,1045.0,,
IND-307,R01,2024-06-01,REG,,1131.0,,
IND-307,R01,2024-07-01,REG,,1138.0,,
IND-307,R01,2024-08-01,REG,,1169.0,,
IND-307,R01,2024-09-01,REG,,1157.0,,
IND-307,R01,2024-10-01,REG,,1216.0,,
IND-307,R01,2025-02-01,REG,,1268.0,,
IND-307,R01,2025-05-01,REG,,1359.0,,
IND-307,R01,2025-08-01,REG,,1427.0,,
IND-307,R01,2025-10-01,REG,,1462.0,,
IND-307,R01,2025-11-01,REG,,1505.0,,
IND-307,R01,2025-12-01,REG,,1561.0,,
IND-307,R01,2026-01-01,REG,,2085.0,,
IND-307,R01,2026-03-01,REG,,2133.0,,64.27
IND-307,R02,2023-10-01,REG,,621.0,,
IND-307,R02,2023-11-01,REG,,653.0,,
IND-307,R02,2023-12-01,REG,,688.0,,
IND-307,R02,2024-01-01,REG,,763.0,,
IND-307,R02,2024-02-01,REG,,775.0,,
IND-307,R02,2024-03-01,REG,,796.0,,
IND-307,R02,2024-04-01,REG,,828.0,,
IND-307,R02,2024-05-01,REG,,858.0,,
IND-307,R02,2024-06-01,REG,,917.0,,
IND-307,R02,2024-07-01,REG,,948.0,,
IND-307,R02,2024-08-01,REG,,981.0,,
IND-307,R02,2024-09-01,REG,,1021.0,,
IND-307,R02,2024-10-01,REG,,1068.0,,
IND-307,R02,2025-02-01,REG,,1127.0,,
IND-307,R02,2025-05-01,REG,,1199.0,,
IND-307,R02,2025-08-01,REG,,1268.0,,
IND-307,R02,2025-10-01,REG,,1317.0,,
IND-307,R02,2025-11-01,REG,,1357.0,,
IND-307,R02,2025-12-01,REG,,1387.0,,
IND-307,R02,2026-01-01,REG,,1764.0,,
IND-307,R02,2026-03-01,REG,,1819.0,,84.07
IND-307,R03,2023-10-01,REG,,256.0,,
IND-307,R03,2023-11-01,REG,,263.0,,
IND-307,R03,2023-12-01,REG,,276.0,,
IND-307,R03,2024-01-01,REG,,301.0,,
IND-307,R03,2024-02-01,REG,,312.0,,
IND-307,R03,2024-03-01,REG,,326.0,,
IND-307,R03,2024-04-01,REG,,335.0,,
IND-307,R03,2024-05-01,REG,,346.0,,
IND-307,R03,2024-06-01,REG,,383.0,,
IND-307,R03,2024-07-01,REG,,391.0,,
IND-307,R03,2024-08-01,REG,,424.0,,
IND-307,R03,2024-09-01,REG,,430.0,,
IND-307,R03,2024-10-01,REG,,453.0,,
IND-307,R03,2025-02-01,REG,,490.0,,
IND-307,R03,2025-05-01,REG,,549.0,,
IND-307,R03,2025-08-01,REG,,594.0,,
IND-307,R03,2025-10-01,REG,,619.0,,
IND-307,R03,2025-11-01,REG,,645.0,,
IND-307,R03,2025-12-01,REG,,628.0,,
IND-307,R03,2026-01-01,REG,,850.0,,
IND-307,R03,2026-03-01,REG,,873.0,,58.88
IND-307,R04,2023-10-01,REG,,2371.0,,
IND-307,R04,2023-11-01,REG,,2557.0,,
IND-307,R04,2023-12-01,REG,,2716.0,,
IND-307,R04,2024-01-01,REG,,2872.0,,
IND-307,R04,2024-02-01,REG,,2927.0,,
IND-307,R04,2024-03-01,REG,,3130.0,,
IND-307,R04,2024-04-01,REG,,3352.0,,
IND-307,R04,2024-05-01,REG,,3459.0,,
IND-307,R04,2024-06-01,REG,,3598.0,,
IND-307,R04,2024-07-01,REG,,3711.0,,
IND-307,R04,2024-08-01,REG,,3910.0,,
IND-307,R04,2024-09-01,REG,,3997.0,,
IND-307,R04,2024-10-01,REG,,4104.0,,
IND-307,R04,2025-02-01,REG,,4557.0,,
IND-307,R04,2025-05-01,REG,,4971.0,,
IND-307,R04,2025-08-01,REG,,5366.0,,
IND-307,R04,2025-10-01,REG,,5499.0,,
IND-307,R04,2025-11-01,REG,,5763.0,,
IND-307,R04,2025-12-01,REG,,5900.0,,
IND-307,R04,2026-01-01,REG,,7129.0,,
IND-307,R04,2026-03-01,REG,,7457.0,,92.87
IND-307,R06,,REG,,,,
IND-307,R11,2023-10-01,REG,,25002.0,,
IND-307,R11,2023-11-01,REG,,25756.0,,
IND-307,R11,2023-12-01,REG,,26724.0,,
IND-307,R11,2024-01-01,REG,,27599.0,,
IND-307,R11,2024-02-01,REG,,28675.0,,
IND-307,R11,2024-03-01,REG,,29975.0,,
IND-307,R11,2024-04-01,REG,,30978.0,,
IND-307,R11,2024-05-01,REG,,32120.0,,
IND-307,R11,2024-06-01,REG,,34358.0,,
IND-307,R11,2024-07-01,REG,,35311.0,,
IND-307,R11,2024-08-01,REG,,36716.0,,
IND-307,R11,2024-09-01,REG,,37385.0,,
IND-307,R11,2024-10-01,REG,,38560.0,,
IND-307,R11,2025-02-01,REG,,42340.0,,
IND-307,R11,2025-05-01,REG,,44651.0,,
IND-307,R11,2025-08-01,REG,,47370.0,,
IND-307,R11,2025-10-01,REG,,48450.0,,
IND-307,R11,2025-11-01,REG,,49753.0,,
IND-307,R11,2025-12-01,REG,,51042.0,,
IND-307,R11,2026-01-01,REG,,60397.0,,
IND-307,R11,2026-03-01,REG,,62832.0,,98.09
IND-307,R24,2023-10-01,REG,,7651.0,,
IND-307,R24,2023-11-01,REG,,7975.0,,
IND-307,R24,2023-12-01,REG,,8308.0,,
IND-307,R24,2024-01-01,REG,,8526.0,,
IND-307,R24,2024-02-01,REG,,8689.0,,
IND-307,R24,2024-03-01,REG,,9086.0,,
IND-307,R24,2024-04-01,REG,,9398.0,,
IND-307,R24,2024-05-01,REG,,9672.0,,
IND-307,R24,2024-06-01,REG,,10126.0,,
IND-307,R24,2024-07-01,REG,,10565.0,,
IND-307,R24,2024-08-01,REG,,10897.0,,
IND-307,R24,2024-09-01,REG,,10949.0,,
IND-307,R24,2024-10-01,REG,,11224.0,,
IND-307,R24,2025-02-01,REG,,12254.0,,
IND-307,R24,2025-05-01,REG,,13019.0,,
IND-307,R24,2025-08-01,REG,,13777.0,,
IND-307,R24,2025-10-01,REG,,13935.0,,
IND-307,R24,2025-11-01,REG,,14311.0,,
IND-307,R24,2025-12-01,REG,,14696.0,,
IND-307,R24,2026-01-01,REG,,18153.0,,
IND-307,R24,2026-03-01,REG,,18672.0,,86.53
IND-307,R27,2023-10-01,REG,,7856.0,,
IND-307,R27,2023-11-01,REG,,8187.0,,
IND-307,R27,2023-12-01,REG,,8435.0,,
IND-307,R27,2024-01-01,REG,,8677.0,,
IND-307,R27,2024-02-01,REG,,8974.0,,
IND-307,R27,2024-03-01,REG,,9429.0,,
IND-307,R27,2024-04-01,REG,,9731.0,,
IND-307,R27,2024-05-01,REG,,10088.0,,
IND-307,R27,2024-06-01,REG,,10538.0,,
IND-307,R27,2024-07-01,REG,,10859.0,,
IND-307,R27,2024-08-01,REG,,11267.0,,
IND-307,R27,2024-09-01,REG,,11355.0,,
IND-307,R27,2024-10-01,REG,,11673.0,,
IND-307,R27,2025-02-01,REG,,12596.0,,
IND-307,R27,2025-05-01,REG,,13350.0,,
IND-307,R27,2025-08-01,REG,,14168.0,,
IND-307,R27,2025-10-01,REG,,14515.0,,
IND-307,R27,2025-11-01,REG,,14858.0,,
IND-307,R27,2025-12-01,REG,,15140.0,,
IND-307,R27,2026-01-01,REG,,19223.0,,
IND-307,R27,2026-03-01,REG,,19854.0,,81.75
IND-307,R28,2023-10-01,REG,,11279.0,,
IND-307,R28,2023-11-01,REG,,11545.0,,
IND-307,R28,2023-12-01,REG,,11829.0,,
IND-307,R28,2024-01-01,REG,,12139.0,,
IND-307,R28,2024-02-01,REG,,12375.0,,
IND-307,R28,2024-03-01,REG,,13058.0,,
IND-307,R28,2024-04-01,REG,,13363.0,,
IND-307,R28,2024-05-01,REG,,13675.0,,
IND-307,R28,2024-06-01,REG,,14256.0,,
IND-307,R28,2024-07-01,REG,,14640.0,,
IND-307,R28,2024-08-01,REG,,15114.0,,
IND-307,R28,2024-09-01,REG,,15136.0,,
IND-307,R28,2024-10-01,REG,,15439.0,,
IND-307,R28,2025-02-01,REG,,16547.0,,
IND-307,R28,2025-05-01,REG,,17578.0,,
IND-307,R28,2025-08-01,REG,,18422.0,,
IND-307,R28,2025-10-01,REG,,18747.0,,
IND-307,R28,2025-11-01,REG,,19285.0,,
IND-307,R28,2025-12-01,REG,,19729.0,,
IND-307,R28,2026-01-01,REG,,23531.0,,
IND-307,R28,2026-03-01,REG,,24359.0,,73.36
IND-307,R32,2023-10-01,REG,,18156.0,,
IND-307,R32,2023-11-01,REG,,18920.0,,
IND-307,R32,2023-12-01,REG,,19708.0,,
IND-307,R32,2024-01-01,REG,,20276.0,,
IND-307,R32,2024-02-01,REG,,20741.0,,
IND-307,R32,2024-03-01,REG,,21672.0,,
IND-307,R32,2024-04-01,REG,,22429.0,,
IND-307,R32,2024-05-01,REG,,23171.0,,
IND-307,R32,2024-06-01,REG,,24248.0,,
IND-307,R32,2024-07-01,REG,,23707.0,,
IND-307,R32,2024-08-01,REG,,25820.0,,
IND-307,R32,2024-09-01,REG,,26106.0,,
IND-307,R32,2024-10-01,REG,,26443.0,,
IND-307,R32,2025-02-01,REG,,29026.0,,
IND-307,R32,2025-05-01,REG,,31093.0,,
IND-307,R32,2025-08-01,REG,,32704.0,,
IND-307,R32,2025-10-01,REG,,33646.0,,
IND-307,R32,2025-11-01,REG,,34659.0,,
IND-307,R32,2025-12-01,REG,,35156.0,,
IND-307,R32,2026-01-01,REG,,41781.0,,
IND-307,R32,2026-03-01,REG,,43156.0,,61.87
IND-307,R44,2023-10-01,REG,,14726.0,,
IND-307,R44,2023-11-01,REG,,15337.0,,
IND-307,R44,2023-12-01,REG,,15976.0,,
IND-307,R44,2024-01-01,REG,,16545.0,,
IND-307,R44,2024-02-01,REG,,17098.0,,
IND-307,R44,2024-03-01,REG,,18030.0,,
IND-307,R44,2024-04-01,REG,,18763.0,,
IND-307,R44,2024-05-01,REG,,19434.0,,
IND-307,R44,2024-06-01,REG,,20711.0,,
IND-307,R44,2024-07-01,REG,,21149.0,,
IND-307,R44,2024-08-01,REG,,21964.0,,
IND-307,R44,2024-09-01,REG,,22369.0,,
IND-307,R44,2024-10-01,REG,,22832.0,,
IND-307,R44,2025-02-01,REG,,24862.0,,
IND-307,R44,2025-05-01,REG,,26470.0,,
IND-307,R44,2025-08-01,REG,,27882.0,,
IND-307,R44,2025-10-01,REG,,28779.0,,
IND-307,R44,2025-11-01,REG,,29709.0,,
IND-307,R44,2025-12-01,REG,,30264.0,,
IND-307,R44,2026-01-01,REG,,35961.0,,
IND-307,R44,2026-03-01,REG,,37326.0,,71.4
IND-307,R52,2023-10-01,REG,,9016.0,,
IND-307,R52,2023-11-01,REG,,9371.0,,
IND-307,R52,2023-12-01,REG,,9836.0,,
IND-307,R52,2024-01-01,REG,,10124.0,,
IND-307,R52,2024-02-01,REG,,10579.0,,
IND-307,R52,2024-03-01,REG,,11021.0,,
IND-307,R52,2024-04-01,REG,,11479.0,,
IND-307,R52,2024-05-01,REG,,12069.0,,
IND-307,R52,2024-06-01,REG,,12811.0,,
IND-307,R52,2024-07-01,REG,,13380.0,,
IND-307,R52,2024-08-01,REG,,13874.0,,
IND-307,R52,2024-09-01,REG,,14125.0,,
IND-307,R52,2024-10-01,REG,,14581.0,,
IND-307,R52,2025-02-01,REG,,15470.0,,
IND-307,R52,2025-05-01,REG,,16551.0,,
IND-307,R52,2025-08-01,REG,,17460.0,,
IND-307,R52,2025-10-01,REG,,18017.0,,
IND-307,R52,2025-11-01,REG,,18474.0,,
IND-307,R52,2025-12-01,REG,,18705.0,,
IND-307,R52,2026-01-01,REG,,22381.0,,
IND-307,R52,2026-03-01,REG,,22943.0,,98.4
IND-307,R53,2023-10-01,REG,,9164.0,,
IND-307,R53,2023-11-01,REG,,9414.0,,
IND-307,R53,2023-12-01,REG,,9741.0,,
IND-307,R53,2024-01-01,REG,,10163.0,,
IND-307,R53,2024-02-01,REG,,10577.0,,
IND-307,R53,2024-03-01,REG,,10927.0,,
IND-307,R53,2024-04-01,REG,,11238.0,,
IND-307,R53,2024-05-01,REG,,11593.0,,
IND-307,R53,2024-06-01,REG,,12229.0,,
IND-307,R53,2024-07-01,REG,,12718.0,,
IND-307,R53,2024-08-01,REG,,13257.0,,
IND-307,R53,2024-09-01,REG,,13373.0,,
IND-307,R53,2024-10-01,REG,,13864.0,,
IND-307,R53,2025-02-01,REG,,14983.0,,
IND-307,R53,2025-05-01,REG,,16069.0,,
IND-307,R53,2025-08-01,REG,,17112.0,,
IND-307,R53,2025-10-01,REG,,17608.0,,
IND-307,R53,2025-11-01,REG,,18096.0,,
IND-307,R53,2025-12-01,REG,,18456.0,,
IND-307,R53,2026-01-01,REG,,21509.0,,
IND-307,R53,2026-03-01,REG,,22172.0,,92.08
IND-307,R75,2023-10-01,REG,,16221.0,,
IND-307,R75,2023-11-01,REG,,16423.0,,
IND-307,R75,2023-12-01,REG,,17081.0,,
IND-307,R75,2024-01-01,REG,,17508.0,,
IND-307,R75,2024-02-01,REG,,18351.0,,
IND-307,R75,2024-03-01,REG,,19262.0,,
IND-307,R75,2024-04-01,REG,,19696.0,,
IND-307,R75,2024-05-01,REG,,20471.0,,
IND-307,R75,2024-06-01,REG,,21510.0,,
IND-307,R75,2024-07-01,REG,,21847.0,,
IND-307,R75,2024-08-01,REG,,23080.0,,
IND-307,R75,2024-09-01,REG,,23410.0,,
IND-307,R75,2024-10-01,REG,,23873.0,,
IND-307,R75,2025-02-01,REG,,26086.0,,
IND-307,R75,2025-05-01,REG,,28015.0,,
IND-307,R75,2025-08-01,REG,,29643.0,,
IND-307,R75,2025-10-01,REG,,30326.0,,
IND-307,R75,2025-11-01,REG,,31172.0,,
IND-307,R75,2025-12-01,REG,,31674.0,,
IND-307,R75,2026-01-01,REG,,38480.0,,
IND-307,R75,2026-03-01,REG,,39674.0,,71.93
IND-307,R76,2023-10-01,REG,,17284.0,,
IND-307,R76,2023-11-01,REG,,17757.0,,
IND-307,R76,2023-12-01,REG,,18659.0,,
IND-307,R76,2024-01-01,REG,,19290.0,,
IND-307,R76,2024-02-01,REG,,19795.0,,
IND-307,R76,2024-03-01,REG,,20659.0,,
IND-307,R76,2024-04-01,REG,,21394.0,,
IND-307,R76,2024-05-01,REG,,22456.0,,
IND-307,R76,2024-06-01,REG,,23831.0,,
IND-307,R76,2024-07-01,REG,,24037.0,,
IND-307,R76,2024-08-01,REG,,25484.0,,
IND-307,R76,2024-09-01,REG,,25606.0,,
IND-307,R76,2024-10-01,REG,,26103.0,,
IND-307,R76,2025-02-01,REG,,28804.0,,
IND-307,R76,2025-05-01,REG,,30703.0,,
IND-307,R76,2025-08-01,REG,,32478.0,,
IND-307,R76,2025-10-01,REG,,32873.0,,
IND-307,R76,2025-11-01,REG,,33908.0,,
IND-307,R76,2025-12-01,REG,,34602.0,,
IND-307,R76,2026-01-01,REG,,43077.0,,
IND-307,R76,2026-03-01,REG,,44513.0,,83.36
IND-307,R84,2023-10-01,REG,,20736.0,,
IND-307,R84,2023-11-01,REG,,21309.0,,
IND-307,R84,2023-12-01,REG,,21915.0,,
IND-307,R84,2024-01-01,REG,,22871.0,,
IND-307,R84,2024-02-01,REG,,23571.0,,
IND-307,R84,2024-03-01,REG,,24771.0,,
IND-307,R84,2024-04-01,REG,,25645.0,,
IND-307,R84,2024-05-01,REG,,26458.0,,
IND-307,R84,2024-06-01,REG,,28050.0,,
IND-307,R84,2024-07-01,REG,,28758.0,,
IND-307,R84,2024-08-01,REG,,30021.0,,
IND-307,R84,2024-09-01,REG,,30193.0,,
IND-307,R84,2024-10-01,REG,,30810.0,,
IND-307,R84,2025-02-01,REG,,33352.0,,
IND-307,R84,2025-05-01,REG,,35794.0,,
IND-307,R84,2025-08-01,REG,,38291.0,,
IND-307,R84,2025-10-01,REG,,39061.0,,
IND-307,R84,2025-11-01,REG,,40194.0,,
IND-307,R84,2025-12-01,REG,,40991.0,,
IND-307,R84,2026-01-01,REG,,49160.0,,
IND-307,R84,2026-03-01,REG,,50586.0,,74.83
IND-307,R93,2023-10-01,REG,,13050.0,,
IND-307,R93,2023-11-01,REG,,13524.0,,
IND-307,R93,2023-12-01,REG,,14285.0,,
IND-307,R93,2024-01-01,REG,,14827.0,,
IND-307,R93,2024-02-01,REG,,15262.0,,
IND-307,R93,2024-03-01,REG,,15872.0,,
IND-307,R93,2024-04-01,REG,,16417.0,,
IND-307,R93,2024-05-01,REG,,17077.0,,
IND-307,R93,2024-06-01,REG,,18104.0,,
IND-307,R93,2024-07-01,REG,,18460.0,,
IND-307,R93,2024-08-01,REG,,19330.0,,
IND-307,R93,2024-09-01,REG,,19404.0,,
IND-307,R93,2024-10-01,REG,,19992.0,,
IND-307,R93,2025-02-01,REG,,21656.0,,
IND-307,R93,2025-05-01,REG,,23288.0,,
IND-307,R93,2025-08-01,REG,,24439.0,,
IND-307,R93,2025-10-01,REG,,24927.0,,
IND-307,R93,2025-11-01,REG,,25762.0,,
IND-307,R93,2025-12-01,REG,,26286.0,,
IND-307,R93,2026-01-01,REG,,32296.0,,
IND-307,R93,2026-03-01,REG,,33442.0,,78.55
IND-307,R94,2023-10-01,REG,,450.0,,
IND-307,R94,2023-11-01,REG,,467.0,,
IND-307,R94,2023-12-01,REG,,507.0,,
IND-307,R94,2024-01-01,REG,,525.0,,
IND-307,R94,2024-02-01,REG,,551.0,,
IND-307,R94,2024-03-01,REG,,572.0,,
IND-307,R94,2024-04-01,REG,,596.0,,
IND-307,R94,2024-05-01,REG,,638.0,,
IND-307,R94,2024-06-01,REG,,656.0,,
IND-307,R94,2024-07-01,REG,,675.0,,
IND-307,R94,2024-08-01,REG,,730.0,,
IND-307,R94,2024-09-01,REG,,749.0,,
IND-307,R94,2024-10-01,REG,,767.0,,
IND-307,R94,2025-02-01,REG,,848.0,,
IND-307,R94,2025-05-01,REG,,908.0,,
IND-307,R94,2025-08-01,REG,,966.0,,
IND-307,R94,2025-10-01,REG,,985.0,,
IND-307,R94,2025-11-01,REG,,1011.0,,
IND-307,R94,2025-12-01,REG,,1022.0,,
IND-307,R94,2026-01-01,REG,,1247.0,,
IND-307,R94,2026-03-01,REG,,1315.0,,71.92
IND-307,D88,2022-12-01,DEPT,494.0,,,
IND-307,D87,2022-12-01,DEPT,624.0,,,
IND-307,D86,2022-12-01,DEPT,751.0,,,
IND-307,D85,2022-12-01,DEPT,824.0,,,
IND-307,D84,2022-12-01,DEPT,1053.0,,,
IND-307,D83,2022-12-01,DEPT,1666.0,,,
IND-307,D82,2022-12-01,DEPT,505.0,,,
IND-307,D81,2022-12-01,DEPT,599.0,,,
IND-307,D80,2022-12-01,DEPT,976.0,,,
IND-307,D79,2022-12-01,DEPT,599.0,,,
IND-307,D78,2022-12-01,DEPT,2091.0,,,
IND-307,D77,2022-12-01,DEPT,2167.0,,,
IND-307,D76,2022-12-01,DEPT,3209.0,,,
IND-307,D75,2022-12-01,DEPT,1311.0,,,
IND-307,D74,2022-12-01,DEPT,1076.0,,,
IND-307,D73,2022-12-01,DEPT,781.0,,,
IND-307,D72,2022-12-01,DEPT,758.0,,,
IND-307,D01,2022-12-01,DEPT,993.0,,,
IND-307,D02,2022-12-01,DEPT,1134.0,,,
IND-307,D03,2022-12-01,DEPT,474.0,,,
IND-307,D04,2022-12-01,DEPT,245.0,,,
IND-307,D05,2022-12-01,DEPT,199.0,,,
IND-307,D06,2022-12-01,DEPT,1758.0,,,
IND-307,D07,2022-12-01,DEPT,505.0,,,
IND-307,D09,2022-12-01,DEPT,179.0,,,
IND-307,D10,2022-12-01,DEPT,540.0,,,
IND-307,D11,2022-12-01,DEPT,643.0,,,
IND-307,D12,2022-12-01,DEPT,310.0,,,
IND-307,D13,2022-12-01,DEPT,3024.0,,,
IND-307,D14,2022-12-01,DEPT,1442.0,,,
IND-307,D15,2022-12-01,DEPT,138.0,,,
IND-307,D16,2022-12-01,DEPT,677.0,,,
IND-307,D17,2022-12-01,DEPT,1038.0,,,
IND-307,D71,2022-12-01,DEPT,859.0,,,
IND-307,D18,2022-12-01,DEPT,502.0,,,
IND-307,D19,2022-12-01,DEPT,336.0,,,
IND-307,D21,2022-12-01,DEPT,108.0,,,
IND-307,D22,2022-12-01,DEPT,149.0,,,
IND-307,D23,2022-12-01,DEPT,891.0,,,
IND-307,D24,2022-12-01,DEPT,1101.0,,,
IND-307,D25,2022-12-01,DEPT,149.0,,,
IND-307,D26,2022-12-01,DEPT,657.0,,,
IND-307,D27,2022-12-01,DEPT,893.0,,,
IND-307,D28,2022-12-01,DEPT,926.0,,,
IND-307,D29,2022-12-01,DEPT,1434.0,,,
IND-307,D2A,2022-12-01,DEPT,108.0,,,
IND-307,D2B,2022-12-01,DEPT,149.0,,,
IND-307,D30,2022-12-01,DEPT,1489.0,,,
IND-307,D31,2022-12-01,DEPT,2440.0,,,
IND-307,D32,2022-12-01,DEPT,202.0,,,
IND-307,D33,2022-12-01,DEPT,2944.0,,,
IND-307,D34,2022-12-01,DEPT,2338.0,,,
IND-307,D35,2022-12-01,DEPT,1689.0,,,
IND-307,D36,2022-12-01,DEPT,333.0,,,
IND-307,D37,2022-12-01,DEPT,1045.0,,,
IND-307,D70,2022-12-01,DEPT,437.0,,,
IND-307,D38,2022-12-01,DEPT,2160.0,,,
IND-307,D39,2022-12-01,DEPT,363.0,,,
IND-307,D40,2022-12-01,DEPT,673.0,,,
IND-307,D41,2022-12-01,DEPT,504.0,,,
IND-307,D42,2022-12-01,DEPT,1330.0,,,
IND-307,D43,2022-12-01,DEPT,264.0,,,
IND-307,D44,2022-12-01,DEPT,1961.0,,,
IND-307,D45,2022-12-01,DEPT,1355.0,,,
IND-307,D46,2022-12-01,DEPT,215.0,,,
IND-307,D47,2022-12-01,DEPT,599.0,,,
IND-307,D48,2022-12-01,DEPT,75.0,,,
IND-307,D49,2022-12-01,DEPT,1101.0,,,
IND-307,D50,2022-12-01,DEPT,889.0,,,
IND-307,D51,2022-12-01,DEPT,1172.0,,,
IND-307,D52,2022-12-01,DEPT,291.0,,,
IND-307,D53,2022-12-01,DEPT,373.0,,,
IND-307,D54,2022-12-01,DEPT,1157.0,,,
IND-307,D55,2022-12-01,DEPT,231.0,,,
IND-307,D56,2022-12-01,DEPT,1498.0,,,
IND-307,D57,2022-12-01,DEPT,1356.0,,,
IND-307,D58,2022-12-01,DEPT,257.0,,,
IND-307,D69,2022-12-01,DEPT,2772.0,,,
IND-307,D59,2022-12-01,DEPT,4089.0,,,
IND-307,D60,2022-12-01,DEPT,1532.0,,,
IND-307,D61,2022-12-01,DEPT,515.0,,,
IND-307,D62,2022-12-01,DEPT,3028.0,,,
IND-307,D63,2022-12-01,DEPT,876.0,,,
IND-307,D64,2022-12-01,DEPT,978.0,,,
IND-307,D65,2022-12-01,DEPT,375.0,,,
IND-307,D66,2022-12-01,DEPT,892.0,,,
IND-307,D67,2022-12-01,DEPT,1738.0,,,
IND-307,D68,2022-12-01,DEPT,1119.0,,,
IND-307,D08,2022-12-01,DEPT,375.0,,,
IND-307,R94,2022-12-01,REG,257.0,,,
IND-307,R93,2022-12-01,REG,7945.0,,,
IND-307,R84,2022-12-01,REG,12026.0,,,
IND-307,R76,2022-12-01,REG,10262.0,,,
IND-307,R75,2022-12-01,REG,11211.0,,,
IND-307,R53,2022-12-01,REG,4770.0,,,
IND-307,R52,2022-12-01,REG,5017.0,,,
IND-307,R44,2022-12-01,REG,8473.0,,,
IND-307,R32,2022-12-01,REG,10759.0,,,
IND-307,R28,2022-12-01,REG,6948.0,,,
IND-307,R27,2022-12-01,REG,3178.0,,,
IND-307,R24,2022-12-01,REG,4665.0,,,
IND-307,R11,2022-12-01,REG,14595.0,,,
IND-307,R06,2022-12-01,REG,0.0,,,
IND-307,R04,2022-12-01,REG,1436.0,,,
IND-307,R03,2022-12-01,REG,167.0,,,
IND-307,R02,2022-12-01,REG,368.0,,,
IND-307,R01,2022-12-01,REG,559.0,,,
IND-307,FRANCE,2022-12-01,NAT,102636.0,,,
IND-307,D976,2022-12-01,DEPT,0.0,,,
IND-307,D974,2022-12-01,DEPT,1436.0,,,
IND-307,D973,2022-12-01,DEPT,167.0,,,
IND-307,D972,2022-12-01,DEPT,368.0,,,
IND-307,D971,2022-12-01,DEPT,559.0,,,
IND-307,D95,2022-12-01,DEPT,1738.0,,,
IND-307,D94,2022-12-01,DEPT,2030.0,,,
IND-307,D93,2022-12-01,DEPT,2412.0,,,
IND-307,D92,2022-12-01,DEPT,1420.0,,,
IND-307,D91,2022-12-01,DEPT,1426.0,,,
IND-307,D90,2022-12-01,DEPT,327.0,,,
IND-307,D89,2022-12-01,DEPT,678.0,,,
IND-307,R53,2026-12-01,REG,,,23668.0,
IND-307,R75,2026-12-01,REG,,,50783.0,
IND-307,R76,2026-12-01,REG,,,51351.0,
IND-307,R84,2026-12-01,REG,,,63554.0,
IND-307,R93,2026-12-01,REG,,,40405.0,
IND-307,R94,2026-12-01,REG,,,1728.0,
IND-307,D88,2026-12-01,DEPT,,,2410.0,
IND-307,D87,2026-12-01,DEPT,,,3169.0,
IND-307,D86,2026-12-01,DEPT,,,3190.0,
IND-307,D85,2026-12-01,DEPT,,,3878.0,
IND-307,D84,2026-12-01,DEPT,,,4235.0,
IND-307,D83,2026-12-01,DEPT,,,8958.0,
IND-307,D82,2026-12-01,DEPT,,,2703.0,
IND-307,D81,2026-12-01,DEPT,,,3209.0,
IND-307,D80,2026-12-01,DEPT,,,6298.0,
IND-307,D79,2026-12-01,DEPT,,,3308.0,
IND-307,D78,2026-12-01,DEPT,,,7815.0,
IND-307,D77,2026-12-01,DEPT,,,9363.0,
IND-307,D76,2026-12-01,DEPT,,,11583.0,
IND-307,D75,2026-12-01,DEPT,,,10116.0,
IND-307,D74,2026-12-01,DEPT,,,6828.0,
IND-307,D73,2026-12-01,DEPT,,,2895.0,
IND-307,D89,2026-12-01,DEPT,,,1453.0,
IND-307,D72,2026-12-01,DEPT,,,3619.0,
IND-307,D71,2026-12-01,DEPT,,,4419.0,
IND-307,D70,2026-12-01,DEPT,,,3071.0,
IND-307,D69,2026-12-01,DEPT,,,12920.0,
IND-307,D68,2026-12-01,DEPT,,,8743.0,
IND-307,D67,2026-12-01,DEPT,,,9976.0,
IND-307,D66,2026-12-01,DEPT,,,4540.0,
IND-307,D65,2026-12-01,DEPT,,,1644.0,
IND-307,D64,2026-12-01,DEPT,,,5595.0,
IND-307,D63,2026-12-01,DEPT,,,7002.0,
IND-307,D62,2026-12-01,DEPT,,,15066.0,
IND-307,D61,2026-12-01,DEPT,,,2665.0,
IND-307,D60,2026-12-01,DEPT,,,7131.0,
IND-307,D59,2026-12-01,DEPT,,,28636.0,
IND-307,D58,2026-12-01,DEPT,,,1698.0,
IND-307,D57,2026-12-01,DEPT,,,9533.0,
IND-307,D56,2026-12-01,DEPT,,,6721.0,
IND-307,D55,2026-12-01,DEPT,,,1594.0,
IND-307,D54,2026-12-01,DEPT,,,5133.0,
IND-307,D53,2026-12-01,DEPT,,,2244.0,
IND-307,D52,2026-12-01,DEPT,,,1174.0,
IND-307,D90,2026-12-01,DEPT,,,1753.0,
IND-307,D51,2026-12-01,DEPT,,,5359.0,
IND-307,D50,2026-12-01,DEPT,,,3986.0,
IND-307,D49,2026-12-01,DEPT,,,5372.0,
IND-307,D48,2026-12-01,DEPT,,,431.0,
IND-307,D47,2026-12-01,DEPT,,,3169.0,
IND-307,D46,2026-12-01,DEPT,,,851.0,
IND-307,D45,2026-12-01,DEPT,,,5933.0,
IND-307,D44,2026-12-01,DEPT,,,8121.0,
IND-307,D43,2026-12-01,DEPT,,,1317.0,
IND-307,D42,2026-12-01,DEPT,,,6364.0,
IND-307,D41,2026-12-01,DEPT,,,2275.0,
IND-307,D40,2026-12-01,DEPT,,,3446.0,
IND-307,D39,2026-12-01,DEPT,,,2457.0,
IND-307,D38,2026-12-01,DEPT,,,11129.0,
IND-307,D37,2026-12-01,DEPT,,,4493.0,
IND-307,D36,2026-12-01,DEPT,,,1951.0,
IND-307,D35,2026-12-01,DEPT,,,7111.0,
IND-307,D34,2026-12-01,DEPT,,,11806.0,
IND-307,D33,2026-12-01,DEPT,,,12124.0,
IND-307,D32,2026-12-01,DEPT,,,1345.0,
IND-307,D31,2026-12-01,DEPT,,,11270.0,
IND-307,D91,2026-12-01,DEPT,,,6965.0,
IND-307,D30,2026-12-01,DEPT,,,6690.0,
IND-307,D2B,2026-12-01,DEPT,,,1036.0,
IND-307,D2A,2026-12-01,DEPT,,,692.0,
IND-307,D29,2026-12-01,DEPT,,,6134.0,
IND-307,D28,2026-12-01,DEPT,,,3434.0,
IND-307,D27,2026-12-01,DEPT,,,6476.0,
IND-307,D26,2026-12-01,DEPT,,,4745.0,
IND-307,D25,2026-12-01,DEPT,,,5041.0,
IND-307,D24,2026-12-01,DEPT,,,3146.0,
IND-307,D23,2026-12-01,DEPT,,,870.0,
IND-307,D22,2026-12-01,DEPT,,,3702.0,
IND-307,D21,2026-12-01,DEPT,,,3685.0,
IND-307,D19,2026-12-01,DEPT,,,2288.0,
IND-307,D18,2026-12-01,DEPT,,,2766.0,
IND-307,D17,2026-12-01,DEPT,,,7111.0,
IND-307,D16,2026-12-01,DEPT,,,3367.0,
IND-307,D15,2026-12-01,DEPT,,,822.0,
IND-307,D14,2026-12-01,DEPT,,,5973.0,
IND-307,D13,2026-12-01,DEPT,,,15961.0,
IND-307,D12,2026-12-01,DEPT,,,1906.0,
IND-307,D92,2026-12-01,DEPT,,,6209.0,
IND-307,D11,2026-12-01,DEPT,,,4015.0,
IND-307,D93,2026-12-01,DEPT,,,10592.0,
IND-307,D10,2026-12-01,DEPT,,,2475.0,
IND-307,D94,2026-12-01,DEPT,,,7771.0,
IND-307,D09,2026-12-01,DEPT,,,941.0,
IND-307,D95,2026-12-01,DEPT,,,4940.0,
IND-307,D08,2026-12-01,DEPT,,,2487.0,
IND-307,D971,2026-12-01,DEPT,,,3008.0,
IND-307,D07,2026-12-01,DEPT,,,2100.0,
IND-307,D972,2026-12-01,DEPT,,,2094.0,
IND-307,D06,2026-12-01,DEPT,,,8460.0,
IND-307,D973,2026-12-01,DEPT,,,1366.0,
IND-307,D05,2026-12-01,DEPT,,,1322.0,
IND-307,D974,2026-12-01,DEPT,,,7919.0,
IND-307,D04,2026-12-01,DEPT,,,1469.0,
IND-307,FRANCE,2026-12-01,NAT,,,520002.0,
IND-307,D03,2026-12-01,DEPT,,,3545.0,
IND-307,R01,2026-12-01,REG,,,3008.0,
IND-307,D02,2026-12-01,DEPT,,,5994.0,
IND-307,R02,2026-12-01,REG,,,2094.0,
IND-307,D01,2026-12-01,DEPT,,,3887.0,
IND-307,R03,2026-12-01,REG,,,1366.0,
IND-307,R04,2026-12-01,REG,,,7919.0,
IND-307,R11,2026-12-01,REG,,,63771.0,
IND-307,R24,2026-12-01,REG,,,20852.0,
IND-307,R27,2026-12-01,REG,,,23577.0,
IND-307,R28,2026-12-01,REG,,,30683.0,
IND-307,R32,2026-12-01,REG,,,63125.0,
IND-307,R44,2026-12-01,REG,,,48884.0,
IND-307,R52,2026-12-01,REG,,,23234.0,
