indic_id,enforce_zone_id,metric_enforce_date,maille,indic_vi,indic_va,indic_vc,indic_ta
IND-314,D01,2022-03-01,DEPT,,291.0,,
IND-314,D01,2022-04-01,DEPT,,504.0,,
IND-314,D01,2022-05-01,DEPT,,654.0,,
IND-314,D01,2022-06-01,DEPT,,777.0,,
IND-314,D01,2022-07-01,DEPT,,865.0,,
IND-314,D01,2022-08-01,DEPT,,927.0,,
IND-314,D01,2022-09-01,DEPT,,1116.0,,
IND-314,D01,2022-10-01,DEPT,,1304.0,,
IND-314,D01,2022-11-01,DEPT,,1449.0,,
IND-314,D01,2022-12-01,DEPT,,1584.0,,
IND-314,D01,2023-03-01,DEPT,,408.0,,
IND-314,D01,2023-06-01,DEPT,,782.0,,
IND-314,D01,2023-09-01,DEPT,,1215.0,,
IND-314,D01,2023-12-01,DEPT,,1807.0,,
IND-314,D01,2024-03-01,DEPT,,577.0,,
IND-314,D01,2024-06-01,DEPT,,873.0,,
IND-314,D01,2024-09-01,DEPT,,1158.0,,
IND-314,D01,2024-12-01,DEPT,,1675.0,,
IND-314,D01,2025-03-01,DEPT,,491.0,,
IND-314,D01,2025-06-01,DEPT,,863.0,,
IND-314,D01,2025-09-01,DEPT,,1281.0,,
IND-314,D01,2025-12-01,DEPT,,1813.0,1689.0,100.0
IND-314,D02,2022-03-01,DEPT,,569.0,,
IND-314,D02,2022-04-01,DEPT,,859.0,,
IND-314,D02,2022-05-01,DEPT,,1126.0,,
IND-314,D02,2022-06-01,DEPT,,1513.0,,
IND-314,D02,2022-07-01,DEPT,,1815.0,,
IND-314,D02,2022-08-01,DEPT,,2053.0,,
IND-314,D02,2022-09-01,DEPT,,2576.0,,
IND-314,D02,2022-10-01,DEPT,,2984.0,,
IND-314,D02,2022-11-01,DEPT,,3320.0,,
IND-314,D02,2022-12-01,DEPT,,3742.0,,
IND-314,D02,2023-03-01,DEPT,,1048.0,,
IND-314,D02,2023-06-01,DEPT,,1910.0,,
IND-314,D02,2023-09-01,DEPT,,2969.0,,
IND-314,D02,2023-12-01,DEPT,,4168.0,,
IND-314,D02,2024-03-01,DEPT,,1144.0,,
IND-314,D02,2024-06-01,DEPT,,2110.0,,
IND-314,D02,2024-09-01,DEPT,,3215.0,,
IND-314,D02,2024-12-01,DEPT,,4008.0,,
IND-314,D02,2025-03-01,DEPT,,1324.0,,
IND-314,D02,2025-06-01,DEPT,,2159.0,,
IND-314,D02,2025-09-01,DEPT,,3175.0,,
IND-314,D02,2025-12-01,DEPT,,4095.0,3974.0,100.0
IND-314,D03,2022-03-01,DEPT,,197.0,,
IND-314,D03,2022-04-01,DEPT,,308.0,,
IND-314,D03,2022-05-01,DEPT,,431.0,,
IND-314,D03,2022-06-01,DEPT,,568.0,,
IND-314,D03,2022-07-01,DEPT,,650.0,,
IND-314,D03,2022-08-01,DEPT,,728.0,,
IND-314,D03,2022-09-01,DEPT,,891.0,,
IND-314,D03,2022-10-01,DEPT,,1084.0,,
IND-314,D03,2022-11-01,DEPT,,1211.0,,
IND-314,D03,2022-12-01,DEPT,,1312.0,,
IND-314,D03,2023-03-01,DEPT,,386.0,,
IND-314,D03,2023-06-01,DEPT,,712.0,,
IND-314,D03,2023-09-01,DEPT,,1046.0,,
IND-314,D03,2023-12-01,DEPT,,1457.0,,
IND-314,D03,2024-03-01,DEPT,,418.0,,
IND-314,D03,2024-06-01,DEPT,,750.0,,
IND-314,D03,2024-09-01,DEPT,,1050.0,,
IND-314,D03,2024-12-01,DEPT,,1431.0,,
IND-314,D03,2025-03-01,DEPT,,421.0,,
IND-314,D03,2025-06-01,DEPT,,747.0,,
IND-314,D03,2025-09-01,DEPT,,1073.0,,
IND-314,D03,2025-12-01,DEPT,,1467.0,1409.0,100.0
IND-314,D04,2022-03-01,DEPT,,122.0,,
IND-314,D04,2022-04-01,DEPT,,153.0,,
IND-314,D04,2022-05-01,DEPT,,184.0,,
IND-314,D04,2022-06-01,DEPT,,218.0,,
IND-314,D04,2022-07-01,DEPT,,235.0,,
IND-314,D04,2022-08-01,DEPT,,259.0,,
IND-314,D04,2022-09-01,DEPT,,302.0,,
IND-314,D04,2022-10-01,DEPT,,364.0,,
IND-314,D04,2022-11-01,DEPT,,409.0,,
IND-314,D04,2022-12-01,DEPT,,474.0,,
IND-314,D04,2023-03-01,DEPT,,165.0,,
IND-314,D04,2023-06-01,DEPT,,276.0,,
IND-314,D04,2023-09-01,DEPT,,418.0,,
IND-314,D04,2023-12-01,DEPT,,508.0,,
IND-314,D04,2024-03-01,DEPT,,132.0,,
IND-314,D04,2024-06-01,DEPT,,211.0,,
IND-314,D04,2024-09-01,DEPT,,298.0,,
IND-314,D04,2024-12-01,DEPT,,362.0,,
IND-314,D04,2025-03-01,DEPT,,94.0,,
IND-314,D04,2025-06-01,DEPT,,193.0,,
IND-314,D04,2025-09-01,DEPT,,337.0,,
IND-314,D04,2025-12-01,DEPT,,458.0,380.0,100.0
IND-314,D05,2022-03-01,DEPT,,115.0,,
IND-314,D05,2022-04-01,DEPT,,176.0,,
IND-314,D05,2022-05-01,DEPT,,210.0,,
IND-314,D05,2022-06-01,DEPT,,254.0,,
IND-314,D05,2022-07-01,DEPT,,281.0,,
IND-314,D05,2022-08-01,DEPT,,312.0,,
IND-314,D05,2022-09-01,DEPT,,402.0,,
IND-314,D05,2022-10-01,DEPT,,462.0,,
IND-314,D05,2022-11-01,DEPT,,504.0,,
IND-314,D05,2022-12-01,DEPT,,534.0,,
IND-314,D05,2023-03-01,DEPT,,120.0,,
IND-314,D05,2023-06-01,DEPT,,243.0,,
IND-314,D05,2023-09-01,DEPT,,441.0,,
IND-314,D05,2023-12-01,DEPT,,587.0,,
IND-314,D05,2024-03-01,DEPT,,148.0,,
IND-314,D05,2024-06-01,DEPT,,232.0,,
IND-314,D05,2024-09-01,DEPT,,314.0,,
IND-314,D05,2024-12-01,DEPT,,415.0,,
IND-314,D05,2025-03-01,DEPT,,116.0,,
IND-314,D05,2025-06-01,DEPT,,231.0,,
IND-314,D05,2025-09-01,DEPT,,422.0,,
IND-314,D05,2025-12-01,DEPT,,544.0,435.0,100.0
IND-314,D06,2022-03-01,DEPT,,951.0,,
IND-314,D06,2022-04-01,DEPT,,1273.0,,
IND-314,D06,2022-05-01,DEPT,,1546.0,,
IND-314,D06,2022-06-01,DEPT,,1994.0,,
IND-314,D06,2022-07-01,DEPT,,2283.0,,
IND-314,D06,2022-08-01,DEPT,,2522.0,,
IND-314,D06,2022-09-01,DEPT,,3048.0,,
IND-314,D06,2022-10-01,DEPT,,3478.0,,
IND-314,D06,2022-11-01,DEPT,,3797.0,,
IND-314,D06,2022-12-01,DEPT,,4241.0,,
IND-314,D06,2023-03-01,DEPT,,1223.0,,
IND-314,D06,2023-06-01,DEPT,,2258.0,,
IND-314,D06,2023-09-01,DEPT,,3444.0,,
IND-314,D06,2023-12-01,DEPT,,4798.0,,
IND-314,D06,2024-03-01,DEPT,,1380.0,,
IND-314,D06,2024-06-01,DEPT,,2341.0,,
IND-314,D06,2024-09-01,DEPT,,3106.0,,
IND-314,D06,2024-12-01,DEPT,,3938.0,,
IND-314,D06,2025-03-01,DEPT,,1271.0,,
IND-314,D06,2025-06-01,DEPT,,2137.0,,
IND-314,D06,2025-09-01,DEPT,,2995.0,,
IND-314,D06,2025-12-01,DEPT,,4059.0,3868.0,100.0
IND-314,D07,2022-03-01,DEPT,,179.0,,
IND-314,D07,2022-04-01,DEPT,,247.0,,
IND-314,D07,2022-05-01,DEPT,,323.0,,
IND-314,D07,2022-06-01,DEPT,,430.0,,
IND-314,D07,2022-07-01,DEPT,,476.0,,
IND-314,D07,2022-08-01,DEPT,,494.0,,
IND-314,D07,2022-09-01,DEPT,,598.0,,
IND-314,D07,2022-10-01,DEPT,,693.0,,
IND-314,D07,2022-11-01,DEPT,,781.0,,
IND-314,D07,2022-12-01,DEPT,,871.0,,
IND-314,D07,2023-03-01,DEPT,,226.0,,
IND-314,D07,2023-06-01,DEPT,,432.0,,
IND-314,D07,2023-09-01,DEPT,,679.0,,
IND-314,D07,2023-12-01,DEPT,,1059.0,,
IND-314,D07,2024-03-01,DEPT,,341.0,,
IND-314,D07,2024-06-01,DEPT,,589.0,,
IND-314,D07,2024-09-01,DEPT,,837.0,,
IND-314,D07,2024-12-01,DEPT,,1128.0,,
IND-314,D07,2025-03-01,DEPT,,268.0,,
IND-314,D07,2025-06-01,DEPT,,505.0,,
IND-314,D07,2025-09-01,DEPT,,771.0,,
IND-314,D07,2025-12-01,DEPT,,1127.0,1083.0,100.0
IND-314,D08,2022-03-01,DEPT,,246.0,,
IND-314,D08,2022-04-01,DEPT,,403.0,,
IND-314,D08,2022-05-01,DEPT,,511.0,,
IND-314,D08,2022-06-01,DEPT,,620.0,,
IND-314,D08,2022-07-01,DEPT,,709.0,,
IND-314,D08,2022-08-01,DEPT,,746.0,,
IND-314,D08,2022-09-01,DEPT,,916.0,,
IND-314,D08,2022-10-01,DEPT,,1072.0,,
IND-314,D08,2022-11-01,DEPT,,1207.0,,
IND-314,D08,2022-12-01,DEPT,,1364.0,,
IND-314,D08,2023-03-01,DEPT,,377.0,,
IND-314,D08,2023-06-01,DEPT,,764.0,,
IND-314,D08,2023-09-01,DEPT,,1142.0,,
IND-314,D08,2023-12-01,DEPT,,1552.0,,
IND-314,D08,2024-03-01,DEPT,,425.0,,
IND-314,D08,2024-06-01,DEPT,,759.0,,
IND-314,D08,2024-09-01,DEPT,,1065.0,,
IND-314,D08,2024-12-01,DEPT,,1311.0,,
IND-314,D08,2025-03-01,DEPT,,371.0,,
IND-314,D08,2025-06-01,DEPT,,665.0,,
IND-314,D08,2025-09-01,DEPT,,940.0,,
IND-314,D08,2025-12-01,DEPT,,1324.0,1286.0,100.0
IND-314,D09,2022-03-01,DEPT,,126.0,,
IND-314,D09,2022-04-01,DEPT,,213.0,,
IND-314,D09,2022-05-01,DEPT,,255.0,,
IND-314,D09,2022-06-01,DEPT,,329.0,,
IND-314,D09,2022-07-01,DEPT,,363.0,,
IND-314,D09,2022-08-01,DEPT,,395.0,,
IND-314,D09,2022-09-01,DEPT,,475.0,,
IND-314,D09,2022-10-01,DEPT,,538.0,,
IND-314,D09,2022-11-01,DEPT,,616.0,,
IND-314,D09,2022-12-01,DEPT,,715.0,,
IND-314,D09,2023-03-01,DEPT,,165.0,,
IND-314,D09,2023-06-01,DEPT,,316.0,,
IND-314,D09,2023-09-01,DEPT,,525.0,,
IND-314,D09,2023-12-01,DEPT,,767.0,,
IND-314,D09,2024-03-01,DEPT,,220.0,,
IND-314,D09,2024-06-01,DEPT,,447.0,,
IND-314,D09,2024-09-01,DEPT,,673.0,,
IND-314,D09,2024-12-01,DEPT,,800.0,,
IND-314,D09,2025-03-01,DEPT,,234.0,,
IND-314,D09,2025-06-01,DEPT,,386.0,,
IND-314,D09,2025-09-01,DEPT,,611.0,,
IND-314,D09,2025-12-01,DEPT,,837.0,798.0,100.0
IND-314,D10,2022-03-01,DEPT,,280.0,,
IND-314,D10,2022-04-01,DEPT,,351.0,,
IND-314,D10,2022-05-01,DEPT,,455.0,,
IND-314,D10,2022-06-01,DEPT,,578.0,,
IND-314,D10,2022-07-01,DEPT,,604.0,,
IND-314,D10,2022-08-01,DEPT,,633.0,,
IND-314,D10,2022-09-01,DEPT,,805.0,,
IND-314,D10,2022-10-01,DEPT,,956.0,,
IND-314,D10,2022-11-01,DEPT,,1091.0,,
IND-314,D10,2022-12-01,DEPT,,1175.0,,
IND-314,D10,2023-03-01,DEPT,,487.0,,
IND-314,D10,2023-06-01,DEPT,,857.0,,
IND-314,D10,2023-09-01,DEPT,,1162.0,,
IND-314,D10,2023-12-01,DEPT,,1520.0,,
IND-314,D10,2024-03-01,DEPT,,496.0,,
IND-314,D10,2024-06-01,DEPT,,830.0,,
IND-314,D10,2024-09-01,DEPT,,1070.0,,
IND-314,D10,2024-12-01,DEPT,,1386.0,,
IND-314,D10,2025-03-01,DEPT,,318.0,,
IND-314,D10,2025-06-01,DEPT,,644.0,,
IND-314,D10,2025-09-01,DEPT,,1035.0,,
IND-314,D10,2025-12-01,DEPT,,1474.0,1365.0,100.0
IND-314,D11,2022-03-01,DEPT,,409.0,,
IND-314,D11,2022-04-01,DEPT,,591.0,,
IND-314,D11,2022-05-01,DEPT,,708.0,,
IND-314,D11,2022-06-01,DEPT,,886.0,,
IND-314,D11,2022-07-01,DEPT,,1059.0,,
IND-314,D11,2022-08-01,DEPT,,1174.0,,
IND-314,D11,2022-09-01,DEPT,,1519.0,,
IND-314,D11,2022-10-01,DEPT,,1802.0,,
IND-314,D11,2022-11-01,DEPT,,2015.0,,
IND-314,D11,2022-12-01,DEPT,,2134.0,,
IND-314,D11,2023-03-01,DEPT,,632.0,,
IND-314,D11,2023-06-01,DEPT,,1125.0,,
IND-314,D11,2023-09-01,DEPT,,1724.0,,
IND-314,D11,2023-12-01,DEPT,,2311.0,,
IND-314,D11,2024-03-01,DEPT,,653.0,,
IND-314,D11,2024-06-01,DEPT,,1185.0,,
IND-314,D11,2024-09-01,DEPT,,1683.0,,
IND-314,D11,2024-12-01,DEPT,,2068.0,,
IND-314,D11,2025-03-01,DEPT,,739.0,,
IND-314,D11,2025-06-01,DEPT,,1138.0,,
IND-314,D11,2025-09-01,DEPT,,1699.0,,
IND-314,D11,2025-12-01,DEPT,,2097.0,2052.0,100.0
IND-314,D12,2022-03-01,DEPT,,178.0,,
IND-314,D12,2022-04-01,DEPT,,280.0,,
IND-314,D12,2022-05-01,DEPT,,345.0,,
IND-314,D12,2022-06-01,DEPT,,404.0,,
IND-314,D12,2022-07-01,DEPT,,458.0,,
IND-314,D12,2022-08-01,DEPT,,502.0,,
IND-314,D12,2022-09-01,DEPT,,586.0,,
IND-314,D12,2022-10-01,DEPT,,705.0,,
IND-314,D12,2022-11-01,DEPT,,775.0,,
IND-314,D12,2022-12-01,DEPT,,881.0,,
IND-314,D12,2023-03-01,DEPT,,333.0,,
IND-314,D12,2023-06-01,DEPT,,549.0,,
IND-314,D12,2023-09-01,DEPT,,833.0,,
IND-314,D12,2023-12-01,DEPT,,1074.0,,
IND-314,D12,2024-03-01,DEPT,,372.0,,
IND-314,D12,2024-06-01,DEPT,,627.0,,
IND-314,D12,2024-09-01,DEPT,,862.0,,
IND-314,D12,2024-12-01,DEPT,,1001.0,,
IND-314,D12,2025-03-01,DEPT,,278.0,,
IND-314,D12,2025-06-01,DEPT,,510.0,,
IND-314,D12,2025-09-01,DEPT,,760.0,,
IND-314,D12,2025-12-01,DEPT,,1031.0,1004.0,100.0
IND-314,D13,2022-03-01,DEPT,,1916.0,,
IND-314,D13,2022-04-01,DEPT,,2568.0,,
IND-314,D13,2022-05-01,DEPT,,3201.0,,
IND-314,D13,2022-06-01,DEPT,,3980.0,,
IND-314,D13,2022-07-01,DEPT,,4766.0,,
IND-314,D13,2022-08-01,DEPT,,5233.0,,
IND-314,D13,2022-09-01,DEPT,,6287.0,,
IND-314,D13,2022-10-01,DEPT,,7252.0,,
IND-314,D13,2022-11-01,DEPT,,8078.0,,
IND-314,D13,2022-12-01,DEPT,,8851.0,,
IND-314,D13,2023-03-01,DEPT,,2261.0,,
IND-314,D13,2023-06-01,DEPT,,4508.0,,
IND-314,D13,2023-09-01,DEPT,,7097.0,,
IND-314,D13,2023-12-01,DEPT,,9781.0,,
IND-314,D13,2024-03-01,DEPT,,2580.0,,
IND-314,D13,2024-06-01,DEPT,,4629.0,,
IND-314,D13,2024-09-01,DEPT,,6955.0,,
IND-314,D13,2024-12-01,DEPT,,8985.0,,
IND-314,D13,2025-03-01,DEPT,,2584.0,,
IND-314,D13,2025-06-01,DEPT,,4896.0,,
IND-314,D13,2025-09-01,DEPT,,7193.0,,
IND-314,D13,2025-12-01,DEPT,,9101.0,9291.0,97.96
IND-314,D14,2022-03-01,DEPT,,422.0,,
IND-314,D14,2022-04-01,DEPT,,684.0,,
IND-314,D14,2022-05-01,DEPT,,906.0,,
IND-314,D14,2022-06-01,DEPT,,1237.0,,
IND-314,D14,2022-07-01,DEPT,,1476.0,,
IND-314,D14,2022-08-01,DEPT,,1698.0,,
IND-314,D14,2022-09-01,DEPT,,2217.0,,
IND-314,D14,2022-10-01,DEPT,,2548.0,,
IND-314,D14,2022-11-01,DEPT,,2817.0,,
IND-314,D14,2022-12-01,DEPT,,3112.0,,
IND-314,D14,2023-03-01,DEPT,,767.0,,
IND-314,D14,2023-06-01,DEPT,,1407.0,,
IND-314,D14,2023-09-01,DEPT,,2216.0,,
IND-314,D14,2023-12-01,DEPT,,3239.0,,
IND-314,D14,2024-03-01,DEPT,,989.0,,
IND-314,D14,2024-06-01,DEPT,,1573.0,,
IND-314,D14,2024-09-01,DEPT,,2177.0,,
IND-314,D14,2024-12-01,DEPT,,2787.0,,
IND-314,D14,2025-03-01,DEPT,,816.0,,
IND-314,D14,2025-06-01,DEPT,,1279.0,,
IND-314,D14,2025-09-01,DEPT,,1869.0,,
IND-314,D14,2025-12-01,DEPT,,2687.0,2787.0,96.41
IND-314,D15,2022-03-01,DEPT,,179.0,,
IND-314,D15,2022-04-01,DEPT,,222.0,,
IND-314,D15,2022-05-01,DEPT,,262.0,,
IND-314,D15,2022-06-01,DEPT,,308.0,,
IND-314,D15,2022-07-01,DEPT,,349.0,,
IND-314,D15,2022-08-01,DEPT,,385.0,,
IND-314,D15,2022-09-01,DEPT,,454.0,,
IND-314,D15,2022-10-01,DEPT,,511.0,,
IND-314,D15,2022-11-01,DEPT,,550.0,,
IND-314,D15,2022-12-01,DEPT,,595.0,,
IND-314,D15,2023-03-01,DEPT,,128.0,,
IND-314,D15,2023-06-01,DEPT,,251.0,,
IND-314,D15,2023-09-01,DEPT,,423.0,,
IND-314,D15,2023-12-01,DEPT,,577.0,,
IND-314,D15,2024-03-01,DEPT,,160.0,,
IND-314,D15,2024-06-01,DEPT,,260.0,,
IND-314,D15,2024-09-01,DEPT,,388.0,,
IND-314,D15,2024-12-01,DEPT,,516.0,,
IND-314,D15,2025-03-01,DEPT,,170.0,,
IND-314,D15,2025-06-01,DEPT,,298.0,,
IND-314,D15,2025-09-01,DEPT,,470.0,,
IND-314,D15,2025-12-01,DEPT,,572.0,514.0,100.0
IND-314,D16,2022-03-01,DEPT,,285.0,,
IND-314,D16,2022-04-01,DEPT,,383.0,,
IND-314,D16,2022-05-01,DEPT,,452.0,,
IND-314,D16,2022-06-01,DEPT,,556.0,,
IND-314,D16,2022-07-01,DEPT,,629.0,,
IND-314,D16,2022-08-01,DEPT,,697.0,,
IND-314,D16,2022-09-01,DEPT,,845.0,,
IND-314,D16,2022-10-01,DEPT,,975.0,,
IND-314,D16,2022-11-01,DEPT,,1076.0,,
IND-314,D16,2022-12-01,DEPT,,1193.0,,
IND-314,D16,2023-03-01,DEPT,,380.0,,
IND-314,D16,2023-06-01,DEPT,,674.0,,
IND-314,D16,2023-09-01,DEPT,,1002.0,,
IND-314,D16,2023-12-01,DEPT,,1421.0,,
IND-314,D16,2024-03-01,DEPT,,476.0,,
IND-314,D16,2024-06-01,DEPT,,791.0,,
IND-314,D16,2024-09-01,DEPT,,1027.0,,
IND-314,D16,2024-12-01,DEPT,,1355.0,,
IND-314,D16,2025-03-01,DEPT,,395.0,,
IND-314,D16,2025-06-01,DEPT,,681.0,,
IND-314,D16,2025-09-01,DEPT,,977.0,,
IND-314,D16,2025-12-01,DEPT,,1357.0,1348.0,100.0
IND-314,D17,2022-03-01,DEPT,,626.0,,
IND-314,D17,2022-04-01,DEPT,,829.0,,
IND-314,D17,2022-05-01,DEPT,,988.0,,
IND-314,D17,2022-06-01,DEPT,,1125.0,,
IND-314,D17,2022-07-01,DEPT,,1258.0,,
IND-314,D17,2022-08-01,DEPT,,1336.0,,
IND-314,D17,2022-09-01,DEPT,,1620.0,,
IND-314,D17,2022-10-01,DEPT,,1879.0,,
IND-314,D17,2022-11-01,DEPT,,2075.0,,
IND-314,D17,2022-12-01,DEPT,,2324.0,,
IND-314,D17,2023-03-01,DEPT,,653.0,,
IND-314,D17,2023-06-01,DEPT,,1157.0,,
IND-314,D17,2023-09-01,DEPT,,1806.0,,
IND-314,D17,2023-12-01,DEPT,,2605.0,,
IND-314,D17,2024-03-01,DEPT,,788.0,,
IND-314,D17,2024-06-01,DEPT,,1329.0,,
IND-314,D17,2024-09-01,DEPT,,1921.0,,
IND-314,D17,2024-12-01,DEPT,,2568.0,,
IND-314,D17,2025-03-01,DEPT,,800.0,,
IND-314,D17,2025-06-01,DEPT,,1309.0,,
IND-314,D17,2025-09-01,DEPT,,1852.0,,
IND-314,D17,2025-12-01,DEPT,,2604.0,2571.0,100.0
IND-314,D18,2022-03-01,DEPT,,247.0,,
IND-314,D18,2022-04-01,DEPT,,376.0,,
IND-314,D18,2022-05-01,DEPT,,498.0,,
IND-314,D18,2022-06-01,DEPT,,668.0,,
IND-314,D18,2022-07-01,DEPT,,759.0,,
IND-314,D18,2022-08-01,DEPT,,868.0,,
IND-314,D18,2022-09-01,DEPT,,1082.0,,
IND-314,D18,2022-10-01,DEPT,,1196.0,,
IND-314,D18,2022-11-01,DEPT,,1271.0,,
IND-314,D18,2022-12-01,DEPT,,1356.0,,
IND-314,D18,2023-03-01,DEPT,,464.0,,
IND-314,D18,2023-06-01,DEPT,,771.0,,
IND-314,D18,2023-09-01,DEPT,,1131.0,,
IND-314,D18,2023-12-01,DEPT,,1466.0,,
IND-314,D18,2024-03-01,DEPT,,393.0,,
IND-314,D18,2024-06-01,DEPT,,698.0,,
IND-314,D18,2024-09-01,DEPT,,1033.0,,
IND-314,D18,2024-12-01,DEPT,,1421.0,,
IND-314,D18,2025-03-01,DEPT,,414.0,,
IND-314,D18,2025-06-01,DEPT,,761.0,,
IND-314,D18,2025-09-01,DEPT,,1113.0,,
IND-314,D18,2025-12-01,DEPT,,1533.0,1377.0,100.0
IND-314,D19,2022-03-01,DEPT,,205.0,,
IND-314,D19,2022-04-01,DEPT,,280.0,,
IND-314,D19,2022-05-01,DEPT,,361.0,,
IND-314,D19,2022-06-01,DEPT,,468.0,,
IND-314,D19,2022-07-01,DEPT,,549.0,,
IND-314,D19,2022-08-01,DEPT,,628.0,,
IND-314,D19,2022-09-01,DEPT,,759.0,,
IND-314,D19,2022-10-01,DEPT,,858.0,,
IND-314,D19,2022-11-01,DEPT,,946.0,,
IND-314,D19,2022-12-01,DEPT,,1034.0,,
IND-314,D19,2023-03-01,DEPT,,281.0,,
IND-314,D19,2023-06-01,DEPT,,508.0,,
IND-314,D19,2023-09-01,DEPT,,767.0,,
IND-314,D19,2023-12-01,DEPT,,1083.0,,
IND-314,D19,2024-03-01,DEPT,,274.0,,
IND-314,D19,2024-06-01,DEPT,,535.0,,
IND-314,D19,2024-09-01,DEPT,,811.0,,
IND-314,D19,2024-12-01,DEPT,,1052.0,,
IND-314,D19,2025-03-01,DEPT,,266.0,,
IND-314,D19,2025-06-01,DEPT,,503.0,,
IND-314,D19,2025-09-01,DEPT,,773.0,,
IND-314,D19,2025-12-01,DEPT,,1096.0,1046.0,100.0
IND-314,D21,2022-03-01,DEPT,,437.0,,
IND-314,D21,2022-04-01,DEPT,,649.0,,
IND-314,D21,2022-05-01,DEPT,,786.0,,
IND-314,D21,2022-06-01,DEPT,,948.0,,
IND-314,D21,2022-07-01,DEPT,,1077.0,,
IND-314,D21,2022-08-01,DEPT,,1153.0,,
IND-314,D21,2022-09-01,DEPT,,1372.0,,
IND-314,D21,2022-10-01,DEPT,,1606.0,,
IND-314,D21,2022-11-01,DEPT,,1786.0,,
IND-314,D21,2022-12-01,DEPT,,1975.0,,
IND-314,D21,2023-03-01,DEPT,,586.0,,
IND-314,D21,2023-06-01,DEPT,,1063.0,,
IND-314,D21,2023-09-01,DEPT,,1588.0,,
IND-314,D21,2023-12-01,DEPT,,2150.0,,
IND-314,D21,2024-03-01,DEPT,,710.0,,
IND-314,D21,2024-06-01,DEPT,,1288.0,,
IND-314,D21,2024-09-01,DEPT,,1649.0,,
IND-314,D21,2024-12-01,DEPT,,2005.0,,
IND-314,D21,2025-03-01,DEPT,,647.0,,
IND-314,D21,2025-06-01,DEPT,,1225.0,,
IND-314,D21,2025-09-01,DEPT,,1814.0,,
IND-314,D21,2025-12-01,DEPT,,2349.0,2002.0,100.0
IND-314,D22,2022-03-01,DEPT,,255.0,,
IND-314,D22,2022-04-01,DEPT,,454.0,,
IND-314,D22,2022-05-01,DEPT,,585.0,,
IND-314,D22,2022-06-01,DEPT,,740.0,,
IND-314,D22,2022-07-01,DEPT,,834.0,,
IND-314,D22,2022-08-01,DEPT,,889.0,,
IND-314,D22,2022-09-01,DEPT,,1083.0,,
IND-314,D22,2022-10-01,DEPT,,1287.0,,
IND-314,D22,2022-11-01,DEPT,,1432.0,,
IND-314,D22,2022-12-01,DEPT,,1586.0,,
IND-314,D22,2023-03-01,DEPT,,448.0,,
IND-314,D22,2023-06-01,DEPT,,807.0,,
IND-314,D22,2023-09-01,DEPT,,1214.0,,
IND-314,D22,2023-12-01,DEPT,,1767.0,,
IND-314,D22,2024-03-01,DEPT,,507.0,,
IND-314,D22,2024-06-01,DEPT,,857.0,,
IND-314,D22,2024-09-01,DEPT,,1165.0,,
IND-314,D22,2024-12-01,DEPT,,1576.0,,
IND-314,D22,2025-03-01,DEPT,,449.0,,
IND-314,D22,2025-06-01,DEPT,,737.0,,
IND-314,D22,2025-09-01,DEPT,,1096.0,,
IND-314,D22,2025-12-01,DEPT,,1567.0,1559.0,100.0
IND-314,D23,2022-03-01,DEPT,,74.0,,
IND-314,D23,2022-04-01,DEPT,,125.0,,
IND-314,D23,2022-05-01,DEPT,,154.0,,
IND-314,D23,2022-06-01,DEPT,,204.0,,
IND-314,D23,2022-07-01,DEPT,,245.0,,
IND-314,D23,2022-08-01,DEPT,,268.0,,
IND-314,D23,2022-09-01,DEPT,,313.0,,
IND-314,D23,2022-10-01,DEPT,,358.0,,
IND-314,D23,2022-11-01,DEPT,,386.0,,
IND-314,D23,2022-12-01,DEPT,,426.0,,
IND-314,D23,2023-03-01,DEPT,,116.0,,
IND-314,D23,2023-06-01,DEPT,,211.0,,
IND-314,D23,2023-09-01,DEPT,,328.0,,
IND-314,D23,2023-12-01,DEPT,,487.0,,
IND-314,D23,2024-03-01,DEPT,,108.0,,
IND-314,D23,2024-06-01,DEPT,,241.0,,
IND-314,D23,2024-09-01,DEPT,,346.0,,
IND-314,D23,2024-12-01,DEPT,,467.0,,
IND-314,D23,2025-03-01,DEPT,,112.0,,
IND-314,D23,2025-06-01,DEPT,,213.0,,
IND-314,D23,2025-09-01,DEPT,,359.0,,
IND-314,D23,2025-12-01,DEPT,,518.0,466.0,100.0
IND-314,D24,2022-03-01,DEPT,,361.0,,
IND-314,D24,2022-04-01,DEPT,,488.0,,
IND-314,D24,2022-05-01,DEPT,,614.0,,
IND-314,D24,2022-06-01,DEPT,,779.0,,
IND-314,D24,2022-07-01,DEPT,,887.0,,
IND-314,D24,2022-08-01,DEPT,,1004.0,,
IND-314,D24,2022-09-01,DEPT,,1225.0,,
IND-314,D24,2022-10-01,DEPT,,1389.0,,
IND-314,D24,2022-11-01,DEPT,,1548.0,,
IND-314,D24,2022-12-01,DEPT,,1727.0,,
IND-314,D24,2023-03-01,DEPT,,478.0,,
IND-314,D24,2023-06-01,DEPT,,821.0,,
IND-314,D24,2023-09-01,DEPT,,1320.0,,
IND-314,D24,2023-12-01,DEPT,,1890.0,,
IND-314,D24,2024-03-01,DEPT,,556.0,,
IND-314,D24,2024-06-01,DEPT,,964.0,,
IND-314,D24,2024-09-01,DEPT,,1352.0,,
IND-314,D24,2024-12-01,DEPT,,1752.0,,
IND-314,D24,2025-03-01,DEPT,,453.0,,
IND-314,D24,2025-06-01,DEPT,,800.0,,
IND-314,D24,2025-09-01,DEPT,,1227.0,,
IND-314,D24,2025-12-01,DEPT,,1730.0,1694.0,100.0
IND-314,D25,2022-03-01,DEPT,,345.0,,
IND-314,D25,2022-04-01,DEPT,,471.0,,
IND-314,D25,2022-05-01,DEPT,,598.0,,
IND-314,D25,2022-06-01,DEPT,,746.0,,
IND-314,D25,2022-07-01,DEPT,,884.0,,
IND-314,D25,2022-08-01,DEPT,,1000.0,,
IND-314,D25,2022-09-01,DEPT,,1233.0,,
IND-314,D25,2022-10-01,DEPT,,1459.0,,
IND-314,D25,2022-11-01,DEPT,,1656.0,,
IND-314,D25,2022-12-01,DEPT,,1796.0,,
IND-314,D25,2023-03-01,DEPT,,563.0,,
IND-314,D25,2023-06-01,DEPT,,1040.0,,
IND-314,D25,2023-09-01,DEPT,,1488.0,,
IND-314,D25,2023-12-01,DEPT,,1974.0,,
IND-314,D25,2024-03-01,DEPT,,579.0,,
IND-314,D25,2024-06-01,DEPT,,1139.0,,
IND-314,D25,2024-09-01,DEPT,,1517.0,,
IND-314,D25,2024-12-01,DEPT,,1840.0,,
IND-314,D25,2025-03-01,DEPT,,550.0,,
IND-314,D25,2025-06-01,DEPT,,974.0,,
IND-314,D25,2025-09-01,DEPT,,1330.0,,
IND-314,D25,2025-12-01,DEPT,,1821.0,1820.0,100.0
IND-314,D26,2022-03-01,DEPT,,491.0,,
IND-314,D26,2022-04-01,DEPT,,715.0,,
IND-314,D26,2022-05-01,DEPT,,873.0,,
IND-314,D26,2022-06-01,DEPT,,1076.0,,
IND-314,D26,2022-07-01,DEPT,,1231.0,,
IND-314,D26,2022-08-01,DEPT,,1330.0,,
IND-314,D26,2022-09-01,DEPT,,1608.0,,
IND-314,D26,2022-10-01,DEPT,,1845.0,,
IND-314,D26,2022-11-01,DEPT,,2029.0,,
IND-314,D26,2022-12-01,DEPT,,2202.0,,
IND-314,D26,2023-03-01,DEPT,,655.0,,
IND-314,D26,2023-06-01,DEPT,,1128.0,,
IND-314,D26,2023-09-01,DEPT,,1718.0,,
IND-314,D26,2023-12-01,DEPT,,2398.0,,
IND-314,D26,2024-03-01,DEPT,,750.0,,
IND-314,D26,2024-06-01,DEPT,,1258.0,,
IND-314,D26,2024-09-01,DEPT,,1759.0,,
IND-314,D26,2024-12-01,DEPT,,2239.0,,
IND-314,D26,2025-03-01,DEPT,,671.0,,
IND-314,D26,2025-06-01,DEPT,,1110.0,,
IND-314,D26,2025-09-01,DEPT,,1707.0,,
IND-314,D26,2025-12-01,DEPT,,2320.0,2267.0,100.0
IND-314,D27,2022-03-01,DEPT,,513.0,,
IND-314,D27,2022-04-01,DEPT,,786.0,,
IND-314,D27,2022-05-01,DEPT,,971.0,,
IND-314,D27,2022-06-01,DEPT,,1196.0,,
IND-314,D27,2022-07-01,DEPT,,1363.0,,
IND-314,D27,2022-08-01,DEPT,,1517.0,,
IND-314,D27,2022-09-01,DEPT,,1881.0,,
IND-314,D27,2022-10-01,DEPT,,2264.0,,
IND-314,D27,2022-11-01,DEPT,,2523.0,,
IND-314,D27,2022-12-01,DEPT,,2796.0,,
IND-314,D27,2023-03-01,DEPT,,881.0,,
IND-314,D27,2023-06-01,DEPT,,1558.0,,
IND-314,D27,2023-09-01,DEPT,,2283.0,,
IND-314,D27,2023-12-01,DEPT,,3226.0,,
IND-314,D27,2024-03-01,DEPT,,847.0,,
IND-314,D27,2024-06-01,DEPT,,1543.0,,
IND-314,D27,2024-09-01,DEPT,,2272.0,,
IND-314,D27,2024-12-01,DEPT,,2818.0,,
IND-314,D27,2025-03-01,DEPT,,846.0,,
IND-314,D27,2025-06-01,DEPT,,1377.0,,
IND-314,D27,2025-09-01,DEPT,,1931.0,,
IND-314,D27,2025-12-01,DEPT,,2887.0,2821.0,100.0
IND-314,D28,2022-03-01,DEPT,,344.0,,
IND-314,D28,2022-04-01,DEPT,,462.0,,
IND-314,D28,2022-05-01,DEPT,,555.0,,
IND-314,D28,2022-06-01,DEPT,,679.0,,
IND-314,D28,2022-07-01,DEPT,,806.0,,
IND-314,D28,2022-08-01,DEPT,,894.0,,
IND-314,D28,2022-09-01,DEPT,,1079.0,,
IND-314,D28,2022-10-01,DEPT,,1236.0,,
IND-314,D28,2022-11-01,DEPT,,1382.0,,
IND-314,D28,2022-12-01,DEPT,,1545.0,,
IND-314,D28,2023-03-01,DEPT,,436.0,,
IND-314,D28,2023-06-01,DEPT,,804.0,,
IND-314,D28,2023-09-01,DEPT,,1357.0,,
IND-314,D28,2023-12-01,DEPT,,1837.0,,
IND-314,D28,2024-03-01,DEPT,,535.0,,
IND-314,D28,2024-06-01,DEPT,,969.0,,
IND-314,D28,2024-09-01,DEPT,,1385.0,,
IND-314,D28,2024-12-01,DEPT,,1811.0,,
IND-314,D28,2025-03-01,DEPT,,552.0,,
IND-314,D28,2025-06-01,DEPT,,1004.0,,
IND-314,D28,2025-09-01,DEPT,,1458.0,,
IND-314,D28,2025-12-01,DEPT,,1939.0,1774.0,100.0
IND-314,D29,2022-03-01,DEPT,,452.0,,
IND-314,D29,2022-04-01,DEPT,,710.0,,
IND-314,D29,2022-05-01,DEPT,,906.0,,
IND-314,D29,2022-06-01,DEPT,,1157.0,,
IND-314,D29,2022-07-01,DEPT,,1320.0,,
IND-314,D29,2022-08-01,DEPT,,1483.0,,
IND-314,D29,2022-09-01,DEPT,,1883.0,,
IND-314,D29,2022-10-01,DEPT,,2237.0,,
IND-314,D29,2022-11-01,DEPT,,2567.0,,
IND-314,D29,2022-12-01,DEPT,,2924.0,,
IND-314,D29,2023-03-01,DEPT,,973.0,,
IND-314,D29,2023-06-01,DEPT,,1607.0,,
IND-314,D29,2023-09-01,DEPT,,2282.0,,
IND-314,D29,2023-12-01,DEPT,,3378.0,,
IND-314,D29,2024-03-01,DEPT,,875.0,,
IND-314,D29,2024-06-01,DEPT,,1542.0,,
IND-314,D29,2024-09-01,DEPT,,2204.0,,
IND-314,D29,2024-12-01,DEPT,,2991.0,,
IND-314,D29,2025-03-01,DEPT,,783.0,,
IND-314,D29,2025-06-01,DEPT,,1360.0,,
IND-314,D29,2025-09-01,DEPT,,2016.0,,
IND-314,D29,2025-12-01,DEPT,,2997.0,3023.0,99.14
IND-314,D2A,2022-03-01,DEPT,,113.0,,
IND-314,D2A,2022-04-01,DEPT,,191.0,,
IND-314,D2A,2022-05-01,DEPT,,241.0,,
IND-314,D2A,2022-06-01,DEPT,,296.0,,
IND-314,D2A,2022-07-01,DEPT,,340.0,,
IND-314,D2A,2022-08-01,DEPT,,360.0,,
IND-314,D2A,2022-09-01,DEPT,,441.0,,
IND-314,D2A,2022-10-01,DEPT,,498.0,,
IND-314,D2A,2022-11-01,DEPT,,553.0,,
IND-314,D2A,2022-12-01,DEPT,,609.0,,
IND-314,D2A,2023-03-01,DEPT,,158.0,,
IND-314,D2A,2023-06-01,DEPT,,282.0,,
IND-314,D2A,2023-09-01,DEPT,,516.0,,
IND-314,D2A,2023-12-01,DEPT,,737.0,,
IND-314,D2A,2024-03-01,DEPT,,181.0,,
IND-314,D2A,2024-06-01,DEPT,,307.0,,
IND-314,D2A,2024-09-01,DEPT,,554.0,,
IND-314,D2A,2024-12-01,DEPT,,745.0,,
IND-314,D2A,2025-03-01,DEPT,,215.0,,
IND-314,D2A,2025-06-01,DEPT,,383.0,,
IND-314,D2A,2025-09-01,DEPT,,608.0,,
IND-314,D2A,2025-12-01,DEPT,,795.0,810.0,98.15
IND-314,D2B,2022-03-01,DEPT,,159.0,,
IND-314,D2B,2022-04-01,DEPT,,261.0,,
IND-314,D2B,2022-05-01,DEPT,,314.0,,
IND-314,D2B,2022-06-01,DEPT,,396.0,,
IND-314,D2B,2022-07-01,DEPT,,446.0,,
IND-314,D2B,2022-08-01,DEPT,,480.0,,
IND-314,D2B,2022-09-01,DEPT,,594.0,,
IND-314,D2B,2022-10-01,DEPT,,701.0,,
IND-314,D2B,2022-11-01,DEPT,,759.0,,
IND-314,D2B,2022-12-01,DEPT,,836.0,,
IND-314,D2B,2023-03-01,DEPT,,209.0,,
IND-314,D2B,2023-06-01,DEPT,,407.0,,
IND-314,D2B,2023-09-01,DEPT,,662.0,,
IND-314,D2B,2023-12-01,DEPT,,952.0,,
IND-314,D2B,2024-03-01,DEPT,,233.0,,
IND-314,D2B,2024-06-01,DEPT,,379.0,,
IND-314,D2B,2024-09-01,DEPT,,543.0,,
IND-314,D2B,2024-12-01,DEPT,,769.0,,
IND-314,D2B,2025-03-01,DEPT,,221.0,,
IND-314,D2B,2025-06-01,DEPT,,364.0,,
IND-314,D2B,2025-09-01,DEPT,,542.0,,
IND-314,D2B,2025-12-01,DEPT,,809.0,811.0,99.75
IND-314,D30,2022-03-01,DEPT,,831.0,,
IND-314,D30,2022-04-01,DEPT,,1237.0,,
IND-314,D30,2022-05-01,DEPT,,1542.0,,
IND-314,D30,2022-06-01,DEPT,,1956.0,,
IND-314,D30,2022-07-01,DEPT,,2238.0,,
IND-314,D30,2022-08-01,DEPT,,2442.0,,
IND-314,D30,2022-09-01,DEPT,,2984.0,,
IND-314,D30,2022-10-01,DEPT,,3443.0,,
IND-314,D30,2022-11-01,DEPT,,3795.0,,
IND-314,D30,2022-12-01,DEPT,,4157.0,,
IND-314,D30,2023-03-01,DEPT,,1159.0,,
IND-314,D30,2023-06-01,DEPT,,2084.0,,
IND-314,D30,2023-09-01,DEPT,,3309.0,,
IND-314,D30,2023-12-01,DEPT,,4660.0,,
IND-314,D30,2024-03-01,DEPT,,1330.0,,
IND-314,D30,2024-06-01,DEPT,,2368.0,,
IND-314,D30,2024-09-01,DEPT,,3279.0,,
IND-314,D30,2024-12-01,DEPT,,4187.0,,
IND-314,D30,2025-03-01,DEPT,,1057.0,,
IND-314,D30,2025-06-01,DEPT,,2019.0,,
IND-314,D30,2025-09-01,DEPT,,2944.0,,
IND-314,D30,2025-12-01,DEPT,,4128.0,4182.0,98.71
IND-314,D31,2022-03-01,DEPT,,1140.0,,
IND-314,D31,2022-04-01,DEPT,,1694.0,,
IND-314,D31,2022-05-01,DEPT,,2142.0,,
IND-314,D31,2022-06-01,DEPT,,2847.0,,
IND-314,D31,2022-07-01,DEPT,,3443.0,,
IND-314,D31,2022-08-01,DEPT,,3937.0,,
IND-314,D31,2022-09-01,DEPT,,4940.0,,
IND-314,D31,2022-10-01,DEPT,,5775.0,,
IND-314,D31,2022-11-01,DEPT,,6370.0,,
IND-314,D31,2022-12-01,DEPT,,6997.0,,
IND-314,D31,2023-03-01,DEPT,,1908.0,,
IND-314,D31,2023-06-01,DEPT,,3502.0,,
IND-314,D31,2023-09-01,DEPT,,5263.0,,
IND-314,D31,2023-12-01,DEPT,,7735.0,,
IND-314,D31,2024-03-01,DEPT,,2108.0,,
IND-314,D31,2024-06-01,DEPT,,3824.0,,
IND-314,D31,2024-09-01,DEPT,,5239.0,,
IND-314,D31,2024-12-01,DEPT,,6968.0,,
IND-314,D31,2025-03-01,DEPT,,1968.0,,
IND-314,D31,2025-06-01,DEPT,,3530.0,,
IND-314,D31,2025-09-01,DEPT,,4953.0,,
IND-314,D31,2025-12-01,DEPT,,6961.0,6945.0,100.0
IND-314,D32,2022-03-01,DEPT,,188.0,,
IND-314,D32,2022-04-01,DEPT,,256.0,,
IND-314,D32,2022-05-01,DEPT,,305.0,,
IND-314,D32,2022-06-01,DEPT,,397.0,,
IND-314,D32,2022-07-01,DEPT,,489.0,,
IND-314,D32,2022-08-01,DEPT,,520.0,,
IND-314,D32,2022-09-01,DEPT,,605.0,,
IND-314,D32,2022-10-01,DEPT,,638.0,,
IND-314,D32,2022-11-01,DEPT,,678.0,,
IND-314,D32,2022-12-01,DEPT,,698.0,,
IND-314,D32,2023-03-01,DEPT,,285.0,,
IND-314,D32,2023-06-01,DEPT,,455.0,,
IND-314,D32,2023-09-01,DEPT,,627.0,,
IND-314,D32,2023-12-01,DEPT,,789.0,,
IND-314,D32,2024-03-01,DEPT,,262.0,,
IND-314,D32,2024-06-01,DEPT,,474.0,,
IND-314,D32,2024-09-01,DEPT,,630.0,,
IND-314,D32,2024-12-01,DEPT,,723.0,,
IND-314,D32,2025-03-01,DEPT,,197.0,,
IND-314,D32,2025-06-01,DEPT,,376.0,,
IND-314,D32,2025-09-01,DEPT,,613.0,,
IND-314,D32,2025-12-01,DEPT,,713.0,705.0,100.0
IND-314,D33,2022-03-01,DEPT,,1349.0,,
IND-314,D33,2022-04-01,DEPT,,1869.0,,
IND-314,D33,2022-05-01,DEPT,,2392.0,,
IND-314,D33,2022-06-01,DEPT,,2969.0,,
IND-314,D33,2022-07-01,DEPT,,3422.0,,
IND-314,D33,2022-08-01,DEPT,,3692.0,,
IND-314,D33,2022-09-01,DEPT,,4450.0,,
IND-314,D33,2022-10-01,DEPT,,5141.0,,
IND-314,D33,2022-11-01,DEPT,,5757.0,,
IND-314,D33,2022-12-01,DEPT,,6386.0,,
IND-314,D33,2023-03-01,DEPT,,1880.0,,
IND-314,D33,2023-06-01,DEPT,,3411.0,,
IND-314,D33,2023-09-01,DEPT,,5042.0,,
IND-314,D33,2023-12-01,DEPT,,7286.0,,
IND-314,D33,2024-03-01,DEPT,,2037.0,,
IND-314,D33,2024-06-01,DEPT,,3683.0,,
IND-314,D33,2024-09-01,DEPT,,5234.0,,
IND-314,D33,2024-12-01,DEPT,,7164.0,,
IND-314,D33,2025-03-01,DEPT,,2053.0,,
IND-314,D33,2025-06-01,DEPT,,3616.0,,
IND-314,D33,2025-09-01,DEPT,,5142.0,,
IND-314,D33,2025-12-01,DEPT,,7201.0,6993.0,100.0
IND-314,D34,2022-03-01,DEPT,,1137.0,,
IND-314,D34,2022-04-01,DEPT,,1713.0,,
IND-314,D34,2022-05-01,DEPT,,2073.0,,
IND-314,D34,2022-06-01,DEPT,,2602.0,,
IND-314,D34,2022-07-01,DEPT,,3000.0,,
IND-314,D34,2022-08-01,DEPT,,3336.0,,
IND-314,D34,2022-09-01,DEPT,,4353.0,,
IND-314,D34,2022-10-01,DEPT,,5227.0,,
IND-314,D34,2022-11-01,DEPT,,5877.0,,
IND-314,D34,2022-12-01,DEPT,,6641.0,,
IND-314,D34,2023-03-01,DEPT,,1989.0,,
IND-314,D34,2023-06-01,DEPT,,3699.0,,
IND-314,D34,2023-09-01,DEPT,,5658.0,,
IND-314,D34,2023-12-01,DEPT,,7963.0,,
IND-314,D34,2024-03-01,DEPT,,2500.0,,
IND-314,D34,2024-06-01,DEPT,,4097.0,,
IND-314,D34,2024-09-01,DEPT,,5650.0,,
IND-314,D34,2024-12-01,DEPT,,7312.0,,
IND-314,D34,2025-03-01,DEPT,,1967.0,,
IND-314,D34,2025-06-01,DEPT,,3416.0,,
IND-314,D34,2025-09-01,DEPT,,5066.0,,
IND-314,D34,2025-12-01,DEPT,,7178.0,7226.0,99.34
IND-314,D35,2022-03-01,DEPT,,687.0,,
IND-314,D35,2022-04-01,DEPT,,1003.0,,
IND-314,D35,2022-05-01,DEPT,,1258.0,,
IND-314,D35,2022-06-01,DEPT,,1556.0,,
IND-314,D35,2022-07-01,DEPT,,1790.0,,
IND-314,D35,2022-08-01,DEPT,,1958.0,,
IND-314,D35,2022-09-01,DEPT,,2462.0,,
IND-314,D35,2022-10-01,DEPT,,2862.0,,
IND-314,D35,2022-11-01,DEPT,,3220.0,,
IND-314,D35,2022-12-01,DEPT,,3614.0,,
IND-314,D35,2023-03-01,DEPT,,1028.0,,
IND-314,D35,2023-06-01,DEPT,,1847.0,,
IND-314,D35,2023-09-01,DEPT,,2655.0,,
IND-314,D35,2023-12-01,DEPT,,3922.0,,
IND-314,D35,2024-03-01,DEPT,,1131.0,,
IND-314,D35,2024-06-01,DEPT,,2166.0,,
IND-314,D35,2024-09-01,DEPT,,2958.0,,
IND-314,D35,2024-12-01,DEPT,,3611.0,,
IND-314,D35,2025-03-01,DEPT,,982.0,,
IND-314,D35,2025-06-01,DEPT,,1754.0,,
IND-314,D35,2025-09-01,DEPT,,2479.0,,
IND-314,D35,2025-12-01,DEPT,,3561.0,3589.0,99.22
IND-314,D36,2022-03-01,DEPT,,154.0,,
IND-314,D36,2022-04-01,DEPT,,243.0,,
IND-314,D36,2022-05-01,DEPT,,318.0,,
IND-314,D36,2022-06-01,DEPT,,386.0,,
IND-314,D36,2022-07-01,DEPT,,437.0,,
IND-314,D36,2022-08-01,DEPT,,462.0,,
IND-314,D36,2022-09-01,DEPT,,573.0,,
IND-314,D36,2022-10-01,DEPT,,648.0,,
IND-314,D36,2022-11-01,DEPT,,691.0,,
IND-314,D36,2022-12-01,DEPT,,748.0,,
IND-314,D36,2023-03-01,DEPT,,285.0,,
IND-314,D36,2023-06-01,DEPT,,487.0,,
IND-314,D36,2023-09-01,DEPT,,687.0,,
IND-314,D36,2023-12-01,DEPT,,928.0,,
IND-314,D36,2024-03-01,DEPT,,260.0,,
IND-314,D36,2024-06-01,DEPT,,490.0,,
IND-314,D36,2024-09-01,DEPT,,646.0,,
IND-314,D36,2024-12-01,DEPT,,854.0,,
IND-314,D36,2025-03-01,DEPT,,248.0,,
IND-314,D36,2025-06-01,DEPT,,480.0,,
IND-314,D36,2025-09-01,DEPT,,681.0,,
IND-314,D36,2025-12-01,DEPT,,936.0,850.0,100.0
IND-314,D37,2022-03-01,DEPT,,435.0,,
IND-314,D37,2022-04-01,DEPT,,599.0,,
IND-314,D37,2022-05-01,DEPT,,785.0,,
IND-314,D37,2022-06-01,DEPT,,962.0,,
IND-314,D37,2022-07-01,DEPT,,1092.0,,
IND-314,D37,2022-08-01,DEPT,,1255.0,,
IND-314,D37,2022-09-01,DEPT,,1537.0,,
IND-314,D37,2022-10-01,DEPT,,1813.0,,
IND-314,D37,2022-11-01,DEPT,,2004.0,,
IND-314,D37,2022-12-01,DEPT,,2206.0,,
IND-314,D37,2023-03-01,DEPT,,553.0,,
IND-314,D37,2023-06-01,DEPT,,1087.0,,
IND-314,D37,2023-09-01,DEPT,,1648.0,,
IND-314,D37,2023-12-01,DEPT,,2446.0,,
IND-314,D37,2024-03-01,DEPT,,625.0,,
IND-314,D37,2024-06-01,DEPT,,1175.0,,
IND-314,D37,2024-09-01,DEPT,,1699.0,,
IND-314,D37,2024-12-01,DEPT,,2283.0,,
IND-314,D37,2025-03-01,DEPT,,642.0,,
IND-314,D37,2025-06-01,DEPT,,1076.0,,
IND-314,D37,2025-09-01,DEPT,,1554.0,,
IND-314,D37,2025-12-01,DEPT,,2296.0,2203.0,100.0
IND-314,D38,2022-03-01,DEPT,,876.0,,
IND-314,D38,2022-04-01,DEPT,,1292.0,,
IND-314,D38,2022-05-01,DEPT,,1593.0,,
IND-314,D38,2022-06-01,DEPT,,1979.0,,
IND-314,D38,2022-07-01,DEPT,,2215.0,,
IND-314,D38,2022-08-01,DEPT,,2367.0,,
IND-314,D38,2022-09-01,DEPT,,2842.0,,
IND-314,D38,2022-10-01,DEPT,,3269.0,,
IND-314,D38,2022-11-01,DEPT,,3612.0,,
IND-314,D38,2022-12-01,DEPT,,3963.0,,
IND-314,D38,2023-03-01,DEPT,,1116.0,,
IND-314,D38,2023-06-01,DEPT,,2065.0,,
IND-314,D38,2023-09-01,DEPT,,3060.0,,
IND-314,D38,2023-12-01,DEPT,,4360.0,,
IND-314,D38,2024-03-01,DEPT,,1265.0,,
IND-314,D38,2024-06-01,DEPT,,2228.0,,
IND-314,D38,2024-09-01,DEPT,,3011.0,,
IND-314,D38,2024-12-01,DEPT,,4019.0,,
IND-314,D38,2025-03-01,DEPT,,1201.0,,
IND-314,D38,2025-06-01,DEPT,,2048.0,,
IND-314,D38,2025-09-01,DEPT,,2848.0,,
IND-314,D38,2025-12-01,DEPT,,4021.0,4019.0,100.0
IND-314,D39,2022-03-01,DEPT,,126.0,,
IND-314,D39,2022-04-01,DEPT,,203.0,,
IND-314,D39,2022-05-01,DEPT,,253.0,,
IND-314,D39,2022-06-01,DEPT,,316.0,,
IND-314,D39,2022-07-01,DEPT,,349.0,,
IND-314,D39,2022-08-01,DEPT,,371.0,,
IND-314,D39,2022-09-01,DEPT,,468.0,,
IND-314,D39,2022-10-01,DEPT,,536.0,,
IND-314,D39,2022-11-01,DEPT,,597.0,,
IND-314,D39,2022-12-01,DEPT,,648.0,,
IND-314,D39,2023-03-01,DEPT,,179.0,,
IND-314,D39,2023-06-01,DEPT,,355.0,,
IND-314,D39,2023-09-01,DEPT,,546.0,,
IND-314,D39,2023-12-01,DEPT,,750.0,,
IND-314,D39,2024-03-01,DEPT,,202.0,,
IND-314,D39,2024-06-01,DEPT,,361.0,,
IND-314,D39,2024-09-01,DEPT,,548.0,,
IND-314,D39,2024-12-01,DEPT,,685.0,,
IND-314,D39,2025-03-01,DEPT,,191.0,,
IND-314,D39,2025-06-01,DEPT,,351.0,,
IND-314,D39,2025-09-01,DEPT,,519.0,,
IND-314,D39,2025-12-01,DEPT,,725.0,663.0,100.0
IND-314,D40,2022-03-01,DEPT,,319.0,,
IND-314,D40,2022-04-01,DEPT,,412.0,,
IND-314,D40,2022-05-01,DEPT,,496.0,,
IND-314,D40,2022-06-01,DEPT,,573.0,,
IND-314,D40,2022-07-01,DEPT,,643.0,,
IND-314,D40,2022-08-01,DEPT,,686.0,,
IND-314,D40,2022-09-01,DEPT,,844.0,,
IND-314,D40,2022-10-01,DEPT,,988.0,,
IND-314,D40,2022-11-01,DEPT,,1073.0,,
IND-314,D40,2022-12-01,DEPT,,1183.0,,
IND-314,D40,2023-03-01,DEPT,,373.0,,
IND-314,D40,2023-06-01,DEPT,,643.0,,
IND-314,D40,2023-09-01,DEPT,,948.0,,
IND-314,D40,2023-12-01,DEPT,,1401.0,,
IND-314,D40,2024-03-01,DEPT,,423.0,,
IND-314,D40,2024-06-01,DEPT,,687.0,,
IND-314,D40,2024-09-01,DEPT,,878.0,,
IND-314,D40,2024-12-01,DEPT,,1155.0,,
IND-314,D40,2025-03-01,DEPT,,340.0,,
IND-314,D40,2025-06-01,DEPT,,575.0,,
IND-314,D40,2025-09-01,DEPT,,846.0,,
IND-314,D40,2025-12-01,DEPT,,1268.0,1264.0,100.0
IND-314,D41,2022-03-01,DEPT,,250.0,,
IND-314,D41,2022-04-01,DEPT,,330.0,,
IND-314,D41,2022-05-01,DEPT,,405.0,,
IND-314,D41,2022-06-01,DEPT,,497.0,,
IND-314,D41,2022-07-01,DEPT,,580.0,,
IND-314,D41,2022-08-01,DEPT,,637.0,,
IND-314,D41,2022-09-01,DEPT,,790.0,,
IND-314,D41,2022-10-01,DEPT,,929.0,,
IND-314,D41,2022-11-01,DEPT,,1038.0,,
IND-314,D41,2022-12-01,DEPT,,1182.0,,
IND-314,D41,2023-03-01,DEPT,,298.0,,
IND-314,D41,2023-06-01,DEPT,,568.0,,
IND-314,D41,2023-09-01,DEPT,,941.0,,
IND-314,D41,2023-12-01,DEPT,,1286.0,,
IND-314,D41,2024-03-01,DEPT,,343.0,,
IND-314,D41,2024-06-01,DEPT,,616.0,,
IND-314,D41,2024-09-01,DEPT,,909.0,,
IND-314,D41,2024-12-01,DEPT,,1256.0,,
IND-314,D41,2025-03-01,DEPT,,330.0,,
IND-314,D41,2025-06-01,DEPT,,598.0,,
IND-314,D41,2025-09-01,DEPT,,890.0,,
IND-314,D41,2025-12-01,DEPT,,1263.0,1203.0,100.0
IND-314,D42,2022-03-01,DEPT,,653.0,,
IND-314,D42,2022-04-01,DEPT,,894.0,,
IND-314,D42,2022-05-01,DEPT,,1077.0,,
IND-314,D42,2022-06-01,DEPT,,1344.0,,
IND-314,D42,2022-07-01,DEPT,,1549.0,,
IND-314,D42,2022-08-01,DEPT,,1656.0,,
IND-314,D42,2022-09-01,DEPT,,2044.0,,
IND-314,D42,2022-10-01,DEPT,,2349.0,,
IND-314,D42,2022-11-01,DEPT,,2580.0,,
IND-314,D42,2022-12-01,DEPT,,2829.0,,
IND-314,D42,2023-03-01,DEPT,,914.0,,
IND-314,D42,2023-06-01,DEPT,,1508.0,,
IND-314,D42,2023-09-01,DEPT,,2260.0,,
IND-314,D42,2023-12-01,DEPT,,3117.0,,
IND-314,D42,2024-03-01,DEPT,,821.0,,
IND-314,D42,2024-06-01,DEPT,,1529.0,,
IND-314,D42,2024-09-01,DEPT,,2115.0,,
IND-314,D42,2024-12-01,DEPT,,2991.0,,
IND-314,D42,2025-03-01,DEPT,,851.0,,
IND-314,D42,2025-06-01,DEPT,,1478.0,,
IND-314,D42,2025-09-01,DEPT,,2130.0,,
IND-314,D42,2025-12-01,DEPT,,2947.0,2975.0,99.06
IND-314,D43,2022-03-01,DEPT,,121.0,,
IND-314,D43,2022-04-01,DEPT,,201.0,,
IND-314,D43,2022-05-01,DEPT,,280.0,,
IND-314,D43,2022-06-01,DEPT,,344.0,,
IND-314,D43,2022-07-01,DEPT,,388.0,,
IND-314,D43,2022-08-01,DEPT,,407.0,,
IND-314,D43,2022-09-01,DEPT,,523.0,,
IND-314,D43,2022-10-01,DEPT,,598.0,,
IND-314,D43,2022-11-01,DEPT,,652.0,,
IND-314,D43,2022-12-01,DEPT,,728.0,,
IND-314,D43,2023-03-01,DEPT,,211.0,,
IND-314,D43,2023-06-01,DEPT,,423.0,,
IND-314,D43,2023-09-01,DEPT,,632.0,,
IND-314,D43,2023-12-01,DEPT,,900.0,,
IND-314,D43,2024-03-01,DEPT,,196.0,,
IND-314,D43,2024-06-01,DEPT,,379.0,,
IND-314,D43,2024-09-01,DEPT,,594.0,,
IND-314,D43,2024-12-01,DEPT,,816.0,,
IND-314,D43,2025-03-01,DEPT,,198.0,,
IND-314,D43,2025-06-01,DEPT,,405.0,,
IND-314,D43,2025-09-01,DEPT,,671.0,,
IND-314,D43,2025-12-01,DEPT,,895.0,872.0,100.0
IND-314,D44,2022-03-01,DEPT,,1168.0,,
IND-314,D44,2022-04-01,DEPT,,1590.0,,
IND-314,D44,2022-05-01,DEPT,,1917.0,,
IND-314,D44,2022-06-01,DEPT,,2322.0,,
IND-314,D44,2022-07-01,DEPT,,2566.0,,
IND-314,D44,2022-08-01,DEPT,,2849.0,,
IND-314,D44,2022-09-01,DEPT,,3430.0,,
IND-314,D44,2022-10-01,DEPT,,3891.0,,
IND-314,D44,2022-11-01,DEPT,,4286.0,,
IND-314,D44,2022-12-01,DEPT,,4703.0,,
IND-314,D44,2023-03-01,DEPT,,1252.0,,
IND-314,D44,2023-06-01,DEPT,,2290.0,,
IND-314,D44,2023-09-01,DEPT,,3400.0,,
IND-314,D44,2023-12-01,DEPT,,4895.0,,
IND-314,D44,2024-03-01,DEPT,,1352.0,,
IND-314,D44,2024-06-01,DEPT,,2448.0,,
IND-314,D44,2024-09-01,DEPT,,3634.0,,
IND-314,D44,2024-12-01,DEPT,,4527.0,,
IND-314,D44,2025-03-01,DEPT,,1319.0,,
IND-314,D44,2025-06-01,DEPT,,2191.0,,
IND-314,D44,2025-09-01,DEPT,,3077.0,,
IND-314,D44,2025-12-01,DEPT,,4318.0,4513.0,95.68
IND-314,D45,2022-03-01,DEPT,,573.0,,
IND-314,D45,2022-04-01,DEPT,,759.0,,
IND-314,D45,2022-05-01,DEPT,,972.0,,
IND-314,D45,2022-06-01,DEPT,,1216.0,,
IND-314,D45,2022-07-01,DEPT,,1375.0,,
IND-314,D45,2022-08-01,DEPT,,1505.0,,
IND-314,D45,2022-09-01,DEPT,,1798.0,,
IND-314,D45,2022-10-01,DEPT,,2073.0,,
IND-314,D45,2022-11-01,DEPT,,2312.0,,
IND-314,D45,2022-12-01,DEPT,,2631.0,,
IND-314,D45,2023-03-01,DEPT,,766.0,,
IND-314,D45,2023-06-01,DEPT,,1416.0,,
IND-314,D45,2023-09-01,DEPT,,2057.0,,
IND-314,D45,2023-12-01,DEPT,,2899.0,,
IND-314,D45,2024-03-01,DEPT,,823.0,,
IND-314,D45,2024-06-01,DEPT,,1456.0,,
IND-314,D45,2024-09-01,DEPT,,1957.0,,
IND-314,D45,2024-12-01,DEPT,,2653.0,,
IND-314,D45,2025-03-01,DEPT,,708.0,,
IND-314,D45,2025-06-01,DEPT,,1396.0,,
IND-314,D45,2025-09-01,DEPT,,1945.0,,
IND-314,D45,2025-12-01,DEPT,,2683.0,2622.0,100.0
IND-314,D46,2022-03-01,DEPT,,98.0,,
IND-314,D46,2022-04-01,DEPT,,161.0,,
IND-314,D46,2022-05-01,DEPT,,221.0,,
IND-314,D46,2022-06-01,DEPT,,293.0,,
IND-314,D46,2022-07-01,DEPT,,353.0,,
IND-314,D46,2022-08-01,DEPT,,383.0,,
IND-314,D46,2022-09-01,DEPT,,482.0,,
IND-314,D46,2022-10-01,DEPT,,548.0,,
IND-314,D46,2022-11-01,DEPT,,617.0,,
IND-314,D46,2022-12-01,DEPT,,669.0,,
IND-314,D46,2023-03-01,DEPT,,236.0,,
IND-314,D46,2023-06-01,DEPT,,423.0,,
IND-314,D46,2023-09-01,DEPT,,627.0,,
IND-314,D46,2023-12-01,DEPT,,862.0,,
IND-314,D46,2024-03-01,DEPT,,246.0,,
IND-314,D46,2024-06-01,DEPT,,491.0,,
IND-314,D46,2024-09-01,DEPT,,673.0,,
IND-314,D46,2024-12-01,DEPT,,811.0,,
IND-314,D46,2025-03-01,DEPT,,195.0,,
IND-314,D46,2025-06-01,DEPT,,365.0,,
IND-314,D46,2025-09-01,DEPT,,621.0,,
IND-314,D46,2025-12-01,DEPT,,800.0,814.0,98.28
IND-314,D47,2022-03-01,DEPT,,265.0,,
IND-314,D47,2022-04-01,DEPT,,377.0,,
IND-314,D47,2022-05-01,DEPT,,457.0,,
IND-314,D47,2022-06-01,DEPT,,527.0,,
IND-314,D47,2022-07-01,DEPT,,575.0,,
IND-314,D47,2022-08-01,DEPT,,623.0,,
IND-314,D47,2022-09-01,DEPT,,776.0,,
IND-314,D47,2022-10-01,DEPT,,898.0,,
IND-314,D47,2022-11-01,DEPT,,1003.0,,
IND-314,D47,2022-12-01,DEPT,,1142.0,,
IND-314,D47,2023-03-01,DEPT,,406.0,,
IND-314,D47,2023-06-01,DEPT,,664.0,,
IND-314,D47,2023-09-01,DEPT,,962.0,,
IND-314,D47,2023-12-01,DEPT,,1420.0,,
IND-314,D47,2024-03-01,DEPT,,421.0,,
IND-314,D47,2024-06-01,DEPT,,767.0,,
IND-314,D47,2024-09-01,DEPT,,1090.0,,
IND-314,D47,2024-12-01,DEPT,,1385.0,,
IND-314,D47,2025-03-01,DEPT,,402.0,,
IND-314,D47,2025-06-01,DEPT,,682.0,,
IND-314,D47,2025-09-01,DEPT,,954.0,,
IND-314,D47,2025-12-01,DEPT,,1283.0,1405.0,91.32
IND-314,D48,2022-03-01,DEPT,,62.0,,
IND-314,D48,2022-04-01,DEPT,,77.0,,
IND-314,D48,2022-05-01,DEPT,,84.0,,
IND-314,D48,2022-06-01,DEPT,,97.0,,
IND-314,D48,2022-07-01,DEPT,,117.0,,
IND-314,D48,2022-08-01,DEPT,,131.0,,
IND-314,D48,2022-09-01,DEPT,,154.0,,
IND-314,D48,2022-10-01,DEPT,,174.0,,
IND-314,D48,2022-11-01,DEPT,,192.0,,
IND-314,D48,2022-12-01,DEPT,,216.0,,
IND-314,D48,2023-03-01,DEPT,,92.0,,
IND-314,D48,2023-06-01,DEPT,,158.0,,
IND-314,D48,2023-09-01,DEPT,,243.0,,
IND-314,D48,2023-12-01,DEPT,,315.0,,
IND-314,D48,2024-03-01,DEPT,,97.0,,
IND-314,D48,2024-06-01,DEPT,,170.0,,
IND-314,D48,2024-09-01,DEPT,,227.0,,
IND-314,D48,2024-12-01,DEPT,,272.0,,
IND-314,D48,2025-03-01,DEPT,,77.0,,
IND-314,D48,2025-06-01,DEPT,,145.0,,
IND-314,D48,2025-09-01,DEPT,,236.0,,
IND-314,D48,2025-12-01,DEPT,,319.0,267.0,100.0
IND-314,D49,2022-03-01,DEPT,,601.0,,
IND-314,D49,2022-04-01,DEPT,,821.0,,
IND-314,D49,2022-05-01,DEPT,,1006.0,,
IND-314,D49,2022-06-01,DEPT,,1263.0,,
IND-314,D49,2022-07-01,DEPT,,1491.0,,
IND-314,D49,2022-08-01,DEPT,,1588.0,,
IND-314,D49,2022-09-01,DEPT,,1961.0,,
IND-314,D49,2022-10-01,DEPT,,2281.0,,
IND-314,D49,2022-11-01,DEPT,,2527.0,,
IND-314,D49,2022-12-01,DEPT,,2783.0,,
IND-314,D49,2023-03-01,DEPT,,683.0,,
IND-314,D49,2023-06-01,DEPT,,1261.0,,
IND-314,D49,2023-09-01,DEPT,,1918.0,,
IND-314,D49,2023-12-01,DEPT,,2918.0,,
IND-314,D49,2024-03-01,DEPT,,847.0,,
IND-314,D49,2024-06-01,DEPT,,1493.0,,
IND-314,D49,2024-09-01,DEPT,,2111.0,,
IND-314,D49,2024-12-01,DEPT,,2744.0,,
IND-314,D49,2025-03-01,DEPT,,783.0,,
IND-314,D49,2025-06-01,DEPT,,1322.0,,
IND-314,D49,2025-09-01,DEPT,,1838.0,,
IND-314,D49,2025-12-01,DEPT,,2580.0,2757.0,93.58
IND-314,D50,2022-03-01,DEPT,,323.0,,
IND-314,D50,2022-04-01,DEPT,,502.0,,
IND-314,D50,2022-05-01,DEPT,,700.0,,
IND-314,D50,2022-06-01,DEPT,,914.0,,
IND-314,D50,2022-07-01,DEPT,,1041.0,,
IND-314,D50,2022-08-01,DEPT,,1097.0,,
IND-314,D50,2022-09-01,DEPT,,1327.0,,
IND-314,D50,2022-10-01,DEPT,,1492.0,,
IND-314,D50,2022-11-01,DEPT,,1669.0,,
IND-314,D50,2022-12-01,DEPT,,1826.0,,
IND-314,D50,2023-03-01,DEPT,,554.0,,
IND-314,D50,2023-06-01,DEPT,,1018.0,,
IND-314,D50,2023-09-01,DEPT,,1542.0,,
IND-314,D50,2023-12-01,DEPT,,2063.0,,
IND-314,D50,2024-03-01,DEPT,,574.0,,
IND-314,D50,2024-06-01,DEPT,,1061.0,,
IND-314,D50,2024-09-01,DEPT,,1547.0,,
IND-314,D50,2024-12-01,DEPT,,1965.0,,
IND-314,D50,2025-03-01,DEPT,,576.0,,
IND-314,D50,2025-06-01,DEPT,,982.0,,
IND-314,D50,2025-09-01,DEPT,,1425.0,,
IND-314,D50,2025-12-01,DEPT,,1862.0,1962.0,94.9
IND-314,D51,2022-03-01,DEPT,,581.0,,
IND-314,D51,2022-04-01,DEPT,,805.0,,
IND-314,D51,2022-05-01,DEPT,,968.0,,
IND-314,D51,2022-06-01,DEPT,,1208.0,,
IND-314,D51,2022-07-01,DEPT,,1383.0,,
IND-314,D51,2022-08-01,DEPT,,1536.0,,
IND-314,D51,2022-09-01,DEPT,,1795.0,,
IND-314,D51,2022-10-01,DEPT,,2049.0,,
IND-314,D51,2022-11-01,DEPT,,2223.0,,
IND-314,D51,2022-12-01,DEPT,,2478.0,,
IND-314,D51,2023-03-01,DEPT,,694.0,,
IND-314,D51,2023-06-01,DEPT,,1284.0,,
IND-314,D51,2023-09-01,DEPT,,1941.0,,
IND-314,D51,2023-12-01,DEPT,,2775.0,,
IND-314,D51,2024-03-01,DEPT,,834.0,,
IND-314,D51,2024-06-01,DEPT,,1413.0,,
IND-314,D51,2024-09-01,DEPT,,1888.0,,
IND-314,D51,2024-12-01,DEPT,,2324.0,,
IND-314,D51,2025-03-01,DEPT,,658.0,,
IND-314,D51,2025-06-01,DEPT,,1179.0,,
IND-314,D51,2025-09-01,DEPT,,1680.0,,
IND-314,D51,2025-12-01,DEPT,,2313.0,2331.0,99.23
IND-314,D52,2022-03-01,DEPT,,140.0,,
IND-314,D52,2022-04-01,DEPT,,202.0,,
IND-314,D52,2022-05-01,DEPT,,253.0,,
IND-314,D52,2022-06-01,DEPT,,302.0,,
IND-314,D52,2022-07-01,DEPT,,347.0,,
IND-314,D52,2022-08-01,DEPT,,362.0,,
IND-314,D52,2022-09-01,DEPT,,456.0,,
IND-314,D52,2022-10-01,DEPT,,522.0,,
IND-314,D52,2022-11-01,DEPT,,581.0,,
IND-314,D52,2022-12-01,DEPT,,661.0,,
IND-314,D52,2023-03-01,DEPT,,205.0,,
IND-314,D52,2023-06-01,DEPT,,380.0,,
IND-314,D52,2023-09-01,DEPT,,575.0,,
IND-314,D52,2023-12-01,DEPT,,753.0,,
IND-314,D52,2024-03-01,DEPT,,146.0,,
IND-314,D52,2024-06-01,DEPT,,322.0,,
IND-314,D52,2024-09-01,DEPT,,517.0,,
IND-314,D52,2024-12-01,DEPT,,657.0,,
IND-314,D52,2025-03-01,DEPT,,143.0,,
IND-314,D52,2025-06-01,DEPT,,267.0,,
IND-314,D52,2025-09-01,DEPT,,432.0,,
IND-314,D52,2025-12-01,DEPT,,584.0,651.0,89.71
IND-314,D53,2022-03-01,DEPT,,170.0,,
IND-314,D53,2022-04-01,DEPT,,258.0,,
IND-314,D53,2022-05-01,DEPT,,329.0,,
IND-314,D53,2022-06-01,DEPT,,412.0,,
IND-314,D53,2022-07-01,DEPT,,474.0,,
IND-314,D53,2022-08-01,DEPT,,497.0,,
IND-314,D53,2022-09-01,DEPT,,596.0,,
IND-314,D53,2022-10-01,DEPT,,672.0,,
IND-314,D53,2022-11-01,DEPT,,736.0,,
IND-314,D53,2022-12-01,DEPT,,804.0,,
IND-314,D53,2023-03-01,DEPT,,221.0,,
IND-314,D53,2023-06-01,DEPT,,415.0,,
IND-314,D53,2023-09-01,DEPT,,627.0,,
IND-314,D53,2023-12-01,DEPT,,891.0,,
IND-314,D53,2024-03-01,DEPT,,218.0,,
IND-314,D53,2024-06-01,DEPT,,451.0,,
IND-314,D53,2024-09-01,DEPT,,634.0,,
IND-314,D53,2024-12-01,DEPT,,822.0,,
IND-314,D53,2025-03-01,DEPT,,234.0,,
IND-314,D53,2025-06-01,DEPT,,447.0,,
IND-314,D53,2025-09-01,DEPT,,651.0,,
IND-314,D53,2025-12-01,DEPT,,873.0,821.0,100.0
IND-314,D54,2022-03-01,DEPT,,467.0,,
IND-314,D54,2022-04-01,DEPT,,668.0,,
IND-314,D54,2022-05-01,DEPT,,858.0,,
IND-314,D54,2022-06-01,DEPT,,1062.0,,
IND-314,D54,2022-07-01,DEPT,,1208.0,,
IND-314,D54,2022-08-01,DEPT,,1290.0,,
IND-314,D54,2022-09-01,DEPT,,1590.0,,
IND-314,D54,2022-10-01,DEPT,,1852.0,,
IND-314,D54,2022-11-01,DEPT,,2058.0,,
IND-314,D54,2022-12-01,DEPT,,2325.0,,
IND-314,D54,2023-03-01,DEPT,,728.0,,
IND-314,D54,2023-06-01,DEPT,,1407.0,,
IND-314,D54,2023-09-01,DEPT,,2109.0,,
IND-314,D54,2023-12-01,DEPT,,2935.0,,
IND-314,D54,2024-03-01,DEPT,,824.0,,
IND-314,D54,2024-06-01,DEPT,,1477.0,,
IND-314,D54,2024-09-01,DEPT,,2171.0,,
IND-314,D54,2024-12-01,DEPT,,2750.0,,
IND-314,D54,2025-03-01,DEPT,,686.0,,
IND-314,D54,2025-06-01,DEPT,,1286.0,,
IND-314,D54,2025-09-01,DEPT,,1981.0,,
IND-314,D54,2025-12-01,DEPT,,2680.0,2747.0,97.56
IND-314,D55,2022-03-01,DEPT,,151.0,,
IND-314,D55,2022-04-01,DEPT,,214.0,,
IND-314,D55,2022-05-01,DEPT,,249.0,,
IND-314,D55,2022-06-01,DEPT,,319.0,,
IND-314,D55,2022-07-01,DEPT,,365.0,,
IND-314,D55,2022-08-01,DEPT,,394.0,,
IND-314,D55,2022-09-01,DEPT,,454.0,,
IND-314,D55,2022-10-01,DEPT,,518.0,,
IND-314,D55,2022-11-01,DEPT,,567.0,,
IND-314,D55,2022-12-01,DEPT,,668.0,,
IND-314,D55,2023-03-01,DEPT,,189.0,,
IND-314,D55,2023-06-01,DEPT,,383.0,,
IND-314,D55,2023-09-01,DEPT,,614.0,,
IND-314,D55,2023-12-01,DEPT,,812.0,,
IND-314,D55,2024-03-01,DEPT,,251.0,,
IND-314,D55,2024-06-01,DEPT,,448.0,,
IND-314,D55,2024-09-01,DEPT,,587.0,,
IND-314,D55,2024-12-01,DEPT,,703.0,,
IND-314,D55,2025-03-01,DEPT,,190.0,,
IND-314,D55,2025-06-01,DEPT,,373.0,,
IND-314,D55,2025-09-01,DEPT,,593.0,,
IND-314,D55,2025-12-01,DEPT,,748.0,695.0,100.0
IND-314,D56,2022-03-01,DEPT,,442.0,,
IND-314,D56,2022-04-01,DEPT,,755.0,,
IND-314,D56,2022-05-01,DEPT,,1017.0,,
IND-314,D56,2022-06-01,DEPT,,1272.0,,
IND-314,D56,2022-07-01,DEPT,,1414.0,,
IND-314,D56,2022-08-01,DEPT,,1549.0,,
IND-314,D56,2022-09-01,DEPT,,1871.0,,
IND-314,D56,2022-10-01,DEPT,,2136.0,,
IND-314,D56,2022-11-01,DEPT,,2344.0,,
IND-314,D56,2022-12-01,DEPT,,2545.0,,
IND-314,D56,2023-03-01,DEPT,,656.0,,
IND-314,D56,2023-06-01,DEPT,,1222.0,,
IND-314,D56,2023-09-01,DEPT,,1849.0,,
IND-314,D56,2023-12-01,DEPT,,2582.0,,
IND-314,D56,2024-03-01,DEPT,,707.0,,
IND-314,D56,2024-06-01,DEPT,,1299.0,,
IND-314,D56,2024-09-01,DEPT,,1804.0,,
IND-314,D56,2024-12-01,DEPT,,2431.0,,
IND-314,D56,2025-03-01,DEPT,,648.0,,
IND-314,D56,2025-06-01,DEPT,,1038.0,,
IND-314,D56,2025-09-01,DEPT,,1559.0,,
IND-314,D56,2025-12-01,DEPT,,2191.0,2416.0,90.69
IND-314,D57,2022-03-01,DEPT,,847.0,,
IND-314,D57,2022-04-01,DEPT,,1150.0,,
IND-314,D57,2022-05-01,DEPT,,1449.0,,
IND-314,D57,2022-06-01,DEPT,,1744.0,,
IND-314,D57,2022-07-01,DEPT,,1971.0,,
IND-314,D57,2022-08-01,DEPT,,2173.0,,
IND-314,D57,2022-09-01,DEPT,,2605.0,,
IND-314,D57,2022-10-01,DEPT,,3054.0,,
IND-314,D57,2022-11-01,DEPT,,3324.0,,
IND-314,D57,2022-12-01,DEPT,,3482.0,,
IND-314,D57,2023-03-01,DEPT,,903.0,,
IND-314,D57,2023-06-01,DEPT,,2099.0,,
IND-314,D57,2023-09-01,DEPT,,3203.0,,
IND-314,D57,2023-12-01,DEPT,,4195.0,,
IND-314,D57,2024-03-01,DEPT,,1152.0,,
IND-314,D57,2024-06-01,DEPT,,2054.0,,
IND-314,D57,2024-09-01,DEPT,,3095.0,,
IND-314,D57,2024-12-01,DEPT,,3864.0,,
IND-314,D57,2025-03-01,DEPT,,1075.0,,
IND-314,D57,2025-06-01,DEPT,,2083.0,,
IND-314,D57,2025-09-01,DEPT,,2926.0,,
IND-314,D57,2025-12-01,DEPT,,3764.0,3792.0,99.26
IND-314,D58,2022-03-01,DEPT,,228.0,,
IND-314,D58,2022-04-01,DEPT,,305.0,,
IND-314,D58,2022-05-01,DEPT,,372.0,,
IND-314,D58,2022-06-01,DEPT,,449.0,,
IND-314,D58,2022-07-01,DEPT,,532.0,,
IND-314,D58,2022-08-01,DEPT,,590.0,,
IND-314,D58,2022-09-01,DEPT,,727.0,,
IND-314,D58,2022-10-01,DEPT,,831.0,,
IND-314,D58,2022-11-01,DEPT,,889.0,,
IND-314,D58,2022-12-01,DEPT,,966.0,,
IND-314,D58,2023-03-01,DEPT,,251.0,,
IND-314,D58,2023-06-01,DEPT,,490.0,,
IND-314,D58,2023-09-01,DEPT,,761.0,,
IND-314,D58,2023-12-01,DEPT,,1024.0,,
IND-314,D58,2024-03-01,DEPT,,323.0,,
IND-314,D58,2024-06-01,DEPT,,535.0,,
IND-314,D58,2024-09-01,DEPT,,780.0,,
IND-314,D58,2024-12-01,DEPT,,1004.0,,
IND-314,D58,2025-03-01,DEPT,,298.0,,
IND-314,D58,2025-06-01,DEPT,,516.0,,
IND-314,D58,2025-09-01,DEPT,,809.0,,
IND-314,D58,2025-12-01,DEPT,,1091.0,978.0,100.0
IND-314,D59,2022-03-01,DEPT,,2836.0,,
IND-314,D59,2022-04-01,DEPT,,4085.0,,
IND-314,D59,2022-05-01,DEPT,,5253.0,,
IND-314,D59,2022-06-01,DEPT,,6989.0,,
IND-314,D59,2022-07-01,DEPT,,8250.0,,
IND-314,D59,2022-08-01,DEPT,,9265.0,,
IND-314,D59,2022-09-01,DEPT,,11592.0,,
IND-314,D59,2022-10-01,DEPT,,13546.0,,
IND-314,D59,2022-11-01,DEPT,,15337.0,,
IND-314,D59,2022-12-01,DEPT,,17470.0,,
IND-314,D59,2023-03-01,DEPT,,5230.0,,
IND-314,D59,2023-06-01,DEPT,,9646.0,,
IND-314,D59,2023-09-01,DEPT,,14454.0,,
IND-314,D59,2023-12-01,DEPT,,20157.0,,
IND-314,D59,2024-03-01,DEPT,,5341.0,,
IND-314,D59,2024-06-01,DEPT,,9805.0,,
IND-314,D59,2024-09-01,DEPT,,14652.0,,
IND-314,D59,2024-12-01,DEPT,,18784.0,,
IND-314,D59,2025-03-01,DEPT,,5397.0,,
IND-314,D59,2025-06-01,DEPT,,9493.0,,
IND-314,D59,2025-09-01,DEPT,,13808.0,,
IND-314,D59,2025-12-01,DEPT,,18995.0,18752.0,100.0
IND-314,D60,2022-03-01,DEPT,,667.0,,
IND-314,D60,2022-04-01,DEPT,,958.0,,
IND-314,D60,2022-05-01,DEPT,,1184.0,,
IND-314,D60,2022-06-01,DEPT,,1452.0,,
IND-314,D60,2022-07-01,DEPT,,1647.0,,
IND-314,D60,2022-08-01,DEPT,,1809.0,,
IND-314,D60,2022-09-01,DEPT,,2208.0,,
IND-314,D60,2022-10-01,DEPT,,2607.0,,
IND-314,D60,2022-11-01,DEPT,,2951.0,,
IND-314,D60,2022-12-01,DEPT,,3361.0,,
IND-314,D60,2023-03-01,DEPT,,963.0,,
IND-314,D60,2023-06-01,DEPT,,1757.0,,
IND-314,D60,2023-09-01,DEPT,,2712.0,,
IND-314,D60,2023-12-01,DEPT,,3965.0,,
IND-314,D60,2024-03-01,DEPT,,1119.0,,
IND-314,D60,2024-06-01,DEPT,,2042.0,,
IND-314,D60,2024-09-01,DEPT,,2947.0,,
IND-314,D60,2024-12-01,DEPT,,3910.0,,
IND-314,D60,2025-03-01,DEPT,,1232.0,,
IND-314,D60,2025-06-01,DEPT,,1983.0,,
IND-314,D60,2025-09-01,DEPT,,2910.0,,
IND-314,D60,2025-12-01,DEPT,,4074.0,3946.0,100.0
IND-314,D61,2022-03-01,DEPT,,197.0,,
IND-314,D61,2022-04-01,DEPT,,348.0,,
IND-314,D61,2022-05-01,DEPT,,465.0,,
IND-314,D61,2022-06-01,DEPT,,574.0,,
IND-314,D61,2022-07-01,DEPT,,677.0,,
IND-314,D61,2022-08-01,DEPT,,767.0,,
IND-314,D61,2022-09-01,DEPT,,964.0,,
IND-314,D61,2022-10-01,DEPT,,1140.0,,
IND-314,D61,2022-11-01,DEPT,,1292.0,,
IND-314,D61,2022-12-01,DEPT,,1380.0,,
IND-314,D61,2023-03-01,DEPT,,414.0,,
IND-314,D61,2023-06-01,DEPT,,756.0,,
IND-314,D61,2023-09-01,DEPT,,1141.0,,
IND-314,D61,2023-12-01,DEPT,,1534.0,,
IND-314,D61,2024-03-01,DEPT,,413.0,,
IND-314,D61,2024-06-01,DEPT,,785.0,,
IND-314,D61,2024-09-01,DEPT,,1156.0,,
IND-314,D61,2024-12-01,DEPT,,1444.0,,
IND-314,D61,2025-03-01,DEPT,,420.0,,
IND-314,D61,2025-06-01,DEPT,,701.0,,
IND-314,D61,2025-09-01,DEPT,,1053.0,,
IND-314,D61,2025-12-01,DEPT,,1392.0,1443.0,96.47
IND-314,D62,2022-03-01,DEPT,,1388.0,,
IND-314,D62,2022-04-01,DEPT,,2022.0,,
IND-314,D62,2022-05-01,DEPT,,2582.0,,
IND-314,D62,2022-06-01,DEPT,,3201.0,,
IND-314,D62,2022-07-01,DEPT,,3807.0,,
IND-314,D62,2022-08-01,DEPT,,4275.0,,
IND-314,D62,2022-09-01,DEPT,,5381.0,,
IND-314,D62,2022-10-01,DEPT,,6461.0,,
IND-314,D62,2022-11-01,DEPT,,7212.0,,
IND-314,D62,2022-12-01,DEPT,,8193.0,,
IND-314,D62,2023-03-01,DEPT,,2167.0,,
IND-314,D62,2023-06-01,DEPT,,4117.0,,
IND-314,D62,2023-09-01,DEPT,,6409.0,,
IND-314,D62,2023-12-01,DEPT,,9175.0,,
IND-314,D62,2024-03-01,DEPT,,2451.0,,
IND-314,D62,2024-06-01,DEPT,,4645.0,,
IND-314,D62,2024-09-01,DEPT,,6938.0,,
IND-314,D62,2024-12-01,DEPT,,8891.0,,
IND-314,D62,2025-03-01,DEPT,,2732.0,,
IND-314,D62,2025-06-01,DEPT,,4610.0,,
IND-314,D62,2025-09-01,DEPT,,6793.0,,
IND-314,D62,2025-12-01,DEPT,,9121.0,8815.0,100.0
IND-314,D63,2022-03-01,DEPT,,525.0,,
IND-314,D63,2022-04-01,DEPT,,760.0,,
IND-314,D63,2022-05-01,DEPT,,948.0,,
IND-314,D63,2022-06-01,DEPT,,1147.0,,
IND-314,D63,2022-07-01,DEPT,,1300.0,,
IND-314,D63,2022-08-01,DEPT,,1423.0,,
IND-314,D63,2022-09-01,DEPT,,1759.0,,
IND-314,D63,2022-10-01,DEPT,,2001.0,,
IND-314,D63,2022-11-01,DEPT,,2171.0,,
IND-314,D63,2022-12-01,DEPT,,2315.0,,
IND-314,D63,2023-03-01,DEPT,,711.0,,
IND-314,D63,2023-06-01,DEPT,,1265.0,,
IND-314,D63,2023-09-01,DEPT,,1843.0,,
IND-314,D63,2023-12-01,DEPT,,2588.0,,
IND-314,D63,2024-03-01,DEPT,,769.0,,
IND-314,D63,2024-06-01,DEPT,,1425.0,,
IND-314,D63,2024-09-01,DEPT,,2008.0,,
IND-314,D63,2024-12-01,DEPT,,2520.0,,
IND-314,D63,2025-03-01,DEPT,,740.0,,
IND-314,D63,2025-06-01,DEPT,,1263.0,,
IND-314,D63,2025-09-01,DEPT,,1743.0,,
IND-314,D63,2025-12-01,DEPT,,2524.0,2549.0,99.02
IND-314,D64,2022-03-01,DEPT,,512.0,,
IND-314,D64,2022-04-01,DEPT,,720.0,,
IND-314,D64,2022-05-01,DEPT,,898.0,,
IND-314,D64,2022-06-01,DEPT,,1134.0,,
IND-314,D64,2022-07-01,DEPT,,1281.0,,
IND-314,D64,2022-08-01,DEPT,,1471.0,,
IND-314,D64,2022-09-01,DEPT,,1808.0,,
IND-314,D64,2022-10-01,DEPT,,2085.0,,
IND-314,D64,2022-11-01,DEPT,,2299.0,,
IND-314,D64,2022-12-01,DEPT,,2515.0,,
IND-314,D64,2023-03-01,DEPT,,801.0,,
IND-314,D64,2023-06-01,DEPT,,1342.0,,
IND-314,D64,2023-09-01,DEPT,,2005.0,,
IND-314,D64,2023-12-01,DEPT,,2778.0,,
IND-314,D64,2024-03-01,DEPT,,787.0,,
IND-314,D64,2024-06-01,DEPT,,1402.0,,
IND-314,D64,2024-09-01,DEPT,,2029.0,,
IND-314,D64,2024-12-01,DEPT,,2574.0,,
IND-314,D64,2025-03-01,DEPT,,794.0,,
IND-314,D64,2025-06-01,DEPT,,1309.0,,
IND-314,D64,2025-09-01,DEPT,,1944.0,,
IND-314,D64,2025-12-01,DEPT,,2629.0,2513.0,100.0
IND-314,D65,2022-03-01,DEPT,,208.0,,
IND-314,D65,2022-04-01,DEPT,,329.0,,
IND-314,D65,2022-05-01,DEPT,,468.0,,
IND-314,D65,2022-06-01,DEPT,,669.0,,
IND-314,D65,2022-07-01,DEPT,,741.0,,
IND-314,D65,2022-08-01,DEPT,,805.0,,
IND-314,D65,2022-09-01,DEPT,,965.0,,
IND-314,D65,2022-10-01,DEPT,,1139.0,,
IND-314,D65,2022-11-01,DEPT,,1320.0,,
IND-314,D65,2022-12-01,DEPT,,1439.0,,
IND-314,D65,2023-03-01,DEPT,,357.0,,
IND-314,D65,2023-06-01,DEPT,,726.0,,
IND-314,D65,2023-09-01,DEPT,,1055.0,,
IND-314,D65,2023-12-01,DEPT,,1619.0,,
IND-314,D65,2024-03-01,DEPT,,420.0,,
IND-314,D65,2024-06-01,DEPT,,809.0,,
IND-314,D65,2024-09-01,DEPT,,1223.0,,
IND-314,D65,2024-12-01,DEPT,,1534.0,,
IND-314,D65,2025-03-01,DEPT,,392.0,,
IND-314,D65,2025-06-01,DEPT,,747.0,,
IND-314,D65,2025-09-01,DEPT,,1160.0,,
IND-314,D65,2025-12-01,DEPT,,1508.0,1532.0,98.43
IND-314,D66,2022-03-01,DEPT,,565.0,,
IND-314,D66,2022-04-01,DEPT,,831.0,,
IND-314,D66,2022-05-01,DEPT,,1026.0,,
IND-314,D66,2022-06-01,DEPT,,1288.0,,
IND-314,D66,2022-07-01,DEPT,,1483.0,,
IND-314,D66,2022-08-01,DEPT,,1676.0,,
IND-314,D66,2022-09-01,DEPT,,1983.0,,
IND-314,D66,2022-10-01,DEPT,,2341.0,,
IND-314,D66,2022-11-01,DEPT,,2688.0,,
IND-314,D66,2022-12-01,DEPT,,2871.0,,
IND-314,D66,2023-03-01,DEPT,,908.0,,
IND-314,D66,2023-06-01,DEPT,,1533.0,,
IND-314,D66,2023-09-01,DEPT,,2157.0,,
IND-314,D66,2023-12-01,DEPT,,3248.0,,
IND-314,D66,2024-03-01,DEPT,,1007.0,,
IND-314,D66,2024-06-01,DEPT,,1728.0,,
IND-314,D66,2024-09-01,DEPT,,2409.0,,
IND-314,D66,2024-12-01,DEPT,,3018.0,,
IND-314,D66,2025-03-01,DEPT,,918.0,,
IND-314,D66,2025-06-01,DEPT,,1562.0,,
IND-314,D66,2025-09-01,DEPT,,2206.0,,
IND-314,D66,2025-12-01,DEPT,,3014.0,3010.0,100.0
IND-314,D67,2022-03-01,DEPT,,934.0,,
IND-314,D67,2022-04-01,DEPT,,1251.0,,
IND-314,D67,2022-05-01,DEPT,,1493.0,,
IND-314,D67,2022-06-01,DEPT,,1792.0,,
IND-314,D67,2022-07-01,DEPT,,1996.0,,
IND-314,D67,2022-08-01,DEPT,,2164.0,,
IND-314,D67,2022-09-01,DEPT,,2545.0,,
IND-314,D67,2022-10-01,DEPT,,2911.0,,
IND-314,D67,2022-11-01,DEPT,,3222.0,,
IND-314,D67,2022-12-01,DEPT,,3587.0,,
IND-314,D67,2023-03-01,DEPT,,1192.0,,
IND-314,D67,2023-06-01,DEPT,,2146.0,,
IND-314,D67,2023-09-01,DEPT,,3211.0,,
IND-314,D67,2023-12-01,DEPT,,4145.0,,
IND-314,D67,2024-03-01,DEPT,,1259.0,,
IND-314,D67,2024-06-01,DEPT,,2140.0,,
IND-314,D67,2024-09-01,DEPT,,3102.0,,
IND-314,D67,2024-12-01,DEPT,,4093.0,,
IND-314,D67,2025-03-01,DEPT,,1257.0,,
IND-314,D67,2025-06-01,DEPT,,2121.0,,
IND-314,D67,2025-09-01,DEPT,,3001.0,,
IND-314,D67,2025-12-01,DEPT,,3981.0,4126.0,96.49
IND-314,D68,2022-03-01,DEPT,,629.0,,
IND-314,D68,2022-04-01,DEPT,,861.0,,
IND-314,D68,2022-05-01,DEPT,,1016.0,,
IND-314,D68,2022-06-01,DEPT,,1196.0,,
IND-314,D68,2022-07-01,DEPT,,1330.0,,
IND-314,D68,2022-08-01,DEPT,,1486.0,,
IND-314,D68,2022-09-01,DEPT,,1730.0,,
IND-314,D68,2022-10-01,DEPT,,1990.0,,
IND-314,D68,2022-11-01,DEPT,,2231.0,,
IND-314,D68,2022-12-01,DEPT,,2551.0,,
IND-314,D68,2023-03-01,DEPT,,676.0,,
IND-314,D68,2023-06-01,DEPT,,1320.0,,
IND-314,D68,2023-09-01,DEPT,,2052.0,,
IND-314,D68,2023-12-01,DEPT,,2813.0,,
IND-314,D68,2024-03-01,DEPT,,886.0,,
IND-314,D68,2024-06-01,DEPT,,1575.0,,
IND-314,D68,2024-09-01,DEPT,,2164.0,,
IND-314,D68,2024-12-01,DEPT,,2785.0,,
IND-314,D68,2025-03-01,DEPT,,706.0,,
IND-314,D68,2025-06-01,DEPT,,1367.0,,
IND-314,D68,2025-09-01,DEPT,,2067.0,,
IND-314,D68,2025-12-01,DEPT,,2843.0,2785.0,100.0
IND-314,D69,2022-03-01,DEPT,,1649.0,,
IND-314,D69,2022-04-01,DEPT,,2304.0,,
IND-314,D69,2022-05-01,DEPT,,2865.0,,
IND-314,D69,2022-06-01,DEPT,,3630.0,,
IND-314,D69,2022-07-01,DEPT,,4137.0,,
IND-314,D69,2022-08-01,DEPT,,4427.0,,
IND-314,D69,2022-09-01,DEPT,,5316.0,,
IND-314,D69,2022-10-01,DEPT,,6104.0,,
IND-314,D69,2022-11-01,DEPT,,6708.0,,
IND-314,D69,2022-12-01,DEPT,,7294.0,,
IND-314,D69,2023-03-01,DEPT,,1942.0,,
IND-314,D69,2023-06-01,DEPT,,3556.0,,
IND-314,D69,2023-09-01,DEPT,,5213.0,,
IND-314,D69,2023-12-01,DEPT,,7543.0,,
IND-314,D69,2024-03-01,DEPT,,2167.0,,
IND-314,D69,2024-06-01,DEPT,,3937.0,,
IND-314,D69,2024-09-01,DEPT,,5254.0,,
IND-314,D69,2024-12-01,DEPT,,7149.0,,
IND-314,D69,2025-03-01,DEPT,,2099.0,,
IND-314,D69,2025-06-01,DEPT,,3613.0,,
IND-314,D69,2025-09-01,DEPT,,5097.0,,
IND-314,D69,2025-12-01,DEPT,,7196.0,7147.0,100.0
IND-314,D70,2022-03-01,DEPT,,267.0,,
IND-314,D70,2022-04-01,DEPT,,359.0,,
IND-314,D70,2022-05-01,DEPT,,457.0,,
IND-314,D70,2022-06-01,DEPT,,590.0,,
IND-314,D70,2022-07-01,DEPT,,670.0,,
IND-314,D70,2022-08-01,DEPT,,753.0,,
IND-314,D70,2022-09-01,DEPT,,914.0,,
IND-314,D70,2022-10-01,DEPT,,1025.0,,
IND-314,D70,2022-11-01,DEPT,,1100.0,,
IND-314,D70,2022-12-01,DEPT,,1143.0,,
IND-314,D70,2023-03-01,DEPT,,355.0,,
IND-314,D70,2023-06-01,DEPT,,642.0,,
IND-314,D70,2023-09-01,DEPT,,1019.0,,
IND-314,D70,2023-12-01,DEPT,,1269.0,,
IND-314,D70,2024-03-01,DEPT,,382.0,,
IND-314,D70,2024-06-01,DEPT,,649.0,,
IND-314,D70,2024-09-01,DEPT,,913.0,,
IND-314,D70,2024-12-01,DEPT,,1120.0,,
IND-314,D70,2025-03-01,DEPT,,305.0,,
IND-314,D70,2025-06-01,DEPT,,539.0,,
IND-314,D70,2025-09-01,DEPT,,842.0,,
IND-314,D70,2025-12-01,DEPT,,1023.0,1118.0,91.5
IND-314,D71,2022-03-01,DEPT,,415.0,,
IND-314,D71,2022-04-01,DEPT,,615.0,,
IND-314,D71,2022-05-01,DEPT,,781.0,,
IND-314,D71,2022-06-01,DEPT,,919.0,,
IND-314,D71,2022-07-01,DEPT,,1046.0,,
IND-314,D71,2022-08-01,DEPT,,1143.0,,
IND-314,D71,2022-09-01,DEPT,,1427.0,,
IND-314,D71,2022-10-01,DEPT,,1660.0,,
IND-314,D71,2022-11-01,DEPT,,1844.0,,
IND-314,D71,2022-12-01,DEPT,,1984.0,,
IND-314,D71,2023-03-01,DEPT,,640.0,,
IND-314,D71,2023-06-01,DEPT,,1149.0,,
IND-314,D71,2023-09-01,DEPT,,1744.0,,
IND-314,D71,2023-12-01,DEPT,,2310.0,,
IND-314,D71,2024-03-01,DEPT,,627.0,,
IND-314,D71,2024-06-01,DEPT,,1143.0,,
IND-314,D71,2024-09-01,DEPT,,1672.0,,
IND-314,D71,2024-12-01,DEPT,,2147.0,,
IND-314,D71,2025-03-01,DEPT,,668.0,,
IND-314,D71,2025-06-01,DEPT,,1160.0,,
IND-314,D71,2025-09-01,DEPT,,1755.0,,
IND-314,D71,2025-12-01,DEPT,,2343.0,2072.0,100.0
IND-314,D72,2022-03-01,DEPT,,517.0,,
IND-314,D72,2022-04-01,DEPT,,726.0,,
IND-314,D72,2022-05-01,DEPT,,869.0,,
IND-314,D72,2022-06-01,DEPT,,1033.0,,
IND-314,D72,2022-07-01,DEPT,,1168.0,,
IND-314,D72,2022-08-01,DEPT,,1332.0,,
IND-314,D72,2022-09-01,DEPT,,1591.0,,
IND-314,D72,2022-10-01,DEPT,,1893.0,,
IND-314,D72,2022-11-01,DEPT,,2125.0,,
IND-314,D72,2022-12-01,DEPT,,2375.0,,
IND-314,D72,2023-03-01,DEPT,,664.0,,
IND-314,D72,2023-06-01,DEPT,,1203.0,,
IND-314,D72,2023-09-01,DEPT,,1839.0,,
IND-314,D72,2023-12-01,DEPT,,2500.0,,
IND-314,D72,2024-03-01,DEPT,,782.0,,
IND-314,D72,2024-06-01,DEPT,,1312.0,,
IND-314,D72,2024-09-01,DEPT,,1865.0,,
IND-314,D72,2024-12-01,DEPT,,2444.0,,
IND-314,D72,2025-03-01,DEPT,,671.0,,
IND-314,D72,2025-06-01,DEPT,,1152.0,,
IND-314,D72,2025-09-01,DEPT,,1661.0,,
IND-314,D72,2025-12-01,DEPT,,2387.0,2521.0,94.68
IND-314,D73,2022-03-01,DEPT,,310.0,,
IND-314,D73,2022-04-01,DEPT,,520.0,,
IND-314,D73,2022-05-01,DEPT,,673.0,,
IND-314,D73,2022-06-01,DEPT,,830.0,,
IND-314,D73,2022-07-01,DEPT,,920.0,,
IND-314,D73,2022-08-01,DEPT,,1022.0,,
IND-314,D73,2022-09-01,DEPT,,1279.0,,
IND-314,D73,2022-10-01,DEPT,,1447.0,,
IND-314,D73,2022-11-01,DEPT,,1622.0,,
IND-314,D73,2022-12-01,DEPT,,1779.0,,
IND-314,D73,2023-03-01,DEPT,,467.0,,
IND-314,D73,2023-06-01,DEPT,,887.0,,
IND-314,D73,2023-09-01,DEPT,,1348.0,,
IND-314,D73,2023-12-01,DEPT,,1894.0,,
IND-314,D73,2024-03-01,DEPT,,536.0,,
IND-314,D73,2024-06-01,DEPT,,922.0,,
IND-314,D73,2024-09-01,DEPT,,1230.0,,
IND-314,D73,2024-12-01,DEPT,,1639.0,,
IND-314,D73,2025-03-01,DEPT,,401.0,,
IND-314,D73,2025-06-01,DEPT,,750.0,,
IND-314,D73,2025-09-01,DEPT,,1172.0,,
IND-314,D73,2025-12-01,DEPT,,1690.0,1652.0,100.0
IND-314,D74,2022-03-01,DEPT,,744.0,,
IND-314,D74,2022-04-01,DEPT,,974.0,,
IND-314,D74,2022-05-01,DEPT,,1140.0,,
IND-314,D74,2022-06-01,DEPT,,1395.0,,
IND-314,D74,2022-07-01,DEPT,,1553.0,,
IND-314,D74,2022-08-01,DEPT,,1651.0,,
IND-314,D74,2022-09-01,DEPT,,1980.0,,
IND-314,D74,2022-10-01,DEPT,,2250.0,,
IND-314,D74,2022-11-01,DEPT,,2452.0,,
IND-314,D74,2022-12-01,DEPT,,2641.0,,
IND-314,D74,2023-03-01,DEPT,,714.0,,
IND-314,D74,2023-06-01,DEPT,,1294.0,,
IND-314,D74,2023-09-01,DEPT,,2000.0,,
IND-314,D74,2023-12-01,DEPT,,2675.0,,
IND-314,D74,2024-03-01,DEPT,,773.0,,
IND-314,D74,2024-06-01,DEPT,,1360.0,,
IND-314,D74,2024-09-01,DEPT,,1835.0,,
IND-314,D74,2024-12-01,DEPT,,2278.0,,
IND-314,D74,2025-03-01,DEPT,,655.0,,
IND-314,D74,2025-06-01,DEPT,,1117.0,,
IND-314,D74,2025-09-01,DEPT,,1571.0,,
IND-314,D74,2025-12-01,DEPT,,2226.0,2226.0,100.0
IND-314,D75,2022-03-01,DEPT,,1100.0,,
IND-314,D75,2022-04-01,DEPT,,1652.0,,
IND-314,D75,2022-05-01,DEPT,,1922.0,,
IND-314,D75,2022-06-01,DEPT,,2372.0,,
IND-314,D75,2022-07-01,DEPT,,2755.0,,
IND-314,D75,2022-08-01,DEPT,,3105.0,,
IND-314,D75,2022-09-01,DEPT,,3774.0,,
IND-314,D75,2022-10-01,DEPT,,4328.0,,
IND-314,D75,2022-11-01,DEPT,,4763.0,,
IND-314,D75,2022-12-01,DEPT,,5316.0,,
IND-314,D75,2023-03-01,DEPT,,1408.0,,
IND-314,D75,2023-06-01,DEPT,,2811.0,,
IND-314,D75,2023-09-01,DEPT,,4084.0,,
IND-314,D75,2023-12-01,DEPT,,5907.0,,
IND-314,D75,2024-03-01,DEPT,,1580.0,,
IND-314,D75,2024-06-01,DEPT,,2653.0,,
IND-314,D75,2024-09-01,DEPT,,3608.0,,
IND-314,D75,2024-12-01,DEPT,,4563.0,,
IND-314,D75,2025-03-01,DEPT,,1165.0,,
IND-314,D75,2025-06-01,DEPT,,2124.0,,
IND-314,D75,2025-09-01,DEPT,,3201.0,,
IND-314,D75,2025-12-01,DEPT,,4733.0,4657.0,100.0
IND-314,D76,2022-03-01,DEPT,,1438.0,,
IND-314,D76,2022-04-01,DEPT,,2064.0,,
IND-314,D76,2022-05-01,DEPT,,2649.0,,
IND-314,D76,2022-06-01,DEPT,,3391.0,,
IND-314,D76,2022-07-01,DEPT,,3981.0,,
IND-314,D76,2022-08-01,DEPT,,4475.0,,
IND-314,D76,2022-09-01,DEPT,,5568.0,,
IND-314,D76,2022-10-01,DEPT,,6523.0,,
IND-314,D76,2022-11-01,DEPT,,7182.0,,
IND-314,D76,2022-12-01,DEPT,,7738.0,,
IND-314,D76,2023-03-01,DEPT,,2719.0,,
IND-314,D76,2023-06-01,DEPT,,4853.0,,
IND-314,D76,2023-09-01,DEPT,,7124.0,,
IND-314,D76,2023-12-01,DEPT,,9381.0,,
IND-314,D76,2024-03-01,DEPT,,2858.0,,
IND-314,D76,2024-06-01,DEPT,,5054.0,,
IND-314,D76,2024-09-01,DEPT,,6550.0,,
IND-314,D76,2024-12-01,DEPT,,8179.0,,
IND-314,D76,2025-03-01,DEPT,,2276.0,,
IND-314,D76,2025-06-01,DEPT,,3969.0,,
IND-314,D76,2025-09-01,DEPT,,6010.0,,
IND-314,D76,2025-12-01,DEPT,,8159.0,8176.0,99.79
IND-314,D77,2022-03-01,DEPT,,981.0,,
IND-314,D77,2022-04-01,DEPT,,1366.0,,
IND-314,D77,2022-05-01,DEPT,,1640.0,,
IND-314,D77,2022-06-01,DEPT,,2008.0,,
IND-314,D77,2022-07-01,DEPT,,2262.0,,
IND-314,D77,2022-08-01,DEPT,,2446.0,,
IND-314,D77,2022-09-01,DEPT,,3036.0,,
IND-314,D77,2022-10-01,DEPT,,3661.0,,
IND-314,D77,2022-11-01,DEPT,,4123.0,,
IND-314,D77,2022-12-01,DEPT,,4737.0,,
IND-314,D77,2023-03-01,DEPT,,1729.0,,
IND-314,D77,2023-06-01,DEPT,,3248.0,,
IND-314,D77,2023-09-01,DEPT,,4777.0,,
IND-314,D77,2023-12-01,DEPT,,6624.0,,
IND-314,D77,2024-03-01,DEPT,,1790.0,,
IND-314,D77,2024-06-01,DEPT,,3270.0,,
IND-314,D77,2024-09-01,DEPT,,4584.0,,
IND-314,D77,2024-12-01,DEPT,,5787.0,,
IND-314,D77,2025-03-01,DEPT,,1595.0,,
IND-314,D77,2025-06-01,DEPT,,2904.0,,
IND-314,D77,2025-09-01,DEPT,,4170.0,,
IND-314,D77,2025-12-01,DEPT,,5812.0,5702.0,100.0
IND-314,D78,2022-03-01,DEPT,,845.0,,
IND-314,D78,2022-04-01,DEPT,,1234.0,,
IND-314,D78,2022-05-01,DEPT,,1496.0,,
IND-314,D78,2022-06-01,DEPT,,1811.0,,
IND-314,D78,2022-07-01,DEPT,,2005.0,,
IND-314,D78,2022-08-01,DEPT,,2154.0,,
IND-314,D78,2022-09-01,DEPT,,2661.0,,
IND-314,D78,2022-10-01,DEPT,,3120.0,,
IND-314,D78,2022-11-01,DEPT,,3457.0,,
IND-314,D78,2022-12-01,DEPT,,3753.0,,
IND-314,D78,2023-03-01,DEPT,,1134.0,,
IND-314,D78,2023-06-01,DEPT,,2123.0,,
IND-314,D78,2023-09-01,DEPT,,3146.0,,
IND-314,D78,2023-12-01,DEPT,,4499.0,,
IND-314,D78,2024-03-01,DEPT,,1097.0,,
IND-314,D78,2024-06-01,DEPT,,2017.0,,
IND-314,D78,2024-09-01,DEPT,,2745.0,,
IND-314,D78,2024-12-01,DEPT,,3679.0,,
IND-314,D78,2025-03-01,DEPT,,893.0,,
IND-314,D78,2025-06-01,DEPT,,1698.0,,
IND-314,D78,2025-09-01,DEPT,,2600.0,,
IND-314,D78,2025-12-01,DEPT,,3683.0,3740.0,98.48
IND-314,D79,2022-03-01,DEPT,,240.0,,
IND-314,D79,2022-04-01,DEPT,,399.0,,
IND-314,D79,2022-05-01,DEPT,,527.0,,
IND-314,D79,2022-06-01,DEPT,,630.0,,
IND-314,D79,2022-07-01,DEPT,,704.0,,
IND-314,D79,2022-08-01,DEPT,,780.0,,
IND-314,D79,2022-09-01,DEPT,,921.0,,
IND-314,D79,2022-10-01,DEPT,,1054.0,,
IND-314,D79,2022-11-01,DEPT,,1173.0,,
IND-314,D79,2022-12-01,DEPT,,1291.0,,
IND-314,D79,2023-03-01,DEPT,,330.0,,
IND-314,D79,2023-06-01,DEPT,,612.0,,
IND-314,D79,2023-09-01,DEPT,,975.0,,
IND-314,D79,2023-12-01,DEPT,,1418.0,,
IND-314,D79,2024-03-01,DEPT,,385.0,,
IND-314,D79,2024-06-01,DEPT,,713.0,,
IND-314,D79,2024-09-01,DEPT,,1024.0,,
IND-314,D79,2024-12-01,DEPT,,1381.0,,
IND-314,D79,2025-03-01,DEPT,,379.0,,
IND-314,D79,2025-06-01,DEPT,,708.0,,
IND-314,D79,2025-09-01,DEPT,,975.0,,
IND-314,D79,2025-12-01,DEPT,,1395.0,1400.0,99.64
IND-314,D80,2022-03-01,DEPT,,461.0,,
IND-314,D80,2022-04-01,DEPT,,648.0,,
IND-314,D80,2022-05-01,DEPT,,847.0,,
IND-314,D80,2022-06-01,DEPT,,1045.0,,
IND-314,D80,2022-07-01,DEPT,,1141.0,,
IND-314,D80,2022-08-01,DEPT,,1220.0,,
IND-314,D80,2022-09-01,DEPT,,1458.0,,
IND-314,D80,2022-10-01,DEPT,,1635.0,,
IND-314,D80,2022-11-01,DEPT,,1836.0,,
IND-314,D80,2022-12-01,DEPT,,2051.0,,
IND-314,D80,2023-03-01,DEPT,,627.0,,
IND-314,D80,2023-06-01,DEPT,,1197.0,,
IND-314,D80,2023-09-01,DEPT,,1730.0,,
IND-314,D80,2023-12-01,DEPT,,2463.0,,
IND-314,D80,2024-03-01,DEPT,,698.0,,
IND-314,D80,2024-06-01,DEPT,,1241.0,,
IND-314,D80,2024-09-01,DEPT,,1755.0,,
IND-314,D80,2024-12-01,DEPT,,2305.0,,
IND-314,D80,2025-03-01,DEPT,,682.0,,
IND-314,D80,2025-06-01,DEPT,,1172.0,,
IND-314,D80,2025-09-01,DEPT,,1672.0,,
IND-314,D80,2025-12-01,DEPT,,2355.0,2341.0,100.0
IND-314,D81,2022-03-01,DEPT,,358.0,,
IND-314,D81,2022-04-01,DEPT,,562.0,,
IND-314,D81,2022-05-01,DEPT,,665.0,,
IND-314,D81,2022-06-01,DEPT,,797.0,,
IND-314,D81,2022-07-01,DEPT,,908.0,,
IND-314,D81,2022-08-01,DEPT,,1018.0,,
IND-314,D81,2022-09-01,DEPT,,1311.0,,
IND-314,D81,2022-10-01,DEPT,,1506.0,,
IND-314,D81,2022-11-01,DEPT,,1683.0,,
IND-314,D81,2022-12-01,DEPT,,1845.0,,
IND-314,D81,2023-03-01,DEPT,,498.0,,
IND-314,D81,2023-06-01,DEPT,,956.0,,
IND-314,D81,2023-09-01,DEPT,,1530.0,,
IND-314,D81,2023-12-01,DEPT,,2121.0,,
IND-314,D81,2024-03-01,DEPT,,523.0,,
IND-314,D81,2024-06-01,DEPT,,980.0,,
IND-314,D81,2024-09-01,DEPT,,1478.0,,
IND-314,D81,2024-12-01,DEPT,,1958.0,,
IND-314,D81,2025-03-01,DEPT,,549.0,,
IND-314,D81,2025-06-01,DEPT,,1036.0,,
IND-314,D81,2025-09-01,DEPT,,1586.0,,
IND-314,D81,2025-12-01,DEPT,,2014.0,1954.0,100.0
IND-314,D82,2022-03-01,DEPT,,205.0,,
IND-314,D82,2022-04-01,DEPT,,296.0,,
IND-314,D82,2022-05-01,DEPT,,370.0,,
IND-314,D82,2022-06-01,DEPT,,451.0,,
IND-314,D82,2022-07-01,DEPT,,545.0,,
IND-314,D82,2022-08-01,DEPT,,626.0,,
IND-314,D82,2022-09-01,DEPT,,802.0,,
IND-314,D82,2022-10-01,DEPT,,954.0,,
IND-314,D82,2022-11-01,DEPT,,1057.0,,
IND-314,D82,2022-12-01,DEPT,,1184.0,,
IND-314,D82,2023-03-01,DEPT,,430.0,,
IND-314,D82,2023-06-01,DEPT,,750.0,,
IND-314,D82,2023-09-01,DEPT,,1070.0,,
IND-314,D82,2023-12-01,DEPT,,1441.0,,
IND-314,D82,2024-03-01,DEPT,,401.0,,
IND-314,D82,2024-06-01,DEPT,,782.0,,
IND-314,D82,2024-09-01,DEPT,,1072.0,,
IND-314,D82,2024-12-01,DEPT,,1324.0,,
IND-314,D82,2025-03-01,DEPT,,430.0,,
IND-314,D82,2025-06-01,DEPT,,669.0,,
IND-314,D82,2025-09-01,DEPT,,896.0,,
IND-314,D82,2025-12-01,DEPT,,1307.0,1322.0,98.87
IND-314,D83,2022-03-01,DEPT,,847.0,,
IND-314,D83,2022-04-01,DEPT,,1226.0,,
IND-314,D83,2022-05-01,DEPT,,1523.0,,
IND-314,D83,2022-06-01,DEPT,,1833.0,,
IND-314,D83,2022-07-01,DEPT,,2105.0,,
IND-314,D83,2022-08-01,DEPT,,2334.0,,
IND-314,D83,2022-09-01,DEPT,,3044.0,,
IND-314,D83,2022-10-01,DEPT,,3674.0,,
IND-314,D83,2022-11-01,DEPT,,4202.0,,
IND-314,D83,2022-12-01,DEPT,,4717.0,,
IND-314,D83,2023-03-01,DEPT,,1466.0,,
IND-314,D83,2023-06-01,DEPT,,2579.0,,
IND-314,D83,2023-09-01,DEPT,,3976.0,,
IND-314,D83,2023-12-01,DEPT,,5453.0,,
IND-314,D83,2024-03-01,DEPT,,1497.0,,
IND-314,D83,2024-06-01,DEPT,,2688.0,,
IND-314,D83,2024-09-01,DEPT,,3850.0,,
IND-314,D83,2024-12-01,DEPT,,4830.0,,
IND-314,D83,2025-03-01,DEPT,,1320.0,,
IND-314,D83,2025-06-01,DEPT,,2326.0,,
IND-314,D83,2025-09-01,DEPT,,3513.0,,
IND-314,D83,2025-12-01,DEPT,,4760.0,4846.0,98.23
IND-314,D84,2022-03-01,DEPT,,735.0,,
IND-314,D84,2022-04-01,DEPT,,952.0,,
IND-314,D84,2022-05-01,DEPT,,1207.0,,
IND-314,D84,2022-06-01,DEPT,,1482.0,,
IND-314,D84,2022-07-01,DEPT,,1699.0,,
IND-314,D84,2022-08-01,DEPT,,1895.0,,
IND-314,D84,2022-09-01,DEPT,,2258.0,,
IND-314,D84,2022-10-01,DEPT,,2613.0,,
IND-314,D84,2022-11-01,DEPT,,2857.0,,
IND-314,D84,2022-12-01,DEPT,,3153.0,,
IND-314,D84,2023-03-01,DEPT,,933.0,,
IND-314,D84,2023-06-01,DEPT,,1665.0,,
IND-314,D84,2023-09-01,DEPT,,2504.0,,
IND-314,D84,2023-12-01,DEPT,,3554.0,,
IND-314,D84,2024-03-01,DEPT,,978.0,,
IND-314,D84,2024-06-01,DEPT,,1685.0,,
IND-314,D84,2024-09-01,DEPT,,2522.0,,
IND-314,D84,2024-12-01,DEPT,,3228.0,,
IND-314,D84,2025-03-01,DEPT,,826.0,,
IND-314,D84,2025-06-01,DEPT,,1502.0,,
IND-314,D84,2025-09-01,DEPT,,2468.0,,
IND-314,D84,2025-12-01,DEPT,,3351.0,3328.0,100.0
IND-314,D85,2022-03-01,DEPT,,468.0,,
IND-314,D85,2022-04-01,DEPT,,664.0,,
IND-314,D85,2022-05-01,DEPT,,810.0,,
IND-314,D85,2022-06-01,DEPT,,1003.0,,
IND-314,D85,2022-07-01,DEPT,,1145.0,,
IND-314,D85,2022-08-01,DEPT,,1245.0,,
IND-314,D85,2022-09-01,DEPT,,1550.0,,
IND-314,D85,2022-10-01,DEPT,,1779.0,,
IND-314,D85,2022-11-01,DEPT,,1933.0,,
IND-314,D85,2022-12-01,DEPT,,2108.0,,
IND-314,D85,2023-03-01,DEPT,,502.0,,
IND-314,D85,2023-06-01,DEPT,,883.0,,
IND-314,D85,2023-09-01,DEPT,,1499.0,,
IND-314,D85,2023-12-01,DEPT,,2086.0,,
IND-314,D85,2024-03-01,DEPT,,539.0,,
IND-314,D85,2024-06-01,DEPT,,980.0,,
IND-314,D85,2024-09-01,DEPT,,1383.0,,
IND-314,D85,2024-12-01,DEPT,,1767.0,,
IND-314,D85,2025-03-01,DEPT,,537.0,,
IND-314,D85,2025-06-01,DEPT,,964.0,,
IND-314,D85,2025-09-01,DEPT,,1436.0,,
IND-314,D85,2025-12-01,DEPT,,2022.0,1767.0,100.0
IND-314,D86,2022-03-01,DEPT,,271.0,,
IND-314,D86,2022-04-01,DEPT,,406.0,,
IND-314,D86,2022-05-01,DEPT,,494.0,,
IND-314,D86,2022-06-01,DEPT,,593.0,,
IND-314,D86,2022-07-01,DEPT,,695.0,,
IND-314,D86,2022-08-01,DEPT,,782.0,,
IND-314,D86,2022-09-01,DEPT,,972.0,,
IND-314,D86,2022-10-01,DEPT,,1155.0,,
IND-314,D86,2022-11-01,DEPT,,1275.0,,
IND-314,D86,2022-12-01,DEPT,,1405.0,,
IND-314,D86,2023-03-01,DEPT,,410.0,,
IND-314,D86,2023-06-01,DEPT,,732.0,,
IND-314,D86,2023-09-01,DEPT,,1092.0,,
IND-314,D86,2023-12-01,DEPT,,1636.0,,
IND-314,D86,2024-03-01,DEPT,,497.0,,
IND-314,D86,2024-06-01,DEPT,,901.0,,
IND-314,D86,2024-09-01,DEPT,,1265.0,,
IND-314,D86,2024-12-01,DEPT,,1675.0,,
IND-314,D86,2025-03-01,DEPT,,397.0,,
IND-314,D86,2025-06-01,DEPT,,768.0,,
IND-314,D86,2025-09-01,DEPT,,1185.0,,
IND-314,D86,2025-12-01,DEPT,,1609.0,1638.0,98.23
IND-314,D87,2022-03-01,DEPT,,273.0,,
IND-314,D87,2022-04-01,DEPT,,400.0,,
IND-314,D87,2022-05-01,DEPT,,519.0,,
IND-314,D87,2022-06-01,DEPT,,658.0,,
IND-314,D87,2022-07-01,DEPT,,754.0,,
IND-314,D87,2022-08-01,DEPT,,850.0,,
IND-314,D87,2022-09-01,DEPT,,1078.0,,
IND-314,D87,2022-10-01,DEPT,,1293.0,,
IND-314,D87,2022-11-01,DEPT,,1437.0,,
IND-314,D87,2022-12-01,DEPT,,1598.0,,
IND-314,D87,2023-03-01,DEPT,,429.0,,
IND-314,D87,2023-06-01,DEPT,,811.0,,
IND-314,D87,2023-09-01,DEPT,,1215.0,,
IND-314,D87,2023-12-01,DEPT,,1748.0,,
IND-314,D87,2024-03-01,DEPT,,446.0,,
IND-314,D87,2024-06-01,DEPT,,910.0,,
IND-314,D87,2024-09-01,DEPT,,1254.0,,
IND-314,D87,2024-12-01,DEPT,,1679.0,,
IND-314,D87,2025-03-01,DEPT,,435.0,,
IND-314,D87,2025-06-01,DEPT,,738.0,,
IND-314,D87,2025-09-01,DEPT,,1141.0,,
IND-314,D87,2025-12-01,DEPT,,1674.0,1604.0,100.0
IND-314,D88,2022-03-01,DEPT,,302.0,,
IND-314,D88,2022-04-01,DEPT,,415.0,,
IND-314,D88,2022-05-01,DEPT,,563.0,,
IND-314,D88,2022-06-01,DEPT,,683.0,,
IND-314,D88,2022-07-01,DEPT,,753.0,,
IND-314,D88,2022-08-01,DEPT,,834.0,,
IND-314,D88,2022-09-01,DEPT,,1007.0,,
IND-314,D88,2022-10-01,DEPT,,1128.0,,
IND-314,D88,2022-11-01,DEPT,,1235.0,,
IND-314,D88,2022-12-01,DEPT,,1359.0,,
IND-314,D88,2023-03-01,DEPT,,392.0,,
IND-314,D88,2023-06-01,DEPT,,762.0,,
IND-314,D88,2023-09-01,DEPT,,1186.0,,
IND-314,D88,2023-12-01,DEPT,,1553.0,,
IND-314,D88,2024-03-01,DEPT,,437.0,,
IND-314,D88,2024-06-01,DEPT,,745.0,,
IND-314,D88,2024-09-01,DEPT,,1035.0,,
IND-314,D88,2024-12-01,DEPT,,1349.0,,
IND-314,D88,2025-03-01,DEPT,,383.0,,
IND-314,D88,2025-06-01,DEPT,,682.0,,
IND-314,D88,2025-09-01,DEPT,,1022.0,,
IND-314,D88,2025-12-01,DEPT,,1400.0,1348.0,100.0
IND-314,D89,2022-03-01,DEPT,,265.0,,
IND-314,D89,2022-04-01,DEPT,,392.0,,
IND-314,D89,2022-05-01,DEPT,,476.0,,
IND-314,D89,2022-06-01,DEPT,,608.0,,
IND-314,D89,2022-07-01,DEPT,,687.0,,
IND-314,D89,2022-08-01,DEPT,,755.0,,
IND-314,D89,2022-09-01,DEPT,,917.0,,
IND-314,D89,2022-10-01,DEPT,,1036.0,,
IND-314,D89,2022-11-01,DEPT,,1139.0,,
IND-314,D89,2022-12-01,DEPT,,1239.0,,
IND-314,D89,2023-03-01,DEPT,,365.0,,
IND-314,D89,2023-06-01,DEPT,,620.0,,
IND-314,D89,2023-09-01,DEPT,,956.0,,
IND-314,D89,2023-12-01,DEPT,,1273.0,,
IND-314,D89,2024-03-01,DEPT,,380.0,,
IND-314,D89,2024-06-01,DEPT,,663.0,,
IND-314,D89,2024-09-01,DEPT,,960.0,,
IND-314,D89,2024-12-01,DEPT,,1186.0,,
IND-314,D89,2025-03-01,DEPT,,358.0,,
IND-314,D89,2025-06-01,DEPT,,647.0,,
IND-314,D89,2025-09-01,DEPT,,911.0,,
IND-314,D89,2025-12-01,DEPT,,1268.0,1191.0,100.0
IND-314,D90,2022-03-01,DEPT,,86.0,,
IND-314,D90,2022-04-01,DEPT,,127.0,,
IND-314,D90,2022-05-01,DEPT,,148.0,,
IND-314,D90,2022-06-01,DEPT,,191.0,,
IND-314,D90,2022-07-01,DEPT,,224.0,,
IND-314,D90,2022-08-01,DEPT,,249.0,,
IND-314,D90,2022-09-01,DEPT,,307.0,,
IND-314,D90,2022-10-01,DEPT,,359.0,,
IND-314,D90,2022-11-01,DEPT,,397.0,,
IND-314,D90,2022-12-01,DEPT,,420.0,,
IND-314,D90,2023-03-01,DEPT,,122.0,,
IND-314,D90,2023-06-01,DEPT,,228.0,,
IND-314,D90,2023-09-01,DEPT,,390.0,,
IND-314,D90,2023-12-01,DEPT,,557.0,,
IND-314,D90,2024-03-01,DEPT,,179.0,,
IND-314,D90,2024-06-01,DEPT,,314.0,,
IND-314,D90,2024-09-01,DEPT,,436.0,,
IND-314,D90,2024-12-01,DEPT,,518.0,,
IND-314,D90,2025-03-01,DEPT,,164.0,,
IND-314,D90,2025-06-01,DEPT,,265.0,,
IND-314,D90,2025-09-01,DEPT,,396.0,,
IND-314,D90,2025-12-01,DEPT,,554.0,517.0,100.0
IND-314,D91,2022-03-01,DEPT,,914.0,,
IND-314,D91,2022-04-01,DEPT,,1243.0,,
IND-314,D91,2022-05-01,DEPT,,1532.0,,
IND-314,D91,2022-06-01,DEPT,,1974.0,,
IND-314,D91,2022-07-01,DEPT,,2330.0,,
IND-314,D91,2022-08-01,DEPT,,2592.0,,
IND-314,D91,2022-09-01,DEPT,,3219.0,,
IND-314,D91,2022-10-01,DEPT,,3705.0,,
IND-314,D91,2022-11-01,DEPT,,4142.0,,
IND-314,D91,2022-12-01,DEPT,,4586.0,,
IND-314,D91,2023-03-01,DEPT,,946.0,,
IND-314,D91,2023-06-01,DEPT,,1786.0,,
IND-314,D91,2023-09-01,DEPT,,2790.0,,
IND-314,D91,2023-12-01,DEPT,,4012.0,,
IND-314,D91,2024-03-01,DEPT,,1028.0,,
IND-314,D91,2024-06-01,DEPT,,1959.0,,
IND-314,D91,2024-09-01,DEPT,,2772.0,,
IND-314,D91,2024-12-01,DEPT,,3443.0,,
IND-314,D91,2025-03-01,DEPT,,981.0,,
IND-314,D91,2025-06-01,DEPT,,1709.0,,
IND-314,D91,2025-09-01,DEPT,,2361.0,,
IND-314,D91,2025-12-01,DEPT,,3371.0,3381.0,99.7
IND-314,D92,2022-03-01,DEPT,,952.0,,
IND-314,D92,2022-04-01,DEPT,,1314.0,,
IND-314,D92,2022-05-01,DEPT,,1573.0,,
IND-314,D92,2022-06-01,DEPT,,1945.0,,
IND-314,D92,2022-07-01,DEPT,,2217.0,,
IND-314,D92,2022-08-01,DEPT,,2425.0,,
IND-314,D92,2022-09-01,DEPT,,2961.0,,
IND-314,D92,2022-10-01,DEPT,,3384.0,,
IND-314,D92,2022-11-01,DEPT,,3787.0,,
IND-314,D92,2022-12-01,DEPT,,4212.0,,
IND-314,D92,2023-03-01,DEPT,,1109.0,,
IND-314,D92,2023-06-01,DEPT,,2081.0,,
IND-314,D92,2023-09-01,DEPT,,3225.0,,
IND-314,D92,2023-12-01,DEPT,,4599.0,,
IND-314,D92,2024-03-01,DEPT,,1068.0,,
IND-314,D92,2024-06-01,DEPT,,1963.0,,
IND-314,D92,2024-09-01,DEPT,,2560.0,,
IND-314,D92,2024-12-01,DEPT,,3401.0,,
IND-314,D92,2025-03-01,DEPT,,881.0,,
IND-314,D92,2025-06-01,DEPT,,1672.0,,
IND-314,D92,2025-09-01,DEPT,,2439.0,,
IND-314,D92,2025-12-01,DEPT,,3494.0,3402.0,100.0
IND-314,D93,2022-03-01,DEPT,,1449.0,,
IND-314,D93,2022-04-01,DEPT,,2115.0,,
IND-314,D93,2022-05-01,DEPT,,2493.0,,
IND-314,D93,2022-06-01,DEPT,,3019.0,,
IND-314,D93,2022-07-01,DEPT,,3502.0,,
IND-314,D93,2022-08-01,DEPT,,3801.0,,
IND-314,D93,2022-09-01,DEPT,,4679.0,,
IND-314,D93,2022-10-01,DEPT,,5687.0,,
IND-314,D93,2022-11-01,DEPT,,6518.0,,
IND-314,D93,2022-12-01,DEPT,,7676.0,,
IND-314,D93,2023-03-01,DEPT,,2182.0,,
IND-314,D93,2023-06-01,DEPT,,4393.0,,
IND-314,D93,2023-09-01,DEPT,,6802.0,,
IND-314,D93,2023-12-01,DEPT,,9812.0,,
IND-314,D93,2024-03-01,DEPT,,2262.0,,
IND-314,D93,2024-06-01,DEPT,,4257.0,,
IND-314,D93,2024-09-01,DEPT,,6304.0,,
IND-314,D93,2024-12-01,DEPT,,8601.0,,
IND-314,D93,2025-03-01,DEPT,,2013.0,,
IND-314,D93,2025-06-01,DEPT,,4169.0,,
IND-314,D93,2025-09-01,DEPT,,6174.0,,
IND-314,D93,2025-12-01,DEPT,,8568.0,8473.0,100.0
IND-314,D94,2022-03-01,DEPT,,1018.0,,
IND-314,D94,2022-04-01,DEPT,,1530.0,,
IND-314,D94,2022-05-01,DEPT,,1829.0,,
IND-314,D94,2022-06-01,DEPT,,2200.0,,
IND-314,D94,2022-07-01,DEPT,,2423.0,,
IND-314,D94,2022-08-01,DEPT,,2599.0,,
IND-314,D94,2022-09-01,DEPT,,3101.0,,
IND-314,D94,2022-10-01,DEPT,,3616.0,,
IND-314,D94,2022-11-01,DEPT,,4004.0,,
IND-314,D94,2022-12-01,DEPT,,4540.0,,
IND-314,D94,2023-03-01,DEPT,,1433.0,,
IND-314,D94,2023-06-01,DEPT,,2632.0,,
IND-314,D94,2023-09-01,DEPT,,3976.0,,
IND-314,D94,2023-12-01,DEPT,,5304.0,,
IND-314,D94,2024-03-01,DEPT,,1352.0,,
IND-314,D94,2024-06-01,DEPT,,2562.0,,
IND-314,D94,2024-09-01,DEPT,,3529.0,,
IND-314,D94,2024-12-01,DEPT,,4607.0,,
IND-314,D94,2025-03-01,DEPT,,1346.0,,
IND-314,D94,2025-06-01,DEPT,,2449.0,,
IND-314,D94,2025-09-01,DEPT,,3508.0,,
IND-314,D94,2025-12-01,DEPT,,4681.0,4602.0,100.0
IND-314,D95,2022-03-01,DEPT,,948.0,,
IND-314,D95,2022-04-01,DEPT,,1387.0,,
IND-314,D95,2022-05-01,DEPT,,1656.0,,
IND-314,D95,2022-06-01,DEPT,,2029.0,,
IND-314,D95,2022-07-01,DEPT,,2412.0,,
IND-314,D95,2022-08-01,DEPT,,2755.0,,
IND-314,D95,2022-09-01,DEPT,,3355.0,,
IND-314,D95,2022-10-01,DEPT,,4019.0,,
IND-314,D95,2022-11-01,DEPT,,4428.0,,
IND-314,D95,2022-12-01,DEPT,,4862.0,,
IND-314,D95,2023-03-01,DEPT,,1542.0,,
IND-314,D95,2023-06-01,DEPT,,2816.0,,
IND-314,D95,2023-09-01,DEPT,,4249.0,,
IND-314,D95,2023-12-01,DEPT,,5800.0,,
IND-314,D95,2024-03-01,DEPT,,1446.0,,
IND-314,D95,2024-06-01,DEPT,,2648.0,,
IND-314,D95,2024-09-01,DEPT,,3858.0,,
IND-314,D95,2024-12-01,DEPT,,5279.0,,
IND-314,D95,2025-03-01,DEPT,,1522.0,,
IND-314,D95,2025-06-01,DEPT,,2658.0,,
IND-314,D95,2025-09-01,DEPT,,3979.0,,
IND-314,D95,2025-12-01,DEPT,,5269.0,5216.0,100.0
IND-314,D971,2022-03-01,DEPT,,694.0,,
IND-314,D971,2022-04-01,DEPT,,1003.0,,
IND-314,D971,2022-05-01,DEPT,,1240.0,,
IND-314,D971,2022-06-01,DEPT,,1564.0,,
IND-314,D971,2022-07-01,DEPT,,1857.0,,
IND-314,D971,2022-08-01,DEPT,,2157.0,,
IND-314,D971,2022-09-01,DEPT,,2498.0,,
IND-314,D971,2022-10-01,DEPT,,2704.0,,
IND-314,D971,2022-11-01,DEPT,,3020.0,,
IND-314,D971,2022-12-01,DEPT,,3394.0,,
IND-314,D971,2023-03-01,DEPT,,628.0,,
IND-314,D971,2023-06-01,DEPT,,1373.0,,
IND-314,D971,2023-09-01,DEPT,,2606.0,,
IND-314,D971,2023-12-01,DEPT,,3156.0,,
IND-314,D971,2024-03-01,DEPT,,698.0,,
IND-314,D971,2024-06-01,DEPT,,1283.0,,
IND-314,D971,2024-09-01,DEPT,,2157.0,,
IND-314,D971,2024-12-01,DEPT,,2990.0,,
IND-314,D971,2025-03-01,DEPT,,657.0,,
IND-314,D971,2025-06-01,DEPT,,1373.0,,
IND-314,D971,2025-09-01,DEPT,,2455.0,,
IND-314,D971,2025-12-01,DEPT,,3034.0,2963.0,100.0
IND-314,D972,2022-03-01,DEPT,,583.0,,
IND-314,D972,2022-04-01,DEPT,,896.0,,
IND-314,D972,2022-05-01,DEPT,,1167.0,,
IND-314,D972,2022-06-01,DEPT,,1578.0,,
IND-314,D972,2022-07-01,DEPT,,2023.0,,
IND-314,D972,2022-08-01,DEPT,,2222.0,,
IND-314,D972,2022-09-01,DEPT,,2844.0,,
IND-314,D972,2022-10-01,DEPT,,3231.0,,
IND-314,D972,2022-11-01,DEPT,,3613.0,,
IND-314,D972,2022-12-01,DEPT,,3835.0,,
IND-314,D972,2023-03-01,DEPT,,862.0,,
IND-314,D972,2023-06-01,DEPT,,1739.0,,
IND-314,D972,2023-09-01,DEPT,,3036.0,,
IND-314,D972,2023-12-01,DEPT,,4163.0,,
IND-314,D972,2024-03-01,DEPT,,1026.0,,
IND-314,D972,2024-06-01,DEPT,,2123.0,,
IND-314,D972,2024-09-01,DEPT,,3516.0,,
IND-314,D972,2024-12-01,DEPT,,4026.0,,
IND-314,D972,2025-03-01,DEPT,,1038.0,,
IND-314,D972,2025-06-01,DEPT,,2166.0,,
IND-314,D972,2025-09-01,DEPT,,3566.0,,
IND-314,D972,2025-12-01,DEPT,,4429.0,3958.0,100.0
IND-314,D973,2022-03-01,DEPT,,334.0,,
IND-314,D973,2022-04-01,DEPT,,530.0,,
IND-314,D973,2022-05-01,DEPT,,667.0,,
IND-314,D973,2022-06-01,DEPT,,886.0,,
IND-314,D973,2022-07-01,DEPT,,1124.0,,
IND-314,D973,2022-08-01,DEPT,,1314.0,,
IND-314,D973,2022-09-01,DEPT,,1640.0,,
IND-314,D973,2022-10-01,DEPT,,1957.0,,
IND-314,D973,2022-11-01,DEPT,,2169.0,,
IND-314,D973,2022-12-01,DEPT,,2375.0,,
IND-314,D973,2023-03-01,DEPT,,535.0,,
IND-314,D973,2023-06-01,DEPT,,1033.0,,
IND-314,D973,2023-09-01,DEPT,,2087.0,,
IND-314,D973,2023-12-01,DEPT,,3024.0,,
IND-314,D973,2024-03-01,DEPT,,561.0,,
IND-314,D973,2024-06-01,DEPT,,1171.0,,
IND-314,D973,2024-09-01,DEPT,,2086.0,,
IND-314,D973,2024-12-01,DEPT,,2500.0,,
IND-314,D973,2025-03-01,DEPT,,391.0,,
IND-314,D973,2025-06-01,DEPT,,1048.0,,
IND-314,D973,2025-09-01,DEPT,,1792.0,,
IND-314,D973,2025-12-01,DEPT,,2499.0,2467.0,100.0
IND-314,D974,2022-03-01,DEPT,,1097.0,,
IND-314,D974,2022-04-01,DEPT,,1834.0,,
IND-314,D974,2022-05-01,DEPT,,2352.0,,
IND-314,D974,2022-06-01,DEPT,,3010.0,,
IND-314,D974,2022-07-01,DEPT,,3573.0,,
IND-314,D974,2022-08-01,DEPT,,4110.0,,
IND-314,D974,2022-09-01,DEPT,,5352.0,,
IND-314,D974,2022-10-01,DEPT,,6217.0,,
IND-314,D974,2022-11-01,DEPT,,7108.0,,
IND-314,D974,2022-12-01,DEPT,,7899.0,,
IND-314,D974,2023-03-01,DEPT,,1789.0,,
IND-314,D974,2023-06-01,DEPT,,3772.0,,
IND-314,D974,2023-09-01,DEPT,,6336.0,,
IND-314,D974,2023-12-01,DEPT,,8413.0,,
IND-314,D974,2024-03-01,DEPT,,2167.0,,
IND-314,D974,2024-06-01,DEPT,,4278.0,,
IND-314,D974,2024-09-01,DEPT,,6667.0,,
IND-314,D974,2024-12-01,DEPT,,7804.0,,
IND-314,D974,2025-03-01,DEPT,,2296.0,,
IND-314,D974,2025-06-01,DEPT,,4098.0,,
IND-314,D974,2025-09-01,DEPT,,6338.0,,
IND-314,D974,2025-12-01,DEPT,,8029.0,7812.0,100.0
IND-314,D976,2022-03-01,DEPT,,116.0,,
IND-314,D976,2022-04-01,DEPT,,155.0,,
IND-314,D976,2022-05-01,DEPT,,293.0,,
IND-314,D976,2022-06-01,DEPT,,624.0,,
IND-314,D976,2022-07-01,DEPT,,805.0,,
IND-314,D976,2022-08-01,DEPT,,915.0,,
IND-314,D976,2022-09-01,DEPT,,1044.0,,
IND-314,D976,2022-10-01,DEPT,,1135.0,,
IND-314,D976,2022-11-01,DEPT,,1198.0,,
IND-314,D976,2022-12-01,DEPT,,1246.0,,
IND-314,D976,2023-03-01,DEPT,,70.0,,
IND-314,D976,2023-06-01,DEPT,,502.0,,
IND-314,D976,2023-09-01,DEPT,,1011.0,,
IND-314,D976,2023-12-01,DEPT,,1402.0,,
IND-314,D976,2024-03-01,DEPT,,101.0,,
IND-314,D976,2024-06-01,DEPT,,480.0,,
IND-314,D976,2024-09-01,DEPT,,1042.0,,
IND-314,D976,2024-12-01,DEPT,,1261.0,,
IND-314,D976,2025-03-01,DEPT,,126.0,,
IND-314,D976,2025-06-01,DEPT,,439.0,,
IND-314,D976,2025-09-01,DEPT,,932.0,,
IND-314,D976,2025-12-01,DEPT,,1312.0,1210.0,100.0
IND-314,FRANCE,2022-03-01,NAT,,54812.0,,
IND-314,FRANCE,2022-04-01,NAT,,79075.0,,
IND-314,FRANCE,2022-05-01,NAT,,98560.0,,
IND-314,FRANCE,2022-06-01,NAT,,123482.0,,
IND-314,FRANCE,2022-07-01,NAT,,142499.0,,
IND-314,FRANCE,2022-08-01,NAT,,157388.0,,
IND-314,FRANCE,2022-09-01,NAT,,193446.0,,
IND-314,FRANCE,2022-10-01,NAT,,224821.0,,
IND-314,FRANCE,2022-11-01,NAT,,250191.0,,
IND-314,FRANCE,2022-12-01,NAT,,277230.0,,
IND-314,FRANCE,2023-03-01,NAT,,78812.0,,
IND-314,FRANCE,2023-06-01,NAT,,146568.0,,
IND-314,FRANCE,2023-09-01,NAT,,224074.0,,
IND-314,FRANCE,2023-12-01,NAT,,313070.0,,
IND-314,FRANCE,2024-03-01,NAT,,85878.0,,
IND-314,FRANCE,2024-06-01,NAT,,155217.0,,
IND-314,FRANCE,2024-09-01,NAT,,221903.0,,
IND-314,FRANCE,2024-12-01,NAT,,285806.0,,
IND-314,FRANCE,2025-03-01,NAT,,80113.0,,
IND-314,FRANCE,2025-06-01,NAT,,142886.0,,
IND-314,FRANCE,2025-09-01,NAT,,211006.0,,
IND-314,FRANCE,2025-12-01,NAT,,288918.0,,100.0
IND-314,R01,2022-03-01,REG,,694.0,,
IND-314,R01,2022-04-01,REG,,1003.0,,
IND-314,R01,2022-05-01,REG,,1240.0,,
IND-314,R01,2022-06-01,REG,,1564.0,,
IND-314,R01,2022-07-01,REG,,1857.0,,
IND-314,R01,2022-08-01,REG,,2157.0,,
IND-314,R01,2022-09-01,REG,,2498.0,,
IND-314,R01,2022-10-01,REG,,2704.0,,
IND-314,R01,2022-11-01,REG,,3020.0,,
IND-314,R01,2022-12-01,REG,,3394.0,,
IND-314,R01,2023-03-01,REG,,628.0,,
IND-314,R01,2023-06-01,REG,,1373.0,,
IND-314,R01,2023-09-01,REG,,2606.0,,
IND-314,R01,2023-12-01,REG,,3156.0,,
IND-314,R01,2024-03-01,REG,,698.0,,
IND-314,R01,2024-06-01,REG,,1283.0,,
IND-314,R01,2024-09-01,REG,,2157.0,,
IND-314,R01,2024-12-01,REG,,2990.0,,
IND-314,R01,2025-03-01,REG,,657.0,,
IND-314,R01,2025-06-01,REG,,1373.0,,
IND-314,R01,2025-09-01,REG,,2455.0,,
IND-314,R01,2025-12-01,REG,,3034.0,2963.0,100.0
IND-314,R02,2022-03-01,REG,,583.0,,
IND-314,R02,2022-04-01,REG,,896.0,,
IND-314,R02,2022-05-01,REG,,1167.0,,
IND-314,R02,2022-06-01,REG,,1578.0,,
IND-314,R02,2022-07-01,REG,,2023.0,,
IND-314,R02,2022-08-01,REG,,2222.0,,
IND-314,R02,2022-09-01,REG,,2844.0,,
IND-314,R02,2022-10-01,REG,,3231.0,,
IND-314,R02,2022-11-01,REG,,3613.0,,
IND-314,R02,2022-12-01,REG,,3835.0,,
IND-314,R02,2023-03-01,REG,,862.0,,
IND-314,R02,2023-06-01,REG,,1739.0,,
IND-314,R02,2023-09-01,REG,,3036.0,,
IND-314,R02,2023-12-01,REG,,4163.0,,
IND-314,R02,2024-03-01,REG,,1026.0,,
IND-314,R02,2024-06-01,REG,,2123.0,,
IND-314,R02,2024-09-01,REG,,3516.0,,
IND-314,R02,2024-12-01,REG,,4026.0,,
IND-314,R02,2025-03-01,REG,,1038.0,,
IND-314,R02,2025-06-01,REG,,2166.0,,
IND-314,R02,2025-09-01,REG,,3566.0,,
IND-314,R02,2025-12-01,REG,,4429.0,3958.0,100.0
IND-314,R03,2022-03-01,REG,,334.0,,
IND-314,R03,2022-04-01,REG,,530.0,,
IND-314,R03,2022-05-01,REG,,667.0,,
IND-314,R03,2022-06-01,REG,,886.0,,
IND-314,R03,2022-07-01,REG,,1124.0,,
IND-314,R03,2022-08-01,REG,,1314.0,,
IND-314,R03,2022-09-01,REG,,1640.0,,
IND-314,R03,2022-10-01,REG,,1957.0,,
IND-314,R03,2022-11-01,REG,,2169.0,,
IND-314,R03,2022-12-01,REG,,2375.0,,
IND-314,R03,2023-03-01,REG,,535.0,,
IND-314,R03,2023-06-01,REG,,1033.0,,
IND-314,R03,2023-09-01,REG,,2087.0,,
IND-314,R03,2023-12-01,REG,,3024.0,,
IND-314,R03,2024-03-01,REG,,561.0,,
IND-314,R03,2024-06-01,REG,,1171.0,,
IND-314,R03,2024-09-01,REG,,2086.0,,
IND-314,R03,2024-12-01,REG,,2500.0,,
IND-314,R03,2025-03-01,REG,,391.0,,
IND-314,R03,2025-06-01,REG,,1048.0,,
IND-314,R03,2025-09-01,REG,,1792.0,,
IND-314,R03,2025-12-01,REG,,2499.0,2467.0,100.0
IND-314,R04,2022-03-01,REG,,1097.0,,
IND-314,R04,2022-04-01,REG,,1834.0,,
IND-314,R04,2022-05-01,REG,,2352.0,,
IND-314,R04,2022-06-01,REG,,3010.0,,
IND-314,R04,2022-07-01,REG,,3573.0,,
IND-314,R04,2022-08-01,REG,,4110.0,,
IND-314,R04,2022-09-01,REG,,5352.0,,
IND-314,R04,2022-10-01,REG,,6217.0,,
IND-314,R04,2022-11-01,REG,,7108.0,,
IND-314,R04,2022-12-01,REG,,7899.0,,
IND-314,R04,2023-03-01,REG,,1789.0,,
IND-314,R04,2023-06-01,REG,,3772.0,,
IND-314,R04,2023-09-01,REG,,6336.0,,
IND-314,R04,2023-12-01,REG,,8413.0,,
IND-314,R04,2024-03-01,REG,,2167.0,,
IND-314,R04,2024-06-01,REG,,4278.0,,
IND-314,R04,2024-09-01,REG,,6667.0,,
IND-314,R04,2024-12-01,REG,,7804.0,,
IND-314,R04,2025-03-01,REG,,2296.0,,
IND-314,R04,2025-06-01,REG,,4098.0,,
IND-314,R04,2025-09-01,REG,,6338.0,,
IND-314,R04,2025-12-01,REG,,8029.0,7812.0,100.0
IND-314,R06,2022-03-01,REG,,116.0,,
IND-314,R06,2022-04-01,REG,,155.0,,
IND-314,R06,2022-05-01,REG,,293.0,,
IND-314,R06,2022-06-01,REG,,624.0,,
IND-314,R06,2022-07-01,REG,,805.0,,
IND-314,R06,2022-08-01,REG,,915.0,,
IND-314,R06,2022-09-01,REG,,1044.0,,
IND-314,R06,2022-10-01,REG,,1135.0,,
IND-314,R06,2022-11-01,REG,,1198.0,,
IND-314,R06,2022-12-01,REG,,1246.0,,
IND-314,R06,2023-03-01,REG,,70.0,,
IND-314,R06,2023-06-01,REG,,502.0,,
IND-314,R06,2023-09-01,REG,,1011.0,,
IND-314,R06,2023-12-01,REG,,1402.0,,
IND-314,R06,2024-03-01,REG,,101.0,,
IND-314,R06,2024-06-01,REG,,480.0,,
IND-314,R06,2024-09-01,REG,,1042.0,,
IND-314,R06,2024-12-01,REG,,1261.0,,
IND-314,R06,2025-03-01,REG,,126.0,,
IND-314,R06,2025-06-01,REG,,439.0,,
IND-314,R06,2025-09-01,REG,,932.0,,
IND-314,R06,2025-12-01,REG,,1312.0,1210.0,100.0
IND-314,R11,2022-03-01,REG,,8207.0,,
IND-314,R11,2022-04-01,REG,,11841.0,,
IND-314,R11,2022-05-01,REG,,14141.0,,
IND-314,R11,2022-06-01,REG,,17358.0,,
IND-314,R11,2022-07-01,REG,,19906.0,,
IND-314,R11,2022-08-01,REG,,21877.0,,
IND-314,R11,2022-09-01,REG,,26786.0,,
IND-314,R11,2022-10-01,REG,,31520.0,,
IND-314,R11,2022-11-01,REG,,35222.0,,
IND-314,R11,2022-12-01,REG,,39682.0,,
IND-314,R11,2023-03-01,REG,,11483.0,,
IND-314,R11,2023-06-01,REG,,21890.0,,
IND-314,R11,2023-09-01,REG,,33049.0,,
IND-314,R11,2023-12-01,REG,,46557.0,,
IND-314,R11,2024-03-01,REG,,11623.0,,
IND-314,R11,2024-06-01,REG,,21329.0,,
IND-314,R11,2024-09-01,REG,,29960.0,,
IND-314,R11,2024-12-01,REG,,39360.0,,
IND-314,R11,2025-03-01,REG,,10396.0,,
IND-314,R11,2025-06-01,REG,,19383.0,,
IND-314,R11,2025-09-01,REG,,28432.0,,
IND-314,R11,2025-12-01,REG,,39611.0,39173.0,100.0
IND-314,R24,2022-03-01,REG,,2003.0,,
IND-314,R24,2022-04-01,REG,,2769.0,,
IND-314,R24,2022-05-01,REG,,3533.0,,
IND-314,R24,2022-06-01,REG,,4408.0,,
IND-314,R24,2022-07-01,REG,,5049.0,,
IND-314,R24,2022-08-01,REG,,5621.0,,
IND-314,R24,2022-09-01,REG,,6859.0,,
IND-314,R24,2022-10-01,REG,,7895.0,,
IND-314,R24,2022-11-01,REG,,8698.0,,
IND-314,R24,2022-12-01,REG,,9668.0,,
IND-314,R24,2023-03-01,REG,,2802.0,,
IND-314,R24,2023-06-01,REG,,5133.0,,
IND-314,R24,2023-09-01,REG,,7821.0,,
IND-314,R24,2023-12-01,REG,,10862.0,,
IND-314,R24,2024-03-01,REG,,2979.0,,
IND-314,R24,2024-06-01,REG,,5404.0,,
IND-314,R24,2024-09-01,REG,,7629.0,,
IND-314,R24,2024-12-01,REG,,10278.0,,
IND-314,R24,2025-03-01,REG,,2894.0,,
IND-314,R24,2025-06-01,REG,,5315.0,,
IND-314,R24,2025-09-01,REG,,7641.0,,
IND-314,R24,2025-12-01,REG,,10650.0,10029.0,100.0
IND-314,R27,2022-03-01,REG,,2169.0,,
IND-314,R27,2022-04-01,REG,,3121.0,,
IND-314,R27,2022-05-01,REG,,3871.0,,
IND-314,R27,2022-06-01,REG,,4767.0,,
IND-314,R27,2022-07-01,REG,,5469.0,,
IND-314,R27,2022-08-01,REG,,6014.0,,
IND-314,R27,2022-09-01,REG,,7365.0,,
IND-314,R27,2022-10-01,REG,,8512.0,,
IND-314,R27,2022-11-01,REG,,9408.0,,
IND-314,R27,2022-12-01,REG,,10171.0,,
IND-314,R27,2023-03-01,REG,,3061.0,,
IND-314,R27,2023-06-01,REG,,5587.0,,
IND-314,R27,2023-09-01,REG,,8492.0,,
IND-314,R27,2023-12-01,REG,,11307.0,,
IND-314,R27,2024-03-01,REG,,3382.0,,
IND-314,R27,2024-06-01,REG,,6092.0,,
IND-314,R27,2024-09-01,REG,,8475.0,,
IND-314,R27,2024-12-01,REG,,10505.0,,
IND-314,R27,2025-03-01,REG,,3181.0,,
IND-314,R27,2025-06-01,REG,,5677.0,,
IND-314,R27,2025-09-01,REG,,8376.0,,
IND-314,R27,2025-12-01,REG,,11174.0,10361.0,100.0
IND-314,R28,2022-03-01,REG,,2893.0,,
IND-314,R28,2022-04-01,REG,,4384.0,,
IND-314,R28,2022-05-01,REG,,5691.0,,
IND-314,R28,2022-06-01,REG,,7312.0,,
IND-314,R28,2022-07-01,REG,,8538.0,,
IND-314,R28,2022-08-01,REG,,9554.0,,
IND-314,R28,2022-09-01,REG,,11957.0,,
IND-314,R28,2022-10-01,REG,,13967.0,,
IND-314,R28,2022-11-01,REG,,15483.0,,
IND-314,R28,2022-12-01,REG,,16852.0,,
IND-314,R28,2023-03-01,REG,,5335.0,,
IND-314,R28,2023-06-01,REG,,9592.0,,
IND-314,R28,2023-09-01,REG,,14306.0,,
IND-314,R28,2023-12-01,REG,,19443.0,,
IND-314,R28,2024-03-01,REG,,5681.0,,
IND-314,R28,2024-06-01,REG,,10016.0,,
IND-314,R28,2024-09-01,REG,,13702.0,,
IND-314,R28,2024-12-01,REG,,17193.0,,
IND-314,R28,2025-03-01,REG,,4934.0,,
IND-314,R28,2025-06-01,REG,,8308.0,,
IND-314,R28,2025-09-01,REG,,12288.0,,
IND-314,R28,2025-12-01,REG,,16987.0,17189.0,98.82
IND-314,R32,2022-03-01,REG,,5921.0,,
IND-314,R32,2022-04-01,REG,,8572.0,,
IND-314,R32,2022-05-01,REG,,10992.0,,
IND-314,R32,2022-06-01,REG,,14200.0,,
IND-314,R32,2022-07-01,REG,,16660.0,,
IND-314,R32,2022-08-01,REG,,18622.0,,
IND-314,R32,2022-09-01,REG,,23215.0,,
IND-314,R32,2022-10-01,REG,,27233.0,,
IND-314,R32,2022-11-01,REG,,30656.0,,
IND-314,R32,2022-12-01,REG,,34817.0,,
IND-314,R32,2023-03-01,REG,,10035.0,,
IND-314,R32,2023-06-01,REG,,18627.0,,
IND-314,R32,2023-09-01,REG,,28274.0,,
IND-314,R32,2023-12-01,REG,,39928.0,,
IND-314,R32,2024-03-01,REG,,10753.0,,
IND-314,R32,2024-06-01,REG,,19843.0,,
IND-314,R32,2024-09-01,REG,,29507.0,,
IND-314,R32,2024-12-01,REG,,37898.0,,
IND-314,R32,2025-03-01,REG,,11367.0,,
IND-314,R32,2025-06-01,REG,,19417.0,,
IND-314,R32,2025-09-01,REG,,28358.0,,
IND-314,R32,2025-12-01,REG,,38640.0,37828.0,100.0
IND-314,R44,2022-03-01,REG,,4577.0,,
IND-314,R44,2022-04-01,REG,,6320.0,,
IND-314,R44,2022-05-01,REG,,7815.0,,
IND-314,R44,2022-06-01,REG,,9504.0,,
IND-314,R44,2022-07-01,REG,,10666.0,,
IND-314,R44,2022-08-01,REG,,11618.0,,
IND-314,R44,2022-09-01,REG,,13903.0,,
IND-314,R44,2022-10-01,REG,,16052.0,,
IND-314,R44,2022-11-01,REG,,17739.0,,
IND-314,R44,2022-12-01,REG,,19650.0,,
IND-314,R44,2023-03-01,REG,,5843.0,,
IND-314,R44,2023-06-01,REG,,11402.0,,
IND-314,R44,2023-09-01,REG,,17195.0,,
IND-314,R44,2023-12-01,REG,,23053.0,,
IND-314,R44,2024-03-01,REG,,6710.0,,
IND-314,R44,2024-06-01,REG,,11763.0,,
IND-314,R44,2024-09-01,REG,,16694.0,,
IND-314,R44,2024-12-01,REG,,21222.0,,
IND-314,R44,2025-03-01,REG,,5787.0,,
IND-314,R44,2025-06-01,REG,,10667.0,,
IND-314,R44,2025-09-01,REG,,15677.0,,
IND-314,R44,2025-12-01,REG,,21111.0,21126.0,99.93
IND-314,R52,2022-03-01,REG,,2924.0,,
IND-314,R52,2022-04-01,REG,,4059.0,,
IND-314,R52,2022-05-01,REG,,4931.0,,
IND-314,R52,2022-06-01,REG,,6033.0,,
IND-314,R52,2022-07-01,REG,,6844.0,,
IND-314,R52,2022-08-01,REG,,7511.0,,
IND-314,R52,2022-09-01,REG,,9128.0,,
IND-314,R52,2022-10-01,REG,,10516.0,,
IND-314,R52,2022-11-01,REG,,11607.0,,
IND-314,R52,2022-12-01,REG,,12773.0,,
IND-314,R52,2023-03-01,REG,,3322.0,,
IND-314,R52,2023-06-01,REG,,6052.0,,
IND-314,R52,2023-09-01,REG,,9283.0,,
IND-314,R52,2023-12-01,REG,,13290.0,,
IND-314,R52,2024-03-01,REG,,3738.0,,
IND-314,R52,2024-06-01,REG,,6684.0,,
IND-314,R52,2024-09-01,REG,,9627.0,,
IND-314,R52,2024-12-01,REG,,12304.0,,
IND-314,R52,2025-03-01,REG,,3544.0,,
IND-314,R52,2025-06-01,REG,,6076.0,,
IND-314,R52,2025-09-01,REG,,8663.0,,
IND-314,R52,2025-12-01,REG,,12180.0,12379.0,98.39
IND-314,R53,2022-03-01,REG,,1836.0,,
IND-314,R53,2022-04-01,REG,,2922.0,,
IND-314,R53,2022-05-01,REG,,3766.0,,
IND-314,R53,2022-06-01,REG,,4725.0,,
IND-314,R53,2022-07-01,REG,,5358.0,,
IND-314,R53,2022-08-01,REG,,5879.0,,
IND-314,R53,2022-09-01,REG,,7299.0,,
IND-314,R53,2022-10-01,REG,,8522.0,,
IND-314,R53,2022-11-01,REG,,9563.0,,
IND-314,R53,2022-12-01,REG,,10669.0,,
IND-314,R53,2023-03-01,REG,,3105.0,,
IND-314,R53,2023-06-01,REG,,5483.0,,
IND-314,R53,2023-09-01,REG,,8000.0,,
IND-314,R53,2023-12-01,REG,,11649.0,,
IND-314,R53,2024-03-01,REG,,3220.0,,
IND-314,R53,2024-06-01,REG,,5864.0,,
IND-314,R53,2024-09-01,REG,,8131.0,,
IND-314,R53,2024-12-01,REG,,10609.0,,
IND-314,R53,2025-03-01,REG,,2862.0,,
IND-314,R53,2025-06-01,REG,,4889.0,,
IND-314,R53,2025-09-01,REG,,7150.0,,
IND-314,R53,2025-12-01,REG,,10316.0,10587.0,97.44
IND-314,R75,2022-03-01,REG,,4780.0,,
IND-314,R75,2022-04-01,REG,,6688.0,,
IND-314,R75,2022-05-01,REG,,8352.0,,
IND-314,R75,2022-06-01,REG,,10216.0,,
IND-314,R75,2022-07-01,REG,,11642.0,,
IND-314,R75,2022-08-01,REG,,12817.0,,
IND-314,R75,2022-09-01,REG,,15611.0,,
IND-314,R75,2022-10-01,REG,,18073.0,,
IND-314,R75,2022-11-01,REG,,20048.0,,
IND-314,R75,2022-12-01,REG,,22224.0,,
IND-314,R75,2023-03-01,REG,,6537.0,,
IND-314,R75,2023-06-01,REG,,11586.0,,
IND-314,R75,2023-09-01,REG,,17462.0,,
IND-314,R75,2023-12-01,REG,,25173.0,,
IND-314,R75,2024-03-01,REG,,7198.0,,
IND-314,R75,2024-06-01,REG,,12923.0,,
IND-314,R75,2024-09-01,REG,,18231.0,,
IND-314,R75,2024-12-01,REG,,24207.0,,
IND-314,R75,2025-03-01,REG,,6826.0,,
IND-314,R75,2025-06-01,REG,,11902.0,,
IND-314,R75,2025-09-01,REG,,17375.0,,
IND-314,R75,2025-12-01,REG,,24364.0,23942.0,100.0
IND-314,R76,2022-03-01,REG,,5505.0,,
IND-314,R76,2022-04-01,REG,,8240.0,,
IND-314,R76,2022-05-01,REG,,10204.0,,
IND-314,R76,2022-06-01,REG,,13016.0,,
IND-314,R76,2022-07-01,REG,,15197.0,,
IND-314,R76,2022-08-01,REG,,16945.0,,
IND-314,R76,2022-09-01,REG,,21159.0,,
IND-314,R76,2022-10-01,REG,,24790.0,,
IND-314,R76,2022-11-01,REG,,27683.0,,
IND-314,R76,2022-12-01,REG,,30447.0,,
IND-314,R76,2023-03-01,REG,,8992.0,,
IND-314,R76,2023-06-01,REG,,16276.0,,
IND-314,R76,2023-09-01,REG,,24621.0,,
IND-314,R76,2023-12-01,REG,,34905.0,,
IND-314,R76,2024-03-01,REG,,10139.0,,
IND-314,R76,2024-06-01,REG,,17982.0,,
IND-314,R76,2024-09-01,REG,,25098.0,,
IND-314,R76,2024-12-01,REG,,31976.0,,
IND-314,R76,2025-03-01,REG,,9001.0,,
IND-314,R76,2025-06-01,REG,,15899.0,,
IND-314,R76,2025-09-01,REG,,23351.0,,
IND-314,R76,2025-12-01,REG,,31907.0,31811.0,100.0
IND-314,R84,2022-03-01,REG,,6215.0,,
IND-314,R84,2022-04-01,REG,,8941.0,,
IND-314,R84,2022-05-01,REG,,11119.0,,
IND-314,R84,2022-06-01,REG,,13828.0,,
IND-314,R84,2022-07-01,REG,,15633.0,,
IND-314,R84,2022-08-01,REG,,16817.0,,
IND-314,R84,2022-09-01,REG,,20410.0,,
IND-314,R84,2022-10-01,REG,,23455.0,,
IND-314,R84,2022-11-01,REG,,25817.0,,
IND-314,R84,2022-12-01,REG,,28113.0,,
IND-314,R84,2023-03-01,REG,,7878.0,,
IND-314,R84,2023-06-01,REG,,14303.0,,
IND-314,R84,2023-09-01,REG,,21437.0,,
IND-314,R84,2023-12-01,REG,,30375.0,,
IND-314,R84,2024-03-01,REG,,8773.0,,
IND-314,R84,2024-06-01,REG,,15510.0,,
IND-314,R84,2024-09-01,REG,,21239.0,,
IND-314,R84,2024-12-01,REG,,28401.0,,
IND-314,R84,2025-03-01,REG,,8166.0,,
IND-314,R84,2025-06-01,REG,,14197.0,,
IND-314,R84,2025-09-01,REG,,20534.0,,
IND-314,R84,2025-12-01,REG,,28798.0,28402.0,100.0
IND-314,R93,2022-03-01,REG,,4686.0,,
IND-314,R93,2022-04-01,REG,,6348.0,,
IND-314,R93,2022-05-01,REG,,7871.0,,
IND-314,R93,2022-06-01,REG,,9761.0,,
IND-314,R93,2022-07-01,REG,,11369.0,,
IND-314,R93,2022-08-01,REG,,12555.0,,
IND-314,R93,2022-09-01,REG,,15341.0,,
IND-314,R93,2022-10-01,REG,,17843.0,,
IND-314,R93,2022-11-01,REG,,19847.0,,
IND-314,R93,2022-12-01,REG,,21970.0,,
IND-314,R93,2023-03-01,REG,,6168.0,,
IND-314,R93,2023-06-01,REG,,11529.0,,
IND-314,R93,2023-09-01,REG,,17880.0,,
IND-314,R93,2023-12-01,REG,,24681.0,,
IND-314,R93,2024-03-01,REG,,6715.0,,
IND-314,R93,2024-06-01,REG,,11786.0,,
IND-314,R93,2024-09-01,REG,,17045.0,,
IND-314,R93,2024-12-01,REG,,21758.0,,
IND-314,R93,2025-03-01,REG,,6211.0,,
IND-314,R93,2025-06-01,REG,,11285.0,,
IND-314,R93,2025-09-01,REG,,16928.0,,
IND-314,R93,2025-12-01,REG,,22273.0,22148.0,100.0
IND-314,R94,2022-03-01,REG,,272.0,,
IND-314,R94,2022-04-01,REG,,452.0,,
IND-314,R94,2022-05-01,REG,,555.0,,
IND-314,R94,2022-06-01,REG,,692.0,,
IND-314,R94,2022-07-01,REG,,786.0,,
IND-314,R94,2022-08-01,REG,,840.0,,
IND-314,R94,2022-09-01,REG,,1035.0,,
IND-314,R94,2022-10-01,REG,,1199.0,,
IND-314,R94,2022-11-01,REG,,1312.0,,
IND-314,R94,2022-12-01,REG,,1445.0,,
IND-314,R94,2023-03-01,REG,,367.0,,
IND-314,R94,2023-06-01,REG,,689.0,,
IND-314,R94,2023-09-01,REG,,1178.0,,
IND-314,R94,2023-12-01,REG,,1689.0,,
IND-314,R94,2024-03-01,REG,,414.0,,
IND-314,R94,2024-06-01,REG,,686.0,,
IND-314,R94,2024-09-01,REG,,1097.0,,
IND-314,R94,2024-12-01,REG,,1514.0,,
IND-314,R94,2025-03-01,REG,,436.0,,
IND-314,R94,2025-06-01,REG,,747.0,,
IND-314,R94,2025-09-01,REG,,1150.0,,
IND-314,R94,2025-12-01,REG,,1604.0,1621.0,98.95
IND-314,D37,2023-01-01,DEPT,0.0,,,
IND-314,D38,2023-01-01,DEPT,0.0,,,
IND-314,D39,2023-01-01,DEPT,0.0,,,
IND-314,D40,2023-01-01,DEPT,0.0,,,
IND-314,D41,2023-01-01,DEPT,0.0,,,
IND-314,D42,2023-01-01,DEPT,0.0,,,
IND-314,D43,2023-01-01,DEPT,0.0,,,
IND-314,D44,2023-01-01,DEPT,0.0,,,
IND-314,D45,2023-01-01,DEPT,0.0,,,
IND-314,D46,2023-01-01,DEPT,0.0,,,
IND-314,D47,2023-01-01,DEPT,0.0,,,
IND-314,D48,2023-01-01,DEPT,0.0,,,
IND-314,D49,2023-01-01,DEPT,0.0,,,
IND-314,D50,2023-01-01,DEPT,0.0,,,
IND-314,D51,2023-01-01,DEPT,0.0,,,
IND-314,D52,2023-01-01,DEPT,0.0,,,
IND-314,D53,2023-01-01,DEPT,0.0,,,
IND-314,D54,2023-01-01,DEPT,0.0,,,
IND-314,D55,2023-01-01,DEPT,0.0,,,
IND-314,D56,2023-01-01,DEPT,0.0,,,
IND-314,D57,2023-01-01,DEPT,0.0,,,
IND-314,D58,2023-01-01,DEPT,0.0,,,
IND-314,D59,2023-01-01,DEPT,0.0,,,
IND-314,D60,2023-01-01,DEPT,0.0,,,
IND-314,D61,2023-01-01,DEPT,0.0,,,
IND-314,D62,2023-01-01,DEPT,0.0,,,
IND-314,D63,2023-01-01,DEPT,0.0,,,
IND-314,D64,2023-01-01,DEPT,0.0,,,
IND-314,D65,2023-01-01,DEPT,0.0,,,
IND-314,D66,2023-01-01,DEPT,0.0,,,
IND-314,D67,2023-01-01,DEPT,0.0,,,
IND-314,D68,2023-01-01,DEPT,0.0,,,
IND-314,D69,2023-01-01,DEPT,0.0,,,
IND-314,D70,2023-01-01,DEPT,0.0,,,
IND-314,D71,2023-01-01,DEPT,0.0,,,
IND-314,D72,2023-01-01,DEPT,0.0,,,
IND-314,D73,2023-01-01,DEPT,0.0,,,
IND-314,D74,2023-01-01,DEPT,0.0,,,
IND-314,D75,2023-01-01,DEPT,0.0,,,
IND-314,D76,2023-01-01,DEPT,0.0,,,
IND-314,D77,2023-01-01,DEPT,0.0,,,
IND-314,D78,2023-01-01,DEPT,0.0,,,
IND-314,D79,2023-01-01,DEPT,0.0,,,
IND-314,D81,2023-01-01,DEPT,0.0,,,
IND-314,D82,2023-01-01,DEPT,0.0,,,
IND-314,D83,2023-01-01,DEPT,0.0,,,
IND-314,D84,2023-01-01,DEPT,0.0,,,
IND-314,D85,2023-01-01,DEPT,0.0,,,
IND-314,D86,2023-01-01,DEPT,0.0,,,
IND-314,D87,2023-01-01,DEPT,0.0,,,
IND-314,D88,2023-01-01,DEPT,0.0,,,
IND-314,D89,2023-01-01,DEPT,0.0,,,
IND-314,D90,2023-01-01,DEPT,0.0,,,
IND-314,D91,2023-01-01,DEPT,0.0,,,
IND-314,D92,2023-01-01,DEPT,0.0,,,
IND-314,D93,2023-01-01,DEPT,0.0,,,
IND-314,D94,2023-01-01,DEPT,0.0,,,
IND-314,D95,2023-01-01,DEPT,0.0,,,
IND-314,D971,2023-01-01,DEPT,0.0,,,
IND-314,D972,2023-01-01,DEPT,0.0,,,
IND-314,D973,2023-01-01,DEPT,0.0,,,
IND-314,D974,2023-01-01,DEPT,0.0,,,
IND-314,D976,2023-01-01,DEPT,0.0,,,
IND-314,FRANCE,2023-01-01,NAT,0.0,,,
IND-314,R01,2023-01-01,REG,0.0,,,
IND-314,R02,2023-01-01,REG,0.0,,,
IND-314,R03,2023-01-01,REG,0.0,,,
IND-314,R04,2023-01-01,REG,0.0,,,
IND-314,R06,2023-01-01,REG,0.0,,,
IND-314,R11,2023-01-01,REG,0.0,,,
IND-314,R24,2023-01-01,REG,0.0,,,
IND-314,R27,2023-01-01,REG,0.0,,,
IND-314,R28,2023-01-01,REG,0.0,,,
IND-314,R32,2023-01-01,REG,0.0,,,
IND-314,R44,2023-01-01,REG,0.0,,,
IND-314,R52,2023-01-01,REG,0.0,,,
IND-314,R53,2023-01-01,REG,0.0,,,
IND-314,R75,2023-01-01,REG,0.0,,,
IND-314,R76,2023-01-01,REG,0.0,,,
IND-314,R84,2023-01-01,REG,0.0,,,
IND-314,R93,2023-01-01,REG,0.0,,,
IND-314,R94,2023-01-01,REG,0.0,,,
IND-314,D80,2023-01-01,DEPT,0.0,,,
IND-314,D01,2023-01-01,DEPT,0.0,,,
IND-314,D02,2023-01-01,DEPT,0.0,,,
IND-314,D03,2023-01-01,DEPT,0.0,,,
IND-314,D04,2023-01-01,DEPT,0.0,,,
IND-314,D05,2023-01-01,DEPT,0.0,,,
IND-314,D06,2023-01-01,DEPT,0.0,,,
IND-314,D07,2023-01-01,DEPT,0.0,,,
IND-314,D08,2023-01-01,DEPT,0.0,,,
IND-314,D09,2023-01-01,DEPT,0.0,,,
IND-314,D10,2023-01-01,DEPT,0.0,,,
IND-314,D11,2023-01-01,DEPT,0.0,,,
IND-314,D12,2023-01-01,DEPT,0.0,,,
IND-314,D13,2023-01-01,DEPT,0.0,,,
IND-314,D14,2023-01-01,DEPT,0.0,,,
IND-314,D15,2023-01-01,DEPT,0.0,,,
IND-314,D16,2023-01-01,DEPT,0.0,,,
IND-314,D17,2023-01-01,DEPT,0.0,,,
IND-314,D18,2023-01-01,DEPT,0.0,,,
IND-314,D19,2023-01-01,DEPT,0.0,,,
IND-314,D21,2023-01-01,DEPT,0.0,,,
IND-314,D22,2023-01-01,DEPT,0.0,,,
IND-314,D23,2023-01-01,DEPT,0.0,,,
IND-314,D24,2023-01-01,DEPT,0.0,,,
IND-314,D25,2023-01-01,DEPT,0.0,,,
IND-314,D26,2023-01-01,DEPT,0.0,,,
IND-314,D27,2023-01-01,DEPT,0.0,,,
IND-314,D28,2023-01-01,DEPT,0.0,,,
IND-314,D29,2023-01-01,DEPT,0.0,,,
IND-314,D2A,2023-01-01,DEPT,0.0,,,
IND-314,D2B,2023-01-01,DEPT,0.0,,,
IND-314,D30,2023-01-01,DEPT,0.0,,,
IND-314,D31,2023-01-01,DEPT,0.0,,,
IND-314,D32,2023-01-01,DEPT,0.0,,,
IND-314,D33,2023-01-01,DEPT,0.0,,,
IND-314,D34,2023-01-01,DEPT,0.0,,,
IND-314,D35,2023-01-01,DEPT,0.0,,,
IND-314,D36,2023-01-01,DEPT,0.0,,,
IND-314,FRANCE,2026-12-01,NAT,,,285000.0,
