indic_id,enforce_zone_id,metric_enforce_date,maille,indic_vi,indic_va,indic_vc,indic_ta
IND-303,D01,2023-01-01,DEPT,,90.0,,
IND-303,D01,2023-02-01,DEPT,,83.0,,
IND-303,D01,2023-03-01,DEPT,,114.0,,
IND-303,D01,2023-04-01,DEPT,,104.0,,
IND-303,D01,2023-05-01,DEPT,,100.0,,
IND-303,D01,2023-06-01,DEPT,,94.0,,
IND-303,D01,2023-07-01,DEPT,,126.0,,
IND-303,D01,2023-08-01,DEPT,,71.0,,
IND-303,D01,2023-09-01,DEPT,,75.0,,
IND-303,D01,2023-10-01,DEPT,,107.0,,
IND-303,D01,2023-11-01,DEPT,,71.0,,
IND-303,D01,2023-12-01,DEPT,,54.0,,
IND-303,D01,2024-01-01,DEPT,,84.0,,
IND-303,D01,2024-02-01,DEPT,,71.0,,
IND-303,D01,2024-03-01,DEPT,,89.0,,
IND-303,D01,2024-04-01,DEPT,,96.0,,
IND-303,D01,2024-05-01,DEPT,,83.0,,
IND-303,D01,2024-06-01,DEPT,,88.0,,
IND-303,D01,2024-07-01,DEPT,,107.0,,
IND-303,D01,2024-08-01,DEPT,,111.0,,
IND-303,D01,2024-09-01,DEPT,,113.0,,
IND-303,D01,2024-10-01,DEPT,,109.0,,
IND-303,D01,2024-11-01,DEPT,,90.0,,
IND-303,D01,2024-12-01,DEPT,,60.0,,
IND-303,D01,2025-01-01,DEPT,,94.0,,
IND-303,D01,2025-02-01,DEPT,,80.0,,
IND-303,D01,2025-03-01,DEPT,,100.0,,
IND-303,D01,2025-04-01,DEPT,,100.0,,
IND-303,D01,2025-05-01,DEPT,,237.0,,
IND-303,D01,2025-06-01,DEPT,,169.0,,
IND-303,D01,2025-07-01,DEPT,,107.0,,
IND-303,D01,2025-08-01,DEPT,,144.0,,
IND-303,D01,2025-09-01,DEPT,,153.0,,
IND-303,D01,2025-10-01,DEPT,,147.0,,
IND-303,D01,2025-11-01,DEPT,,98.0,,
IND-303,D01,2025-12-01,DEPT,,107.0,,
IND-303,D01,2026-01-01,DEPT,,112.0,,
IND-303,D01,2026-02-01,DEPT,,195.0,,
IND-303,D01,2026-03-01,DEPT,,307.0,,
IND-303,D01,2026-04-01,DEPT,,452.0,,
IND-303,D01,2026-05-01,DEPT,,593.0,,
IND-303,D01,2026-06-01,DEPT,,742.0,,
IND-303,D01,2026-07-01,DEPT,,829.0,,
IND-303,D02,2023-01-01,DEPT,,110.0,,
IND-303,D02,2023-02-01,DEPT,,96.0,,
IND-303,D02,2023-03-01,DEPT,,102.0,,
IND-303,D02,2023-04-01,DEPT,,102.0,,
IND-303,D02,2023-05-01,DEPT,,94.0,,
IND-303,D02,2023-06-01,DEPT,,95.0,,
IND-303,D02,2023-07-01,DEPT,,75.0,,
IND-303,D02,2023-08-01,DEPT,,58.0,,
IND-303,D02,2023-09-01,DEPT,,103.0,,
IND-303,D02,2023-10-01,DEPT,,79.0,,
IND-303,D02,2023-11-01,DEPT,,93.0,,
IND-303,D02,2023-12-01,DEPT,,63.0,,
IND-303,D02,2024-01-01,DEPT,,121.0,,
IND-303,D02,2024-02-01,DEPT,,77.0,,
IND-303,D02,2024-03-01,DEPT,,78.0,,
IND-303,D02,2024-04-01,DEPT,,104.0,,
IND-303,D02,2024-05-01,DEPT,,89.0,,
IND-303,D02,2024-06-01,DEPT,,109.0,,
IND-303,D02,2024-07-01,DEPT,,115.0,,
IND-303,D02,2024-08-01,DEPT,,119.0,,
IND-303,D02,2024-09-01,DEPT,,83.0,,
IND-303,D02,2024-10-01,DEPT,,89.0,,
IND-303,D02,2024-11-01,DEPT,,77.0,,
IND-303,D02,2024-12-01,DEPT,,59.0,,
IND-303,D02,2025-01-01,DEPT,,55.0,,
IND-303,D02,2025-02-01,DEPT,,66.0,,
IND-303,D02,2025-03-01,DEPT,,92.0,,
IND-303,D02,2025-04-01,DEPT,,106.0,,
IND-303,D02,2025-05-01,DEPT,,88.0,,
IND-303,D02,2025-06-01,DEPT,,136.0,,
IND-303,D02,2025-07-01,DEPT,,99.0,,
IND-303,D02,2025-08-01,DEPT,,105.0,,
IND-303,D02,2025-09-01,DEPT,,122.0,,
IND-303,D02,2025-10-01,DEPT,,111.0,,
IND-303,D02,2025-11-01,DEPT,,108.0,,
IND-303,D02,2025-12-01,DEPT,,76.0,,
IND-303,D02,2026-01-01,DEPT,,118.0,,
IND-303,D02,2026-02-01,DEPT,,234.0,,
IND-303,D02,2026-03-01,DEPT,,357.0,,
IND-303,D02,2026-04-01,DEPT,,512.0,,
IND-303,D02,2026-05-01,DEPT,,654.0,,
IND-303,D02,2026-06-01,DEPT,,774.0,,
IND-303,D02,2026-07-01,DEPT,,887.0,,
IND-303,D03,2023-01-01,DEPT,,33.0,,
IND-303,D03,2023-02-01,DEPT,,35.0,,
IND-303,D03,2023-03-01,DEPT,,30.0,,
IND-303,D03,2023-04-01,DEPT,,58.0,,
IND-303,D03,2023-05-01,DEPT,,47.0,,
IND-303,D03,2023-06-01,DEPT,,67.0,,
IND-303,D03,2023-07-01,DEPT,,51.0,,
IND-303,D03,2023-08-01,DEPT,,169.0,,
IND-303,D03,2023-09-01,DEPT,,52.0,,
IND-303,D03,2023-10-01,DEPT,,37.0,,
IND-303,D03,2023-11-01,DEPT,,32.0,,
IND-303,D03,2023-12-01,DEPT,,31.0,,
IND-303,D03,2024-01-01,DEPT,,48.0,,
IND-303,D03,2024-02-01,DEPT,,49.0,,
IND-303,D03,2024-03-01,DEPT,,63.0,,
IND-303,D03,2024-04-01,DEPT,,47.0,,
IND-303,D03,2024-05-01,DEPT,,64.0,,
IND-303,D03,2024-06-01,DEPT,,126.0,,
IND-303,D03,2024-07-01,DEPT,,76.0,,
IND-303,D03,2024-08-01,DEPT,,275.0,,
IND-303,D03,2024-09-01,DEPT,,67.0,,
IND-303,D03,2024-10-01,DEPT,,72.0,,
IND-303,D03,2024-11-01,DEPT,,57.0,,
IND-303,D03,2024-12-01,DEPT,,45.0,,
IND-303,D03,2025-01-01,DEPT,,81.0,,
IND-303,D03,2025-02-01,DEPT,,80.0,,
IND-303,D03,2025-03-01,DEPT,,71.0,,
IND-303,D03,2025-04-01,DEPT,,85.0,,
IND-303,D03,2025-05-01,DEPT,,99.0,,
IND-303,D03,2025-06-01,DEPT,,63.0,,
IND-303,D03,2025-07-01,DEPT,,93.0,,
IND-303,D03,2025-08-01,DEPT,,322.0,,
IND-303,D03,2025-09-01,DEPT,,104.0,,
IND-303,D03,2025-10-01,DEPT,,85.0,,
IND-303,D03,2025-11-01,DEPT,,76.0,,
IND-303,D03,2025-12-01,DEPT,,75.0,,
IND-303,D03,2026-01-01,DEPT,,79.0,,
IND-303,D03,2026-02-01,DEPT,,161.0,,
IND-303,D03,2026-03-01,DEPT,,243.0,,
IND-303,D03,2026-04-01,DEPT,,295.0,,
IND-303,D03,2026-05-01,DEPT,,385.0,,
IND-303,D03,2026-06-01,DEPT,,460.0,,
IND-303,D03,2026-07-01,DEPT,,526.0,,
IND-303,D04,2023-01-01,DEPT,,31.0,,
IND-303,D04,2023-02-01,DEPT,,28.0,,
IND-303,D04,2023-03-01,DEPT,,36.0,,
IND-303,D04,2023-04-01,DEPT,,19.0,,
IND-303,D04,2023-05-01,DEPT,,16.0,,
IND-303,D04,2023-06-01,DEPT,,16.0,,
IND-303,D04,2023-07-01,DEPT,,19.0,,
IND-303,D04,2023-08-01,DEPT,,41.0,,
IND-303,D04,2023-09-01,DEPT,,37.0,,
IND-303,D04,2023-10-01,DEPT,,34.0,,
IND-303,D04,2023-11-01,DEPT,,30.0,,
IND-303,D04,2023-12-01,DEPT,,21.0,,
IND-303,D04,2024-01-01,DEPT,,65.0,,
IND-303,D04,2024-02-01,DEPT,,70.0,,
IND-303,D04,2024-03-01,DEPT,,43.0,,
IND-303,D04,2024-04-01,DEPT,,19.0,,
IND-303,D04,2024-05-01,DEPT,,20.0,,
IND-303,D04,2024-06-01,DEPT,,24.0,,
IND-303,D04,2024-07-01,DEPT,,57.0,,
IND-303,D04,2024-08-01,DEPT,,60.0,,
IND-303,D04,2024-09-01,DEPT,,42.0,,
IND-303,D04,2024-10-01,DEPT,,30.0,,
IND-303,D04,2024-11-01,DEPT,,35.0,,
IND-303,D04,2024-12-01,DEPT,,26.0,,
IND-303,D04,2025-01-01,DEPT,,70.0,,
IND-303,D04,2025-02-01,DEPT,,83.0,,
IND-303,D04,2025-03-01,DEPT,,41.0,,
IND-303,D04,2025-04-01,DEPT,,35.0,,
IND-303,D04,2025-05-01,DEPT,,25.0,,
IND-303,D04,2025-06-01,DEPT,,24.0,,
IND-303,D04,2025-07-01,DEPT,,33.0,,
IND-303,D04,2025-08-01,DEPT,,39.0,,
IND-303,D04,2025-09-01,DEPT,,23.0,,
IND-303,D04,2025-10-01,DEPT,,24.0,,
IND-303,D04,2025-11-01,DEPT,,24.0,,
IND-303,D04,2025-12-01,DEPT,,26.0,,
IND-303,D04,2026-01-01,DEPT,,49.0,,
IND-303,D04,2026-02-01,DEPT,,94.0,,
IND-303,D04,2026-03-01,DEPT,,133.0,,
IND-303,D04,2026-04-01,DEPT,,161.0,,
IND-303,D04,2026-05-01,DEPT,,187.0,,
IND-303,D04,2026-06-01,DEPT,,211.0,,
IND-303,D04,2026-07-01,DEPT,,256.0,,
IND-303,D05,2023-01-01,DEPT,,81.0,,
IND-303,D05,2023-02-01,DEPT,,67.0,,
IND-303,D05,2023-03-01,DEPT,,31.0,,
IND-303,D05,2023-04-01,DEPT,,37.0,,
IND-303,D05,2023-05-01,DEPT,,29.0,,
IND-303,D05,2023-06-01,DEPT,,7.0,,
IND-303,D05,2023-07-01,DEPT,,11.0,,
IND-303,D05,2023-08-01,DEPT,,24.0,,
IND-303,D05,2023-09-01,DEPT,,4.0,,
IND-303,D05,2023-10-01,DEPT,,24.0,,
IND-303,D05,2023-11-01,DEPT,,1.0,,
IND-303,D05,2023-12-01,DEPT,,23.0,,
IND-303,D05,2024-01-01,DEPT,,71.0,,
IND-303,D05,2024-02-01,DEPT,,52.0,,
IND-303,D05,2024-03-01,DEPT,,43.0,,
IND-303,D05,2024-04-01,DEPT,,11.0,,
IND-303,D05,2024-05-01,DEPT,,8.0,,
IND-303,D05,2024-06-01,DEPT,,7.0,,
IND-303,D05,2024-07-01,DEPT,,19.0,,
IND-303,D05,2024-08-01,DEPT,,33.0,,
IND-303,D05,2024-09-01,DEPT,,11.0,,
IND-303,D05,2024-10-01,DEPT,,50.0,,
IND-303,D05,2024-11-01,DEPT,,10.0,,
IND-303,D05,2024-12-01,DEPT,,25.0,,
IND-303,D05,2025-01-01,DEPT,,77.0,,
IND-303,D05,2025-02-01,DEPT,,74.0,,
IND-303,D05,2025-03-01,DEPT,,63.0,,
IND-303,D05,2025-04-01,DEPT,,32.0,,
IND-303,D05,2025-05-01,DEPT,,25.0,,
IND-303,D05,2025-06-01,DEPT,,31.0,,
IND-303,D05,2025-07-01,DEPT,,30.0,,
IND-303,D05,2025-08-01,DEPT,,23.0,,
IND-303,D05,2025-09-01,DEPT,,20.0,,
IND-303,D05,2025-10-01,DEPT,,82.0,,
IND-303,D05,2025-11-01,DEPT,,27.0,,
IND-303,D05,2025-12-01,DEPT,,67.0,,
IND-303,D05,2026-01-01,DEPT,,75.0,,
IND-303,D05,2026-02-01,DEPT,,159.0,,
IND-303,D05,2026-03-01,DEPT,,213.0,,
IND-303,D05,2026-04-01,DEPT,,257.0,,
IND-303,D05,2026-05-01,DEPT,,294.0,,
IND-303,D05,2026-06-01,DEPT,,312.0,,
IND-303,D05,2026-07-01,DEPT,,326.0,,
IND-303,D06,2023-01-01,DEPT,,382.0,,
IND-303,D06,2023-02-01,DEPT,,288.0,,
IND-303,D06,2023-03-01,DEPT,,240.0,,
IND-303,D06,2023-04-01,DEPT,,245.0,,
IND-303,D06,2023-05-01,DEPT,,369.0,,
IND-303,D06,2023-06-01,DEPT,,285.0,,
IND-303,D06,2023-07-01,DEPT,,249.0,,
IND-303,D06,2023-08-01,DEPT,,297.0,,
IND-303,D06,2023-09-01,DEPT,,244.0,,
IND-303,D06,2023-10-01,DEPT,,354.0,,
IND-303,D06,2023-11-01,DEPT,,334.0,,
IND-303,D06,2023-12-01,DEPT,,249.0,,
IND-303,D06,2024-01-01,DEPT,,385.0,,
IND-303,D06,2024-02-01,DEPT,,363.0,,
IND-303,D06,2024-03-01,DEPT,,347.0,,
IND-303,D06,2024-04-01,DEPT,,323.0,,
IND-303,D06,2024-05-01,DEPT,,331.0,,
IND-303,D06,2024-06-01,DEPT,,286.0,,
IND-303,D06,2024-07-01,DEPT,,490.0,,
IND-303,D06,2024-08-01,DEPT,,515.0,,
IND-303,D06,2024-09-01,DEPT,,343.0,,
IND-303,D06,2024-10-01,DEPT,,332.0,,
IND-303,D06,2024-11-01,DEPT,,324.0,,
IND-303,D06,2024-12-01,DEPT,,258.0,,
IND-303,D06,2025-01-01,DEPT,,403.0,,
IND-303,D06,2025-02-01,DEPT,,300.0,,
IND-303,D06,2025-03-01,DEPT,,315.0,,
IND-303,D06,2025-04-01,DEPT,,361.0,,
IND-303,D06,2025-05-01,DEPT,,415.0,,
IND-303,D06,2025-06-01,DEPT,,733.0,,
IND-303,D06,2025-07-01,DEPT,,647.0,,
IND-303,D06,2025-08-01,DEPT,,794.0,,
IND-303,D06,2025-09-01,DEPT,,505.0,,
IND-303,D06,2025-10-01,DEPT,,518.0,,
IND-303,D06,2025-11-01,DEPT,,419.0,,
IND-303,D06,2025-12-01,DEPT,,423.0,,
IND-303,D06,2026-01-01,DEPT,,524.0,,
IND-303,D06,2026-02-01,DEPT,,908.0,,
IND-303,D06,2026-03-01,DEPT,,1427.0,,
IND-303,D06,2026-04-01,DEPT,,1906.0,,
IND-303,D06,2026-05-01,DEPT,,2386.0,,
IND-303,D06,2026-06-01,DEPT,,2797.0,,
IND-303,D06,2026-07-01,DEPT,,3313.0,,
IND-303,D07,2023-01-01,DEPT,,23.0,,
IND-303,D07,2023-02-01,DEPT,,30.0,,
IND-303,D07,2023-03-01,DEPT,,33.0,,
IND-303,D07,2023-04-01,DEPT,,34.0,,
IND-303,D07,2023-05-01,DEPT,,41.0,,
IND-303,D07,2023-06-01,DEPT,,55.0,,
IND-303,D07,2023-07-01,DEPT,,84.0,,
IND-303,D07,2023-08-01,DEPT,,65.0,,
IND-303,D07,2023-09-01,DEPT,,46.0,,
IND-303,D07,2023-10-01,DEPT,,46.0,,
IND-303,D07,2023-11-01,DEPT,,50.0,,
IND-303,D07,2023-12-01,DEPT,,57.0,,
IND-303,D07,2024-01-01,DEPT,,29.0,,
IND-303,D07,2024-02-01,DEPT,,45.0,,
IND-303,D07,2024-03-01,DEPT,,30.0,,
IND-303,D07,2024-04-01,DEPT,,35.0,,
IND-303,D07,2024-05-01,DEPT,,65.0,,
IND-303,D07,2024-06-01,DEPT,,51.0,,
IND-303,D07,2024-07-01,DEPT,,64.0,,
IND-303,D07,2024-08-01,DEPT,,121.0,,
IND-303,D07,2024-09-01,DEPT,,42.0,,
IND-303,D07,2024-10-01,DEPT,,45.0,,
IND-303,D07,2024-11-01,DEPT,,46.0,,
IND-303,D07,2024-12-01,DEPT,,28.0,,
IND-303,D07,2025-01-01,DEPT,,50.0,,
IND-303,D07,2025-02-01,DEPT,,38.0,,
IND-303,D07,2025-03-01,DEPT,,42.0,,
IND-303,D07,2025-04-01,DEPT,,40.0,,
IND-303,D07,2025-05-01,DEPT,,49.0,,
IND-303,D07,2025-06-01,DEPT,,46.0,,
IND-303,D07,2025-07-01,DEPT,,77.0,,
IND-303,D07,2025-08-01,DEPT,,60.0,,
IND-303,D07,2025-09-01,DEPT,,45.0,,
IND-303,D07,2025-10-01,DEPT,,61.0,,
IND-303,D07,2025-11-01,DEPT,,36.0,,
IND-303,D07,2025-12-01,DEPT,,36.0,,
IND-303,D07,2026-01-01,DEPT,,55.0,,
IND-303,D07,2026-02-01,DEPT,,105.0,,
IND-303,D07,2026-03-01,DEPT,,161.0,,
IND-303,D07,2026-04-01,DEPT,,205.0,,
IND-303,D07,2026-05-01,DEPT,,252.0,,
IND-303,D07,2026-06-01,DEPT,,306.0,,
IND-303,D07,2026-07-01,DEPT,,402.0,,
IND-303,D08,2023-01-01,DEPT,,35.0,,
IND-303,D08,2023-02-01,DEPT,,18.0,,
IND-303,D08,2023-03-01,DEPT,,15.0,,
IND-303,D08,2023-04-01,DEPT,,26.0,,
IND-303,D08,2023-05-01,DEPT,,20.0,,
IND-303,D08,2023-06-01,DEPT,,24.0,,
IND-303,D08,2023-07-01,DEPT,,25.0,,
IND-303,D08,2023-08-01,DEPT,,45.0,,
IND-303,D08,2023-09-01,DEPT,,36.0,,
IND-303,D08,2023-10-01,DEPT,,18.0,,
IND-303,D08,2023-11-01,DEPT,,24.0,,
IND-303,D08,2023-12-01,DEPT,,30.0,,
IND-303,D08,2024-01-01,DEPT,,36.0,,
IND-303,D08,2024-02-01,DEPT,,55.0,,
IND-303,D08,2024-03-01,DEPT,,36.0,,
IND-303,D08,2024-04-01,DEPT,,29.0,,
IND-303,D08,2024-05-01,DEPT,,41.0,,
IND-303,D08,2024-06-01,DEPT,,29.0,,
IND-303,D08,2024-07-01,DEPT,,44.0,,
IND-303,D08,2024-08-01,DEPT,,71.0,,
IND-303,D08,2024-09-01,DEPT,,27.0,,
IND-303,D08,2024-10-01,DEPT,,36.0,,
IND-303,D08,2024-11-01,DEPT,,32.0,,
IND-303,D08,2024-12-01,DEPT,,10.0,,
IND-303,D08,2025-01-01,DEPT,,39.0,,
IND-303,D08,2025-02-01,DEPT,,53.0,,
IND-303,D08,2025-03-01,DEPT,,49.0,,
IND-303,D08,2025-04-01,DEPT,,35.0,,
IND-303,D08,2025-05-01,DEPT,,50.0,,
IND-303,D08,2025-06-01,DEPT,,43.0,,
IND-303,D08,2025-07-01,DEPT,,33.0,,
IND-303,D08,2025-08-01,DEPT,,56.0,,
IND-303,D08,2025-09-01,DEPT,,36.0,,
IND-303,D08,2025-10-01,DEPT,,44.0,,
IND-303,D08,2025-11-01,DEPT,,53.0,,
IND-303,D08,2025-12-01,DEPT,,31.0,,
IND-303,D08,2026-01-01,DEPT,,48.0,,
IND-303,D08,2026-02-01,DEPT,,98.0,,
IND-303,D08,2026-03-01,DEPT,,141.0,,
IND-303,D08,2026-04-01,DEPT,,176.0,,
IND-303,D08,2026-05-01,DEPT,,220.0,,
IND-303,D08,2026-06-01,DEPT,,281.0,,
IND-303,D08,2026-07-01,DEPT,,325.0,,
IND-303,D09,2023-01-01,DEPT,,18.0,,
IND-303,D09,2023-02-01,DEPT,,16.0,,
IND-303,D09,2023-03-01,DEPT,,14.0,,
IND-303,D09,2023-04-01,DEPT,,7.0,,
IND-303,D09,2023-05-01,DEPT,,13.0,,
IND-303,D09,2023-06-01,DEPT,,20.0,,
IND-303,D09,2023-07-01,DEPT,,15.0,,
IND-303,D09,2023-08-01,DEPT,,24.0,,
IND-303,D09,2023-09-01,DEPT,,11.0,,
IND-303,D09,2023-10-01,DEPT,,17.0,,
IND-303,D09,2023-11-01,DEPT,,21.0,,
IND-303,D09,2023-12-01,DEPT,,18.0,,
IND-303,D09,2024-01-01,DEPT,,16.0,,
IND-303,D09,2024-02-01,DEPT,,25.0,,
IND-303,D09,2024-03-01,DEPT,,41.0,,
IND-303,D09,2024-04-01,DEPT,,26.0,,
IND-303,D09,2024-05-01,DEPT,,31.0,,
IND-303,D09,2024-06-01,DEPT,,28.0,,
IND-303,D09,2024-07-01,DEPT,,25.0,,
IND-303,D09,2024-08-01,DEPT,,45.0,,
IND-303,D09,2024-09-01,DEPT,,22.0,,
IND-303,D09,2024-10-01,DEPT,,24.0,,
IND-303,D09,2024-11-01,DEPT,,28.0,,
IND-303,D09,2024-12-01,DEPT,,8.0,,
IND-303,D09,2025-01-01,DEPT,,18.0,,
IND-303,D09,2025-02-01,DEPT,,22.0,,
IND-303,D09,2025-03-01,DEPT,,20.0,,
IND-303,D09,2025-04-01,DEPT,,34.0,,
IND-303,D09,2025-05-01,DEPT,,37.0,,
IND-303,D09,2025-06-01,DEPT,,38.0,,
IND-303,D09,2025-07-01,DEPT,,25.0,,
IND-303,D09,2025-08-01,DEPT,,20.0,,
IND-303,D09,2025-09-01,DEPT,,21.0,,
IND-303,D09,2025-10-01,DEPT,,31.0,,
IND-303,D09,2025-11-01,DEPT,,22.0,,
IND-303,D09,2025-12-01,DEPT,,15.0,,
IND-303,D09,2026-01-01,DEPT,,24.0,,
IND-303,D09,2026-02-01,DEPT,,44.0,,
IND-303,D09,2026-03-01,DEPT,,67.0,,
IND-303,D09,2026-04-01,DEPT,,83.0,,
IND-303,D09,2026-05-01,DEPT,,110.0,,
IND-303,D09,2026-06-01,DEPT,,129.0,,
IND-303,D09,2026-07-01,DEPT,,144.0,,
IND-303,D10,2023-01-01,DEPT,,31.0,,
IND-303,D10,2023-02-01,DEPT,,23.0,,
IND-303,D10,2023-03-01,DEPT,,22.0,,
IND-303,D10,2023-04-01,DEPT,,35.0,,
IND-303,D10,2023-05-01,DEPT,,17.0,,
IND-303,D10,2023-06-01,DEPT,,23.0,,
IND-303,D10,2023-07-01,DEPT,,22.0,,
IND-303,D10,2023-08-01,DEPT,,11.0,,
IND-303,D10,2023-09-01,DEPT,,17.0,,
IND-303,D10,2023-10-01,DEPT,,11.0,,
IND-303,D10,2023-11-01,DEPT,,14.0,,
IND-303,D10,2023-12-01,DEPT,,9.0,,
IND-303,D10,2024-01-01,DEPT,,16.0,,
IND-303,D10,2024-02-01,DEPT,,9.0,,
IND-303,D10,2024-03-01,DEPT,,11.0,,
IND-303,D10,2024-04-01,DEPT,,11.0,,
IND-303,D10,2024-05-01,DEPT,,31.0,,
IND-303,D10,2024-06-01,DEPT,,19.0,,
IND-303,D10,2024-07-01,DEPT,,38.0,,
IND-303,D10,2024-08-01,DEPT,,17.0,,
IND-303,D10,2024-09-01,DEPT,,23.0,,
IND-303,D10,2024-10-01,DEPT,,22.0,,
IND-303,D10,2024-11-01,DEPT,,15.0,,
IND-303,D10,2024-12-01,DEPT,,14.0,,
IND-303,D10,2025-01-01,DEPT,,45.0,,
IND-303,D10,2025-02-01,DEPT,,38.0,,
IND-303,D10,2025-03-01,DEPT,,55.0,,
IND-303,D10,2025-04-01,DEPT,,61.0,,
IND-303,D10,2025-05-01,DEPT,,25.0,,
IND-303,D10,2025-06-01,DEPT,,46.0,,
IND-303,D10,2025-07-01,DEPT,,79.0,,
IND-303,D10,2025-08-01,DEPT,,48.0,,
IND-303,D10,2025-09-01,DEPT,,41.0,,
IND-303,D10,2025-10-01,DEPT,,32.0,,
IND-303,D10,2025-11-01,DEPT,,23.0,,
IND-303,D10,2025-12-01,DEPT,,24.0,,
IND-303,D10,2026-01-01,DEPT,,39.0,,
IND-303,D10,2026-02-01,DEPT,,59.0,,
IND-303,D10,2026-03-01,DEPT,,108.0,,
IND-303,D10,2026-04-01,DEPT,,143.0,,
IND-303,D10,2026-05-01,DEPT,,187.0,,
IND-303,D10,2026-06-01,DEPT,,263.0,,
IND-303,D10,2026-07-01,DEPT,,378.0,,
IND-303,D11,2023-01-01,DEPT,,28.0,,
IND-303,D11,2023-02-01,DEPT,,45.0,,
IND-303,D11,2023-03-01,DEPT,,33.0,,
IND-303,D11,2023-04-01,DEPT,,44.0,,
IND-303,D11,2023-05-01,DEPT,,53.0,,
IND-303,D11,2023-06-01,DEPT,,47.0,,
IND-303,D11,2023-07-01,DEPT,,63.0,,
IND-303,D11,2023-08-01,DEPT,,89.0,,
IND-303,D11,2023-09-01,DEPT,,32.0,,
IND-303,D11,2023-10-01,DEPT,,31.0,,
IND-303,D11,2023-11-01,DEPT,,29.0,,
IND-303,D11,2023-12-01,DEPT,,17.0,,
IND-303,D11,2024-01-01,DEPT,,26.0,,
IND-303,D11,2024-02-01,DEPT,,48.0,,
IND-303,D11,2024-03-01,DEPT,,53.0,,
IND-303,D11,2024-04-01,DEPT,,50.0,,
IND-303,D11,2024-05-01,DEPT,,115.0,,
IND-303,D11,2024-06-01,DEPT,,33.0,,
IND-303,D11,2024-07-01,DEPT,,84.0,,
IND-303,D11,2024-08-01,DEPT,,158.0,,
IND-303,D11,2024-09-01,DEPT,,68.0,,
IND-303,D11,2024-10-01,DEPT,,67.0,,
IND-303,D11,2024-11-01,DEPT,,61.0,,
IND-303,D11,2024-12-01,DEPT,,31.0,,
IND-303,D11,2025-01-01,DEPT,,42.0,,
IND-303,D11,2025-02-01,DEPT,,43.0,,
IND-303,D11,2025-03-01,DEPT,,70.0,,
IND-303,D11,2025-04-01,DEPT,,62.0,,
IND-303,D11,2025-05-01,DEPT,,61.0,,
IND-303,D11,2025-06-01,DEPT,,59.0,,
IND-303,D11,2025-07-01,DEPT,,58.0,,
IND-303,D11,2025-08-01,DEPT,,93.0,,
IND-303,D11,2025-09-01,DEPT,,67.0,,
IND-303,D11,2025-10-01,DEPT,,72.0,,
IND-303,D11,2025-11-01,DEPT,,42.0,,
IND-303,D11,2025-12-01,DEPT,,34.0,,
IND-303,D11,2026-01-01,DEPT,,42.0,,
IND-303,D11,2026-02-01,DEPT,,87.0,,
IND-303,D11,2026-03-01,DEPT,,142.0,,
IND-303,D11,2026-04-01,DEPT,,182.0,,
IND-303,D11,2026-05-01,DEPT,,243.0,,
IND-303,D11,2026-06-01,DEPT,,281.0,,
IND-303,D11,2026-07-01,DEPT,,345.0,,
IND-303,D12,2023-01-01,DEPT,,51.0,,
IND-303,D12,2023-02-01,DEPT,,31.0,,
IND-303,D12,2023-03-01,DEPT,,29.0,,
IND-303,D12,2023-04-01,DEPT,,22.0,,
IND-303,D12,2023-05-01,DEPT,,42.0,,
IND-303,D12,2023-06-01,DEPT,,49.0,,
IND-303,D12,2023-07-01,DEPT,,33.0,,
IND-303,D12,2023-08-01,DEPT,,23.0,,
IND-303,D12,2023-09-01,DEPT,,36.0,,
IND-303,D12,2023-10-01,DEPT,,29.0,,
IND-303,D12,2023-11-01,DEPT,,35.0,,
IND-303,D12,2023-12-01,DEPT,,16.0,,
IND-303,D12,2024-01-01,DEPT,,39.0,,
IND-303,D12,2024-02-01,DEPT,,33.0,,
IND-303,D12,2024-03-01,DEPT,,44.0,,
IND-303,D12,2024-04-01,DEPT,,103.0,,
IND-303,D12,2024-05-01,DEPT,,46.0,,
IND-303,D12,2024-06-01,DEPT,,94.0,,
IND-303,D12,2024-07-01,DEPT,,52.0,,
IND-303,D12,2024-08-01,DEPT,,31.0,,
IND-303,D12,2024-09-01,DEPT,,35.0,,
IND-303,D12,2024-10-01,DEPT,,39.0,,
IND-303,D12,2024-11-01,DEPT,,35.0,,
IND-303,D12,2024-12-01,DEPT,,10.0,,
IND-303,D12,2025-01-01,DEPT,,62.0,,
IND-303,D12,2025-02-01,DEPT,,23.0,,
IND-303,D12,2025-03-01,DEPT,,40.0,,
IND-303,D12,2025-04-01,DEPT,,48.0,,
IND-303,D12,2025-05-01,DEPT,,57.0,,
IND-303,D12,2025-06-01,DEPT,,82.0,,
IND-303,D12,2025-07-01,DEPT,,46.0,,
IND-303,D12,2025-08-01,DEPT,,87.0,,
IND-303,D12,2025-09-01,DEPT,,47.0,,
IND-303,D12,2025-10-01,DEPT,,44.0,,
IND-303,D12,2025-11-01,DEPT,,39.0,,
IND-303,D12,2025-12-01,DEPT,,33.0,,
IND-303,D12,2026-01-01,DEPT,,40.0,,
IND-303,D12,2026-02-01,DEPT,,107.0,,
IND-303,D12,2026-03-01,DEPT,,155.0,,
IND-303,D12,2026-04-01,DEPT,,314.0,,
IND-303,D12,2026-05-01,DEPT,,368.0,,
IND-303,D12,2026-06-01,DEPT,,431.0,,
IND-303,D12,2026-07-01,DEPT,,496.0,,
IND-303,D13,2023-01-01,DEPT,,1909.0,,
IND-303,D13,2023-02-01,DEPT,,1694.0,,
IND-303,D13,2023-03-01,DEPT,,1472.0,,
IND-303,D13,2023-04-01,DEPT,,1366.0,,
IND-303,D13,2023-05-01,DEPT,,1750.0,,
IND-303,D13,2023-06-01,DEPT,,1787.0,,
IND-303,D13,2023-07-01,DEPT,,968.0,,
IND-303,D13,2023-08-01,DEPT,,818.0,,
IND-303,D13,2023-09-01,DEPT,,1546.0,,
IND-303,D13,2023-10-01,DEPT,,1889.0,,
IND-303,D13,2023-11-01,DEPT,,1682.0,,
IND-303,D13,2023-12-01,DEPT,,1239.0,,
IND-303,D13,2024-01-01,DEPT,,1761.0,,
IND-303,D13,2024-02-01,DEPT,,2073.0,,
IND-303,D13,2024-03-01,DEPT,,1575.0,,
IND-303,D13,2024-04-01,DEPT,,1855.0,,
IND-303,D13,2024-05-01,DEPT,,1811.0,,
IND-303,D13,2024-06-01,DEPT,,1648.0,,
IND-303,D13,2024-07-01,DEPT,,1922.0,,
IND-303,D13,2024-08-01,DEPT,,2204.0,,
IND-303,D13,2024-09-01,DEPT,,1447.0,,
IND-303,D13,2024-10-01,DEPT,,1499.0,,
IND-303,D13,2024-11-01,DEPT,,1459.0,,
IND-303,D13,2024-12-01,DEPT,,1139.0,,
IND-303,D13,2025-01-01,DEPT,,1669.0,,
IND-303,D13,2025-02-01,DEPT,,1631.0,,
IND-303,D13,2025-03-01,DEPT,,1581.0,,
IND-303,D13,2025-04-01,DEPT,,1567.0,,
IND-303,D13,2025-05-01,DEPT,,1259.0,,
IND-303,D13,2025-06-01,DEPT,,1000.0,,
IND-303,D13,2025-07-01,DEPT,,1156.0,,
IND-303,D13,2025-08-01,DEPT,,1577.0,,
IND-303,D13,2025-09-01,DEPT,,1346.0,,
IND-303,D13,2025-10-01,DEPT,,1544.0,,
IND-303,D13,2025-11-01,DEPT,,1495.0,,
IND-303,D13,2025-12-01,DEPT,,1312.0,,
IND-303,D13,2026-01-01,DEPT,,1860.0,,
IND-303,D13,2026-02-01,DEPT,,3490.0,,
IND-303,D13,2026-03-01,DEPT,,5166.0,,
IND-303,D13,2026-04-01,DEPT,,7064.0,,
IND-303,D13,2026-05-01,DEPT,,8698.0,,
IND-303,D13,2026-06-01,DEPT,,10106.0,,
IND-303,D13,2026-07-01,DEPT,,11826.0,,
IND-303,D14,2023-01-01,DEPT,,127.0,,
IND-303,D14,2023-02-01,DEPT,,169.0,,
IND-303,D14,2023-03-01,DEPT,,152.0,,
IND-303,D14,2023-04-01,DEPT,,108.0,,
IND-303,D14,2023-05-01,DEPT,,115.0,,
IND-303,D14,2023-06-01,DEPT,,123.0,,
IND-303,D14,2023-07-01,DEPT,,148.0,,
IND-303,D14,2023-08-01,DEPT,,154.0,,
IND-303,D14,2023-09-01,DEPT,,223.0,,
IND-303,D14,2023-10-01,DEPT,,120.0,,
IND-303,D14,2023-11-01,DEPT,,93.0,,
IND-303,D14,2023-12-01,DEPT,,41.0,,
IND-303,D14,2024-01-01,DEPT,,100.0,,
IND-303,D14,2024-02-01,DEPT,,97.0,,
IND-303,D14,2024-03-01,DEPT,,138.0,,
IND-303,D14,2024-04-01,DEPT,,89.0,,
IND-303,D14,2024-05-01,DEPT,,100.0,,
IND-303,D14,2024-06-01,DEPT,,115.0,,
IND-303,D14,2024-07-01,DEPT,,125.0,,
IND-303,D14,2024-08-01,DEPT,,133.0,,
IND-303,D14,2024-09-01,DEPT,,91.0,,
IND-303,D14,2024-10-01,DEPT,,123.0,,
IND-303,D14,2024-11-01,DEPT,,105.0,,
IND-303,D14,2024-12-01,DEPT,,81.0,,
IND-303,D14,2025-01-01,DEPT,,76.0,,
IND-303,D14,2025-02-01,DEPT,,105.0,,
IND-303,D14,2025-03-01,DEPT,,172.0,,
IND-303,D14,2025-04-01,DEPT,,283.0,,
IND-303,D14,2025-05-01,DEPT,,167.0,,
IND-303,D14,2025-06-01,DEPT,,127.0,,
IND-303,D14,2025-07-01,DEPT,,163.0,,
IND-303,D14,2025-08-01,DEPT,,156.0,,
IND-303,D14,2025-09-01,DEPT,,130.0,,
IND-303,D14,2025-10-01,DEPT,,163.0,,
IND-303,D14,2025-11-01,DEPT,,124.0,,
IND-303,D14,2025-12-01,DEPT,,95.0,,
IND-303,D14,2026-01-01,DEPT,,106.0,,
IND-303,D14,2026-02-01,DEPT,,207.0,,
IND-303,D14,2026-03-01,DEPT,,440.0,,
IND-303,D14,2026-04-01,DEPT,,549.0,,
IND-303,D14,2026-05-01,DEPT,,710.0,,
IND-303,D14,2026-06-01,DEPT,,855.0,,
IND-303,D14,2026-07-01,DEPT,,1076.0,,
IND-303,D15,2023-01-01,DEPT,,3.0,,
IND-303,D15,2023-02-01,DEPT,,5.0,,
IND-303,D15,2023-03-01,DEPT,,2.0,,
IND-303,D15,2023-04-01,DEPT,,5.0,,
IND-303,D15,2023-05-01,DEPT,,11.0,,
IND-303,D15,2023-06-01,DEPT,,11.0,,
IND-303,D15,2023-07-01,DEPT,,3.0,,
IND-303,D15,2023-08-01,DEPT,,16.0,,
IND-303,D15,2023-09-01,DEPT,,11.0,,
IND-303,D15,2023-10-01,DEPT,,8.0,,
IND-303,D15,2023-11-01,DEPT,,1.0,,
IND-303,D15,2023-12-01,DEPT,,2.0,,
IND-303,D15,2024-01-01,DEPT,,7.0,,
IND-303,D15,2024-02-01,DEPT,,4.0,,
IND-303,D15,2024-03-01,DEPT,,4.0,,
IND-303,D15,2024-04-01,DEPT,,4.0,,
IND-303,D15,2024-05-01,DEPT,,4.0,,
IND-303,D15,2024-06-01,DEPT,,3.0,,
IND-303,D15,2024-07-01,DEPT,,12.0,,
IND-303,D15,2024-08-01,DEPT,,29.0,,
IND-303,D15,2024-09-01,DEPT,,2.0,,
IND-303,D15,2024-10-01,DEPT,,2.0,,
IND-303,D15,2024-11-01,DEPT,,6.0,,
IND-303,D15,2024-12-01,DEPT,,4.0,,
IND-303,D15,2025-01-01,DEPT,,2.0,,
IND-303,D15,2025-02-01,DEPT,,2.0,,
IND-303,D15,2025-03-01,DEPT,,4.0,,
IND-303,D15,2025-04-01,DEPT,,5.0,,
IND-303,D15,2025-06-01,DEPT,,1.0,,
IND-303,D15,2025-07-01,DEPT,,5.0,,
IND-303,D15,2025-08-01,DEPT,,6.0,,
IND-303,D15,2025-09-01,DEPT,,5.0,,
IND-303,D15,2025-10-01,DEPT,,5.0,,
IND-303,D15,2025-11-01,DEPT,,3.0,,
IND-303,D15,2026-01-01,DEPT,,7.0,,
IND-303,D15,2026-02-01,DEPT,,20.0,,
IND-303,D15,2026-03-01,DEPT,,25.0,,
IND-303,D15,2026-04-01,DEPT,,34.0,,
IND-303,D15,2026-05-01,DEPT,,39.0,,
IND-303,D15,2026-06-01,DEPT,,46.0,,
IND-303,D15,2026-07-01,DEPT,,52.0,,
IND-303,D16,2023-01-01,DEPT,,24.0,,
IND-303,D16,2023-02-01,DEPT,,16.0,,
IND-303,D16,2023-03-01,DEPT,,9.0,,
IND-303,D16,2023-04-01,DEPT,,17.0,,
IND-303,D16,2023-05-01,DEPT,,13.0,,
IND-303,D16,2023-06-01,DEPT,,29.0,,
IND-303,D16,2023-07-01,DEPT,,9.0,,
IND-303,D16,2023-08-01,DEPT,,24.0,,
IND-303,D16,2023-09-01,DEPT,,18.0,,
IND-303,D16,2023-10-01,DEPT,,28.0,,
IND-303,D16,2023-11-01,DEPT,,24.0,,
IND-303,D16,2023-12-01,DEPT,,18.0,,
IND-303,D16,2024-01-01,DEPT,,17.0,,
IND-303,D16,2024-02-01,DEPT,,17.0,,
IND-303,D16,2024-03-01,DEPT,,25.0,,
IND-303,D16,2024-04-01,DEPT,,28.0,,
IND-303,D16,2024-05-01,DEPT,,26.0,,
IND-303,D16,2024-06-01,DEPT,,43.0,,
IND-303,D16,2024-07-01,DEPT,,69.0,,
IND-303,D16,2024-08-01,DEPT,,45.0,,
IND-303,D16,2024-09-01,DEPT,,25.0,,
IND-303,D16,2024-10-01,DEPT,,38.0,,
IND-303,D16,2024-11-01,DEPT,,27.0,,
IND-303,D16,2024-12-01,DEPT,,23.0,,
IND-303,D16,2025-01-01,DEPT,,43.0,,
IND-303,D16,2025-02-01,DEPT,,33.0,,
IND-303,D16,2025-03-01,DEPT,,27.0,,
IND-303,D16,2025-04-01,DEPT,,32.0,,
IND-303,D16,2025-05-01,DEPT,,35.0,,
IND-303,D16,2025-06-01,DEPT,,55.0,,
IND-303,D16,2025-07-01,DEPT,,23.0,,
IND-303,D16,2025-08-01,DEPT,,41.0,,
IND-303,D16,2025-09-01,DEPT,,51.0,,
IND-303,D16,2025-10-01,DEPT,,41.0,,
IND-303,D16,2025-11-01,DEPT,,37.0,,
IND-303,D16,2025-12-01,DEPT,,27.0,,
IND-303,D16,2026-01-01,DEPT,,34.0,,
IND-303,D16,2026-02-01,DEPT,,69.0,,
IND-303,D16,2026-03-01,DEPT,,115.0,,
IND-303,D16,2026-04-01,DEPT,,150.0,,
IND-303,D16,2026-05-01,DEPT,,189.0,,
IND-303,D16,2026-06-01,DEPT,,229.0,,
IND-303,D16,2026-07-01,DEPT,,259.0,,
IND-303,D17,2023-01-01,DEPT,,64.0,,
IND-303,D17,2023-02-01,DEPT,,77.0,,
IND-303,D17,2023-03-01,DEPT,,74.0,,
IND-303,D17,2023-04-01,DEPT,,68.0,,
IND-303,D17,2023-05-01,DEPT,,97.0,,
IND-303,D17,2023-06-01,DEPT,,61.0,,
IND-303,D17,2023-07-01,DEPT,,128.0,,
IND-303,D17,2023-08-01,DEPT,,105.0,,
IND-303,D17,2023-09-01,DEPT,,99.0,,
IND-303,D17,2023-10-01,DEPT,,110.0,,
IND-303,D17,2023-11-01,DEPT,,89.0,,
IND-303,D17,2023-12-01,DEPT,,63.0,,
IND-303,D17,2024-01-01,DEPT,,56.0,,
IND-303,D17,2024-02-01,DEPT,,82.0,,
IND-303,D17,2024-03-01,DEPT,,100.0,,
IND-303,D17,2024-04-01,DEPT,,138.0,,
IND-303,D17,2024-05-01,DEPT,,116.0,,
IND-303,D17,2024-06-01,DEPT,,143.0,,
IND-303,D17,2024-07-01,DEPT,,134.0,,
IND-303,D17,2024-08-01,DEPT,,165.0,,
IND-303,D17,2024-09-01,DEPT,,123.0,,
IND-303,D17,2024-10-01,DEPT,,84.0,,
IND-303,D17,2024-11-01,DEPT,,61.0,,
IND-303,D17,2024-12-01,DEPT,,71.0,,
IND-303,D17,2025-01-01,DEPT,,93.0,,
IND-303,D17,2025-02-01,DEPT,,95.0,,
IND-303,D17,2025-03-01,DEPT,,91.0,,
IND-303,D17,2025-04-01,DEPT,,82.0,,
IND-303,D17,2025-05-01,DEPT,,128.0,,
IND-303,D17,2025-06-01,DEPT,,102.0,,
IND-303,D17,2025-07-01,DEPT,,118.0,,
IND-303,D17,2025-08-01,DEPT,,160.0,,
IND-303,D17,2025-09-01,DEPT,,120.0,,
IND-303,D17,2025-10-01,DEPT,,155.0,,
IND-303,D17,2025-11-01,DEPT,,89.0,,
IND-303,D17,2025-12-01,DEPT,,71.0,,
IND-303,D17,2026-01-01,DEPT,,83.0,,
IND-303,D17,2026-02-01,DEPT,,169.0,,
IND-303,D17,2026-03-01,DEPT,,299.0,,
IND-303,D17,2026-04-01,DEPT,,426.0,,
IND-303,D17,2026-05-01,DEPT,,519.0,,
IND-303,D17,2026-06-01,DEPT,,626.0,,
IND-303,D17,2026-07-01,DEPT,,738.0,,
IND-303,D18,2023-01-01,DEPT,,26.0,,
IND-303,D18,2023-02-01,DEPT,,42.0,,
IND-303,D18,2023-03-01,DEPT,,28.0,,
IND-303,D18,2023-04-01,DEPT,,79.0,,
IND-303,D18,2023-05-01,DEPT,,47.0,,
IND-303,D18,2023-06-01,DEPT,,43.0,,
IND-303,D18,2023-07-01,DEPT,,29.0,,
IND-303,D18,2023-08-01,DEPT,,27.0,,
IND-303,D18,2023-09-01,DEPT,,39.0,,
IND-303,D18,2023-10-01,DEPT,,47.0,,
IND-303,D18,2023-11-01,DEPT,,34.0,,
IND-303,D18,2023-12-01,DEPT,,26.0,,
IND-303,D18,2024-01-01,DEPT,,29.0,,
IND-303,D18,2024-02-01,DEPT,,32.0,,
IND-303,D18,2024-03-01,DEPT,,67.0,,
IND-303,D18,2024-04-01,DEPT,,59.0,,
IND-303,D18,2024-05-01,DEPT,,31.0,,
IND-303,D18,2024-06-01,DEPT,,41.0,,
IND-303,D18,2024-07-01,DEPT,,58.0,,
IND-303,D18,2024-08-01,DEPT,,47.0,,
IND-303,D18,2024-09-01,DEPT,,42.0,,
IND-303,D18,2024-10-01,DEPT,,48.0,,
IND-303,D18,2024-11-01,DEPT,,33.0,,
IND-303,D18,2024-12-01,DEPT,,32.0,,
IND-303,D18,2025-01-01,DEPT,,47.0,,
IND-303,D18,2025-02-01,DEPT,,43.0,,
IND-303,D18,2025-03-01,DEPT,,42.0,,
IND-303,D18,2025-04-01,DEPT,,83.0,,
IND-303,D18,2025-05-01,DEPT,,44.0,,
IND-303,D18,2025-06-01,DEPT,,35.0,,
IND-303,D18,2025-07-01,DEPT,,41.0,,
IND-303,D18,2025-08-01,DEPT,,54.0,,
IND-303,D18,2025-09-01,DEPT,,44.0,,
IND-303,D18,2025-10-01,DEPT,,67.0,,
IND-303,D18,2025-11-01,DEPT,,47.0,,
IND-303,D18,2025-12-01,DEPT,,41.0,,
IND-303,D18,2026-01-01,DEPT,,46.0,,
IND-303,D18,2026-02-01,DEPT,,96.0,,
IND-303,D18,2026-03-01,DEPT,,151.0,,
IND-303,D18,2026-04-01,DEPT,,305.0,,
IND-303,D18,2026-05-01,DEPT,,708.0,,
IND-303,D18,2026-06-01,DEPT,,771.0,,
IND-303,D18,2026-07-01,DEPT,,838.0,,
IND-303,D19,2023-01-01,DEPT,,14.0,,
IND-303,D19,2023-02-01,DEPT,,14.0,,
IND-303,D19,2023-03-01,DEPT,,33.0,,
IND-303,D19,2023-04-01,DEPT,,17.0,,
IND-303,D19,2023-05-01,DEPT,,18.0,,
IND-303,D19,2023-06-01,DEPT,,23.0,,
IND-303,D19,2023-07-01,DEPT,,22.0,,
IND-303,D19,2023-08-01,DEPT,,18.0,,
IND-303,D19,2023-09-01,DEPT,,27.0,,
IND-303,D19,2023-10-01,DEPT,,21.0,,
IND-303,D19,2023-11-01,DEPT,,34.0,,
IND-303,D19,2023-12-01,DEPT,,11.0,,
IND-303,D19,2024-01-01,DEPT,,39.0,,
IND-303,D19,2024-02-01,DEPT,,24.0,,
IND-303,D19,2024-03-01,DEPT,,37.0,,
IND-303,D19,2024-04-01,DEPT,,19.0,,
IND-303,D19,2024-05-01,DEPT,,23.0,,
IND-303,D19,2024-06-01,DEPT,,16.0,,
IND-303,D19,2024-07-01,DEPT,,9.0,,
IND-303,D19,2024-08-01,DEPT,,20.0,,
IND-303,D19,2024-09-01,DEPT,,22.0,,
IND-303,D19,2024-10-01,DEPT,,24.0,,
IND-303,D19,2024-11-01,DEPT,,23.0,,
IND-303,D19,2024-12-01,DEPT,,16.0,,
IND-303,D19,2025-01-01,DEPT,,33.0,,
IND-303,D19,2025-02-01,DEPT,,18.0,,
IND-303,D19,2025-03-01,DEPT,,25.0,,
IND-303,D19,2025-04-01,DEPT,,28.0,,
IND-303,D19,2025-05-01,DEPT,,33.0,,
IND-303,D19,2025-06-01,DEPT,,23.0,,
IND-303,D19,2025-07-01,DEPT,,19.0,,
IND-303,D19,2025-08-01,DEPT,,25.0,,
IND-303,D19,2025-09-01,DEPT,,16.0,,
IND-303,D19,2025-10-01,DEPT,,27.0,,
IND-303,D19,2025-11-01,DEPT,,18.0,,
IND-303,D19,2025-12-01,DEPT,,11.0,,
IND-303,D19,2026-01-01,DEPT,,33.0,,
IND-303,D19,2026-02-01,DEPT,,55.0,,
IND-303,D19,2026-03-01,DEPT,,80.0,,
IND-303,D19,2026-04-01,DEPT,,109.0,,
IND-303,D19,2026-05-01,DEPT,,130.0,,
IND-303,D19,2026-06-01,DEPT,,169.0,,
IND-303,D19,2026-07-01,DEPT,,201.0,,
IND-303,D21,2023-01-01,DEPT,,55.0,,
IND-303,D21,2023-02-01,DEPT,,42.0,,
IND-303,D21,2023-03-01,DEPT,,69.0,,
IND-303,D21,2023-04-01,DEPT,,79.0,,
IND-303,D21,2023-05-01,DEPT,,107.0,,
IND-303,D21,2023-06-01,DEPT,,212.0,,
IND-303,D21,2023-07-01,DEPT,,32.0,,
IND-303,D21,2023-08-01,DEPT,,120.0,,
IND-303,D21,2023-09-01,DEPT,,200.0,,
IND-303,D21,2023-10-01,DEPT,,148.0,,
IND-303,D21,2023-11-01,DEPT,,72.0,,
IND-303,D21,2023-12-01,DEPT,,73.0,,
IND-303,D21,2024-01-01,DEPT,,87.0,,
IND-303,D21,2024-02-01,DEPT,,90.0,,
IND-303,D21,2024-03-01,DEPT,,205.0,,
IND-303,D21,2024-04-01,DEPT,,197.0,,
IND-303,D21,2024-05-01,DEPT,,102.0,,
IND-303,D21,2024-06-01,DEPT,,95.0,,
IND-303,D21,2024-07-01,DEPT,,101.0,,
IND-303,D21,2024-08-01,DEPT,,118.0,,
IND-303,D21,2024-09-01,DEPT,,423.0,,
IND-303,D21,2024-10-01,DEPT,,102.0,,
IND-303,D21,2024-11-01,DEPT,,108.0,,
IND-303,D21,2024-12-01,DEPT,,76.0,,
IND-303,D21,2025-01-01,DEPT,,103.0,,
IND-303,D21,2025-02-01,DEPT,,103.0,,
IND-303,D21,2025-03-01,DEPT,,79.0,,
IND-303,D21,2025-04-01,DEPT,,75.0,,
IND-303,D21,2025-05-01,DEPT,,71.0,,
IND-303,D21,2025-06-01,DEPT,,63.0,,
IND-303,D21,2025-07-01,DEPT,,75.0,,
IND-303,D21,2025-08-01,DEPT,,72.0,,
IND-303,D21,2025-09-01,DEPT,,238.0,,
IND-303,D21,2025-10-01,DEPT,,67.0,,
IND-303,D21,2025-11-01,DEPT,,73.0,,
IND-303,D21,2025-12-01,DEPT,,74.0,,
IND-303,D21,2026-01-01,DEPT,,52.0,,
IND-303,D21,2026-02-01,DEPT,,101.0,,
IND-303,D21,2026-03-01,DEPT,,153.0,,
IND-303,D21,2026-04-01,DEPT,,229.0,,
IND-303,D21,2026-05-01,DEPT,,317.0,,
IND-303,D21,2026-06-01,DEPT,,393.0,,
IND-303,D21,2026-07-01,DEPT,,436.0,,
IND-303,D22,2023-01-01,DEPT,,39.0,,
IND-303,D22,2023-02-01,DEPT,,60.0,,
IND-303,D22,2023-03-01,DEPT,,62.0,,
IND-303,D22,2023-04-01,DEPT,,54.0,,
IND-303,D22,2023-05-01,DEPT,,66.0,,
IND-303,D22,2023-06-01,DEPT,,69.0,,
IND-303,D22,2023-07-01,DEPT,,113.0,,
IND-303,D22,2023-08-01,DEPT,,148.0,,
IND-303,D22,2023-09-01,DEPT,,97.0,,
IND-303,D22,2023-10-01,DEPT,,65.0,,
IND-303,D22,2023-11-01,DEPT,,58.0,,
IND-303,D22,2023-12-01,DEPT,,35.0,,
IND-303,D22,2024-01-01,DEPT,,34.0,,
IND-303,D22,2024-02-01,DEPT,,52.0,,
IND-303,D22,2024-03-01,DEPT,,80.0,,
IND-303,D22,2024-04-01,DEPT,,93.0,,
IND-303,D22,2024-05-01,DEPT,,55.0,,
IND-303,D22,2024-06-01,DEPT,,71.0,,
IND-303,D22,2024-07-01,DEPT,,85.0,,
IND-303,D22,2024-08-01,DEPT,,98.0,,
IND-303,D22,2024-09-01,DEPT,,52.0,,
IND-303,D22,2024-10-01,DEPT,,39.0,,
IND-303,D22,2024-11-01,DEPT,,48.0,,
IND-303,D22,2024-12-01,DEPT,,33.0,,
IND-303,D22,2025-01-01,DEPT,,57.0,,
IND-303,D22,2025-02-01,DEPT,,43.0,,
IND-303,D22,2025-03-01,DEPT,,71.0,,
IND-303,D22,2025-04-01,DEPT,,54.0,,
IND-303,D22,2025-05-01,DEPT,,46.0,,
IND-303,D22,2025-06-01,DEPT,,77.0,,
IND-303,D22,2025-07-01,DEPT,,94.0,,
IND-303,D22,2025-08-01,DEPT,,118.0,,
IND-303,D22,2025-09-01,DEPT,,76.0,,
IND-303,D22,2025-10-01,DEPT,,82.0,,
IND-303,D22,2025-11-01,DEPT,,51.0,,
IND-303,D22,2025-12-01,DEPT,,47.0,,
IND-303,D22,2026-01-01,DEPT,,57.0,,
IND-303,D22,2026-02-01,DEPT,,116.0,,
IND-303,D22,2026-03-01,DEPT,,165.0,,
IND-303,D22,2026-04-01,DEPT,,212.0,,
IND-303,D22,2026-05-01,DEPT,,273.0,,
IND-303,D22,2026-06-01,DEPT,,375.0,,
IND-303,D22,2026-07-01,DEPT,,447.0,,
IND-303,D23,2023-01-01,DEPT,,10.0,,
IND-303,D23,2023-02-01,DEPT,,4.0,,
IND-303,D23,2023-03-01,DEPT,,8.0,,
IND-303,D23,2023-04-01,DEPT,,4.0,,
IND-303,D23,2023-05-01,DEPT,,9.0,,
IND-303,D23,2023-06-01,DEPT,,15.0,,
IND-303,D23,2023-07-01,DEPT,,11.0,,
IND-303,D23,2023-08-01,DEPT,,41.0,,
IND-303,D23,2023-09-01,DEPT,,8.0,,
IND-303,D23,2023-10-01,DEPT,,4.0,,
IND-303,D23,2023-11-01,DEPT,,11.0,,
IND-303,D23,2023-12-01,DEPT,,3.0,,
IND-303,D23,2024-01-01,DEPT,,3.0,,
IND-303,D23,2024-02-01,DEPT,,4.0,,
IND-303,D23,2024-03-01,DEPT,,8.0,,
IND-303,D23,2024-04-01,DEPT,,10.0,,
IND-303,D23,2024-05-01,DEPT,,8.0,,
IND-303,D23,2024-06-01,DEPT,,11.0,,
IND-303,D23,2024-07-01,DEPT,,16.0,,
IND-303,D23,2024-08-01,DEPT,,16.0,,
IND-303,D23,2024-09-01,DEPT,,14.0,,
IND-303,D23,2024-10-01,DEPT,,6.0,,
IND-303,D23,2024-11-01,DEPT,,5.0,,
IND-303,D23,2024-12-01,DEPT,,2.0,,
IND-303,D23,2025-01-01,DEPT,,8.0,,
IND-303,D23,2025-02-01,DEPT,,8.0,,
IND-303,D23,2025-03-01,DEPT,,7.0,,
IND-303,D23,2025-04-01,DEPT,,5.0,,
IND-303,D23,2025-05-01,DEPT,,9.0,,
IND-303,D23,2025-06-01,DEPT,,7.0,,
IND-303,D23,2025-07-01,DEPT,,6.0,,
IND-303,D23,2025-08-01,DEPT,,37.0,,
IND-303,D23,2025-09-01,DEPT,,5.0,,
IND-303,D23,2025-10-01,DEPT,,11.0,,
IND-303,D23,2025-11-01,DEPT,,3.0,,
IND-303,D23,2025-12-01,DEPT,,6.0,,
IND-303,D23,2026-01-01,DEPT,,3.0,,
IND-303,D23,2026-02-01,DEPT,,8.0,,
IND-303,D23,2026-03-01,DEPT,,10.0,,
IND-303,D23,2026-04-01,DEPT,,15.0,,
IND-303,D23,2026-05-01,DEPT,,32.0,,
IND-303,D23,2026-06-01,DEPT,,41.0,,
IND-303,D23,2026-07-01,DEPT,,51.0,,
IND-303,D24,2023-01-01,DEPT,,27.0,,
IND-303,D24,2023-02-01,DEPT,,36.0,,
IND-303,D24,2023-03-01,DEPT,,47.0,,
IND-303,D24,2023-04-01,DEPT,,32.0,,
IND-303,D24,2023-05-01,DEPT,,38.0,,
IND-303,D24,2023-06-01,DEPT,,39.0,,
IND-303,D24,2023-07-01,DEPT,,35.0,,
IND-303,D24,2023-08-01,DEPT,,34.0,,
IND-303,D24,2023-09-01,DEPT,,37.0,,
IND-303,D24,2023-10-01,DEPT,,120.0,,
IND-303,D24,2023-11-01,DEPT,,30.0,,
IND-303,D24,2023-12-01,DEPT,,35.0,,
IND-303,D24,2024-01-01,DEPT,,29.0,,
IND-303,D24,2024-02-01,DEPT,,35.0,,
IND-303,D24,2024-03-01,DEPT,,40.0,,
IND-303,D24,2024-04-01,DEPT,,27.0,,
IND-303,D24,2024-05-01,DEPT,,48.0,,
IND-303,D24,2024-06-01,DEPT,,37.0,,
IND-303,D24,2024-07-01,DEPT,,34.0,,
IND-303,D24,2024-08-01,DEPT,,45.0,,
IND-303,D24,2024-09-01,DEPT,,41.0,,
IND-303,D24,2024-10-01,DEPT,,54.0,,
IND-303,D24,2024-11-01,DEPT,,35.0,,
IND-303,D24,2024-12-01,DEPT,,34.0,,
IND-303,D24,2025-01-01,DEPT,,51.0,,
IND-303,D24,2025-02-01,DEPT,,52.0,,
IND-303,D24,2025-03-01,DEPT,,38.0,,
IND-303,D24,2025-04-01,DEPT,,59.0,,
IND-303,D24,2025-05-01,DEPT,,73.0,,
IND-303,D24,2025-06-01,DEPT,,77.0,,
IND-303,D24,2025-07-01,DEPT,,56.0,,
IND-303,D24,2025-08-01,DEPT,,56.0,,
IND-303,D24,2025-09-01,DEPT,,41.0,,
IND-303,D24,2025-10-01,DEPT,,56.0,,
IND-303,D24,2025-11-01,DEPT,,51.0,,
IND-303,D24,2025-12-01,DEPT,,42.0,,
IND-303,D24,2026-01-01,DEPT,,46.0,,
IND-303,D24,2026-02-01,DEPT,,100.0,,
IND-303,D24,2026-03-01,DEPT,,158.0,,
IND-303,D24,2026-04-01,DEPT,,218.0,,
IND-303,D24,2026-05-01,DEPT,,266.0,,
IND-303,D24,2026-06-01,DEPT,,312.0,,
IND-303,D24,2026-07-01,DEPT,,347.0,,
IND-303,D25,2023-01-01,DEPT,,79.0,,
IND-303,D25,2023-02-01,DEPT,,66.0,,
IND-303,D25,2023-03-01,DEPT,,88.0,,
IND-303,D25,2023-04-01,DEPT,,75.0,,
IND-303,D25,2023-05-01,DEPT,,78.0,,
IND-303,D25,2023-06-01,DEPT,,67.0,,
IND-303,D25,2023-07-01,DEPT,,65.0,,
IND-303,D25,2023-08-01,DEPT,,59.0,,
IND-303,D25,2023-09-01,DEPT,,93.0,,
IND-303,D25,2023-10-01,DEPT,,117.0,,
IND-303,D25,2023-11-01,DEPT,,98.0,,
IND-303,D25,2023-12-01,DEPT,,94.0,,
IND-303,D25,2024-01-01,DEPT,,127.0,,
IND-303,D25,2024-02-01,DEPT,,164.0,,
IND-303,D25,2024-03-01,DEPT,,153.0,,
IND-303,D25,2024-04-01,DEPT,,144.0,,
IND-303,D25,2024-05-01,DEPT,,124.0,,
IND-303,D25,2024-06-01,DEPT,,102.0,,
IND-303,D25,2024-07-01,DEPT,,100.0,,
IND-303,D25,2024-08-01,DEPT,,88.0,,
IND-303,D25,2024-09-01,DEPT,,91.0,,
IND-303,D25,2024-10-01,DEPT,,131.0,,
IND-303,D25,2024-11-01,DEPT,,121.0,,
IND-303,D25,2024-12-01,DEPT,,76.0,,
IND-303,D25,2025-01-01,DEPT,,141.0,,
IND-303,D25,2025-02-01,DEPT,,94.0,,
IND-303,D25,2025-03-01,DEPT,,142.0,,
IND-303,D25,2025-04-01,DEPT,,174.0,,
IND-303,D25,2025-05-01,DEPT,,145.0,,
IND-303,D25,2025-06-01,DEPT,,162.0,,
IND-303,D25,2025-07-01,DEPT,,120.0,,
IND-303,D25,2025-08-01,DEPT,,219.0,,
IND-303,D25,2025-09-01,DEPT,,123.0,,
IND-303,D25,2025-10-01,DEPT,,130.0,,
IND-303,D25,2025-11-01,DEPT,,123.0,,
IND-303,D25,2025-12-01,DEPT,,83.0,,
IND-303,D25,2026-01-01,DEPT,,121.0,,
IND-303,D25,2026-02-01,DEPT,,221.0,,
IND-303,D25,2026-03-01,DEPT,,371.0,,
IND-303,D25,2026-04-01,DEPT,,505.0,,
IND-303,D25,2026-05-01,DEPT,,627.0,,
IND-303,D25,2026-06-01,DEPT,,751.0,,
IND-303,D25,2026-07-01,DEPT,,910.0,,
IND-303,D26,2023-01-01,DEPT,,51.0,,
IND-303,D26,2023-02-01,DEPT,,43.0,,
IND-303,D26,2023-03-01,DEPT,,69.0,,
IND-303,D26,2023-04-01,DEPT,,42.0,,
IND-303,D26,2023-05-01,DEPT,,78.0,,
IND-303,D26,2023-06-01,DEPT,,45.0,,
IND-303,D26,2023-07-01,DEPT,,51.0,,
IND-303,D26,2023-08-01,DEPT,,58.0,,
IND-303,D26,2023-09-01,DEPT,,79.0,,
IND-303,D26,2023-10-01,DEPT,,69.0,,
IND-303,D26,2023-11-01,DEPT,,66.0,,
IND-303,D26,2023-12-01,DEPT,,49.0,,
IND-303,D26,2024-01-01,DEPT,,65.0,,
IND-303,D26,2024-02-01,DEPT,,68.0,,
IND-303,D26,2024-03-01,DEPT,,109.0,,
IND-303,D26,2024-04-01,DEPT,,90.0,,
IND-303,D26,2024-05-01,DEPT,,107.0,,
IND-303,D26,2024-06-01,DEPT,,58.0,,
IND-303,D26,2024-07-01,DEPT,,110.0,,
IND-303,D26,2024-08-01,DEPT,,132.0,,
IND-303,D26,2024-09-01,DEPT,,85.0,,
IND-303,D26,2024-10-01,DEPT,,95.0,,
IND-303,D26,2024-11-01,DEPT,,98.0,,
IND-303,D26,2024-12-01,DEPT,,71.0,,
IND-303,D26,2025-01-01,DEPT,,106.0,,
IND-303,D26,2025-02-01,DEPT,,88.0,,
IND-303,D26,2025-03-01,DEPT,,139.0,,
IND-303,D26,2025-04-01,DEPT,,158.0,,
IND-303,D26,2025-05-01,DEPT,,117.0,,
IND-303,D26,2025-06-01,DEPT,,152.0,,
IND-303,D26,2025-07-01,DEPT,,151.0,,
IND-303,D26,2025-08-01,DEPT,,222.0,,
IND-303,D26,2025-09-01,DEPT,,131.0,,
IND-303,D26,2025-10-01,DEPT,,140.0,,
IND-303,D26,2025-11-01,DEPT,,110.0,,
IND-303,D26,2025-12-01,DEPT,,113.0,,
IND-303,D26,2026-01-01,DEPT,,115.0,,
IND-303,D26,2026-02-01,DEPT,,257.0,,
IND-303,D26,2026-03-01,DEPT,,407.0,,
IND-303,D26,2026-04-01,DEPT,,553.0,,
IND-303,D26,2026-05-01,DEPT,,780.0,,
IND-303,D26,2026-06-01,DEPT,,878.0,,
IND-303,D26,2026-07-01,DEPT,,1017.0,,
IND-303,D27,2023-01-01,DEPT,,131.0,,
IND-303,D27,2023-02-01,DEPT,,125.0,,
IND-303,D27,2023-03-01,DEPT,,124.0,,
IND-303,D27,2023-04-01,DEPT,,114.0,,
IND-303,D27,2023-05-01,DEPT,,166.0,,
IND-303,D27,2023-06-01,DEPT,,94.0,,
IND-303,D27,2023-07-01,DEPT,,123.0,,
IND-303,D27,2023-08-01,DEPT,,98.0,,
IND-303,D27,2023-09-01,DEPT,,136.0,,
IND-303,D27,2023-10-01,DEPT,,102.0,,
IND-303,D27,2023-11-01,DEPT,,125.0,,
IND-303,D27,2023-12-01,DEPT,,74.0,,
IND-303,D27,2024-01-01,DEPT,,97.0,,
IND-303,D27,2024-02-01,DEPT,,95.0,,
IND-303,D27,2024-03-01,DEPT,,113.0,,
IND-303,D27,2024-04-01,DEPT,,81.0,,
IND-303,D27,2024-05-01,DEPT,,82.0,,
IND-303,D27,2024-06-01,DEPT,,80.0,,
IND-303,D27,2024-07-01,DEPT,,124.0,,
IND-303,D27,2024-08-01,DEPT,,121.0,,
IND-303,D27,2024-09-01,DEPT,,100.0,,
IND-303,D27,2024-10-01,DEPT,,97.0,,
IND-303,D27,2024-11-01,DEPT,,96.0,,
IND-303,D27,2024-12-01,DEPT,,82.0,,
IND-303,D27,2025-01-01,DEPT,,85.0,,
IND-303,D27,2025-02-01,DEPT,,106.0,,
IND-303,D27,2025-03-01,DEPT,,122.0,,
IND-303,D27,2025-04-01,DEPT,,151.0,,
IND-303,D27,2025-05-01,DEPT,,116.0,,
IND-303,D27,2025-06-01,DEPT,,150.0,,
IND-303,D27,2025-07-01,DEPT,,122.0,,
IND-303,D27,2025-08-01,DEPT,,131.0,,
IND-303,D27,2025-09-01,DEPT,,115.0,,
IND-303,D27,2025-10-01,DEPT,,139.0,,
IND-303,D27,2025-11-01,DEPT,,109.0,,
IND-303,D27,2025-12-01,DEPT,,117.0,,
IND-303,D27,2026-01-01,DEPT,,123.0,,
IND-303,D27,2026-02-01,DEPT,,254.0,,
IND-303,D27,2026-03-01,DEPT,,381.0,,
IND-303,D27,2026-04-01,DEPT,,489.0,,
IND-303,D27,2026-05-01,DEPT,,608.0,,
IND-303,D27,2026-06-01,DEPT,,723.0,,
IND-303,D27,2026-07-01,DEPT,,846.0,,
IND-303,D28,2023-01-01,DEPT,,34.0,,
IND-303,D28,2023-02-01,DEPT,,24.0,,
IND-303,D28,2023-03-01,DEPT,,50.0,,
IND-303,D28,2023-04-01,DEPT,,26.0,,
IND-303,D28,2023-05-01,DEPT,,34.0,,
IND-303,D28,2023-06-01,DEPT,,40.0,,
IND-303,D28,2023-07-01,DEPT,,26.0,,
IND-303,D28,2023-08-01,DEPT,,38.0,,
IND-303,D28,2023-09-01,DEPT,,49.0,,
IND-303,D28,2023-10-01,DEPT,,63.0,,
IND-303,D28,2023-11-01,DEPT,,52.0,,
IND-303,D28,2023-12-01,DEPT,,28.0,,
IND-303,D28,2024-01-01,DEPT,,58.0,,
IND-303,D28,2024-02-01,DEPT,,42.0,,
IND-303,D28,2024-03-01,DEPT,,40.0,,
IND-303,D28,2024-04-01,DEPT,,41.0,,
IND-303,D28,2024-05-01,DEPT,,50.0,,
IND-303,D28,2024-06-01,DEPT,,51.0,,
IND-303,D28,2024-07-01,DEPT,,42.0,,
IND-303,D28,2024-08-01,DEPT,,33.0,,
IND-303,D28,2024-09-01,DEPT,,50.0,,
IND-303,D28,2024-10-01,DEPT,,60.0,,
IND-303,D28,2024-11-01,DEPT,,46.0,,
IND-303,D28,2024-12-01,DEPT,,45.0,,
IND-303,D28,2025-01-01,DEPT,,45.0,,
IND-303,D28,2025-02-01,DEPT,,28.0,,
IND-303,D28,2025-03-01,DEPT,,68.0,,
IND-303,D28,2025-04-01,DEPT,,65.0,,
IND-303,D28,2025-05-01,DEPT,,61.0,,
IND-303,D28,2025-06-01,DEPT,,60.0,,
IND-303,D28,2025-07-01,DEPT,,60.0,,
IND-303,D28,2025-08-01,DEPT,,53.0,,
IND-303,D28,2025-09-01,DEPT,,69.0,,
IND-303,D28,2025-10-01,DEPT,,69.0,,
IND-303,D28,2025-11-01,DEPT,,69.0,,
IND-303,D28,2025-12-01,DEPT,,38.0,,
IND-303,D28,2026-01-01,DEPT,,70.0,,
IND-303,D28,2026-02-01,DEPT,,123.0,,
IND-303,D28,2026-03-01,DEPT,,179.0,,
IND-303,D28,2026-04-01,DEPT,,230.0,,
IND-303,D28,2026-05-01,DEPT,,300.0,,
IND-303,D28,2026-06-01,DEPT,,349.0,,
IND-303,D28,2026-07-01,DEPT,,402.0,,
IND-303,D29,2023-01-01,DEPT,,33.0,,
IND-303,D29,2023-02-01,DEPT,,34.0,,
IND-303,D29,2023-03-01,DEPT,,38.0,,
IND-303,D29,2023-04-01,DEPT,,27.0,,
IND-303,D29,2023-05-01,DEPT,,46.0,,
IND-303,D29,2023-06-01,DEPT,,28.0,,
IND-303,D29,2023-07-01,DEPT,,152.0,,
IND-303,D29,2023-08-01,DEPT,,113.0,,
IND-303,D29,2023-09-01,DEPT,,83.0,,
IND-303,D29,2023-10-01,DEPT,,49.0,,
IND-303,D29,2023-11-01,DEPT,,37.0,,
IND-303,D29,2023-12-01,DEPT,,41.0,,
IND-303,D29,2024-01-01,DEPT,,59.0,,
IND-303,D29,2024-02-01,DEPT,,45.0,,
IND-303,D29,2024-03-01,DEPT,,104.0,,
IND-303,D29,2024-04-01,DEPT,,76.0,,
IND-303,D29,2024-05-01,DEPT,,47.0,,
IND-303,D29,2024-06-01,DEPT,,92.0,,
IND-303,D29,2024-07-01,DEPT,,131.0,,
IND-303,D29,2024-08-01,DEPT,,136.0,,
IND-303,D29,2024-09-01,DEPT,,39.0,,
IND-303,D29,2024-10-01,DEPT,,45.0,,
IND-303,D29,2024-11-01,DEPT,,54.0,,
IND-303,D29,2024-12-01,DEPT,,46.0,,
IND-303,D29,2025-01-01,DEPT,,61.0,,
IND-303,D29,2025-02-01,DEPT,,59.0,,
IND-303,D29,2025-03-01,DEPT,,66.0,,
IND-303,D29,2025-04-01,DEPT,,64.0,,
IND-303,D29,2025-05-01,DEPT,,54.0,,
IND-303,D29,2025-06-01,DEPT,,88.0,,
IND-303,D29,2025-07-01,DEPT,,222.0,,
IND-303,D29,2025-08-01,DEPT,,223.0,,
IND-303,D29,2025-09-01,DEPT,,88.0,,
IND-303,D29,2025-10-01,DEPT,,79.0,,
IND-303,D29,2025-11-01,DEPT,,58.0,,
IND-303,D29,2025-12-01,DEPT,,159.0,,
IND-303,D29,2026-01-01,DEPT,,79.0,,
IND-303,D29,2026-02-01,DEPT,,140.0,,
IND-303,D29,2026-03-01,DEPT,,260.0,,
IND-303,D29,2026-04-01,DEPT,,340.0,,
IND-303,D29,2026-05-01,DEPT,,451.0,,
IND-303,D29,2026-06-01,DEPT,,527.0,,
IND-303,D29,2026-07-01,DEPT,,814.0,,
IND-303,D2A,2023-01-01,DEPT,,13.0,,
IND-303,D2A,2023-02-01,DEPT,,14.0,,
IND-303,D2A,2023-03-01,DEPT,,23.0,,
IND-303,D2A,2023-04-01,DEPT,,13.0,,
IND-303,D2A,2023-05-01,DEPT,,20.0,,
IND-303,D2A,2023-06-01,DEPT,,16.0,,
IND-303,D2A,2023-07-01,DEPT,,21.0,,
IND-303,D2A,2023-08-01,DEPT,,18.0,,
IND-303,D2A,2023-09-01,DEPT,,20.0,,
IND-303,D2A,2023-10-01,DEPT,,12.0,,
IND-303,D2A,2023-11-01,DEPT,,13.0,,
IND-303,D2A,2023-12-01,DEPT,,30.0,,
IND-303,D2A,2024-01-01,DEPT,,24.0,,
IND-303,D2A,2024-02-01,DEPT,,12.0,,
IND-303,D2A,2024-03-01,DEPT,,15.0,,
IND-303,D2A,2024-04-01,DEPT,,14.0,,
IND-303,D2A,2024-05-01,DEPT,,14.0,,
IND-303,D2A,2024-06-01,DEPT,,16.0,,
IND-303,D2A,2024-07-01,DEPT,,18.0,,
IND-303,D2A,2024-08-01,DEPT,,13.0,,
IND-303,D2A,2024-09-01,DEPT,,20.0,,
IND-303,D2A,2024-10-01,DEPT,,18.0,,
IND-303,D2A,2024-11-01,DEPT,,19.0,,
IND-303,D2A,2024-12-01,DEPT,,9.0,,
IND-303,D2A,2025-01-01,DEPT,,11.0,,
IND-303,D2A,2025-02-01,DEPT,,17.0,,
IND-303,D2A,2025-03-01,DEPT,,22.0,,
IND-303,D2A,2025-04-01,DEPT,,8.0,,
IND-303,D2A,2025-05-01,DEPT,,18.0,,
IND-303,D2A,2025-06-01,DEPT,,18.0,,
IND-303,D2A,2025-07-01,DEPT,,36.0,,
IND-303,D2A,2025-08-01,DEPT,,24.0,,
IND-303,D2A,2025-09-01,DEPT,,26.0,,
IND-303,D2A,2025-10-01,DEPT,,22.0,,
IND-303,D2A,2025-11-01,DEPT,,16.0,,
IND-303,D2A,2025-12-01,DEPT,,17.0,,
IND-303,D2A,2026-01-01,DEPT,,20.0,,
IND-303,D2A,2026-02-01,DEPT,,31.0,,
IND-303,D2A,2026-03-01,DEPT,,44.0,,
IND-303,D2A,2026-04-01,DEPT,,54.0,,
IND-303,D2A,2026-05-01,DEPT,,81.0,,
IND-303,D2A,2026-06-01,DEPT,,102.0,,
IND-303,D2A,2026-07-01,DEPT,,112.0,,
IND-303,D2B,2023-01-01,DEPT,,15.0,,
IND-303,D2B,2023-02-01,DEPT,,12.0,,
IND-303,D2B,2023-03-01,DEPT,,8.0,,
IND-303,D2B,2023-04-01,DEPT,,8.0,,
IND-303,D2B,2023-05-01,DEPT,,14.0,,
IND-303,D2B,2023-06-01,DEPT,,9.0,,
IND-303,D2B,2023-07-01,DEPT,,21.0,,
IND-303,D2B,2023-08-01,DEPT,,33.0,,
IND-303,D2B,2023-09-01,DEPT,,13.0,,
IND-303,D2B,2023-10-01,DEPT,,8.0,,
IND-303,D2B,2023-11-01,DEPT,,10.0,,
IND-303,D2B,2023-12-01,DEPT,,4.0,,
IND-303,D2B,2024-01-01,DEPT,,9.0,,
IND-303,D2B,2024-02-01,DEPT,,7.0,,
IND-303,D2B,2024-03-01,DEPT,,11.0,,
IND-303,D2B,2024-04-01,DEPT,,14.0,,
IND-303,D2B,2024-05-01,DEPT,,8.0,,
IND-303,D2B,2024-06-01,DEPT,,10.0,,
IND-303,D2B,2024-07-01,DEPT,,23.0,,
IND-303,D2B,2024-08-01,DEPT,,8.0,,
IND-303,D2B,2024-09-01,DEPT,,10.0,,
IND-303,D2B,2024-10-01,DEPT,,13.0,,
IND-303,D2B,2024-11-01,DEPT,,14.0,,
IND-303,D2B,2024-12-01,DEPT,,7.0,,
IND-303,D2B,2025-01-01,DEPT,,16.0,,
IND-303,D2B,2025-02-01,DEPT,,13.0,,
IND-303,D2B,2025-03-01,DEPT,,15.0,,
IND-303,D2B,2025-04-01,DEPT,,12.0,,
IND-303,D2B,2025-05-01,DEPT,,21.0,,
IND-303,D2B,2025-06-01,DEPT,,17.0,,
IND-303,D2B,2025-07-01,DEPT,,31.0,,
IND-303,D2B,2025-08-01,DEPT,,15.0,,
IND-303,D2B,2025-09-01,DEPT,,12.0,,
IND-303,D2B,2025-10-01,DEPT,,28.0,,
IND-303,D2B,2025-11-01,DEPT,,5.0,,
IND-303,D2B,2025-12-01,DEPT,,11.0,,
IND-303,D2B,2026-01-01,DEPT,,14.0,,
IND-303,D2B,2026-02-01,DEPT,,28.0,,
IND-303,D2B,2026-03-01,DEPT,,35.0,,
IND-303,D2B,2026-04-01,DEPT,,54.0,,
IND-303,D2B,2026-05-01,DEPT,,80.0,,
IND-303,D2B,2026-06-01,DEPT,,98.0,,
IND-303,D2B,2026-07-01,DEPT,,122.0,,
IND-303,D30,2023-01-01,DEPT,,100.0,,
IND-303,D30,2023-02-01,DEPT,,102.0,,
IND-303,D30,2023-03-01,DEPT,,92.0,,
IND-303,D30,2023-04-01,DEPT,,65.0,,
IND-303,D30,2023-05-01,DEPT,,174.0,,
IND-303,D30,2023-06-01,DEPT,,103.0,,
IND-303,D30,2023-07-01,DEPT,,84.0,,
IND-303,D30,2023-08-01,DEPT,,92.0,,
IND-303,D30,2023-09-01,DEPT,,178.0,,
IND-303,D30,2023-10-01,DEPT,,279.0,,
IND-303,D30,2023-11-01,DEPT,,222.0,,
IND-303,D30,2023-12-01,DEPT,,159.0,,
IND-303,D30,2024-01-01,DEPT,,167.0,,
IND-303,D30,2024-02-01,DEPT,,134.0,,
IND-303,D30,2024-03-01,DEPT,,134.0,,
IND-303,D30,2024-04-01,DEPT,,116.0,,
IND-303,D30,2024-05-01,DEPT,,255.0,,
IND-303,D30,2024-06-01,DEPT,,147.0,,
IND-303,D30,2024-07-01,DEPT,,219.0,,
IND-303,D30,2024-08-01,DEPT,,213.0,,
IND-303,D30,2024-09-01,DEPT,,164.0,,
IND-303,D30,2024-10-01,DEPT,,148.0,,
IND-303,D30,2024-11-01,DEPT,,104.0,,
IND-303,D30,2024-12-01,DEPT,,113.0,,
IND-303,D30,2025-01-01,DEPT,,154.0,,
IND-303,D30,2025-02-01,DEPT,,151.0,,
IND-303,D30,2025-03-01,DEPT,,234.0,,
IND-303,D30,2025-04-01,DEPT,,196.0,,
IND-303,D30,2025-05-01,DEPT,,206.0,,
IND-303,D30,2025-06-01,DEPT,,174.0,,
IND-303,D30,2025-07-01,DEPT,,332.0,,
IND-303,D30,2025-08-01,DEPT,,357.0,,
IND-303,D30,2025-09-01,DEPT,,236.0,,
IND-303,D30,2025-10-01,DEPT,,211.0,,
IND-303,D30,2025-11-01,DEPT,,179.0,,
IND-303,D30,2025-12-01,DEPT,,147.0,,
IND-303,D30,2026-01-01,DEPT,,182.0,,
IND-303,D30,2026-02-01,DEPT,,361.0,,
IND-303,D30,2026-03-01,DEPT,,594.0,,
IND-303,D30,2026-04-01,DEPT,,811.0,,
IND-303,D30,2026-05-01,DEPT,,1063.0,,
IND-303,D30,2026-06-01,DEPT,,1227.0,,
IND-303,D30,2026-07-01,DEPT,,1540.0,,
IND-303,D31,2023-01-01,DEPT,,383.0,,
IND-303,D31,2023-02-01,DEPT,,285.0,,
IND-303,D31,2023-03-01,DEPT,,385.0,,
IND-303,D31,2023-04-01,DEPT,,305.0,,
IND-303,D31,2023-05-01,DEPT,,375.0,,
IND-303,D31,2023-06-01,DEPT,,298.0,,
IND-303,D31,2023-07-01,DEPT,,196.0,,
IND-303,D31,2023-08-01,DEPT,,131.0,,
IND-303,D31,2023-09-01,DEPT,,346.0,,
IND-303,D31,2023-10-01,DEPT,,387.0,,
IND-303,D31,2023-11-01,DEPT,,261.0,,
IND-303,D31,2023-12-01,DEPT,,283.0,,
IND-303,D31,2024-01-01,DEPT,,347.0,,
IND-303,D31,2024-02-01,DEPT,,350.0,,
IND-303,D31,2024-03-01,DEPT,,302.0,,
IND-303,D31,2024-04-01,DEPT,,352.0,,
IND-303,D31,2024-05-01,DEPT,,251.0,,
IND-303,D31,2024-06-01,DEPT,,265.0,,
IND-303,D31,2024-07-01,DEPT,,349.0,,
IND-303,D31,2024-08-01,DEPT,,315.0,,
IND-303,D31,2024-09-01,DEPT,,237.0,,
IND-303,D31,2024-10-01,DEPT,,321.0,,
IND-303,D31,2024-11-01,DEPT,,305.0,,
IND-303,D31,2024-12-01,DEPT,,293.0,,
IND-303,D31,2025-01-01,DEPT,,351.0,,
IND-303,D31,2025-02-01,DEPT,,345.0,,
IND-303,D31,2025-03-01,DEPT,,361.0,,
IND-303,D31,2025-04-01,DEPT,,437.0,,
IND-303,D31,2025-05-01,DEPT,,370.0,,
IND-303,D31,2025-06-01,DEPT,,288.0,,
IND-303,D31,2025-07-01,DEPT,,308.0,,
IND-303,D31,2025-08-01,DEPT,,426.0,,
IND-303,D31,2025-09-01,DEPT,,432.0,,
IND-303,D31,2025-10-01,DEPT,,537.0,,
IND-303,D31,2025-11-01,DEPT,,414.0,,
IND-303,D31,2025-12-01,DEPT,,381.0,,
IND-303,D31,2026-01-01,DEPT,,440.0,,
IND-303,D31,2026-02-01,DEPT,,863.0,,
IND-303,D31,2026-03-01,DEPT,,1304.0,,
IND-303,D31,2026-04-01,DEPT,,1766.0,,
IND-303,D31,2026-05-01,DEPT,,2251.0,,
IND-303,D31,2026-06-01,DEPT,,2601.0,,
IND-303,D31,2026-07-01,DEPT,,2975.0,,
IND-303,D32,2023-01-01,DEPT,,11.0,,
IND-303,D32,2023-02-01,DEPT,,5.0,,
IND-303,D32,2023-03-01,DEPT,,12.0,,
IND-303,D32,2023-04-01,DEPT,,20.0,,
IND-303,D32,2023-05-01,DEPT,,67.0,,
IND-303,D32,2023-06-01,DEPT,,3.0,,
IND-303,D32,2023-07-01,DEPT,,21.0,,
IND-303,D32,2023-08-01,DEPT,,14.0,,
IND-303,D32,2023-09-01,DEPT,,17.0,,
IND-303,D32,2023-10-01,DEPT,,22.0,,
IND-303,D32,2023-11-01,DEPT,,10.0,,
IND-303,D32,2023-12-01,DEPT,,9.0,,
IND-303,D32,2024-01-01,DEPT,,6.0,,
IND-303,D32,2024-02-01,DEPT,,6.0,,
IND-303,D32,2024-03-01,DEPT,,15.0,,
IND-303,D32,2024-04-01,DEPT,,25.0,,
IND-303,D32,2024-05-01,DEPT,,44.0,,
IND-303,D32,2024-06-01,DEPT,,13.0,,
IND-303,D32,2024-07-01,DEPT,,33.0,,
IND-303,D32,2024-08-01,DEPT,,14.0,,
IND-303,D32,2024-09-01,DEPT,,12.0,,
IND-303,D32,2024-10-01,DEPT,,11.0,,
IND-303,D32,2024-11-01,DEPT,,5.0,,
IND-303,D32,2024-12-01,DEPT,,3.0,,
IND-303,D32,2025-01-01,DEPT,,5.0,,
IND-303,D32,2025-02-01,DEPT,,15.0,,
IND-303,D32,2025-03-01,DEPT,,18.0,,
IND-303,D32,2025-04-01,DEPT,,50.0,,
IND-303,D32,2025-05-01,DEPT,,12.0,,
IND-303,D32,2025-06-01,DEPT,,48.0,,
IND-303,D32,2025-07-01,DEPT,,29.0,,
IND-303,D32,2025-08-01,DEPT,,17.0,,
IND-303,D32,2025-09-01,DEPT,,28.0,,
IND-303,D32,2025-10-01,DEPT,,16.0,,
IND-303,D32,2025-11-01,DEPT,,12.0,,
IND-303,D32,2025-12-01,DEPT,,12.0,,
IND-303,D32,2026-01-01,DEPT,,18.0,,
IND-303,D32,2026-02-01,DEPT,,30.0,,
IND-303,D32,2026-03-01,DEPT,,45.0,,
IND-303,D32,2026-04-01,DEPT,,72.0,,
IND-303,D32,2026-05-01,DEPT,,99.0,,
IND-303,D32,2026-06-01,DEPT,,107.0,,
IND-303,D32,2026-07-01,DEPT,,119.0,,
IND-303,D33,2023-01-01,DEPT,,193.0,,
IND-303,D33,2023-02-01,DEPT,,144.0,,
IND-303,D33,2023-03-01,DEPT,,140.0,,
IND-303,D33,2023-04-01,DEPT,,142.0,,
IND-303,D33,2023-05-01,DEPT,,187.0,,
IND-303,D33,2023-06-01,DEPT,,168.0,,
IND-303,D33,2023-07-01,DEPT,,178.0,,
IND-303,D33,2023-08-01,DEPT,,215.0,,
IND-303,D33,2023-09-01,DEPT,,219.0,,
IND-303,D33,2023-10-01,DEPT,,220.0,,
IND-303,D33,2023-11-01,DEPT,,125.0,,
IND-303,D33,2023-12-01,DEPT,,116.0,,
IND-303,D33,2024-01-01,DEPT,,198.0,,
IND-303,D33,2024-02-01,DEPT,,177.0,,
IND-303,D33,2024-03-01,DEPT,,188.0,,
IND-303,D33,2024-04-01,DEPT,,159.0,,
IND-303,D33,2024-05-01,DEPT,,241.0,,
IND-303,D33,2024-06-01,DEPT,,201.0,,
IND-303,D33,2024-07-01,DEPT,,210.0,,
IND-303,D33,2024-08-01,DEPT,,265.0,,
IND-303,D33,2024-09-01,DEPT,,169.0,,
IND-303,D33,2024-10-01,DEPT,,253.0,,
IND-303,D33,2024-11-01,DEPT,,218.0,,
IND-303,D33,2024-12-01,DEPT,,183.0,,
IND-303,D33,2025-01-01,DEPT,,196.0,,
IND-303,D33,2025-02-01,DEPT,,206.0,,
IND-303,D33,2025-03-01,DEPT,,228.0,,
IND-303,D33,2025-04-01,DEPT,,223.0,,
IND-303,D33,2025-05-01,DEPT,,236.0,,
IND-303,D33,2025-06-01,DEPT,,298.0,,
IND-303,D33,2025-07-01,DEPT,,233.0,,
IND-303,D33,2025-08-01,DEPT,,367.0,,
IND-303,D33,2025-09-01,DEPT,,208.0,,
IND-303,D33,2025-10-01,DEPT,,232.0,,
IND-303,D33,2025-11-01,DEPT,,235.0,,
IND-303,D33,2025-12-01,DEPT,,170.0,,
IND-303,D33,2026-01-01,DEPT,,215.0,,
IND-303,D33,2026-02-01,DEPT,,412.0,,
IND-303,D33,2026-03-01,DEPT,,641.0,,
IND-303,D33,2026-04-01,DEPT,,870.0,,
IND-303,D33,2026-05-01,DEPT,,1123.0,,
IND-303,D33,2026-06-01,DEPT,,1321.0,,
IND-303,D33,2026-07-01,DEPT,,1554.0,,
IND-303,D34,2023-01-01,DEPT,,344.0,,
IND-303,D34,2023-02-01,DEPT,,312.0,,
IND-303,D34,2023-03-01,DEPT,,276.0,,
IND-303,D34,2023-04-01,DEPT,,306.0,,
IND-303,D34,2023-05-01,DEPT,,296.0,,
IND-303,D34,2023-06-01,DEPT,,244.0,,
IND-303,D34,2023-07-01,DEPT,,469.0,,
IND-303,D34,2023-08-01,DEPT,,599.0,,
IND-303,D34,2023-09-01,DEPT,,328.0,,
IND-303,D34,2023-10-01,DEPT,,313.0,,
IND-303,D34,2023-11-01,DEPT,,221.0,,
IND-303,D34,2023-12-01,DEPT,,317.0,,
IND-303,D34,2024-01-01,DEPT,,275.0,,
IND-303,D34,2024-02-01,DEPT,,358.0,,
IND-303,D34,2024-03-01,DEPT,,398.0,,
IND-303,D34,2024-04-01,DEPT,,399.0,,
IND-303,D34,2024-05-01,DEPT,,361.0,,
IND-303,D34,2024-06-01,DEPT,,399.0,,
IND-303,D34,2024-07-01,DEPT,,730.0,,
IND-303,D34,2024-08-01,DEPT,,604.0,,
IND-303,D34,2024-09-01,DEPT,,342.0,,
IND-303,D34,2024-10-01,DEPT,,409.0,,
IND-303,D34,2024-11-01,DEPT,,343.0,,
IND-303,D34,2024-12-01,DEPT,,289.0,,
IND-303,D34,2025-01-01,DEPT,,354.0,,
IND-303,D34,2025-02-01,DEPT,,451.0,,
IND-303,D34,2025-03-01,DEPT,,389.0,,
IND-303,D34,2025-04-01,DEPT,,486.0,,
IND-303,D34,2025-05-01,DEPT,,518.0,,
IND-303,D34,2025-06-01,DEPT,,572.0,,
IND-303,D34,2025-07-01,DEPT,,733.0,,
IND-303,D34,2025-08-01,DEPT,,766.0,,
IND-303,D34,2025-09-01,DEPT,,553.0,,
IND-303,D34,2025-10-01,DEPT,,590.0,,
IND-303,D34,2025-11-01,DEPT,,412.0,,
IND-303,D34,2025-12-01,DEPT,,384.0,,
IND-303,D34,2026-01-01,DEPT,,527.0,,
IND-303,D34,2026-02-01,DEPT,,1062.0,,
IND-303,D34,2026-03-01,DEPT,,1636.0,,
IND-303,D34,2026-04-01,DEPT,,2260.0,,
IND-303,D34,2026-05-01,DEPT,,2784.0,,
IND-303,D34,2026-06-01,DEPT,,3450.0,,
IND-303,D34,2026-07-01,DEPT,,4342.0,,
IND-303,D35,2023-01-01,DEPT,,175.0,,
IND-303,D35,2023-02-01,DEPT,,157.0,,
IND-303,D35,2023-03-01,DEPT,,97.0,,
IND-303,D35,2023-04-01,DEPT,,161.0,,
IND-303,D35,2023-05-01,DEPT,,141.0,,
IND-303,D35,2023-06-01,DEPT,,139.0,,
IND-303,D35,2023-07-01,DEPT,,170.0,,
IND-303,D35,2023-08-01,DEPT,,235.0,,
IND-303,D35,2023-09-01,DEPT,,128.0,,
IND-303,D35,2023-10-01,DEPT,,151.0,,
IND-303,D35,2023-11-01,DEPT,,141.0,,
IND-303,D35,2023-12-01,DEPT,,221.0,,
IND-303,D35,2024-01-01,DEPT,,153.0,,
IND-303,D35,2024-02-01,DEPT,,125.0,,
IND-303,D35,2024-03-01,DEPT,,247.0,,
IND-303,D35,2024-04-01,DEPT,,247.0,,
IND-303,D35,2024-05-01,DEPT,,104.0,,
IND-303,D35,2024-06-01,DEPT,,176.0,,
IND-303,D35,2024-07-01,DEPT,,101.0,,
IND-303,D35,2024-08-01,DEPT,,282.0,,
IND-303,D35,2024-09-01,DEPT,,114.0,,
IND-303,D35,2024-10-01,DEPT,,140.0,,
IND-303,D35,2024-11-01,DEPT,,196.0,,
IND-303,D35,2024-12-01,DEPT,,180.0,,
IND-303,D35,2025-01-01,DEPT,,116.0,,
IND-303,D35,2025-02-01,DEPT,,149.0,,
IND-303,D35,2025-03-01,DEPT,,214.0,,
IND-303,D35,2025-04-01,DEPT,,220.0,,
IND-303,D35,2025-05-01,DEPT,,151.0,,
IND-303,D35,2025-06-01,DEPT,,222.0,,
IND-303,D35,2025-07-01,DEPT,,125.0,,
IND-303,D35,2025-08-01,DEPT,,376.0,,
IND-303,D35,2025-09-01,DEPT,,135.0,,
IND-303,D35,2025-10-01,DEPT,,183.0,,
IND-303,D35,2025-11-01,DEPT,,207.0,,
IND-303,D35,2025-12-01,DEPT,,243.0,,
IND-303,D35,2026-01-01,DEPT,,153.0,,
IND-303,D35,2026-02-01,DEPT,,361.0,,
IND-303,D35,2026-03-01,DEPT,,515.0,,
IND-303,D35,2026-04-01,DEPT,,661.0,,
IND-303,D35,2026-05-01,DEPT,,776.0,,
IND-303,D35,2026-06-01,DEPT,,857.0,,
IND-303,D35,2026-07-01,DEPT,,976.0,,
IND-303,D36,2023-01-01,DEPT,,12.0,,
IND-303,D36,2023-02-01,DEPT,,15.0,,
IND-303,D36,2023-03-01,DEPT,,14.0,,
IND-303,D36,2023-04-01,DEPT,,16.0,,
IND-303,D36,2023-05-01,DEPT,,322.0,,
IND-303,D36,2023-06-01,DEPT,,10.0,,
IND-303,D36,2023-07-01,DEPT,,12.0,,
IND-303,D36,2023-08-01,DEPT,,7.0,,
IND-303,D36,2023-09-01,DEPT,,10.0,,
IND-303,D36,2023-10-01,DEPT,,25.0,,
IND-303,D36,2023-11-01,DEPT,,19.0,,
IND-303,D36,2023-12-01,DEPT,,5.0,,
IND-303,D36,2024-01-01,DEPT,,10.0,,
IND-303,D36,2024-02-01,DEPT,,16.0,,
IND-303,D36,2024-03-01,DEPT,,19.0,,
IND-303,D36,2024-04-01,DEPT,,26.0,,
IND-303,D36,2024-05-01,DEPT,,12.0,,
IND-303,D36,2024-06-01,DEPT,,14.0,,
IND-303,D36,2024-07-01,DEPT,,26.0,,
IND-303,D36,2024-08-01,DEPT,,45.0,,
IND-303,D36,2024-09-01,DEPT,,10.0,,
IND-303,D36,2024-10-01,DEPT,,11.0,,
IND-303,D36,2024-11-01,DEPT,,10.0,,
IND-303,D36,2024-12-01,DEPT,,13.0,,
IND-303,D36,2025-01-01,DEPT,,20.0,,
IND-303,D36,2025-02-01,DEPT,,17.0,,
IND-303,D36,2025-03-01,DEPT,,47.0,,
IND-303,D36,2025-04-01,DEPT,,15.0,,
IND-303,D36,2025-05-01,DEPT,,33.0,,
IND-303,D36,2025-06-01,DEPT,,18.0,,
IND-303,D36,2025-07-01,DEPT,,25.0,,
IND-303,D36,2025-08-01,DEPT,,28.0,,
IND-303,D36,2025-09-01,DEPT,,42.0,,
IND-303,D36,2025-10-01,DEPT,,28.0,,
IND-303,D36,2025-11-01,DEPT,,28.0,,
IND-303,D36,2025-12-01,DEPT,,30.0,,
IND-303,D36,2026-01-01,DEPT,,22.0,,
IND-303,D36,2026-02-01,DEPT,,40.0,,
IND-303,D36,2026-03-01,DEPT,,74.0,,
IND-303,D36,2026-04-01,DEPT,,101.0,,
IND-303,D36,2026-05-01,DEPT,,114.0,,
IND-303,D36,2026-06-01,DEPT,,131.0,,
IND-303,D36,2026-07-01,DEPT,,156.0,,
IND-303,D37,2023-01-01,DEPT,,66.0,,
IND-303,D37,2023-02-01,DEPT,,65.0,,
IND-303,D37,2023-03-01,DEPT,,48.0,,
IND-303,D37,2023-04-01,DEPT,,48.0,,
IND-303,D37,2023-05-01,DEPT,,66.0,,
IND-303,D37,2023-06-01,DEPT,,31.0,,
IND-303,D37,2023-07-01,DEPT,,23.0,,
IND-303,D37,2023-08-01,DEPT,,56.0,,
IND-303,D37,2023-09-01,DEPT,,47.0,,
IND-303,D37,2023-10-01,DEPT,,69.0,,
IND-303,D37,2023-11-01,DEPT,,35.0,,
IND-303,D37,2023-12-01,DEPT,,40.0,,
IND-303,D37,2024-01-01,DEPT,,98.0,,
IND-303,D37,2024-02-01,DEPT,,47.0,,
IND-303,D37,2024-03-01,DEPT,,47.0,,
IND-303,D37,2024-04-01,DEPT,,40.0,,
IND-303,D37,2024-05-01,DEPT,,55.0,,
IND-303,D37,2024-06-01,DEPT,,55.0,,
IND-303,D37,2024-07-01,DEPT,,32.0,,
IND-303,D37,2024-08-01,DEPT,,79.0,,
IND-303,D37,2024-09-01,DEPT,,28.0,,
IND-303,D37,2024-10-01,DEPT,,46.0,,
IND-303,D37,2024-11-01,DEPT,,54.0,,
IND-303,D37,2024-12-01,DEPT,,32.0,,
IND-303,D37,2025-01-01,DEPT,,70.0,,
IND-303,D37,2025-02-01,DEPT,,55.0,,
IND-303,D37,2025-03-01,DEPT,,35.0,,
IND-303,D37,2025-04-01,DEPT,,89.0,,
IND-303,D37,2025-05-01,DEPT,,41.0,,
IND-303,D37,2025-06-01,DEPT,,84.0,,
IND-303,D37,2025-07-01,DEPT,,93.0,,
IND-303,D37,2025-08-01,DEPT,,158.0,,
IND-303,D37,2025-09-01,DEPT,,55.0,,
IND-303,D37,2025-10-01,DEPT,,53.0,,
IND-303,D37,2025-11-01,DEPT,,50.0,,
IND-303,D37,2025-12-01,DEPT,,45.0,,
IND-303,D37,2026-01-01,DEPT,,60.0,,
IND-303,D37,2026-02-01,DEPT,,113.0,,
IND-303,D37,2026-03-01,DEPT,,168.0,,
IND-303,D37,2026-04-01,DEPT,,252.0,,
IND-303,D37,2026-05-01,DEPT,,301.0,,
IND-303,D37,2026-06-01,DEPT,,375.0,,
IND-303,D37,2026-07-01,DEPT,,453.0,,
IND-303,D38,2023-01-01,DEPT,,339.0,,
IND-303,D38,2023-02-01,DEPT,,287.0,,
IND-303,D38,2023-03-01,DEPT,,367.0,,
IND-303,D38,2023-04-01,DEPT,,282.0,,
IND-303,D38,2023-05-01,DEPT,,397.0,,
IND-303,D38,2023-06-01,DEPT,,272.0,,
IND-303,D38,2023-07-01,DEPT,,313.0,,
IND-303,D38,2023-08-01,DEPT,,243.0,,
IND-303,D38,2023-09-01,DEPT,,332.0,,
IND-303,D38,2023-10-01,DEPT,,306.0,,
IND-303,D38,2023-11-01,DEPT,,225.0,,
IND-303,D38,2023-12-01,DEPT,,224.0,,
IND-303,D38,2024-01-01,DEPT,,328.0,,
IND-303,D38,2024-02-01,DEPT,,419.0,,
IND-303,D38,2024-03-01,DEPT,,435.0,,
IND-303,D38,2024-04-01,DEPT,,351.0,,
IND-303,D38,2024-05-01,DEPT,,276.0,,
IND-303,D38,2024-06-01,DEPT,,247.0,,
IND-303,D38,2024-07-01,DEPT,,327.0,,
IND-303,D38,2024-08-01,DEPT,,356.0,,
IND-303,D38,2024-09-01,DEPT,,283.0,,
IND-303,D38,2024-10-01,DEPT,,327.0,,
IND-303,D38,2024-11-01,DEPT,,251.0,,
IND-303,D38,2024-12-01,DEPT,,248.0,,
IND-303,D38,2025-01-01,DEPT,,375.0,,
IND-303,D38,2025-02-01,DEPT,,338.0,,
IND-303,D38,2025-03-01,DEPT,,410.0,,
IND-303,D38,2025-04-01,DEPT,,295.0,,
IND-303,D38,2025-05-01,DEPT,,291.0,,
IND-303,D38,2025-06-01,DEPT,,270.0,,
IND-303,D38,2025-07-01,DEPT,,351.0,,
IND-303,D38,2025-08-01,DEPT,,381.0,,
IND-303,D38,2025-09-01,DEPT,,291.0,,
IND-303,D38,2025-10-01,DEPT,,338.0,,
IND-303,D38,2025-11-01,DEPT,,276.0,,
IND-303,D38,2025-12-01,DEPT,,310.0,,
IND-303,D38,2026-01-01,DEPT,,339.0,,
IND-303,D38,2026-02-01,DEPT,,732.0,,
IND-303,D38,2026-03-01,DEPT,,1217.0,,
IND-303,D38,2026-04-01,DEPT,,1571.0,,
IND-303,D38,2026-05-01,DEPT,,1867.0,,
IND-303,D38,2026-06-01,DEPT,,2104.0,,
IND-303,D38,2026-07-01,DEPT,,2376.0,,
IND-303,D39,2023-01-01,DEPT,,25.0,,
IND-303,D39,2023-02-01,DEPT,,22.0,,
IND-303,D39,2023-03-01,DEPT,,19.0,,
IND-303,D39,2023-04-01,DEPT,,22.0,,
IND-303,D39,2023-05-01,DEPT,,44.0,,
IND-303,D39,2023-06-01,DEPT,,28.0,,
IND-303,D39,2023-07-01,DEPT,,15.0,,
IND-303,D39,2023-08-01,DEPT,,173.0,,
IND-303,D39,2023-09-01,DEPT,,36.0,,
IND-303,D39,2023-10-01,DEPT,,14.0,,
IND-303,D39,2023-11-01,DEPT,,28.0,,
IND-303,D39,2023-12-01,DEPT,,16.0,,
IND-303,D39,2024-01-01,DEPT,,18.0,,
IND-303,D39,2024-02-01,DEPT,,28.0,,
IND-303,D39,2024-03-01,DEPT,,34.0,,
IND-303,D39,2024-04-01,DEPT,,33.0,,
IND-303,D39,2024-05-01,DEPT,,37.0,,
IND-303,D39,2024-06-01,DEPT,,31.0,,
IND-303,D39,2024-07-01,DEPT,,28.0,,
IND-303,D39,2024-08-01,DEPT,,128.0,,
IND-303,D39,2024-09-01,DEPT,,22.0,,
IND-303,D39,2024-10-01,DEPT,,32.0,,
IND-303,D39,2024-11-01,DEPT,,20.0,,
IND-303,D39,2024-12-01,DEPT,,15.0,,
IND-303,D39,2025-01-01,DEPT,,20.0,,
IND-303,D39,2025-02-01,DEPT,,27.0,,
IND-303,D39,2025-03-01,DEPT,,33.0,,
IND-303,D39,2025-04-01,DEPT,,29.0,,
IND-303,D39,2025-05-01,DEPT,,59.0,,
IND-303,D39,2025-06-01,DEPT,,53.0,,
IND-303,D39,2025-07-01,DEPT,,36.0,,
IND-303,D39,2025-08-01,DEPT,,183.0,,
IND-303,D39,2025-09-01,DEPT,,23.0,,
IND-303,D39,2025-10-01,DEPT,,54.0,,
IND-303,D39,2025-11-01,DEPT,,19.0,,
IND-303,D39,2025-12-01,DEPT,,31.0,,
IND-303,D39,2026-01-01,DEPT,,31.0,,
IND-303,D39,2026-02-01,DEPT,,56.0,,
IND-303,D39,2026-03-01,DEPT,,93.0,,
IND-303,D39,2026-04-01,DEPT,,137.0,,
IND-303,D39,2026-05-01,DEPT,,193.0,,
IND-303,D39,2026-06-01,DEPT,,233.0,,
IND-303,D39,2026-07-01,DEPT,,259.0,,
IND-303,D40,2023-01-01,DEPT,,35.0,,
IND-303,D40,2023-02-01,DEPT,,29.0,,
IND-303,D40,2023-03-01,DEPT,,28.0,,
IND-303,D40,2023-04-01,DEPT,,34.0,,
IND-303,D40,2023-05-01,DEPT,,28.0,,
IND-303,D40,2023-06-01,DEPT,,13.0,,
IND-303,D40,2023-07-01,DEPT,,35.0,,
IND-303,D40,2023-08-01,DEPT,,76.0,,
IND-303,D40,2023-09-01,DEPT,,25.0,,
IND-303,D40,2023-10-01,DEPT,,40.0,,
IND-303,D40,2023-11-01,DEPT,,30.0,,
IND-303,D40,2023-12-01,DEPT,,20.0,,
IND-303,D40,2024-01-01,DEPT,,28.0,,
IND-303,D40,2024-02-01,DEPT,,33.0,,
IND-303,D40,2024-03-01,DEPT,,50.0,,
IND-303,D40,2024-04-01,DEPT,,38.0,,
IND-303,D40,2024-05-01,DEPT,,71.0,,
IND-303,D40,2024-06-01,DEPT,,34.0,,
IND-303,D40,2024-07-01,DEPT,,123.0,,
IND-303,D40,2024-08-01,DEPT,,295.0,,
IND-303,D40,2024-09-01,DEPT,,45.0,,
IND-303,D40,2024-10-01,DEPT,,43.0,,
IND-303,D40,2024-11-01,DEPT,,17.0,,
IND-303,D40,2024-12-01,DEPT,,36.0,,
IND-303,D40,2025-01-01,DEPT,,44.0,,
IND-303,D40,2025-02-01,DEPT,,32.0,,
IND-303,D40,2025-03-01,DEPT,,24.0,,
IND-303,D40,2025-04-01,DEPT,,36.0,,
IND-303,D40,2025-05-01,DEPT,,70.0,,
IND-303,D40,2025-06-01,DEPT,,59.0,,
IND-303,D40,2025-07-01,DEPT,,214.0,,
IND-303,D40,2025-08-01,DEPT,,173.0,,
IND-303,D40,2025-09-01,DEPT,,47.0,,
IND-303,D40,2025-10-01,DEPT,,46.0,,
IND-303,D40,2025-11-01,DEPT,,33.0,,
IND-303,D40,2025-12-01,DEPT,,35.0,,
IND-303,D40,2026-01-01,DEPT,,36.0,,
IND-303,D40,2026-02-01,DEPT,,83.0,,
IND-303,D40,2026-03-01,DEPT,,171.0,,
IND-303,D40,2026-04-01,DEPT,,319.0,,
IND-303,D40,2026-05-01,DEPT,,405.0,,
IND-303,D40,2026-06-01,DEPT,,462.0,,
IND-303,D40,2026-07-01,DEPT,,649.0,,
IND-303,D41,2023-01-01,DEPT,,27.0,,
IND-303,D41,2023-02-01,DEPT,,33.0,,
IND-303,D41,2023-03-01,DEPT,,35.0,,
IND-303,D41,2023-04-01,DEPT,,22.0,,
IND-303,D41,2023-05-01,DEPT,,21.0,,
IND-303,D41,2023-06-01,DEPT,,26.0,,
IND-303,D41,2023-07-01,DEPT,,19.0,,
IND-303,D41,2023-08-01,DEPT,,10.0,,
IND-303,D41,2023-09-01,DEPT,,16.0,,
IND-303,D41,2023-10-01,DEPT,,32.0,,
IND-303,D41,2023-11-01,DEPT,,30.0,,
IND-303,D41,2023-12-01,DEPT,,21.0,,
IND-303,D41,2024-01-01,DEPT,,23.0,,
IND-303,D41,2024-02-01,DEPT,,36.0,,
IND-303,D41,2024-03-01,DEPT,,33.0,,
IND-303,D41,2024-04-01,DEPT,,37.0,,
IND-303,D41,2024-05-01,DEPT,,37.0,,
IND-303,D41,2024-06-01,DEPT,,28.0,,
IND-303,D41,2024-07-01,DEPT,,24.0,,
IND-303,D41,2024-08-01,DEPT,,21.0,,
IND-303,D41,2024-09-01,DEPT,,27.0,,
IND-303,D41,2024-10-01,DEPT,,41.0,,
IND-303,D41,2024-11-01,DEPT,,23.0,,
IND-303,D41,2024-12-01,DEPT,,31.0,,
IND-303,D41,2025-01-01,DEPT,,36.0,,
IND-303,D41,2025-02-01,DEPT,,36.0,,
IND-303,D41,2025-03-01,DEPT,,36.0,,
IND-303,D41,2025-04-01,DEPT,,27.0,,
IND-303,D41,2025-05-01,DEPT,,29.0,,
IND-303,D41,2025-06-01,DEPT,,35.0,,
IND-303,D41,2025-07-01,DEPT,,33.0,,
IND-303,D41,2025-08-01,DEPT,,27.0,,
IND-303,D41,2025-09-01,DEPT,,41.0,,
IND-303,D41,2025-10-01,DEPT,,22.0,,
IND-303,D41,2025-11-01,DEPT,,43.0,,
IND-303,D41,2025-12-01,DEPT,,32.0,,
IND-303,D41,2026-01-01,DEPT,,34.0,,
IND-303,D41,2026-02-01,DEPT,,58.0,,
IND-303,D41,2026-03-01,DEPT,,107.0,,
IND-303,D41,2026-04-01,DEPT,,138.0,,
IND-303,D41,2026-05-01,DEPT,,173.0,,
IND-303,D41,2026-06-01,DEPT,,204.0,,
IND-303,D41,2026-07-01,DEPT,,246.0,,
IND-303,D42,2023-01-01,DEPT,,224.0,,
IND-303,D42,2023-02-01,DEPT,,118.0,,
IND-303,D42,2023-03-01,DEPT,,171.0,,
IND-303,D42,2023-04-01,DEPT,,141.0,,
IND-303,D42,2023-05-01,DEPT,,134.0,,
IND-303,D42,2023-06-01,DEPT,,132.0,,
IND-303,D42,2023-07-01,DEPT,,59.0,,
IND-303,D42,2023-08-01,DEPT,,161.0,,
IND-303,D42,2023-09-01,DEPT,,136.0,,
IND-303,D42,2023-10-01,DEPT,,131.0,,
IND-303,D42,2023-11-01,DEPT,,128.0,,
IND-303,D42,2023-12-01,DEPT,,117.0,,
IND-303,D42,2024-01-01,DEPT,,162.0,,
IND-303,D42,2024-02-01,DEPT,,177.0,,
IND-303,D42,2024-03-01,DEPT,,194.0,,
IND-303,D42,2024-04-01,DEPT,,179.0,,
IND-303,D42,2024-05-01,DEPT,,171.0,,
IND-303,D42,2024-06-01,DEPT,,118.0,,
IND-303,D42,2024-07-01,DEPT,,278.0,,
IND-303,D42,2024-08-01,DEPT,,401.0,,
IND-303,D42,2024-09-01,DEPT,,159.0,,
IND-303,D42,2024-10-01,DEPT,,177.0,,
IND-303,D42,2024-11-01,DEPT,,189.0,,
IND-303,D42,2024-12-01,DEPT,,142.0,,
IND-303,D42,2025-01-01,DEPT,,176.0,,
IND-303,D42,2025-02-01,DEPT,,168.0,,
IND-303,D42,2025-03-01,DEPT,,189.0,,
IND-303,D42,2025-04-01,DEPT,,257.0,,
IND-303,D42,2025-05-01,DEPT,,271.0,,
IND-303,D42,2025-06-01,DEPT,,232.0,,
IND-303,D42,2025-07-01,DEPT,,239.0,,
IND-303,D42,2025-08-01,DEPT,,452.0,,
IND-303,D42,2025-09-01,DEPT,,219.0,,
IND-303,D42,2025-10-01,DEPT,,301.0,,
IND-303,D42,2025-11-01,DEPT,,267.0,,
IND-303,D42,2025-12-01,DEPT,,229.0,,
IND-303,D42,2026-01-01,DEPT,,247.0,,
IND-303,D42,2026-02-01,DEPT,,451.0,,
IND-303,D42,2026-03-01,DEPT,,729.0,,
IND-303,D42,2026-04-01,DEPT,,1056.0,,
IND-303,D42,2026-05-01,DEPT,,1296.0,,
IND-303,D42,2026-06-01,DEPT,,1506.0,,
IND-303,D42,2026-07-01,DEPT,,1804.0,,
IND-303,D43,2023-01-01,DEPT,,32.0,,
IND-303,D43,2023-02-01,DEPT,,13.0,,
IND-303,D43,2023-03-01,DEPT,,40.0,,
IND-303,D43,2023-04-01,DEPT,,45.0,,
IND-303,D43,2023-05-01,DEPT,,40.0,,
IND-303,D43,2023-06-01,DEPT,,58.0,,
IND-303,D43,2023-07-01,DEPT,,26.0,,
IND-303,D43,2023-08-01,DEPT,,31.0,,
IND-303,D43,2023-09-01,DEPT,,30.0,,
IND-303,D43,2023-10-01,DEPT,,27.0,,
IND-303,D43,2023-11-01,DEPT,,24.0,,
IND-303,D43,2023-12-01,DEPT,,26.0,,
IND-303,D43,2024-01-01,DEPT,,28.0,,
IND-303,D43,2024-02-01,DEPT,,28.0,,
IND-303,D43,2024-03-01,DEPT,,32.0,,
IND-303,D43,2024-04-01,DEPT,,38.0,,
IND-303,D43,2024-05-01,DEPT,,31.0,,
IND-303,D43,2024-06-01,DEPT,,23.0,,
IND-303,D43,2024-07-01,DEPT,,45.0,,
IND-303,D43,2024-08-01,DEPT,,42.0,,
IND-303,D43,2024-09-01,DEPT,,15.0,,
IND-303,D43,2024-10-01,DEPT,,18.0,,
IND-303,D43,2024-11-01,DEPT,,20.0,,
IND-303,D43,2024-12-01,DEPT,,17.0,,
IND-303,D43,2025-01-01,DEPT,,24.0,,
IND-303,D43,2025-02-01,DEPT,,27.0,,
IND-303,D43,2025-03-01,DEPT,,28.0,,
IND-303,D43,2025-04-01,DEPT,,39.0,,
IND-303,D43,2025-05-01,DEPT,,39.0,,
IND-303,D43,2025-06-01,DEPT,,37.0,,
IND-303,D43,2025-07-01,DEPT,,52.0,,
IND-303,D43,2025-08-01,DEPT,,42.0,,
IND-303,D43,2025-09-01,DEPT,,35.0,,
IND-303,D43,2025-10-01,DEPT,,32.0,,
IND-303,D43,2025-11-01,DEPT,,25.0,,
IND-303,D43,2025-12-01,DEPT,,21.0,,
IND-303,D43,2026-01-01,DEPT,,39.0,,
IND-303,D43,2026-02-01,DEPT,,67.0,,
IND-303,D43,2026-03-01,DEPT,,89.0,,
IND-303,D43,2026-04-01,DEPT,,123.0,,
IND-303,D43,2026-05-01,DEPT,,153.0,,
IND-303,D43,2026-06-01,DEPT,,178.0,,
IND-303,D43,2026-07-01,DEPT,,218.0,,
IND-303,D44,2023-01-01,DEPT,,203.0,,
IND-303,D44,2023-02-01,DEPT,,176.0,,
IND-303,D44,2023-03-01,DEPT,,161.0,,
IND-303,D44,2023-04-01,DEPT,,141.0,,
IND-303,D44,2023-05-01,DEPT,,144.0,,
IND-303,D44,2023-06-01,DEPT,,178.0,,
IND-303,D44,2023-07-01,DEPT,,513.0,,
IND-303,D44,2023-08-01,DEPT,,175.0,,
IND-303,D44,2023-09-01,DEPT,,190.0,,
IND-303,D44,2023-10-01,DEPT,,235.0,,
IND-303,D44,2023-11-01,DEPT,,207.0,,
IND-303,D44,2023-12-01,DEPT,,144.0,,
IND-303,D44,2024-01-01,DEPT,,190.0,,
IND-303,D44,2024-02-01,DEPT,,249.0,,
IND-303,D44,2024-03-01,DEPT,,221.0,,
IND-303,D44,2024-04-01,DEPT,,260.0,,
IND-303,D44,2024-05-01,DEPT,,158.0,,
IND-303,D44,2024-06-01,DEPT,,194.0,,
IND-303,D44,2024-07-01,DEPT,,488.0,,
IND-303,D44,2024-08-01,DEPT,,292.0,,
IND-303,D44,2024-09-01,DEPT,,219.0,,
IND-303,D44,2024-10-01,DEPT,,261.0,,
IND-303,D44,2024-11-01,DEPT,,214.0,,
IND-303,D44,2024-12-01,DEPT,,172.0,,
IND-303,D44,2025-01-01,DEPT,,292.0,,
IND-303,D44,2025-02-01,DEPT,,172.0,,
IND-303,D44,2025-03-01,DEPT,,261.0,,
IND-303,D44,2025-04-01,DEPT,,294.0,,
IND-303,D44,2025-05-01,DEPT,,326.0,,
IND-303,D44,2025-06-01,DEPT,,348.0,,
IND-303,D44,2025-07-01,DEPT,,676.0,,
IND-303,D44,2025-08-01,DEPT,,344.0,,
IND-303,D44,2025-09-01,DEPT,,316.0,,
IND-303,D44,2025-10-01,DEPT,,346.0,,
IND-303,D44,2025-11-01,DEPT,,369.0,,
IND-303,D44,2025-12-01,DEPT,,285.0,,
IND-303,D44,2026-01-01,DEPT,,345.0,,
IND-303,D44,2026-02-01,DEPT,,603.0,,
IND-303,D44,2026-03-01,DEPT,,972.0,,
IND-303,D44,2026-04-01,DEPT,,1366.0,,
IND-303,D44,2026-05-01,DEPT,,1707.0,,
IND-303,D44,2026-06-01,DEPT,,2058.0,,
IND-303,D44,2026-07-01,DEPT,,2502.0,,
IND-303,D45,2023-01-01,DEPT,,76.0,,
IND-303,D45,2023-02-01,DEPT,,99.0,,
IND-303,D45,2023-03-01,DEPT,,85.0,,
IND-303,D45,2023-04-01,DEPT,,77.0,,
IND-303,D45,2023-05-01,DEPT,,89.0,,
IND-303,D45,2023-06-01,DEPT,,84.0,,
IND-303,D45,2023-07-01,DEPT,,41.0,,
IND-303,D45,2023-08-01,DEPT,,63.0,,
IND-303,D45,2023-09-01,DEPT,,92.0,,
IND-303,D45,2023-10-01,DEPT,,75.0,,
IND-303,D45,2023-11-01,DEPT,,69.0,,
IND-303,D45,2023-12-01,DEPT,,60.0,,
IND-303,D45,2024-01-01,DEPT,,95.0,,
IND-303,D45,2024-02-01,DEPT,,81.0,,
IND-303,D45,2024-03-01,DEPT,,83.0,,
IND-303,D45,2024-04-01,DEPT,,94.0,,
IND-303,D45,2024-05-01,DEPT,,107.0,,
IND-303,D45,2024-06-01,DEPT,,80.0,,
IND-303,D45,2024-07-01,DEPT,,67.0,,
IND-303,D45,2024-08-01,DEPT,,71.0,,
IND-303,D45,2024-09-01,DEPT,,116.0,,
IND-303,D45,2024-10-01,DEPT,,104.0,,
IND-303,D45,2024-11-01,DEPT,,124.0,,
IND-303,D45,2024-12-01,DEPT,,86.0,,
IND-303,D45,2025-01-01,DEPT,,96.0,,
IND-303,D45,2025-02-01,DEPT,,100.0,,
IND-303,D45,2025-03-01,DEPT,,104.0,,
IND-303,D45,2025-04-01,DEPT,,120.0,,
IND-303,D45,2025-05-01,DEPT,,164.0,,
IND-303,D45,2025-06-01,DEPT,,111.0,,
IND-303,D45,2025-07-01,DEPT,,139.0,,
IND-303,D45,2025-08-01,DEPT,,189.0,,
IND-303,D45,2025-09-01,DEPT,,122.0,,
IND-303,D45,2025-10-01,DEPT,,217.0,,
IND-303,D45,2025-11-01,DEPT,,130.0,,
IND-303,D45,2025-12-01,DEPT,,120.0,,
IND-303,D45,2026-01-01,DEPT,,133.0,,
IND-303,D45,2026-02-01,DEPT,,245.0,,
IND-303,D45,2026-03-01,DEPT,,450.0,,
IND-303,D45,2026-04-01,DEPT,,649.0,,
IND-303,D45,2026-05-01,DEPT,,856.0,,
IND-303,D45,2026-06-01,DEPT,,980.0,,
IND-303,D45,2026-07-01,DEPT,,1108.0,,
IND-303,D46,2023-01-01,DEPT,,5.0,,
IND-303,D46,2023-02-01,DEPT,,8.0,,
IND-303,D46,2023-03-01,DEPT,,9.0,,
IND-303,D46,2023-04-01,DEPT,,7.0,,
IND-303,D46,2023-05-01,DEPT,,6.0,,
IND-303,D46,2023-06-01,DEPT,,7.0,,
IND-303,D46,2023-07-01,DEPT,,20.0,,
IND-303,D46,2023-08-01,DEPT,,7.0,,
IND-303,D46,2023-09-01,DEPT,,15.0,,
IND-303,D46,2023-10-01,DEPT,,8.0,,
IND-303,D46,2023-11-01,DEPT,,6.0,,
IND-303,D46,2023-12-01,DEPT,,100.0,,
IND-303,D46,2024-01-01,DEPT,,6.0,,
IND-303,D46,2024-02-01,DEPT,,6.0,,
IND-303,D46,2024-03-01,DEPT,,9.0,,
IND-303,D46,2024-04-01,DEPT,,10.0,,
IND-303,D46,2024-05-01,DEPT,,6.0,,
IND-303,D46,2024-06-01,DEPT,,5.0,,
IND-303,D46,2024-07-01,DEPT,,15.0,,
IND-303,D46,2024-08-01,DEPT,,5.0,,
IND-303,D46,2024-09-01,DEPT,,9.0,,
IND-303,D46,2024-10-01,DEPT,,14.0,,
IND-303,D46,2024-11-01,DEPT,,8.0,,
IND-303,D46,2024-12-01,DEPT,,10.0,,
IND-303,D46,2025-01-01,DEPT,,8.0,,
IND-303,D46,2025-02-01,DEPT,,12.0,,
IND-303,D46,2025-03-01,DEPT,,12.0,,
IND-303,D46,2025-04-01,DEPT,,15.0,,
IND-303,D46,2025-05-01,DEPT,,186.0,,
IND-303,D46,2025-06-01,DEPT,,6.0,,
IND-303,D46,2025-07-01,DEPT,,14.0,,
IND-303,D46,2025-08-01,DEPT,,10.0,,
IND-303,D46,2025-09-01,DEPT,,5.0,,
IND-303,D46,2025-10-01,DEPT,,11.0,,
IND-303,D46,2025-11-01,DEPT,,9.0,,
IND-303,D46,2025-12-01,DEPT,,14.0,,
IND-303,D46,2026-01-01,DEPT,,2.0,,
IND-303,D46,2026-02-01,DEPT,,13.0,,
IND-303,D46,2026-03-01,DEPT,,27.0,,
IND-303,D46,2026-04-01,DEPT,,35.0,,
IND-303,D46,2026-05-01,DEPT,,47.0,,
IND-303,D46,2026-06-01,DEPT,,60.0,,
IND-303,D46,2026-07-01,DEPT,,79.0,,
IND-303,D47,2023-01-01,DEPT,,35.0,,
IND-303,D47,2023-02-01,DEPT,,28.0,,
IND-303,D47,2023-03-01,DEPT,,29.0,,
IND-303,D47,2023-04-01,DEPT,,40.0,,
IND-303,D47,2023-05-01,DEPT,,42.0,,
IND-303,D47,2023-06-01,DEPT,,69.0,,
IND-303,D47,2023-07-01,DEPT,,83.0,,
IND-303,D47,2023-08-01,DEPT,,32.0,,
IND-303,D47,2023-09-01,DEPT,,14.0,,
IND-303,D47,2023-10-01,DEPT,,35.0,,
IND-303,D47,2023-11-01,DEPT,,34.0,,
IND-303,D47,2023-12-01,DEPT,,20.0,,
IND-303,D47,2024-01-01,DEPT,,41.0,,
IND-303,D47,2024-02-01,DEPT,,56.0,,
IND-303,D47,2024-03-01,DEPT,,63.0,,
IND-303,D47,2024-04-01,DEPT,,39.0,,
IND-303,D47,2024-05-01,DEPT,,44.0,,
IND-303,D47,2024-06-01,DEPT,,154.0,,
IND-303,D47,2024-07-01,DEPT,,44.0,,
IND-303,D47,2024-08-01,DEPT,,49.0,,
IND-303,D47,2024-09-01,DEPT,,42.0,,
IND-303,D47,2024-10-01,DEPT,,39.0,,
IND-303,D47,2024-11-01,DEPT,,43.0,,
IND-303,D47,2024-12-01,DEPT,,43.0,,
IND-303,D47,2025-01-01,DEPT,,37.0,,
IND-303,D47,2025-02-01,DEPT,,50.0,,
IND-303,D47,2025-03-01,DEPT,,45.0,,
IND-303,D47,2025-04-01,DEPT,,67.0,,
IND-303,D47,2025-05-01,DEPT,,83.0,,
IND-303,D47,2025-06-01,DEPT,,65.0,,
IND-303,D47,2025-07-01,DEPT,,217.0,,
IND-303,D47,2025-08-01,DEPT,,85.0,,
IND-303,D47,2025-09-01,DEPT,,72.0,,
IND-303,D47,2025-10-01,DEPT,,85.0,,
IND-303,D47,2025-11-01,DEPT,,64.0,,
IND-303,D47,2025-12-01,DEPT,,48.0,,
IND-303,D47,2026-01-01,DEPT,,73.0,,
IND-303,D47,2026-02-01,DEPT,,154.0,,
IND-303,D47,2026-03-01,DEPT,,232.0,,
IND-303,D47,2026-04-01,DEPT,,319.0,,
IND-303,D47,2026-05-01,DEPT,,396.0,,
IND-303,D47,2026-06-01,DEPT,,514.0,,
IND-303,D47,2026-07-01,DEPT,,569.0,,
IND-303,D48,2023-01-01,DEPT,,3.0,,
IND-303,D48,2023-02-01,DEPT,,8.0,,
IND-303,D48,2023-03-01,DEPT,,4.0,,
IND-303,D48,2023-04-01,DEPT,,4.0,,
IND-303,D48,2023-06-01,DEPT,,7.0,,
IND-303,D48,2023-07-01,DEPT,,5.0,,
IND-303,D48,2023-08-01,DEPT,,10.0,,
IND-303,D48,2023-09-01,DEPT,,1.0,,
IND-303,D48,2023-10-01,DEPT,,3.0,,
IND-303,D48,2023-11-01,DEPT,,5.0,,
IND-303,D48,2023-12-01,DEPT,,1.0,,
IND-303,D48,2024-01-01,DEPT,,4.0,,
IND-303,D48,2024-02-01,DEPT,,3.0,,
IND-303,D48,2024-03-01,DEPT,,6.0,,
IND-303,D48,2024-04-01,DEPT,,6.0,,
IND-303,D48,2024-05-01,DEPT,,5.0,,
IND-303,D48,2024-06-01,DEPT,,11.0,,
IND-303,D48,2024-07-01,DEPT,,5.0,,
IND-303,D48,2024-08-01,DEPT,,12.0,,
IND-303,D48,2024-09-01,DEPT,,1.0,,
IND-303,D48,2024-10-01,DEPT,,1.0,,
IND-303,D48,2024-11-01,DEPT,,3.0,,
IND-303,D48,2024-12-01,DEPT,,4.0,,
IND-303,D48,2025-01-01,DEPT,,4.0,,
IND-303,D48,2025-02-01,DEPT,,1.0,,
IND-303,D48,2025-03-01,DEPT,,5.0,,
IND-303,D48,2025-04-01,DEPT,,5.0,,
IND-303,D48,2025-05-01,DEPT,,7.0,,
IND-303,D48,2025-06-01,DEPT,,9.0,,
IND-303,D48,2025-07-01,DEPT,,163.0,,
IND-303,D48,2025-08-01,DEPT,,6.0,,
IND-303,D48,2025-09-01,DEPT,,2.0,,
IND-303,D48,2025-10-01,DEPT,,4.0,,
IND-303,D48,2025-11-01,DEPT,,4.0,,
IND-303,D48,2025-12-01,DEPT,,5.0,,
IND-303,D48,2026-01-01,DEPT,,4.0,,
IND-303,D48,2026-02-01,DEPT,,11.0,,
IND-303,D48,2026-04-01,DEPT,,18.0,,
IND-303,D48,2026-05-01,DEPT,,44.0,,
IND-303,D48,2026-06-01,DEPT,,51.0,,
IND-303,D48,2026-07-01,DEPT,,60.0,,
IND-303,D49,2023-01-01,DEPT,,40.0,,
IND-303,D49,2023-02-01,DEPT,,27.0,,
IND-303,D49,2023-03-01,DEPT,,18.0,,
IND-303,D49,2023-04-01,DEPT,,22.0,,
IND-303,D49,2023-05-01,DEPT,,33.0,,
IND-303,D49,2023-06-01,DEPT,,23.0,,
IND-303,D49,2023-07-01,DEPT,,57.0,,
IND-303,D49,2023-08-01,DEPT,,25.0,,
IND-303,D49,2023-09-01,DEPT,,180.0,,
IND-303,D49,2023-10-01,DEPT,,19.0,,
IND-303,D49,2023-11-01,DEPT,,43.0,,
IND-303,D49,2023-12-01,DEPT,,32.0,,
IND-303,D49,2024-01-01,DEPT,,69.0,,
IND-303,D49,2024-02-01,DEPT,,33.0,,
IND-303,D49,2024-03-01,DEPT,,37.0,,
IND-303,D49,2024-04-01,DEPT,,34.0,,
IND-303,D49,2024-05-01,DEPT,,251.0,,
IND-303,D49,2024-06-01,DEPT,,32.0,,
IND-303,D49,2024-07-01,DEPT,,34.0,,
IND-303,D49,2024-08-01,DEPT,,49.0,,
IND-303,D49,2024-09-01,DEPT,,38.0,,
IND-303,D49,2024-10-01,DEPT,,62.0,,
IND-303,D49,2024-11-01,DEPT,,59.0,,
IND-303,D49,2024-12-01,DEPT,,25.0,,
IND-303,D49,2025-01-01,DEPT,,54.0,,
IND-303,D49,2025-02-01,DEPT,,56.0,,
IND-303,D49,2025-03-01,DEPT,,52.0,,
IND-303,D49,2025-04-01,DEPT,,61.0,,
IND-303,D49,2025-05-01,DEPT,,65.0,,
IND-303,D49,2025-06-01,DEPT,,31.0,,
IND-303,D49,2025-07-01,DEPT,,26.0,,
IND-303,D49,2025-08-01,DEPT,,27.0,,
IND-303,D49,2025-09-01,DEPT,,42.0,,
IND-303,D49,2025-10-01,DEPT,,72.0,,
IND-303,D49,2025-11-01,DEPT,,56.0,,
IND-303,D49,2025-12-01,DEPT,,33.0,,
IND-303,D49,2026-01-01,DEPT,,43.0,,
IND-303,D49,2026-02-01,DEPT,,91.0,,
IND-303,D49,2026-03-01,DEPT,,153.0,,
IND-303,D49,2026-04-01,DEPT,,209.0,,
IND-303,D49,2026-05-01,DEPT,,255.0,,
IND-303,D49,2026-06-01,DEPT,,291.0,,
IND-303,D49,2026-07-01,DEPT,,331.0,,
IND-303,D50,2023-01-01,DEPT,,36.0,,
IND-303,D50,2023-02-01,DEPT,,29.0,,
IND-303,D50,2023-03-01,DEPT,,35.0,,
IND-303,D50,2023-04-01,DEPT,,38.0,,
IND-303,D50,2023-05-01,DEPT,,118.0,,
IND-303,D50,2023-06-01,DEPT,,121.0,,
IND-303,D50,2023-07-01,DEPT,,117.0,,
IND-303,D50,2023-08-01,DEPT,,31.0,,
IND-303,D50,2023-09-01,DEPT,,34.0,,
IND-303,D50,2023-10-01,DEPT,,68.0,,
IND-303,D50,2023-11-01,DEPT,,18.0,,
IND-303,D50,2023-12-01,DEPT,,22.0,,
IND-303,D50,2024-01-01,DEPT,,20.0,,
IND-303,D50,2024-02-01,DEPT,,34.0,,
IND-303,D50,2024-03-01,DEPT,,39.0,,
IND-303,D50,2024-04-01,DEPT,,31.0,,
IND-303,D50,2024-05-01,DEPT,,50.0,,
IND-303,D50,2024-06-01,DEPT,,141.0,,
IND-303,D50,2024-07-01,DEPT,,145.0,,
IND-303,D50,2024-08-01,DEPT,,36.0,,
IND-303,D50,2024-09-01,DEPT,,38.0,,
IND-303,D50,2024-10-01,DEPT,,44.0,,
IND-303,D50,2024-11-01,DEPT,,40.0,,
IND-303,D50,2024-12-01,DEPT,,23.0,,
IND-303,D50,2025-01-01,DEPT,,46.0,,
IND-303,D50,2025-02-01,DEPT,,34.0,,
IND-303,D50,2025-03-01,DEPT,,56.0,,
IND-303,D50,2025-04-01,DEPT,,51.0,,
IND-303,D50,2025-05-01,DEPT,,47.0,,
IND-303,D50,2025-06-01,DEPT,,215.0,,
IND-303,D50,2025-07-01,DEPT,,194.0,,
IND-303,D50,2025-08-01,DEPT,,31.0,,
IND-303,D50,2025-09-01,DEPT,,46.0,,
IND-303,D50,2025-10-01,DEPT,,97.0,,
IND-303,D50,2025-11-01,DEPT,,44.0,,
IND-303,D50,2025-12-01,DEPT,,25.0,,
IND-303,D50,2026-01-01,DEPT,,25.0,,
IND-303,D50,2026-02-01,DEPT,,96.0,,
IND-303,D50,2026-03-01,DEPT,,134.0,,
IND-303,D50,2026-04-01,DEPT,,250.0,,
IND-303,D50,2026-05-01,DEPT,,351.0,,
IND-303,D50,2026-06-01,DEPT,,579.0,,
IND-303,D50,2026-07-01,DEPT,,720.0,,
IND-303,D51,2023-01-01,DEPT,,85.0,,
IND-303,D51,2023-02-01,DEPT,,66.0,,
IND-303,D51,2023-03-01,DEPT,,111.0,,
IND-303,D51,2023-04-01,DEPT,,156.0,,
IND-303,D51,2023-05-01,DEPT,,129.0,,
IND-303,D51,2023-06-01,DEPT,,72.0,,
IND-303,D51,2023-07-01,DEPT,,86.0,,
IND-303,D51,2023-08-01,DEPT,,67.0,,
IND-303,D51,2023-09-01,DEPT,,141.0,,
IND-303,D51,2023-10-01,DEPT,,122.0,,
IND-303,D51,2023-11-01,DEPT,,92.0,,
IND-303,D51,2023-12-01,DEPT,,44.0,,
IND-303,D51,2024-01-01,DEPT,,66.0,,
IND-303,D51,2024-02-01,DEPT,,96.0,,
IND-303,D51,2024-03-01,DEPT,,155.0,,
IND-303,D51,2024-04-01,DEPT,,115.0,,
IND-303,D51,2024-05-01,DEPT,,111.0,,
IND-303,D51,2024-06-01,DEPT,,83.0,,
IND-303,D51,2024-07-01,DEPT,,86.0,,
IND-303,D51,2024-08-01,DEPT,,114.0,,
IND-303,D51,2024-09-01,DEPT,,70.0,,
IND-303,D51,2024-10-01,DEPT,,63.0,,
IND-303,D51,2024-11-01,DEPT,,99.0,,
IND-303,D51,2024-12-01,DEPT,,50.0,,
IND-303,D51,2025-01-01,DEPT,,93.0,,
IND-303,D51,2025-02-01,DEPT,,74.0,,
IND-303,D51,2025-03-01,DEPT,,141.0,,
IND-303,D51,2025-04-01,DEPT,,90.0,,
IND-303,D51,2025-05-01,DEPT,,109.0,,
IND-303,D51,2025-06-01,DEPT,,86.0,,
IND-303,D51,2025-07-01,DEPT,,79.0,,
IND-303,D51,2025-08-01,DEPT,,110.0,,
IND-303,D51,2025-09-01,DEPT,,90.0,,
IND-303,D51,2025-10-01,DEPT,,83.0,,
IND-303,D51,2025-11-01,DEPT,,55.0,,
IND-303,D51,2025-12-01,DEPT,,49.0,,
IND-303,D51,2026-01-01,DEPT,,75.0,,
IND-303,D51,2026-02-01,DEPT,,164.0,,
IND-303,D51,2026-03-01,DEPT,,274.0,,
IND-303,D51,2026-04-01,DEPT,,364.0,,
IND-303,D51,2026-05-01,DEPT,,438.0,,
IND-303,D51,2026-06-01,DEPT,,496.0,,
IND-303,D51,2026-07-01,DEPT,,608.0,,
IND-303,D52,2023-01-01,DEPT,,7.0,,
IND-303,D52,2023-02-01,DEPT,,15.0,,
IND-303,D52,2023-03-01,DEPT,,17.0,,
IND-303,D52,2023-04-01,DEPT,,20.0,,
IND-303,D52,2023-05-01,DEPT,,11.0,,
IND-303,D52,2023-06-01,DEPT,,14.0,,
IND-303,D52,2023-07-01,DEPT,,16.0,,
IND-303,D52,2023-08-01,DEPT,,55.0,,
IND-303,D52,2023-09-01,DEPT,,13.0,,
IND-303,D52,2023-10-01,DEPT,,9.0,,
IND-303,D52,2023-11-01,DEPT,,6.0,,
IND-303,D52,2023-12-01,DEPT,,4.0,,
IND-303,D52,2024-01-01,DEPT,,15.0,,
IND-303,D52,2024-02-01,DEPT,,22.0,,
IND-303,D52,2024-03-01,DEPT,,17.0,,
IND-303,D52,2024-04-01,DEPT,,27.0,,
IND-303,D52,2024-05-01,DEPT,,10.0,,
IND-303,D52,2024-06-01,DEPT,,15.0,,
IND-303,D52,2024-07-01,DEPT,,13.0,,
IND-303,D52,2024-08-01,DEPT,,38.0,,
IND-303,D52,2024-09-01,DEPT,,44.0,,
IND-303,D52,2024-10-01,DEPT,,22.0,,
IND-303,D52,2024-11-01,DEPT,,21.0,,
IND-303,D52,2024-12-01,DEPT,,17.0,,
IND-303,D52,2025-01-01,DEPT,,21.0,,
IND-303,D52,2025-02-01,DEPT,,46.0,,
IND-303,D52,2025-03-01,DEPT,,44.0,,
IND-303,D52,2025-04-01,DEPT,,34.0,,
IND-303,D52,2025-05-01,DEPT,,37.0,,
IND-303,D52,2025-06-01,DEPT,,35.0,,
IND-303,D52,2025-07-01,DEPT,,41.0,,
IND-303,D52,2025-08-01,DEPT,,65.0,,
IND-303,D52,2025-09-01,DEPT,,24.0,,
IND-303,D52,2025-10-01,DEPT,,22.0,,
IND-303,D52,2025-11-01,DEPT,,31.0,,
IND-303,D52,2025-12-01,DEPT,,20.0,,
IND-303,D52,2026-01-01,DEPT,,26.0,,
IND-303,D52,2026-02-01,DEPT,,56.0,,
IND-303,D52,2026-03-01,DEPT,,94.0,,
IND-303,D52,2026-04-01,DEPT,,134.0,,
IND-303,D52,2026-05-01,DEPT,,175.0,,
IND-303,D52,2026-06-01,DEPT,,210.0,,
IND-303,D52,2026-07-01,DEPT,,252.0,,
IND-303,D53,2023-01-01,DEPT,,13.0,,
IND-303,D53,2023-02-01,DEPT,,12.0,,
IND-303,D53,2023-03-01,DEPT,,66.0,,
IND-303,D53,2023-04-01,DEPT,,27.0,,
IND-303,D53,2023-05-01,DEPT,,15.0,,
IND-303,D53,2023-06-01,DEPT,,26.0,,
IND-303,D53,2023-07-01,DEPT,,16.0,,
IND-303,D53,2023-08-01,DEPT,,40.0,,
IND-303,D53,2023-09-01,DEPT,,32.0,,
IND-303,D53,2023-10-01,DEPT,,37.0,,
IND-303,D53,2023-11-01,DEPT,,13.0,,
IND-303,D53,2023-12-01,DEPT,,50.0,,
IND-303,D53,2024-01-01,DEPT,,25.0,,
IND-303,D53,2024-02-01,DEPT,,35.0,,
IND-303,D53,2024-03-01,DEPT,,14.0,,
IND-303,D53,2024-04-01,DEPT,,35.0,,
IND-303,D53,2024-05-01,DEPT,,64.0,,
IND-303,D53,2024-06-01,DEPT,,52.0,,
IND-303,D53,2024-07-01,DEPT,,52.0,,
IND-303,D53,2024-08-01,DEPT,,76.0,,
IND-303,D53,2024-09-01,DEPT,,46.0,,
IND-303,D53,2024-10-01,DEPT,,63.0,,
IND-303,D53,2024-11-01,DEPT,,46.0,,
IND-303,D53,2024-12-01,DEPT,,15.0,,
IND-303,D53,2025-01-01,DEPT,,22.0,,
IND-303,D53,2025-02-01,DEPT,,36.0,,
IND-303,D53,2025-03-01,DEPT,,27.0,,
IND-303,D53,2025-04-01,DEPT,,31.0,,
IND-303,D53,2025-05-01,DEPT,,38.0,,
IND-303,D53,2025-06-01,DEPT,,32.0,,
IND-303,D53,2025-07-01,DEPT,,20.0,,
IND-303,D53,2025-08-01,DEPT,,103.0,,
IND-303,D53,2025-09-01,DEPT,,27.0,,
IND-303,D53,2025-10-01,DEPT,,45.0,,
IND-303,D53,2025-11-01,DEPT,,29.0,,
IND-303,D53,2025-12-01,DEPT,,27.0,,
IND-303,D53,2026-01-01,DEPT,,32.0,,
IND-303,D53,2026-02-01,DEPT,,67.0,,
IND-303,D53,2026-03-01,DEPT,,121.0,,
IND-303,D53,2026-04-01,DEPT,,170.0,,
IND-303,D53,2026-05-01,DEPT,,218.0,,
IND-303,D53,2026-06-01,DEPT,,263.0,,
IND-303,D53,2026-07-01,DEPT,,301.0,,
IND-303,D54,2023-01-01,DEPT,,85.0,,
IND-303,D54,2023-02-01,DEPT,,65.0,,
IND-303,D54,2023-03-01,DEPT,,72.0,,
IND-303,D54,2023-04-01,DEPT,,52.0,,
IND-303,D54,2023-05-01,DEPT,,58.0,,
IND-303,D54,2023-06-01,DEPT,,75.0,,
IND-303,D54,2023-07-01,DEPT,,85.0,,
IND-303,D54,2023-08-01,DEPT,,58.0,,
IND-303,D54,2023-09-01,DEPT,,135.0,,
IND-303,D54,2023-10-01,DEPT,,140.0,,
IND-303,D54,2023-11-01,DEPT,,75.0,,
IND-303,D54,2023-12-01,DEPT,,77.0,,
IND-303,D54,2024-01-01,DEPT,,77.0,,
IND-303,D54,2024-02-01,DEPT,,88.0,,
IND-303,D54,2024-03-01,DEPT,,96.0,,
IND-303,D54,2024-04-01,DEPT,,91.0,,
IND-303,D54,2024-05-01,DEPT,,86.0,,
IND-303,D54,2024-06-01,DEPT,,71.0,,
IND-303,D54,2024-07-01,DEPT,,135.0,,
IND-303,D54,2024-08-01,DEPT,,74.0,,
IND-303,D54,2024-09-01,DEPT,,66.0,,
IND-303,D54,2024-10-01,DEPT,,112.0,,
IND-303,D54,2024-11-01,DEPT,,87.0,,
IND-303,D54,2024-12-01,DEPT,,50.0,,
IND-303,D54,2025-01-01,DEPT,,93.0,,
IND-303,D54,2025-02-01,DEPT,,52.0,,
IND-303,D54,2025-03-01,DEPT,,84.0,,
IND-303,D54,2025-04-01,DEPT,,94.0,,
IND-303,D54,2025-05-01,DEPT,,84.0,,
IND-303,D54,2025-06-01,DEPT,,104.0,,
IND-303,D54,2025-07-01,DEPT,,193.0,,
IND-303,D54,2025-08-01,DEPT,,80.0,,
IND-303,D54,2025-09-01,DEPT,,124.0,,
IND-303,D54,2025-10-01,DEPT,,101.0,,
IND-303,D54,2025-11-01,DEPT,,102.0,,
IND-303,D54,2025-12-01,DEPT,,106.0,,
IND-303,D54,2026-01-01,DEPT,,135.0,,
IND-303,D54,2026-02-01,DEPT,,220.0,,
IND-303,D54,2026-03-01,DEPT,,346.0,,
IND-303,D54,2026-04-01,DEPT,,463.0,,
IND-303,D54,2026-05-01,DEPT,,570.0,,
IND-303,D54,2026-06-01,DEPT,,663.0,,
IND-303,D54,2026-07-01,DEPT,,868.0,,
IND-303,D55,2023-01-01,DEPT,,20.0,,
IND-303,D55,2023-02-01,DEPT,,19.0,,
IND-303,D55,2023-03-01,DEPT,,13.0,,
IND-303,D55,2023-04-01,DEPT,,21.0,,
IND-303,D55,2023-05-01,DEPT,,21.0,,
IND-303,D55,2023-06-01,DEPT,,24.0,,
IND-303,D55,2023-07-01,DEPT,,11.0,,
IND-303,D55,2023-08-01,DEPT,,10.0,,
IND-303,D55,2023-09-01,DEPT,,14.0,,
IND-303,D55,2023-10-01,DEPT,,15.0,,
IND-303,D55,2023-11-01,DEPT,,8.0,,
IND-303,D55,2023-12-01,DEPT,,7.0,,
IND-303,D55,2024-01-01,DEPT,,16.0,,
IND-303,D55,2024-02-01,DEPT,,14.0,,
IND-303,D55,2024-03-01,DEPT,,15.0,,
IND-303,D55,2024-04-01,DEPT,,22.0,,
IND-303,D55,2024-05-01,DEPT,,27.0,,
IND-303,D55,2024-06-01,DEPT,,35.0,,
IND-303,D55,2024-07-01,DEPT,,24.0,,
IND-303,D55,2024-08-01,DEPT,,39.0,,
IND-303,D55,2024-09-01,DEPT,,22.0,,
IND-303,D55,2024-10-01,DEPT,,23.0,,
IND-303,D55,2024-11-01,DEPT,,14.0,,
IND-303,D55,2024-12-01,DEPT,,13.0,,
IND-303,D55,2025-01-01,DEPT,,19.0,,
IND-303,D55,2025-02-01,DEPT,,28.0,,
IND-303,D55,2025-03-01,DEPT,,38.0,,
IND-303,D55,2025-04-01,DEPT,,20.0,,
IND-303,D55,2025-05-01,DEPT,,19.0,,
IND-303,D55,2025-06-01,DEPT,,25.0,,
IND-303,D55,2025-07-01,DEPT,,21.0,,
IND-303,D55,2025-08-01,DEPT,,29.0,,
IND-303,D55,2025-09-01,DEPT,,26.0,,
IND-303,D55,2025-10-01,DEPT,,27.0,,
IND-303,D55,2025-11-01,DEPT,,25.0,,
IND-303,D55,2025-12-01,DEPT,,13.0,,
IND-303,D55,2026-01-01,DEPT,,22.0,,
IND-303,D55,2026-02-01,DEPT,,38.0,,
IND-303,D55,2026-03-01,DEPT,,65.0,,
IND-303,D55,2026-04-01,DEPT,,89.0,,
IND-303,D55,2026-05-01,DEPT,,108.0,,
IND-303,D55,2026-06-01,DEPT,,129.0,,
IND-303,D55,2026-07-01,DEPT,,146.0,,
IND-303,D56,2023-01-01,DEPT,,74.0,,
IND-303,D56,2023-02-01,DEPT,,41.0,,
IND-303,D56,2023-03-01,DEPT,,56.0,,
IND-303,D56,2023-04-01,DEPT,,55.0,,
IND-303,D56,2023-05-01,DEPT,,52.0,,
IND-303,D56,2023-06-01,DEPT,,55.0,,
IND-303,D56,2023-07-01,DEPT,,72.0,,
IND-303,D56,2023-08-01,DEPT,,76.0,,
IND-303,D56,2023-09-01,DEPT,,39.0,,
IND-303,D56,2023-10-01,DEPT,,54.0,,
IND-303,D56,2023-11-01,DEPT,,58.0,,
IND-303,D56,2023-12-01,DEPT,,26.0,,
IND-303,D56,2024-01-01,DEPT,,47.0,,
IND-303,D56,2024-02-01,DEPT,,100.0,,
IND-303,D56,2024-03-01,DEPT,,60.0,,
IND-303,D56,2024-04-01,DEPT,,86.0,,
IND-303,D56,2024-05-01,DEPT,,78.0,,
IND-303,D56,2024-06-01,DEPT,,68.0,,
IND-303,D56,2024-07-01,DEPT,,112.0,,
IND-303,D56,2024-08-01,DEPT,,136.0,,
IND-303,D56,2024-09-01,DEPT,,48.0,,
IND-303,D56,2024-10-01,DEPT,,82.0,,
IND-303,D56,2024-11-01,DEPT,,74.0,,
IND-303,D56,2024-12-01,DEPT,,42.0,,
IND-303,D56,2025-01-01,DEPT,,63.0,,
IND-303,D56,2025-02-01,DEPT,,42.0,,
IND-303,D56,2025-03-01,DEPT,,103.0,,
IND-303,D56,2025-04-01,DEPT,,91.0,,
IND-303,D56,2025-05-01,DEPT,,80.0,,
IND-303,D56,2025-06-01,DEPT,,99.0,,
IND-303,D56,2025-07-01,DEPT,,94.0,,
IND-303,D56,2025-08-01,DEPT,,131.0,,
IND-303,D56,2025-09-01,DEPT,,119.0,,
IND-303,D56,2025-10-01,DEPT,,75.0,,
IND-303,D56,2025-11-01,DEPT,,55.0,,
IND-303,D56,2025-12-01,DEPT,,66.0,,
IND-303,D56,2026-01-01,DEPT,,53.0,,
IND-303,D56,2026-02-01,DEPT,,111.0,,
IND-303,D56,2026-03-01,DEPT,,165.0,,
IND-303,D56,2026-04-01,DEPT,,237.0,,
IND-303,D56,2026-05-01,DEPT,,322.0,,
IND-303,D56,2026-06-01,DEPT,,397.0,,
IND-303,D56,2026-07-01,DEPT,,534.0,,
IND-303,D57,2023-01-01,DEPT,,124.0,,
IND-303,D57,2023-02-01,DEPT,,153.0,,
IND-303,D57,2023-03-01,DEPT,,121.0,,
IND-303,D57,2023-04-01,DEPT,,124.0,,
IND-303,D57,2023-05-01,DEPT,,125.0,,
IND-303,D57,2023-06-01,DEPT,,103.0,,
IND-303,D57,2023-07-01,DEPT,,99.0,,
IND-303,D57,2023-08-01,DEPT,,68.0,,
IND-303,D57,2023-09-01,DEPT,,124.0,,
IND-303,D57,2023-10-01,DEPT,,105.0,,
IND-303,D57,2023-11-01,DEPT,,78.0,,
IND-303,D57,2023-12-01,DEPT,,71.0,,
IND-303,D57,2024-01-01,DEPT,,117.0,,
IND-303,D57,2024-02-01,DEPT,,149.0,,
IND-303,D57,2024-03-01,DEPT,,122.0,,
IND-303,D57,2024-04-01,DEPT,,178.0,,
IND-303,D57,2024-05-01,DEPT,,155.0,,
IND-303,D57,2024-06-01,DEPT,,114.0,,
IND-303,D57,2024-07-01,DEPT,,107.0,,
IND-303,D57,2024-08-01,DEPT,,113.0,,
IND-303,D57,2024-09-01,DEPT,,95.0,,
IND-303,D57,2024-10-01,DEPT,,149.0,,
IND-303,D57,2024-11-01,DEPT,,104.0,,
IND-303,D57,2024-12-01,DEPT,,75.0,,
IND-303,D57,2025-01-01,DEPT,,130.0,,
IND-303,D57,2025-02-01,DEPT,,118.0,,
IND-303,D57,2025-03-01,DEPT,,186.0,,
IND-303,D57,2025-04-01,DEPT,,189.0,,
IND-303,D57,2025-05-01,DEPT,,191.0,,
IND-303,D57,2025-06-01,DEPT,,165.0,,
IND-303,D57,2025-07-01,DEPT,,144.0,,
IND-303,D57,2025-08-01,DEPT,,142.0,,
IND-303,D57,2025-09-01,DEPT,,183.0,,
IND-303,D57,2025-10-01,DEPT,,178.0,,
IND-303,D57,2025-11-01,DEPT,,143.0,,
IND-303,D57,2025-12-01,DEPT,,130.0,,
IND-303,D57,2026-01-01,DEPT,,155.0,,
IND-303,D57,2026-02-01,DEPT,,292.0,,
IND-303,D57,2026-03-01,DEPT,,480.0,,
IND-303,D57,2026-04-01,DEPT,,645.0,,
IND-303,D57,2026-05-01,DEPT,,764.0,,
IND-303,D57,2026-06-01,DEPT,,873.0,,
IND-303,D57,2026-07-01,DEPT,,997.0,,
IND-303,D58,2023-01-01,DEPT,,31.0,,
IND-303,D58,2023-02-01,DEPT,,19.0,,
IND-303,D58,2023-03-01,DEPT,,23.0,,
IND-303,D58,2023-04-01,DEPT,,27.0,,
IND-303,D58,2023-05-01,DEPT,,30.0,,
IND-303,D58,2023-06-01,DEPT,,31.0,,
IND-303,D58,2023-07-01,DEPT,,81.0,,
IND-303,D58,2023-08-01,DEPT,,37.0,,
IND-303,D58,2023-09-01,DEPT,,24.0,,
IND-303,D58,2023-10-01,DEPT,,29.0,,
IND-303,D58,2023-11-01,DEPT,,26.0,,
IND-303,D58,2023-12-01,DEPT,,26.0,,
IND-303,D58,2024-01-01,DEPT,,34.0,,
IND-303,D58,2024-02-01,DEPT,,19.0,,
IND-303,D58,2024-03-01,DEPT,,20.0,,
IND-303,D58,2024-04-01,DEPT,,24.0,,
IND-303,D58,2024-05-01,DEPT,,23.0,,
IND-303,D58,2024-06-01,DEPT,,19.0,,
IND-303,D58,2024-07-01,DEPT,,33.0,,
IND-303,D58,2024-08-01,DEPT,,10.0,,
IND-303,D58,2024-09-01,DEPT,,27.0,,
IND-303,D58,2024-10-01,DEPT,,29.0,,
IND-303,D58,2024-11-01,DEPT,,24.0,,
IND-303,D58,2024-12-01,DEPT,,23.0,,
IND-303,D58,2025-01-01,DEPT,,27.0,,
IND-303,D58,2025-02-01,DEPT,,23.0,,
IND-303,D58,2025-03-01,DEPT,,40.0,,
IND-303,D58,2025-04-01,DEPT,,32.0,,
IND-303,D58,2025-05-01,DEPT,,33.0,,
IND-303,D58,2025-06-01,DEPT,,24.0,,
IND-303,D58,2025-07-01,DEPT,,20.0,,
IND-303,D58,2025-08-01,DEPT,,24.0,,
IND-303,D58,2025-09-01,DEPT,,24.0,,
IND-303,D58,2025-10-01,DEPT,,23.0,,
IND-303,D58,2025-11-01,DEPT,,19.0,,
IND-303,D58,2025-12-01,DEPT,,28.0,,
IND-303,D58,2026-01-01,DEPT,,24.0,,
IND-303,D58,2026-02-01,DEPT,,67.0,,
IND-303,D58,2026-03-01,DEPT,,100.0,,
IND-303,D58,2026-04-01,DEPT,,135.0,,
IND-303,D58,2026-05-01,DEPT,,174.0,,
IND-303,D58,2026-06-01,DEPT,,194.0,,
IND-303,D58,2026-07-01,DEPT,,225.0,,
IND-303,D59,2023-01-01,DEPT,,735.0,,
IND-303,D59,2023-02-01,DEPT,,604.0,,
IND-303,D59,2023-03-01,DEPT,,601.0,,
IND-303,D59,2023-04-01,DEPT,,571.0,,
IND-303,D59,2023-05-01,DEPT,,698.0,,
IND-303,D59,2023-06-01,DEPT,,546.0,,
IND-303,D59,2023-07-01,DEPT,,432.0,,
IND-303,D59,2023-08-01,DEPT,,368.0,,
IND-303,D59,2023-09-01,DEPT,,518.0,,
IND-303,D59,2023-10-01,DEPT,,567.0,,
IND-303,D59,2023-11-01,DEPT,,573.0,,
IND-303,D59,2023-12-01,DEPT,,558.0,,
IND-303,D59,2024-01-01,DEPT,,660.0,,
IND-303,D59,2024-02-01,DEPT,,715.0,,
IND-303,D59,2024-03-01,DEPT,,762.0,,
IND-303,D59,2024-04-01,DEPT,,753.0,,
IND-303,D59,2024-05-01,DEPT,,705.0,,
IND-303,D59,2024-06-01,DEPT,,569.0,,
IND-303,D59,2024-07-01,DEPT,,627.0,,
IND-303,D59,2024-08-01,DEPT,,566.0,,
IND-303,D59,2024-09-01,DEPT,,590.0,,
IND-303,D59,2024-10-01,DEPT,,726.0,,
IND-303,D59,2024-11-01,DEPT,,531.0,,
IND-303,D59,2024-12-01,DEPT,,435.0,,
IND-303,D59,2025-01-01,DEPT,,710.0,,
IND-303,D59,2025-02-01,DEPT,,748.0,,
IND-303,D59,2025-03-01,DEPT,,775.0,,
IND-303,D59,2025-04-01,DEPT,,831.0,,
IND-303,D59,2025-05-01,DEPT,,872.0,,
IND-303,D59,2025-06-01,DEPT,,655.0,,
IND-303,D59,2025-07-01,DEPT,,809.0,,
IND-303,D59,2025-08-01,DEPT,,776.0,,
IND-303,D59,2025-09-01,DEPT,,816.0,,
IND-303,D59,2025-10-01,DEPT,,1012.0,,
IND-303,D59,2025-11-01,DEPT,,803.0,,
IND-303,D59,2025-12-01,DEPT,,660.0,,
IND-303,D59,2026-01-01,DEPT,,872.0,,
IND-303,D59,2026-02-01,DEPT,,1610.0,,
IND-303,D59,2026-03-01,DEPT,,2383.0,,
IND-303,D59,2026-04-01,DEPT,,3332.0,,
IND-303,D59,2026-05-01,DEPT,,4166.0,,
IND-303,D59,2026-06-01,DEPT,,4839.0,,
IND-303,D59,2026-07-01,DEPT,,5554.0,,
IND-303,D60,2023-01-01,DEPT,,253.0,,
IND-303,D60,2023-02-01,DEPT,,223.0,,
IND-303,D60,2023-03-01,DEPT,,193.0,,
IND-303,D60,2023-04-01,DEPT,,146.0,,
IND-303,D60,2023-05-01,DEPT,,209.0,,
IND-303,D60,2023-06-01,DEPT,,187.0,,
IND-303,D60,2023-07-01,DEPT,,121.0,,
IND-303,D60,2023-08-01,DEPT,,98.0,,
IND-303,D60,2023-09-01,DEPT,,198.0,,
IND-303,D60,2023-10-01,DEPT,,183.0,,
IND-303,D60,2023-11-01,DEPT,,195.0,,
IND-303,D60,2023-12-01,DEPT,,155.0,,
IND-303,D60,2024-01-01,DEPT,,187.0,,
IND-303,D60,2024-02-01,DEPT,,194.0,,
IND-303,D60,2024-03-01,DEPT,,182.0,,
IND-303,D60,2024-04-01,DEPT,,278.0,,
IND-303,D60,2024-05-01,DEPT,,217.0,,
IND-303,D60,2024-06-01,DEPT,,231.0,,
IND-303,D60,2024-07-01,DEPT,,180.0,,
IND-303,D60,2024-08-01,DEPT,,196.0,,
IND-303,D60,2024-09-01,DEPT,,162.0,,
IND-303,D60,2024-10-01,DEPT,,174.0,,
IND-303,D60,2024-11-01,DEPT,,149.0,,
IND-303,D60,2024-12-01,DEPT,,116.0,,
IND-303,D60,2025-01-01,DEPT,,155.0,,
IND-303,D60,2025-02-01,DEPT,,146.0,,
IND-303,D60,2025-03-01,DEPT,,137.0,,
IND-303,D60,2025-04-01,DEPT,,149.0,,
IND-303,D60,2025-05-01,DEPT,,180.0,,
IND-303,D60,2025-06-01,DEPT,,236.0,,
IND-303,D60,2025-07-01,DEPT,,153.0,,
IND-303,D60,2025-08-01,DEPT,,177.0,,
IND-303,D60,2025-09-01,DEPT,,172.0,,
IND-303,D60,2025-10-01,DEPT,,167.0,,
IND-303,D60,2025-11-01,DEPT,,150.0,,
IND-303,D60,2025-12-01,DEPT,,178.0,,
IND-303,D60,2026-01-01,DEPT,,192.0,,
IND-303,D60,2026-02-01,DEPT,,348.0,,
IND-303,D60,2026-03-01,DEPT,,519.0,,
IND-303,D60,2026-04-01,DEPT,,716.0,,
IND-303,D60,2026-05-01,DEPT,,889.0,,
IND-303,D60,2026-06-01,DEPT,,1140.0,,
IND-303,D60,2026-07-01,DEPT,,1310.0,,
IND-303,D61,2023-01-01,DEPT,,39.0,,
IND-303,D61,2023-02-01,DEPT,,29.0,,
IND-303,D61,2023-03-01,DEPT,,27.0,,
IND-303,D61,2023-04-01,DEPT,,43.0,,
IND-303,D61,2023-05-01,DEPT,,39.0,,
IND-303,D61,2023-06-01,DEPT,,34.0,,
IND-303,D61,2023-07-01,DEPT,,83.0,,
IND-303,D61,2023-08-01,DEPT,,17.0,,
IND-303,D61,2023-09-01,DEPT,,22.0,,
IND-303,D61,2023-10-01,DEPT,,26.0,,
IND-303,D61,2023-11-01,DEPT,,18.0,,
IND-303,D61,2023-12-01,DEPT,,17.0,,
IND-303,D61,2024-01-01,DEPT,,32.0,,
IND-303,D61,2024-02-01,DEPT,,28.0,,
IND-303,D61,2024-03-01,DEPT,,19.0,,
IND-303,D61,2024-04-01,DEPT,,31.0,,
IND-303,D61,2024-05-01,DEPT,,28.0,,
IND-303,D61,2024-06-01,DEPT,,38.0,,
IND-303,D61,2024-07-01,DEPT,,43.0,,
IND-303,D61,2024-08-01,DEPT,,80.0,,
IND-303,D61,2024-09-01,DEPT,,28.0,,
IND-303,D61,2024-10-01,DEPT,,29.0,,
IND-303,D61,2024-11-01,DEPT,,20.0,,
IND-303,D61,2024-12-01,DEPT,,20.0,,
IND-303,D61,2025-01-01,DEPT,,26.0,,
IND-303,D61,2025-02-01,DEPT,,24.0,,
IND-303,D61,2025-03-01,DEPT,,24.0,,
IND-303,D61,2025-04-01,DEPT,,26.0,,
IND-303,D61,2025-05-01,DEPT,,37.0,,
IND-303,D61,2025-06-01,DEPT,,39.0,,
IND-303,D61,2025-07-01,DEPT,,46.0,,
IND-303,D61,2025-08-01,DEPT,,163.0,,
IND-303,D61,2025-09-01,DEPT,,48.0,,
IND-303,D61,2025-10-01,DEPT,,61.0,,
IND-303,D61,2025-11-01,DEPT,,54.0,,
IND-303,D61,2025-12-01,DEPT,,36.0,,
IND-303,D61,2026-01-01,DEPT,,46.0,,
IND-303,D61,2026-02-01,DEPT,,78.0,,
IND-303,D61,2026-03-01,DEPT,,130.0,,
IND-303,D61,2026-04-01,DEPT,,172.0,,
IND-303,D61,2026-05-01,DEPT,,220.0,,
IND-303,D61,2026-06-01,DEPT,,253.0,,
IND-303,D61,2026-07-01,DEPT,,331.0,,
IND-303,D62,2023-01-01,DEPT,,243.0,,
IND-303,D62,2023-02-01,DEPT,,238.0,,
IND-303,D62,2023-03-01,DEPT,,224.0,,
IND-303,D62,2023-04-01,DEPT,,252.0,,
IND-303,D62,2023-05-01,DEPT,,309.0,,
IND-303,D62,2023-06-01,DEPT,,236.0,,
IND-303,D62,2023-07-01,DEPT,,230.0,,
IND-303,D62,2023-08-01,DEPT,,150.0,,
IND-303,D62,2023-09-01,DEPT,,268.0,,
IND-303,D62,2023-10-01,DEPT,,290.0,,
IND-303,D62,2023-11-01,DEPT,,221.0,,
IND-303,D62,2023-12-01,DEPT,,168.0,,
IND-303,D62,2024-01-01,DEPT,,263.0,,
IND-303,D62,2024-02-01,DEPT,,276.0,,
IND-303,D62,2024-03-01,DEPT,,373.0,,
IND-303,D62,2024-04-01,DEPT,,304.0,,
IND-303,D62,2024-05-01,DEPT,,306.0,,
IND-303,D62,2024-06-01,DEPT,,297.0,,
IND-303,D62,2024-07-01,DEPT,,313.0,,
IND-303,D62,2024-08-01,DEPT,,355.0,,
IND-303,D62,2024-09-01,DEPT,,284.0,,
IND-303,D62,2024-10-01,DEPT,,370.0,,
IND-303,D62,2024-11-01,DEPT,,311.0,,
IND-303,D62,2024-12-01,DEPT,,230.0,,
IND-303,D62,2025-01-01,DEPT,,264.0,,
IND-303,D62,2025-02-01,DEPT,,306.0,,
IND-303,D62,2025-03-01,DEPT,,411.0,,
IND-303,D62,2025-04-01,DEPT,,341.0,,
IND-303,D62,2025-05-01,DEPT,,404.0,,
IND-303,D62,2025-06-01,DEPT,,339.0,,
IND-303,D62,2025-07-01,DEPT,,374.0,,
IND-303,D62,2025-08-01,DEPT,,379.0,,
IND-303,D62,2025-09-01,DEPT,,363.0,,
IND-303,D62,2025-10-01,DEPT,,405.0,,
IND-303,D62,2025-11-01,DEPT,,376.0,,
IND-303,D62,2025-12-01,DEPT,,280.0,,
IND-303,D62,2026-01-01,DEPT,,355.0,,
IND-303,D62,2026-02-01,DEPT,,728.0,,
IND-303,D62,2026-03-01,DEPT,,1194.0,,
IND-303,D62,2026-04-01,DEPT,,1895.0,,
IND-303,D62,2026-05-01,DEPT,,2227.0,,
IND-303,D62,2026-06-01,DEPT,,2500.0,,
IND-303,D62,2026-07-01,DEPT,,2861.0,,
IND-303,D63,2023-01-01,DEPT,,49.0,,
IND-303,D63,2023-02-01,DEPT,,50.0,,
IND-303,D63,2023-03-01,DEPT,,88.0,,
IND-303,D63,2023-04-01,DEPT,,43.0,,
IND-303,D63,2023-05-01,DEPT,,61.0,,
IND-303,D63,2023-06-01,DEPT,,41.0,,
IND-303,D63,2023-07-01,DEPT,,35.0,,
IND-303,D63,2023-08-01,DEPT,,35.0,,
IND-303,D63,2023-09-01,DEPT,,38.0,,
IND-303,D63,2023-10-01,DEPT,,45.0,,
IND-303,D63,2023-11-01,DEPT,,37.0,,
IND-303,D63,2023-12-01,DEPT,,38.0,,
IND-303,D63,2024-01-01,DEPT,,49.0,,
IND-303,D63,2024-02-01,DEPT,,49.0,,
IND-303,D63,2024-03-01,DEPT,,96.0,,
IND-303,D63,2024-04-01,DEPT,,107.0,,
IND-303,D63,2024-05-01,DEPT,,75.0,,
IND-303,D63,2024-06-01,DEPT,,64.0,,
IND-303,D63,2024-07-01,DEPT,,67.0,,
IND-303,D63,2024-08-01,DEPT,,73.0,,
IND-303,D63,2024-09-01,DEPT,,111.0,,
IND-303,D63,2024-10-01,DEPT,,138.0,,
IND-303,D63,2024-11-01,DEPT,,107.0,,
IND-303,D63,2024-12-01,DEPT,,140.0,,
IND-303,D63,2025-01-01,DEPT,,149.0,,
IND-303,D63,2025-02-01,DEPT,,126.0,,
IND-303,D63,2025-03-01,DEPT,,141.0,,
IND-303,D63,2025-04-01,DEPT,,152.0,,
IND-303,D63,2025-05-01,DEPT,,143.0,,
IND-303,D63,2025-06-01,DEPT,,109.0,,
IND-303,D63,2025-07-01,DEPT,,169.0,,
IND-303,D63,2025-08-01,DEPT,,140.0,,
IND-303,D63,2025-09-01,DEPT,,98.0,,
IND-303,D63,2025-10-01,DEPT,,103.0,,
IND-303,D63,2025-11-01,DEPT,,131.0,,
IND-303,D63,2025-12-01,DEPT,,82.0,,
IND-303,D63,2026-01-01,DEPT,,142.0,,
IND-303,D63,2026-02-01,DEPT,,264.0,,
IND-303,D63,2026-03-01,DEPT,,357.0,,
IND-303,D63,2026-04-01,DEPT,,427.0,,
IND-303,D63,2026-05-01,DEPT,,527.0,,
IND-303,D63,2026-06-01,DEPT,,583.0,,
IND-303,D63,2026-07-01,DEPT,,668.0,,
IND-303,D64,2023-01-01,DEPT,,46.0,,
IND-303,D64,2023-02-01,DEPT,,70.0,,
IND-303,D64,2023-03-01,DEPT,,53.0,,
IND-303,D64,2023-04-01,DEPT,,57.0,,
IND-303,D64,2023-05-01,DEPT,,49.0,,
IND-303,D64,2023-06-01,DEPT,,57.0,,
IND-303,D64,2023-07-01,DEPT,,58.0,,
IND-303,D64,2023-08-01,DEPT,,34.0,,
IND-303,D64,2023-09-01,DEPT,,68.0,,
IND-303,D64,2023-10-01,DEPT,,57.0,,
IND-303,D64,2023-11-01,DEPT,,46.0,,
IND-303,D64,2023-12-01,DEPT,,44.0,,
IND-303,D64,2024-01-01,DEPT,,63.0,,
IND-303,D64,2024-02-01,DEPT,,69.0,,
IND-303,D64,2024-03-01,DEPT,,65.0,,
IND-303,D64,2024-04-01,DEPT,,93.0,,
IND-303,D64,2024-05-01,DEPT,,76.0,,
IND-303,D64,2024-06-01,DEPT,,64.0,,
IND-303,D64,2024-07-01,DEPT,,89.0,,
IND-303,D64,2024-08-01,DEPT,,96.0,,
IND-303,D64,2024-09-01,DEPT,,63.0,,
IND-303,D64,2024-10-01,DEPT,,65.0,,
IND-303,D64,2024-11-01,DEPT,,77.0,,
IND-303,D64,2024-12-01,DEPT,,66.0,,
IND-303,D64,2025-01-01,DEPT,,89.0,,
IND-303,D64,2025-02-01,DEPT,,103.0,,
IND-303,D64,2025-03-01,DEPT,,78.0,,
IND-303,D64,2025-04-01,DEPT,,81.0,,
IND-303,D64,2025-05-01,DEPT,,90.0,,
IND-303,D64,2025-06-01,DEPT,,75.0,,
IND-303,D64,2025-07-01,DEPT,,124.0,,
IND-303,D64,2025-08-01,DEPT,,156.0,,
IND-303,D64,2025-09-01,DEPT,,108.0,,
IND-303,D64,2025-10-01,DEPT,,88.0,,
IND-303,D64,2025-11-01,DEPT,,87.0,,
IND-303,D64,2025-12-01,DEPT,,69.0,,
IND-303,D64,2026-01-01,DEPT,,95.0,,
IND-303,D64,2026-02-01,DEPT,,176.0,,
IND-303,D64,2026-03-01,DEPT,,265.0,,
IND-303,D64,2026-04-01,DEPT,,360.0,,
IND-303,D64,2026-05-01,DEPT,,443.0,,
IND-303,D64,2026-06-01,DEPT,,528.0,,
IND-303,D64,2026-07-01,DEPT,,645.0,,
IND-303,D65,2023-01-01,DEPT,,25.0,,
IND-303,D65,2023-02-01,DEPT,,23.0,,
IND-303,D65,2023-03-01,DEPT,,25.0,,
IND-303,D65,2023-04-01,DEPT,,12.0,,
IND-303,D65,2023-05-01,DEPT,,17.0,,
IND-303,D65,2023-06-01,DEPT,,22.0,,
IND-303,D65,2023-07-01,DEPT,,16.0,,
IND-303,D65,2023-08-01,DEPT,,9.0,,
IND-303,D65,2023-09-01,DEPT,,20.0,,
IND-303,D65,2023-10-01,DEPT,,25.0,,
IND-303,D65,2023-11-01,DEPT,,19.0,,
IND-303,D65,2023-12-01,DEPT,,43.0,,
IND-303,D65,2024-01-01,DEPT,,43.0,,
IND-303,D65,2024-02-01,DEPT,,28.0,,
IND-303,D65,2024-03-01,DEPT,,25.0,,
IND-303,D65,2024-04-01,DEPT,,31.0,,
IND-303,D65,2024-05-01,DEPT,,21.0,,
IND-303,D65,2024-06-01,DEPT,,17.0,,
IND-303,D65,2024-07-01,DEPT,,23.0,,
IND-303,D65,2024-08-01,DEPT,,17.0,,
IND-303,D65,2024-09-01,DEPT,,19.0,,
IND-303,D65,2024-10-01,DEPT,,20.0,,
IND-303,D65,2024-11-01,DEPT,,14.0,,
IND-303,D65,2024-12-01,DEPT,,16.0,,
IND-303,D65,2025-01-01,DEPT,,35.0,,
IND-303,D65,2025-02-01,DEPT,,40.0,,
IND-303,D65,2025-03-01,DEPT,,43.0,,
IND-303,D65,2025-04-01,DEPT,,30.0,,
IND-303,D65,2025-05-01,DEPT,,15.0,,
IND-303,D65,2025-06-01,DEPT,,28.0,,
IND-303,D65,2025-07-01,DEPT,,12.0,,
IND-303,D65,2025-08-01,DEPT,,19.0,,
IND-303,D65,2025-09-01,DEPT,,20.0,,
IND-303,D65,2025-10-01,DEPT,,24.0,,
IND-303,D65,2025-11-01,DEPT,,26.0,,
IND-303,D65,2025-12-01,DEPT,,21.0,,
IND-303,D65,2026-01-01,DEPT,,22.0,,
IND-303,D65,2026-02-01,DEPT,,67.0,,
IND-303,D65,2026-03-01,DEPT,,99.0,,
IND-303,D65,2026-04-01,DEPT,,118.0,,
IND-303,D65,2026-05-01,DEPT,,151.0,,
IND-303,D65,2026-06-01,DEPT,,178.0,,
IND-303,D65,2026-07-01,DEPT,,192.0,,
IND-303,D66,2023-01-01,DEPT,,124.0,,
IND-303,D66,2023-02-01,DEPT,,107.0,,
IND-303,D66,2023-03-01,DEPT,,94.0,,
IND-303,D66,2023-04-01,DEPT,,52.0,,
IND-303,D66,2023-05-01,DEPT,,62.0,,
IND-303,D66,2023-06-01,DEPT,,58.0,,
IND-303,D66,2023-07-01,DEPT,,103.0,,
IND-303,D66,2023-08-01,DEPT,,56.0,,
IND-303,D66,2023-09-01,DEPT,,52.0,,
IND-303,D66,2023-10-01,DEPT,,65.0,,
IND-303,D66,2023-11-01,DEPT,,75.0,,
IND-303,D66,2023-12-01,DEPT,,45.0,,
IND-303,D66,2024-01-01,DEPT,,63.0,,
IND-303,D66,2024-02-01,DEPT,,57.0,,
IND-303,D66,2024-03-01,DEPT,,139.0,,
IND-303,D66,2024-04-01,DEPT,,60.0,,
IND-303,D66,2024-05-01,DEPT,,46.0,,
IND-303,D66,2024-06-01,DEPT,,69.0,,
IND-303,D66,2024-07-01,DEPT,,74.0,,
IND-303,D66,2024-08-01,DEPT,,134.0,,
IND-303,D66,2024-09-01,DEPT,,55.0,,
IND-303,D66,2024-10-01,DEPT,,72.0,,
IND-303,D66,2024-11-01,DEPT,,71.0,,
IND-303,D66,2024-12-01,DEPT,,74.0,,
IND-303,D66,2025-01-01,DEPT,,151.0,,
IND-303,D66,2025-02-01,DEPT,,109.0,,
IND-303,D66,2025-03-01,DEPT,,111.0,,
IND-303,D66,2025-04-01,DEPT,,159.0,,
IND-303,D66,2025-05-01,DEPT,,153.0,,
IND-303,D66,2025-06-01,DEPT,,88.0,,
IND-303,D66,2025-07-01,DEPT,,172.0,,
IND-303,D66,2025-08-01,DEPT,,191.0,,
IND-303,D66,2025-09-01,DEPT,,113.0,,
IND-303,D66,2025-10-01,DEPT,,103.0,,
IND-303,D66,2025-11-01,DEPT,,117.0,,
IND-303,D66,2025-12-01,DEPT,,59.0,,
IND-303,D66,2026-01-01,DEPT,,106.0,,
IND-303,D66,2026-02-01,DEPT,,221.0,,
IND-303,D66,2026-03-01,DEPT,,374.0,,
IND-303,D66,2026-04-01,DEPT,,547.0,,
IND-303,D66,2026-05-01,DEPT,,655.0,,
IND-303,D66,2026-06-01,DEPT,,740.0,,
IND-303,D66,2026-07-01,DEPT,,871.0,,
IND-303,D67,2023-01-01,DEPT,,72.0,,
IND-303,D67,2023-02-01,DEPT,,101.0,,
IND-303,D67,2023-03-01,DEPT,,84.0,,
IND-303,D67,2023-04-01,DEPT,,114.0,,
IND-303,D67,2023-05-01,DEPT,,79.0,,
IND-303,D67,2023-06-01,DEPT,,87.0,,
IND-303,D67,2023-07-01,DEPT,,113.0,,
IND-303,D67,2023-08-01,DEPT,,106.0,,
IND-303,D67,2023-09-01,DEPT,,135.0,,
IND-303,D67,2023-10-01,DEPT,,92.0,,
IND-303,D67,2023-11-01,DEPT,,60.0,,
IND-303,D67,2023-12-01,DEPT,,115.0,,
IND-303,D67,2024-01-01,DEPT,,132.0,,
IND-303,D67,2024-02-01,DEPT,,116.0,,
IND-303,D67,2024-03-01,DEPT,,122.0,,
IND-303,D67,2024-04-01,DEPT,,114.0,,
IND-303,D67,2024-05-01,DEPT,,105.0,,
IND-303,D67,2024-06-01,DEPT,,84.0,,
IND-303,D67,2024-07-01,DEPT,,125.0,,
IND-303,D67,2024-08-01,DEPT,,121.0,,
IND-303,D67,2024-09-01,DEPT,,92.0,,
IND-303,D67,2024-10-01,DEPT,,90.0,,
IND-303,D67,2024-11-01,DEPT,,88.0,,
IND-303,D67,2024-12-01,DEPT,,56.0,,
IND-303,D67,2025-01-01,DEPT,,119.0,,
IND-303,D67,2025-02-01,DEPT,,81.0,,
IND-303,D67,2025-03-01,DEPT,,104.0,,
IND-303,D67,2025-04-01,DEPT,,113.0,,
IND-303,D67,2025-05-01,DEPT,,117.0,,
IND-303,D67,2025-06-01,DEPT,,121.0,,
IND-303,D67,2025-07-01,DEPT,,150.0,,
IND-303,D67,2025-08-01,DEPT,,147.0,,
IND-303,D67,2025-09-01,DEPT,,148.0,,
IND-303,D67,2025-10-01,DEPT,,140.0,,
IND-303,D67,2025-11-01,DEPT,,95.0,,
IND-303,D67,2025-12-01,DEPT,,105.0,,
IND-303,D67,2026-01-01,DEPT,,118.0,,
IND-303,D67,2026-02-01,DEPT,,263.0,,
IND-303,D67,2026-03-01,DEPT,,445.0,,
IND-303,D67,2026-04-01,DEPT,,611.0,,
IND-303,D67,2026-05-01,DEPT,,760.0,,
IND-303,D67,2026-06-01,DEPT,,904.0,,
IND-303,D67,2026-07-01,DEPT,,1039.0,,
IND-303,D68,2023-01-01,DEPT,,59.0,,
IND-303,D68,2023-02-01,DEPT,,57.0,,
IND-303,D68,2023-03-01,DEPT,,74.0,,
IND-303,D68,2023-04-01,DEPT,,76.0,,
IND-303,D68,2023-05-01,DEPT,,70.0,,
IND-303,D68,2023-06-01,DEPT,,77.0,,
IND-303,D68,2023-07-01,DEPT,,51.0,,
IND-303,D68,2023-08-01,DEPT,,74.0,,
IND-303,D68,2023-09-01,DEPT,,81.0,,
IND-303,D68,2023-10-01,DEPT,,50.0,,
IND-303,D68,2023-11-01,DEPT,,67.0,,
IND-303,D68,2023-12-01,DEPT,,54.0,,
IND-303,D68,2024-01-01,DEPT,,75.0,,
IND-303,D68,2024-02-01,DEPT,,88.0,,
IND-303,D68,2024-03-01,DEPT,,84.0,,
IND-303,D68,2024-04-01,DEPT,,76.0,,
IND-303,D68,2024-05-01,DEPT,,91.0,,
IND-303,D68,2024-06-01,DEPT,,86.0,,
IND-303,D68,2024-07-01,DEPT,,107.0,,
IND-303,D68,2024-08-01,DEPT,,67.0,,
IND-303,D68,2024-09-01,DEPT,,69.0,,
IND-303,D68,2024-10-01,DEPT,,74.0,,
IND-303,D68,2024-11-01,DEPT,,75.0,,
IND-303,D68,2024-12-01,DEPT,,61.0,,
IND-303,D68,2025-01-01,DEPT,,108.0,,
IND-303,D68,2025-02-01,DEPT,,112.0,,
IND-303,D68,2025-03-01,DEPT,,95.0,,
IND-303,D68,2025-04-01,DEPT,,103.0,,
IND-303,D68,2025-05-01,DEPT,,104.0,,
IND-303,D68,2025-06-01,DEPT,,93.0,,
IND-303,D68,2025-07-01,DEPT,,108.0,,
IND-303,D68,2025-08-01,DEPT,,119.0,,
IND-303,D68,2025-09-01,DEPT,,114.0,,
IND-303,D68,2025-10-01,DEPT,,124.0,,
IND-303,D68,2025-11-01,DEPT,,115.0,,
IND-303,D68,2025-12-01,DEPT,,108.0,,
IND-303,D68,2026-01-01,DEPT,,118.0,,
IND-303,D68,2026-02-01,DEPT,,231.0,,
IND-303,D68,2026-03-01,DEPT,,344.0,,
IND-303,D68,2026-04-01,DEPT,,465.0,,
IND-303,D68,2026-05-01,DEPT,,565.0,,
IND-303,D68,2026-06-01,DEPT,,673.0,,
IND-303,D68,2026-07-01,DEPT,,759.0,,
IND-303,D69,2023-01-01,DEPT,,814.0,,
IND-303,D69,2023-02-01,DEPT,,546.0,,
IND-303,D69,2023-03-01,DEPT,,510.0,,
IND-303,D69,2023-04-01,DEPT,,514.0,,
IND-303,D69,2023-05-01,DEPT,,566.0,,
IND-303,D69,2023-06-01,DEPT,,488.0,,
IND-303,D69,2023-07-01,DEPT,,384.0,,
IND-303,D69,2023-08-01,DEPT,,300.0,,
IND-303,D69,2023-09-01,DEPT,,426.0,,
IND-303,D69,2023-10-01,DEPT,,509.0,,
IND-303,D69,2023-11-01,DEPT,,548.0,,
IND-303,D69,2023-12-01,DEPT,,467.0,,
IND-303,D69,2024-01-01,DEPT,,660.0,,
IND-303,D69,2024-02-01,DEPT,,678.0,,
IND-303,D69,2024-03-01,DEPT,,834.0,,
IND-303,D69,2024-04-01,DEPT,,753.0,,
IND-303,D69,2024-05-01,DEPT,,669.0,,
IND-303,D69,2024-06-01,DEPT,,531.0,,
IND-303,D69,2024-07-01,DEPT,,509.0,,
IND-303,D69,2024-08-01,DEPT,,638.0,,
IND-303,D69,2024-09-01,DEPT,,566.0,,
IND-303,D69,2024-10-01,DEPT,,557.0,,
IND-303,D69,2024-11-01,DEPT,,619.0,,
IND-303,D69,2024-12-01,DEPT,,521.0,,
IND-303,D69,2025-01-01,DEPT,,695.0,,
IND-303,D69,2025-02-01,DEPT,,629.0,,
IND-303,D69,2025-03-01,DEPT,,746.0,,
IND-303,D69,2025-04-01,DEPT,,807.0,,
IND-303,D69,2025-05-01,DEPT,,843.0,,
IND-303,D69,2025-06-01,DEPT,,640.0,,
IND-303,D69,2025-07-01,DEPT,,890.0,,
IND-303,D69,2025-08-01,DEPT,,647.0,,
IND-303,D69,2025-09-01,DEPT,,747.0,,
IND-303,D69,2025-10-01,DEPT,,780.0,,
IND-303,D69,2025-11-01,DEPT,,799.0,,
IND-303,D69,2025-12-01,DEPT,,703.0,,
IND-303,D69,2026-01-01,DEPT,,897.0,,
IND-303,D69,2026-02-01,DEPT,,1850.0,,
IND-303,D69,2026-03-01,DEPT,,2885.0,,
IND-303,D69,2026-04-01,DEPT,,3824.0,,
IND-303,D69,2026-05-01,DEPT,,4765.0,,
IND-303,D69,2026-06-01,DEPT,,5455.0,,
IND-303,D69,2026-07-01,DEPT,,6223.0,,
IND-303,D70,2023-01-01,DEPT,,20.0,,
IND-303,D70,2023-02-01,DEPT,,26.0,,
IND-303,D70,2023-03-01,DEPT,,18.0,,
IND-303,D70,2023-04-01,DEPT,,38.0,,
IND-303,D70,2023-05-01,DEPT,,21.0,,
IND-303,D70,2023-06-01,DEPT,,19.0,,
IND-303,D70,2023-07-01,DEPT,,22.0,,
IND-303,D70,2023-08-01,DEPT,,24.0,,
IND-303,D70,2023-09-01,DEPT,,26.0,,
IND-303,D70,2023-10-01,DEPT,,36.0,,
IND-303,D70,2023-11-01,DEPT,,23.0,,
IND-303,D70,2023-12-01,DEPT,,16.0,,
IND-303,D70,2024-01-01,DEPT,,20.0,,
IND-303,D70,2024-02-01,DEPT,,16.0,,
IND-303,D70,2024-03-01,DEPT,,23.0,,
IND-303,D70,2024-04-01,DEPT,,56.0,,
IND-303,D70,2024-05-01,DEPT,,22.0,,
IND-303,D70,2024-06-01,DEPT,,26.0,,
IND-303,D70,2024-07-01,DEPT,,17.0,,
IND-303,D70,2024-08-01,DEPT,,22.0,,
IND-303,D70,2024-09-01,DEPT,,19.0,,
IND-303,D70,2024-10-01,DEPT,,11.0,,
IND-303,D70,2024-11-01,DEPT,,13.0,,
IND-303,D70,2024-12-01,DEPT,,8.0,,
IND-303,D70,2025-01-01,DEPT,,10.0,,
IND-303,D70,2025-02-01,DEPT,,11.0,,
IND-303,D70,2025-03-01,DEPT,,16.0,,
IND-303,D70,2025-04-01,DEPT,,16.0,,
IND-303,D70,2025-05-01,DEPT,,24.0,,
IND-303,D70,2025-06-01,DEPT,,8.0,,
IND-303,D70,2025-07-01,DEPT,,17.0,,
IND-303,D70,2025-08-01,DEPT,,17.0,,
IND-303,D70,2025-09-01,DEPT,,12.0,,
IND-303,D70,2025-10-01,DEPT,,11.0,,
IND-303,D70,2025-11-01,DEPT,,19.0,,
IND-303,D70,2025-12-01,DEPT,,14.0,,
IND-303,D70,2026-01-01,DEPT,,14.0,,
IND-303,D70,2026-02-01,DEPT,,21.0,,
IND-303,D70,2026-03-01,DEPT,,34.0,,
IND-303,D70,2026-04-01,DEPT,,46.0,,
IND-303,D70,2026-05-01,DEPT,,65.0,,
IND-303,D70,2026-06-01,DEPT,,85.0,,
IND-303,D70,2026-07-01,DEPT,,105.0,,
IND-303,D71,2023-01-01,DEPT,,73.0,,
IND-303,D71,2023-02-01,DEPT,,65.0,,
IND-303,D71,2023-03-01,DEPT,,57.0,,
IND-303,D71,2023-04-01,DEPT,,57.0,,
IND-303,D71,2023-05-01,DEPT,,70.0,,
IND-303,D71,2023-06-01,DEPT,,82.0,,
IND-303,D71,2023-07-01,DEPT,,57.0,,
IND-303,D71,2023-08-01,DEPT,,16.0,,
IND-303,D71,2023-09-01,DEPT,,72.0,,
IND-303,D71,2023-10-01,DEPT,,102.0,,
IND-303,D71,2023-11-01,DEPT,,61.0,,
IND-303,D71,2023-12-01,DEPT,,64.0,,
IND-303,D71,2024-01-01,DEPT,,72.0,,
IND-303,D71,2024-02-01,DEPT,,63.0,,
IND-303,D71,2024-03-01,DEPT,,80.0,,
IND-303,D71,2024-04-01,DEPT,,72.0,,
IND-303,D71,2024-05-01,DEPT,,85.0,,
IND-303,D71,2024-06-01,DEPT,,112.0,,
IND-303,D71,2024-07-01,DEPT,,61.0,,
IND-303,D71,2024-08-01,DEPT,,50.0,,
IND-303,D71,2024-09-01,DEPT,,121.0,,
IND-303,D71,2024-10-01,DEPT,,99.0,,
IND-303,D71,2024-11-01,DEPT,,91.0,,
IND-303,D71,2024-12-01,DEPT,,69.0,,
IND-303,D71,2025-01-01,DEPT,,95.0,,
IND-303,D71,2025-02-01,DEPT,,99.0,,
IND-303,D71,2025-03-01,DEPT,,104.0,,
IND-303,D71,2025-04-01,DEPT,,101.0,,
IND-303,D71,2025-05-01,DEPT,,163.0,,
IND-303,D71,2025-06-01,DEPT,,130.0,,
IND-303,D71,2025-07-01,DEPT,,130.0,,
IND-303,D71,2025-08-01,DEPT,,115.0,,
IND-303,D71,2025-09-01,DEPT,,125.0,,
IND-303,D71,2025-10-01,DEPT,,124.0,,
IND-303,D71,2025-11-01,DEPT,,92.0,,
IND-303,D71,2025-12-01,DEPT,,91.0,,
IND-303,D71,2026-01-01,DEPT,,111.0,,
IND-303,D71,2026-02-01,DEPT,,208.0,,
IND-303,D71,2026-03-01,DEPT,,336.0,,
IND-303,D71,2026-04-01,DEPT,,427.0,,
IND-303,D71,2026-05-01,DEPT,,584.0,,
IND-303,D71,2026-06-01,DEPT,,753.0,,
IND-303,D71,2026-07-01,DEPT,,813.0,,
IND-303,D72,2023-01-01,DEPT,,11.0,,
IND-303,D72,2023-02-01,DEPT,,19.0,,
IND-303,D72,2023-03-01,DEPT,,10.0,,
IND-303,D72,2023-04-01,DEPT,,39.0,,
IND-303,D72,2023-05-01,DEPT,,28.0,,
IND-303,D72,2023-06-01,DEPT,,34.0,,
IND-303,D72,2023-07-01,DEPT,,23.0,,
IND-303,D72,2023-08-01,DEPT,,12.0,,
IND-303,D72,2023-09-01,DEPT,,25.0,,
IND-303,D72,2023-10-01,DEPT,,26.0,,
IND-303,D72,2023-11-01,DEPT,,39.0,,
IND-303,D72,2023-12-01,DEPT,,39.0,,
IND-303,D72,2024-01-01,DEPT,,35.0,,
IND-303,D72,2024-02-01,DEPT,,73.0,,
IND-303,D72,2024-03-01,DEPT,,51.0,,
IND-303,D72,2024-04-01,DEPT,,61.0,,
IND-303,D72,2024-05-01,DEPT,,65.0,,
IND-303,D72,2024-06-01,DEPT,,48.0,,
IND-303,D72,2024-07-01,DEPT,,69.0,,
IND-303,D72,2024-08-01,DEPT,,66.0,,
IND-303,D72,2024-09-01,DEPT,,62.0,,
IND-303,D72,2024-10-01,DEPT,,51.0,,
IND-303,D72,2024-11-01,DEPT,,68.0,,
IND-303,D72,2024-12-01,DEPT,,60.0,,
IND-303,D72,2025-01-01,DEPT,,66.0,,
IND-303,D72,2025-02-01,DEPT,,64.0,,
IND-303,D72,2025-03-01,DEPT,,66.0,,
IND-303,D72,2025-04-01,DEPT,,44.0,,
IND-303,D72,2025-05-01,DEPT,,71.0,,
IND-303,D72,2025-06-01,DEPT,,47.0,,
IND-303,D72,2025-07-01,DEPT,,44.0,,
IND-303,D72,2025-08-01,DEPT,,70.0,,
IND-303,D72,2025-09-01,DEPT,,46.0,,
IND-303,D72,2025-10-01,DEPT,,43.0,,
IND-303,D72,2025-11-01,DEPT,,63.0,,
IND-303,D72,2025-12-01,DEPT,,56.0,,
IND-303,D72,2026-01-01,DEPT,,55.0,,
IND-303,D72,2026-02-01,DEPT,,140.0,,
IND-303,D72,2026-03-01,DEPT,,208.0,,
IND-303,D72,2026-04-01,DEPT,,272.0,,
IND-303,D72,2026-05-01,DEPT,,317.0,,
IND-303,D72,2026-06-01,DEPT,,373.0,,
IND-303,D72,2026-07-01,DEPT,,414.0,,
IND-303,D73,2023-01-01,DEPT,,92.0,,
IND-303,D73,2023-02-01,DEPT,,103.0,,
IND-303,D73,2023-03-01,DEPT,,79.0,,
IND-303,D73,2023-04-01,DEPT,,47.0,,
IND-303,D73,2023-05-01,DEPT,,45.0,,
IND-303,D73,2023-06-01,DEPT,,45.0,,
IND-303,D73,2023-07-01,DEPT,,23.0,,
IND-303,D73,2023-08-01,DEPT,,35.0,,
IND-303,D73,2023-09-01,DEPT,,33.0,,
IND-303,D73,2023-10-01,DEPT,,34.0,,
IND-303,D73,2023-11-01,DEPT,,37.0,,
IND-303,D73,2023-12-01,DEPT,,35.0,,
IND-303,D73,2024-01-01,DEPT,,118.0,,
IND-303,D73,2024-02-01,DEPT,,113.0,,
IND-303,D73,2024-03-01,DEPT,,94.0,,
IND-303,D73,2024-04-01,DEPT,,50.0,,
IND-303,D73,2024-05-01,DEPT,,42.0,,
IND-303,D73,2024-06-01,DEPT,,34.0,,
IND-303,D73,2024-07-01,DEPT,,49.0,,
IND-303,D73,2024-08-01,DEPT,,49.0,,
IND-303,D73,2024-09-01,DEPT,,91.0,,
IND-303,D73,2024-10-01,DEPT,,44.0,,
IND-303,D73,2024-11-01,DEPT,,53.0,,
IND-303,D73,2024-12-01,DEPT,,52.0,,
IND-303,D73,2025-01-01,DEPT,,117.0,,
IND-303,D73,2025-02-01,DEPT,,74.0,,
IND-303,D73,2025-03-01,DEPT,,115.0,,
IND-303,D73,2025-04-01,DEPT,,120.0,,
IND-303,D73,2025-05-01,DEPT,,55.0,,
IND-303,D73,2025-06-01,DEPT,,60.0,,
IND-303,D73,2025-07-01,DEPT,,56.0,,
IND-303,D73,2025-08-01,DEPT,,51.0,,
IND-303,D73,2025-09-01,DEPT,,79.0,,
IND-303,D73,2025-10-01,DEPT,,63.0,,
IND-303,D73,2025-11-01,DEPT,,67.0,,
IND-303,D73,2025-12-01,DEPT,,94.0,,
IND-303,D73,2026-01-01,DEPT,,162.0,,
IND-303,D73,2026-02-01,DEPT,,280.0,,
IND-303,D73,2026-03-01,DEPT,,410.0,,
IND-303,D73,2026-04-01,DEPT,,507.0,,
IND-303,D73,2026-05-01,DEPT,,575.0,,
IND-303,D73,2026-06-01,DEPT,,636.0,,
IND-303,D73,2026-07-01,DEPT,,714.0,,
IND-303,D74,2023-01-01,DEPT,,135.0,,
IND-303,D74,2023-02-01,DEPT,,132.0,,
IND-303,D74,2023-03-01,DEPT,,133.0,,
IND-303,D74,2023-04-01,DEPT,,101.0,,
IND-303,D74,2023-05-01,DEPT,,142.0,,
IND-303,D74,2023-06-01,DEPT,,102.0,,
IND-303,D74,2023-07-01,DEPT,,162.0,,
IND-303,D74,2023-08-01,DEPT,,122.0,,
IND-303,D74,2023-09-01,DEPT,,113.0,,
IND-303,D74,2023-10-01,DEPT,,100.0,,
IND-303,D74,2023-11-01,DEPT,,93.0,,
IND-303,D74,2023-12-01,DEPT,,99.0,,
IND-303,D74,2024-01-01,DEPT,,102.0,,
IND-303,D74,2024-02-01,DEPT,,109.0,,
IND-303,D74,2024-03-01,DEPT,,136.0,,
IND-303,D74,2024-04-01,DEPT,,89.0,,
IND-303,D74,2024-05-01,DEPT,,131.0,,
IND-303,D74,2024-06-01,DEPT,,88.0,,
IND-303,D74,2024-07-01,DEPT,,189.0,,
IND-303,D74,2024-08-01,DEPT,,167.0,,
IND-303,D74,2024-09-01,DEPT,,98.0,,
IND-303,D74,2024-10-01,DEPT,,132.0,,
IND-303,D74,2024-11-01,DEPT,,124.0,,
IND-303,D74,2024-12-01,DEPT,,152.0,,
IND-303,D74,2025-01-01,DEPT,,175.0,,
IND-303,D74,2025-02-01,DEPT,,255.0,,
IND-303,D74,2025-03-01,DEPT,,210.0,,
IND-303,D74,2025-04-01,DEPT,,192.0,,
IND-303,D74,2025-05-01,DEPT,,116.0,,
IND-303,D74,2025-06-01,DEPT,,158.0,,
IND-303,D74,2025-07-01,DEPT,,167.0,,
IND-303,D74,2025-08-01,DEPT,,248.0,,
IND-303,D74,2025-09-01,DEPT,,163.0,,
IND-303,D74,2025-10-01,DEPT,,159.0,,
IND-303,D74,2025-11-01,DEPT,,173.0,,
IND-303,D74,2025-12-01,DEPT,,143.0,,
IND-303,D74,2026-01-01,DEPT,,225.0,,
IND-303,D74,2026-02-01,DEPT,,432.0,,
IND-303,D74,2026-03-01,DEPT,,766.0,,
IND-303,D74,2026-04-01,DEPT,,1016.0,,
IND-303,D74,2026-05-01,DEPT,,1220.0,,
IND-303,D74,2026-06-01,DEPT,,1509.0,,
IND-303,D74,2026-07-01,DEPT,,1733.0,,
IND-303,D75,2023-01-01,DEPT,,1069.0,,
IND-303,D75,2023-02-01,DEPT,,1283.0,,
IND-303,D75,2023-03-01,DEPT,,1193.0,,
IND-303,D75,2023-04-01,DEPT,,1125.0,,
IND-303,D75,2023-05-01,DEPT,,1359.0,,
IND-303,D75,2023-06-01,DEPT,,1318.0,,
IND-303,D75,2023-07-01,DEPT,,913.0,,
IND-303,D75,2023-08-01,DEPT,,530.0,,
IND-303,D75,2023-09-01,DEPT,,1044.0,,
IND-303,D75,2023-10-01,DEPT,,1259.0,,
IND-303,D75,2023-11-01,DEPT,,986.0,,
IND-303,D75,2023-12-01,DEPT,,959.0,,
IND-303,D75,2024-01-01,DEPT,,1409.0,,
IND-303,D75,2024-02-01,DEPT,,1382.0,,
IND-303,D75,2024-03-01,DEPT,,1459.0,,
IND-303,D75,2024-04-01,DEPT,,1507.0,,
IND-303,D75,2024-05-01,DEPT,,1490.0,,
IND-303,D75,2024-06-01,DEPT,,1597.0,,
IND-303,D75,2024-07-01,DEPT,,3721.0,,
IND-303,D75,2024-08-01,DEPT,,4026.0,,
IND-303,D75,2024-09-01,DEPT,,2339.0,,
IND-303,D75,2024-10-01,DEPT,,1549.0,,
IND-303,D75,2024-11-01,DEPT,,1413.0,,
IND-303,D75,2024-12-01,DEPT,,1075.0,,
IND-303,D75,2025-01-01,DEPT,,1371.0,,
IND-303,D75,2025-02-01,DEPT,,1415.0,,
IND-303,D75,2025-03-01,DEPT,,1642.0,,
IND-303,D75,2025-04-01,DEPT,,1821.0,,
IND-303,D75,2025-05-01,DEPT,,2029.0,,
IND-303,D75,2025-06-01,DEPT,,1740.0,,
IND-303,D75,2025-07-01,DEPT,,1690.0,,
IND-303,D75,2025-08-01,DEPT,,1888.0,,
IND-303,D75,2025-09-01,DEPT,,1888.0,,
IND-303,D75,2025-10-01,DEPT,,2067.0,,
IND-303,D75,2025-11-01,DEPT,,1772.0,,
IND-303,D75,2025-12-01,DEPT,,1616.0,,
IND-303,D75,2026-01-01,DEPT,,2004.0,,
IND-303,D75,2026-02-01,DEPT,,3780.0,,
IND-303,D75,2026-03-01,DEPT,,6019.0,,
IND-303,D75,2026-04-01,DEPT,,8185.0,,
IND-303,D75,2026-05-01,DEPT,,10163.0,,
IND-303,D75,2026-06-01,DEPT,,12050.0,,
IND-303,D75,2026-07-01,DEPT,,13726.0,,
IND-303,D76,2023-01-01,DEPT,,382.0,,
IND-303,D76,2023-02-01,DEPT,,376.0,,
IND-303,D76,2023-03-01,DEPT,,275.0,,
IND-303,D76,2023-04-01,DEPT,,270.0,,
IND-303,D76,2023-05-01,DEPT,,372.0,,
IND-303,D76,2023-06-01,DEPT,,322.0,,
IND-303,D76,2023-07-01,DEPT,,295.0,,
IND-303,D76,2023-08-01,DEPT,,338.0,,
IND-303,D76,2023-09-01,DEPT,,415.0,,
IND-303,D76,2023-10-01,DEPT,,391.0,,
IND-303,D76,2023-11-01,DEPT,,343.0,,
IND-303,D76,2023-12-01,DEPT,,321.0,,
IND-303,D76,2024-01-01,DEPT,,346.0,,
IND-303,D76,2024-02-01,DEPT,,440.0,,
IND-303,D76,2024-03-01,DEPT,,422.0,,
IND-303,D76,2024-04-01,DEPT,,355.0,,
IND-303,D76,2024-05-01,DEPT,,372.0,,
IND-303,D76,2024-06-01,DEPT,,348.0,,
IND-303,D76,2024-07-01,DEPT,,339.0,,
IND-303,D76,2024-08-01,DEPT,,361.0,,
IND-303,D76,2024-09-01,DEPT,,248.0,,
IND-303,D76,2024-10-01,DEPT,,352.0,,
IND-303,D76,2024-11-01,DEPT,,248.0,,
IND-303,D76,2024-12-01,DEPT,,266.0,,
IND-303,D76,2025-01-01,DEPT,,302.0,,
IND-303,D76,2025-02-01,DEPT,,335.0,,
IND-303,D76,2025-03-01,DEPT,,393.0,,
IND-303,D76,2025-04-01,DEPT,,425.0,,
IND-303,D76,2025-05-01,DEPT,,402.0,,
IND-303,D76,2025-06-01,DEPT,,347.0,,
IND-303,D76,2025-07-01,DEPT,,342.0,,
IND-303,D76,2025-08-01,DEPT,,413.0,,
IND-303,D76,2025-09-01,DEPT,,466.0,,
IND-303,D76,2025-10-01,DEPT,,466.0,,
IND-303,D76,2025-11-01,DEPT,,400.0,,
IND-303,D76,2025-12-01,DEPT,,341.0,,
IND-303,D76,2026-01-01,DEPT,,470.0,,
IND-303,D76,2026-02-01,DEPT,,865.0,,
IND-303,D76,2026-03-01,DEPT,,1390.0,,
IND-303,D76,2026-04-01,DEPT,,1857.0,,
IND-303,D76,2026-05-01,DEPT,,2304.0,,
IND-303,D76,2026-06-01,DEPT,,2747.0,,
IND-303,D76,2026-07-01,DEPT,,3158.0,,
IND-303,D77,2023-01-01,DEPT,,541.0,,
IND-303,D77,2023-02-01,DEPT,,569.0,,
IND-303,D77,2023-03-01,DEPT,,601.0,,
IND-303,D77,2023-04-01,DEPT,,546.0,,
IND-303,D77,2023-05-01,DEPT,,578.0,,
IND-303,D77,2023-06-01,DEPT,,512.0,,
IND-303,D77,2023-07-01,DEPT,,383.0,,
IND-303,D77,2023-08-01,DEPT,,329.0,,
IND-303,D77,2023-09-01,DEPT,,466.0,,
IND-303,D77,2023-10-01,DEPT,,650.0,,
IND-303,D77,2023-11-01,DEPT,,494.0,,
IND-303,D77,2023-12-01,DEPT,,435.0,,
IND-303,D77,2024-01-01,DEPT,,601.0,,
IND-303,D77,2024-02-01,DEPT,,562.0,,
IND-303,D77,2024-03-01,DEPT,,606.0,,
IND-303,D77,2024-04-01,DEPT,,532.0,,
IND-303,D77,2024-05-01,DEPT,,610.0,,
IND-303,D77,2024-06-01,DEPT,,559.0,,
IND-303,D77,2024-07-01,DEPT,,634.0,,
IND-303,D77,2024-08-01,DEPT,,505.0,,
IND-303,D77,2024-09-01,DEPT,,511.0,,
IND-303,D77,2024-10-01,DEPT,,490.0,,
IND-303,D77,2024-11-01,DEPT,,450.0,,
IND-303,D77,2024-12-01,DEPT,,373.0,,
IND-303,D77,2025-01-01,DEPT,,474.0,,
IND-303,D77,2025-02-01,DEPT,,508.0,,
IND-303,D77,2025-03-01,DEPT,,647.0,,
IND-303,D77,2025-04-01,DEPT,,721.0,,
IND-303,D77,2025-05-01,DEPT,,593.0,,
IND-303,D77,2025-06-01,DEPT,,491.0,,
IND-303,D77,2025-07-01,DEPT,,578.0,,
IND-303,D77,2025-08-01,DEPT,,536.0,,
IND-303,D77,2025-09-01,DEPT,,632.0,,
IND-303,D77,2025-10-01,DEPT,,543.0,,
IND-303,D77,2025-11-01,DEPT,,480.0,,
IND-303,D77,2025-12-01,DEPT,,433.0,,
IND-303,D77,2026-01-01,DEPT,,541.0,,
IND-303,D77,2026-02-01,DEPT,,1045.0,,
IND-303,D77,2026-03-01,DEPT,,1629.0,,
IND-303,D77,2026-04-01,DEPT,,2210.0,,
IND-303,D77,2026-05-01,DEPT,,2752.0,,
IND-303,D77,2026-06-01,DEPT,,3207.0,,
IND-303,D77,2026-07-01,DEPT,,3643.0,,
IND-303,D78,2023-01-01,DEPT,,465.0,,
IND-303,D78,2023-02-01,DEPT,,477.0,,
IND-303,D78,2023-03-01,DEPT,,472.0,,
IND-303,D78,2023-04-01,DEPT,,420.0,,
IND-303,D78,2023-05-01,DEPT,,442.0,,
IND-303,D78,2023-06-01,DEPT,,427.0,,
IND-303,D78,2023-07-01,DEPT,,294.0,,
IND-303,D78,2023-08-01,DEPT,,145.0,,
IND-303,D78,2023-09-01,DEPT,,438.0,,
IND-303,D78,2023-10-01,DEPT,,436.0,,
IND-303,D78,2023-11-01,DEPT,,410.0,,
IND-303,D78,2023-12-01,DEPT,,281.0,,
IND-303,D78,2024-01-01,DEPT,,409.0,,
IND-303,D78,2024-02-01,DEPT,,428.0,,
IND-303,D78,2024-03-01,DEPT,,458.0,,
IND-303,D78,2024-04-01,DEPT,,468.0,,
IND-303,D78,2024-05-01,DEPT,,480.0,,
IND-303,D78,2024-06-01,DEPT,,495.0,,
IND-303,D78,2024-07-01,DEPT,,500.0,,
IND-303,D78,2024-08-01,DEPT,,476.0,,
IND-303,D78,2024-09-01,DEPT,,437.0,,
IND-303,D78,2024-10-01,DEPT,,445.0,,
IND-303,D78,2024-11-01,DEPT,,407.0,,
IND-303,D78,2024-12-01,DEPT,,276.0,,
IND-303,D78,2025-01-01,DEPT,,467.0,,
IND-303,D78,2025-02-01,DEPT,,352.0,,
IND-303,D78,2025-03-01,DEPT,,374.0,,
IND-303,D78,2025-04-01,DEPT,,426.0,,
IND-303,D78,2025-05-01,DEPT,,416.0,,
IND-303,D78,2025-06-01,DEPT,,377.0,,
IND-303,D78,2025-07-01,DEPT,,400.0,,
IND-303,D78,2025-08-01,DEPT,,461.0,,
IND-303,D78,2025-09-01,DEPT,,609.0,,
IND-303,D78,2025-10-01,DEPT,,494.0,,
IND-303,D78,2025-11-01,DEPT,,467.0,,
IND-303,D78,2025-12-01,DEPT,,400.0,,
IND-303,D78,2026-01-01,DEPT,,446.0,,
IND-303,D78,2026-02-01,DEPT,,929.0,,
IND-303,D78,2026-03-01,DEPT,,1436.0,,
IND-303,D78,2026-04-01,DEPT,,1940.0,,
IND-303,D78,2026-05-01,DEPT,,2367.0,,
IND-303,D78,2026-06-01,DEPT,,2753.0,,
IND-303,D78,2026-07-01,DEPT,,3112.0,,
IND-303,D79,2023-01-01,DEPT,,42.0,,
IND-303,D79,2023-02-01,DEPT,,27.0,,
IND-303,D79,2023-03-01,DEPT,,65.0,,
IND-303,D79,2023-04-01,DEPT,,42.0,,
IND-303,D79,2023-05-01,DEPT,,24.0,,
IND-303,D79,2023-06-01,DEPT,,46.0,,
IND-303,D79,2023-07-01,DEPT,,40.0,,
IND-303,D79,2023-08-01,DEPT,,46.0,,
IND-303,D79,2023-09-01,DEPT,,77.0,,
IND-303,D79,2023-10-01,DEPT,,41.0,,
IND-303,D79,2023-11-01,DEPT,,60.0,,
IND-303,D79,2023-12-01,DEPT,,16.0,,
IND-303,D79,2024-01-01,DEPT,,33.0,,
IND-303,D79,2024-02-01,DEPT,,58.0,,
IND-303,D79,2024-03-01,DEPT,,52.0,,
IND-303,D79,2024-04-01,DEPT,,65.0,,
IND-303,D79,2024-05-01,DEPT,,55.0,,
IND-303,D79,2024-06-01,DEPT,,59.0,,
IND-303,D79,2024-07-01,DEPT,,77.0,,
IND-303,D79,2024-08-01,DEPT,,66.0,,
IND-303,D79,2024-09-01,DEPT,,56.0,,
IND-303,D79,2024-10-01,DEPT,,51.0,,
IND-303,D79,2024-11-01,DEPT,,46.0,,
IND-303,D79,2024-12-01,DEPT,,40.0,,
IND-303,D79,2025-01-01,DEPT,,37.0,,
IND-303,D79,2025-02-01,DEPT,,42.0,,
IND-303,D79,2025-03-01,DEPT,,68.0,,
IND-303,D79,2025-04-01,DEPT,,64.0,,
IND-303,D79,2025-05-01,DEPT,,50.0,,
IND-303,D79,2025-06-01,DEPT,,45.0,,
IND-303,D79,2025-07-01,DEPT,,56.0,,
IND-303,D79,2025-08-01,DEPT,,65.0,,
IND-303,D79,2025-09-01,DEPT,,40.0,,
IND-303,D79,2025-10-01,DEPT,,44.0,,
IND-303,D79,2025-11-01,DEPT,,50.0,,
IND-303,D79,2025-12-01,DEPT,,30.0,,
IND-303,D79,2026-01-01,DEPT,,58.0,,
IND-303,D79,2026-02-01,DEPT,,124.0,,
IND-303,D79,2026-03-01,DEPT,,195.0,,
IND-303,D79,2026-04-01,DEPT,,280.0,,
IND-303,D79,2026-05-01,DEPT,,328.0,,
IND-303,D79,2026-06-01,DEPT,,370.0,,
IND-303,D79,2026-07-01,DEPT,,411.0,,
IND-303,D80,2023-01-01,DEPT,,66.0,,
IND-303,D80,2023-02-01,DEPT,,57.0,,
IND-303,D80,2023-03-01,DEPT,,83.0,,
IND-303,D80,2023-04-01,DEPT,,81.0,,
IND-303,D80,2023-05-01,DEPT,,59.0,,
IND-303,D80,2023-06-01,DEPT,,77.0,,
IND-303,D80,2023-07-01,DEPT,,38.0,,
IND-303,D80,2023-08-01,DEPT,,58.0,,
IND-303,D80,2023-09-01,DEPT,,56.0,,
IND-303,D80,2023-10-01,DEPT,,61.0,,
IND-303,D80,2023-11-01,DEPT,,39.0,,
IND-303,D80,2023-12-01,DEPT,,31.0,,
IND-303,D80,2024-01-01,DEPT,,39.0,,
IND-303,D80,2024-02-01,DEPT,,56.0,,
IND-303,D80,2024-03-01,DEPT,,77.0,,
IND-303,D80,2024-04-01,DEPT,,68.0,,
IND-303,D80,2024-05-01,DEPT,,93.0,,
IND-303,D80,2024-06-01,DEPT,,85.0,,
IND-303,D80,2024-07-01,DEPT,,61.0,,
IND-303,D80,2024-08-01,DEPT,,91.0,,
IND-303,D80,2024-09-01,DEPT,,73.0,,
IND-303,D80,2024-10-01,DEPT,,80.0,,
IND-303,D80,2024-11-01,DEPT,,45.0,,
IND-303,D80,2024-12-01,DEPT,,36.0,,
IND-303,D80,2025-01-01,DEPT,,56.0,,
IND-303,D80,2025-02-01,DEPT,,76.0,,
IND-303,D80,2025-03-01,DEPT,,61.0,,
IND-303,D80,2025-04-01,DEPT,,92.0,,
IND-303,D80,2025-05-01,DEPT,,100.0,,
IND-303,D80,2025-06-01,DEPT,,106.0,,
IND-303,D80,2025-07-01,DEPT,,132.0,,
IND-303,D80,2025-08-01,DEPT,,84.0,,
IND-303,D80,2025-09-01,DEPT,,100.0,,
IND-303,D80,2025-10-01,DEPT,,79.0,,
IND-303,D80,2025-11-01,DEPT,,84.0,,
IND-303,D80,2025-12-01,DEPT,,52.0,,
IND-303,D80,2026-01-01,DEPT,,71.0,,
IND-303,D80,2026-02-01,DEPT,,144.0,,
IND-303,D80,2026-03-01,DEPT,,231.0,,
IND-303,D80,2026-04-01,DEPT,,322.0,,
IND-303,D80,2026-05-01,DEPT,,436.0,,
IND-303,D80,2026-06-01,DEPT,,511.0,,
IND-303,D80,2026-07-01,DEPT,,599.0,,
IND-303,D81,2023-01-01,DEPT,,59.0,,
IND-303,D81,2023-02-01,DEPT,,53.0,,
IND-303,D81,2023-03-01,DEPT,,79.0,,
IND-303,D81,2023-04-01,DEPT,,77.0,,
IND-303,D81,2023-05-01,DEPT,,67.0,,
IND-303,D81,2023-06-01,DEPT,,89.0,,
IND-303,D81,2023-07-01,DEPT,,60.0,,
IND-303,D81,2023-08-01,DEPT,,35.0,,
IND-303,D81,2023-09-01,DEPT,,79.0,,
IND-303,D81,2023-10-01,DEPT,,84.0,,
IND-303,D81,2023-11-01,DEPT,,62.0,,
IND-303,D81,2023-12-01,DEPT,,41.0,,
IND-303,D81,2024-01-01,DEPT,,96.0,,
IND-303,D81,2024-02-01,DEPT,,72.0,,
IND-303,D81,2024-03-01,DEPT,,69.0,,
IND-303,D81,2024-04-01,DEPT,,84.0,,
IND-303,D81,2024-05-01,DEPT,,74.0,,
IND-303,D81,2024-06-01,DEPT,,103.0,,
IND-303,D81,2024-07-01,DEPT,,94.0,,
IND-303,D81,2024-08-01,DEPT,,83.0,,
IND-303,D81,2024-09-01,DEPT,,56.0,,
IND-303,D81,2024-10-01,DEPT,,75.0,,
IND-303,D81,2024-11-01,DEPT,,47.0,,
IND-303,D81,2024-12-01,DEPT,,37.0,,
IND-303,D81,2025-01-01,DEPT,,63.0,,
IND-303,D81,2025-02-01,DEPT,,37.0,,
IND-303,D81,2025-03-01,DEPT,,77.0,,
IND-303,D81,2025-04-01,DEPT,,60.0,,
IND-303,D81,2025-05-01,DEPT,,97.0,,
IND-303,D81,2025-06-01,DEPT,,58.0,,
IND-303,D81,2025-07-01,DEPT,,79.0,,
IND-303,D81,2025-08-01,DEPT,,77.0,,
IND-303,D81,2025-09-01,DEPT,,135.0,,
IND-303,D81,2025-10-01,DEPT,,80.0,,
IND-303,D81,2025-11-01,DEPT,,99.0,,
IND-303,D81,2025-12-01,DEPT,,56.0,,
IND-303,D81,2026-01-01,DEPT,,68.0,,
IND-303,D81,2026-02-01,DEPT,,118.0,,
IND-303,D81,2026-03-01,DEPT,,185.0,,
IND-303,D81,2026-04-01,DEPT,,285.0,,
IND-303,D81,2026-05-01,DEPT,,353.0,,
IND-303,D81,2026-06-01,DEPT,,401.0,,
IND-303,D81,2026-07-01,DEPT,,455.0,,
IND-303,D82,2023-01-01,DEPT,,18.0,,
IND-303,D82,2023-02-01,DEPT,,22.0,,
IND-303,D82,2023-03-01,DEPT,,12.0,,
IND-303,D82,2023-04-01,DEPT,,10.0,,
IND-303,D82,2023-05-01,DEPT,,18.0,,
IND-303,D82,2023-06-01,DEPT,,20.0,,
IND-303,D82,2023-07-01,DEPT,,11.0,,
IND-303,D82,2023-08-01,DEPT,,8.0,,
IND-303,D82,2023-09-01,DEPT,,23.0,,
IND-303,D82,2023-10-01,DEPT,,18.0,,
IND-303,D82,2023-11-01,DEPT,,30.0,,
IND-303,D82,2023-12-01,DEPT,,19.0,,
IND-303,D82,2024-01-01,DEPT,,17.0,,
IND-303,D82,2024-02-01,DEPT,,20.0,,
IND-303,D82,2024-03-01,DEPT,,25.0,,
IND-303,D82,2024-04-01,DEPT,,30.0,,
IND-303,D82,2024-05-01,DEPT,,32.0,,
IND-303,D82,2024-06-01,DEPT,,25.0,,
IND-303,D82,2024-07-01,DEPT,,20.0,,
IND-303,D82,2024-08-01,DEPT,,38.0,,
IND-303,D82,2024-09-01,DEPT,,21.0,,
IND-303,D82,2024-10-01,DEPT,,26.0,,
IND-303,D82,2024-11-01,DEPT,,27.0,,
IND-303,D82,2024-12-01,DEPT,,28.0,,
IND-303,D82,2025-01-01,DEPT,,44.0,,
IND-303,D82,2025-02-01,DEPT,,42.0,,
IND-303,D82,2025-03-01,DEPT,,24.0,,
IND-303,D82,2025-04-01,DEPT,,39.0,,
IND-303,D82,2025-05-01,DEPT,,22.0,,
IND-303,D82,2025-06-01,DEPT,,34.0,,
IND-303,D82,2025-07-01,DEPT,,36.0,,
IND-303,D82,2025-08-01,DEPT,,41.0,,
IND-303,D82,2025-09-01,DEPT,,27.0,,
IND-303,D82,2025-10-01,DEPT,,39.0,,
IND-303,D82,2025-11-01,DEPT,,36.0,,
IND-303,D82,2025-12-01,DEPT,,28.0,,
IND-303,D82,2026-01-01,DEPT,,28.0,,
IND-303,D82,2026-02-01,DEPT,,70.0,,
IND-303,D82,2026-03-01,DEPT,,93.0,,
IND-303,D82,2026-04-01,DEPT,,130.0,,
IND-303,D82,2026-05-01,DEPT,,163.0,,
IND-303,D82,2026-06-01,DEPT,,191.0,,
IND-303,D82,2026-07-01,DEPT,,223.0,,
IND-303,D83,2023-01-01,DEPT,,265.0,,
IND-303,D83,2023-02-01,DEPT,,276.0,,
IND-303,D83,2023-03-01,DEPT,,334.0,,
IND-303,D83,2023-04-01,DEPT,,291.0,,
IND-303,D83,2023-05-01,DEPT,,291.0,,
IND-303,D83,2023-06-01,DEPT,,211.0,,
IND-303,D83,2023-07-01,DEPT,,178.0,,
IND-303,D83,2023-08-01,DEPT,,147.0,,
IND-303,D83,2023-09-01,DEPT,,316.0,,
IND-303,D83,2023-10-01,DEPT,,288.0,,
IND-303,D83,2023-11-01,DEPT,,274.0,,
IND-303,D83,2023-12-01,DEPT,,221.0,,
IND-303,D83,2024-01-01,DEPT,,334.0,,
IND-303,D83,2024-02-01,DEPT,,276.0,,
IND-303,D83,2024-03-01,DEPT,,234.0,,
IND-303,D83,2024-04-01,DEPT,,255.0,,
IND-303,D83,2024-05-01,DEPT,,243.0,,
IND-303,D83,2024-06-01,DEPT,,212.0,,
IND-303,D83,2024-07-01,DEPT,,362.0,,
IND-303,D83,2024-08-01,DEPT,,439.0,,
IND-303,D83,2024-09-01,DEPT,,274.0,,
IND-303,D83,2024-10-01,DEPT,,315.0,,
IND-303,D83,2024-11-01,DEPT,,302.0,,
IND-303,D83,2024-12-01,DEPT,,210.0,,
IND-303,D83,2025-01-01,DEPT,,328.0,,
IND-303,D83,2025-02-01,DEPT,,231.0,,
IND-303,D83,2025-03-01,DEPT,,212.0,,
IND-303,D83,2025-04-01,DEPT,,264.0,,
IND-303,D83,2025-05-01,DEPT,,265.0,,
IND-303,D83,2025-06-01,DEPT,,214.0,,
IND-303,D83,2025-07-01,DEPT,,508.0,,
IND-303,D83,2025-08-01,DEPT,,558.0,,
IND-303,D83,2025-09-01,DEPT,,237.0,,
IND-303,D83,2025-10-01,DEPT,,281.0,,
IND-303,D83,2025-11-01,DEPT,,294.0,,
IND-303,D83,2025-12-01,DEPT,,272.0,,
IND-303,D83,2026-01-01,DEPT,,251.0,,
IND-303,D83,2026-02-01,DEPT,,493.0,,
IND-303,D83,2026-03-01,DEPT,,768.0,,
IND-303,D83,2026-04-01,DEPT,,1094.0,,
IND-303,D83,2026-05-01,DEPT,,1377.0,,
IND-303,D83,2026-06-01,DEPT,,1604.0,,
IND-303,D83,2026-07-01,DEPT,,1962.0,,
IND-303,D84,2023-01-01,DEPT,,166.0,,
IND-303,D84,2023-02-01,DEPT,,147.0,,
IND-303,D84,2023-03-01,DEPT,,162.0,,
IND-303,D84,2023-04-01,DEPT,,152.0,,
IND-303,D84,2023-05-01,DEPT,,251.0,,
IND-303,D84,2023-06-01,DEPT,,168.0,,
IND-303,D84,2023-07-01,DEPT,,140.0,,
IND-303,D84,2023-08-01,DEPT,,516.0,,
IND-303,D84,2023-09-01,DEPT,,176.0,,
IND-303,D84,2023-10-01,DEPT,,204.0,,
IND-303,D84,2023-11-01,DEPT,,229.0,,
IND-303,D84,2023-12-01,DEPT,,190.0,,
IND-303,D84,2024-01-01,DEPT,,276.0,,
IND-303,D84,2024-02-01,DEPT,,205.0,,
IND-303,D84,2024-03-01,DEPT,,177.0,,
IND-303,D84,2024-04-01,DEPT,,195.0,,
IND-303,D84,2024-05-01,DEPT,,752.0,,
IND-303,D84,2024-06-01,DEPT,,162.0,,
IND-303,D84,2024-07-01,DEPT,,161.0,,
IND-303,D84,2024-08-01,DEPT,,277.0,,
IND-303,D84,2024-09-01,DEPT,,172.0,,
IND-303,D84,2024-10-01,DEPT,,193.0,,
IND-303,D84,2024-11-01,DEPT,,169.0,,
IND-303,D84,2024-12-01,DEPT,,151.0,,
IND-303,D84,2025-01-01,DEPT,,215.0,,
IND-303,D84,2025-02-01,DEPT,,248.0,,
IND-303,D84,2025-03-01,DEPT,,215.0,,
IND-303,D84,2025-04-01,DEPT,,282.0,,
IND-303,D84,2025-05-01,DEPT,,455.0,,
IND-303,D84,2025-06-01,DEPT,,237.0,,
IND-303,D84,2025-07-01,DEPT,,200.0,,
IND-303,D84,2025-08-01,DEPT,,304.0,,
IND-303,D84,2025-09-01,DEPT,,235.0,,
IND-303,D84,2025-10-01,DEPT,,267.0,,
IND-303,D84,2025-11-01,DEPT,,217.0,,
IND-303,D84,2025-12-01,DEPT,,189.0,,
IND-303,D84,2026-01-01,DEPT,,217.0,,
IND-303,D84,2026-02-01,DEPT,,415.0,,
IND-303,D84,2026-03-01,DEPT,,614.0,,
IND-303,D84,2026-04-01,DEPT,,832.0,,
IND-303,D84,2026-05-01,DEPT,,1111.0,,
IND-303,D84,2026-06-01,DEPT,,1278.0,,
IND-303,D84,2026-07-01,DEPT,,1456.0,,
IND-303,D85,2023-01-01,DEPT,,18.0,,
IND-303,D85,2023-02-01,DEPT,,15.0,,
IND-303,D85,2023-03-01,DEPT,,33.0,,
IND-303,D85,2023-04-01,DEPT,,25.0,,
IND-303,D85,2023-05-01,DEPT,,41.0,,
IND-303,D85,2023-06-01,DEPT,,31.0,,
IND-303,D85,2023-07-01,DEPT,,32.0,,
IND-303,D85,2023-08-01,DEPT,,84.0,,
IND-303,D85,2023-09-01,DEPT,,27.0,,
IND-303,D85,2023-10-01,DEPT,,30.0,,
IND-303,D85,2023-11-01,DEPT,,29.0,,
IND-303,D85,2023-12-01,DEPT,,32.0,,
IND-303,D85,2024-01-01,DEPT,,34.0,,
IND-303,D85,2024-02-01,DEPT,,34.0,,
IND-303,D85,2024-03-01,DEPT,,40.0,,
IND-303,D85,2024-04-01,DEPT,,37.0,,
IND-303,D85,2024-05-01,DEPT,,33.0,,
IND-303,D85,2024-06-01,DEPT,,31.0,,
IND-303,D85,2024-07-01,DEPT,,39.0,,
IND-303,D85,2024-08-01,DEPT,,54.0,,
IND-303,D85,2024-09-01,DEPT,,21.0,,
IND-303,D85,2024-10-01,DEPT,,27.0,,
IND-303,D85,2024-11-01,DEPT,,24.0,,
IND-303,D85,2024-12-01,DEPT,,16.0,,
IND-303,D85,2025-01-01,DEPT,,21.0,,
IND-303,D85,2025-02-01,DEPT,,23.0,,
IND-303,D85,2025-03-01,DEPT,,27.0,,
IND-303,D85,2025-04-01,DEPT,,33.0,,
IND-303,D85,2025-05-01,DEPT,,37.0,,
IND-303,D85,2025-06-01,DEPT,,36.0,,
IND-303,D85,2025-07-01,DEPT,,103.0,,
IND-303,D85,2025-08-01,DEPT,,92.0,,
IND-303,D85,2025-09-01,DEPT,,54.0,,
IND-303,D85,2025-10-01,DEPT,,47.0,,
IND-303,D85,2025-11-01,DEPT,,44.0,,
IND-303,D85,2025-12-01,DEPT,,33.0,,
IND-303,D85,2026-01-01,DEPT,,21.0,,
IND-303,D85,2026-02-01,DEPT,,53.0,,
IND-303,D85,2026-03-01,DEPT,,90.0,,
IND-303,D85,2026-04-01,DEPT,,138.0,,
IND-303,D85,2026-05-01,DEPT,,184.0,,
IND-303,D85,2026-06-01,DEPT,,213.0,,
IND-303,D85,2026-07-01,DEPT,,299.0,,
IND-303,D86,2023-01-01,DEPT,,35.0,,
IND-303,D86,2023-02-01,DEPT,,30.0,,
IND-303,D86,2023-03-01,DEPT,,45.0,,
IND-303,D86,2023-04-01,DEPT,,20.0,,
IND-303,D86,2023-05-01,DEPT,,24.0,,
IND-303,D86,2023-06-01,DEPT,,43.0,,
IND-303,D86,2023-07-01,DEPT,,100.0,,
IND-303,D86,2023-08-01,DEPT,,17.0,,
IND-303,D86,2023-09-01,DEPT,,23.0,,
IND-303,D86,2023-10-01,DEPT,,42.0,,
IND-303,D86,2023-11-01,DEPT,,30.0,,
IND-303,D86,2023-12-01,DEPT,,20.0,,
IND-303,D86,2024-01-01,DEPT,,32.0,,
IND-303,D86,2024-02-01,DEPT,,37.0,,
IND-303,D86,2024-03-01,DEPT,,44.0,,
IND-303,D86,2024-04-01,DEPT,,30.0,,
IND-303,D86,2024-05-01,DEPT,,30.0,,
IND-303,D86,2024-06-01,DEPT,,20.0,,
IND-303,D86,2024-07-01,DEPT,,54.0,,
IND-303,D86,2024-08-01,DEPT,,25.0,,
IND-303,D86,2024-09-01,DEPT,,27.0,,
IND-303,D86,2024-10-01,DEPT,,45.0,,
IND-303,D86,2024-11-01,DEPT,,47.0,,
IND-303,D86,2024-12-01,DEPT,,18.0,,
IND-303,D86,2025-01-01,DEPT,,40.0,,
IND-303,D86,2025-02-01,DEPT,,29.0,,
IND-303,D86,2025-03-01,DEPT,,34.0,,
IND-303,D86,2025-04-01,DEPT,,32.0,,
IND-303,D86,2025-05-01,DEPT,,31.0,,
IND-303,D86,2025-06-01,DEPT,,32.0,,
IND-303,D86,2025-07-01,DEPT,,71.0,,
IND-303,D86,2025-08-01,DEPT,,29.0,,
IND-303,D86,2025-09-01,DEPT,,31.0,,
IND-303,D86,2025-10-01,DEPT,,35.0,,
IND-303,D86,2025-11-01,DEPT,,44.0,,
IND-303,D86,2025-12-01,DEPT,,32.0,,
IND-303,D86,2026-01-01,DEPT,,47.0,,
IND-303,D86,2026-02-01,DEPT,,95.0,,
IND-303,D86,2026-03-01,DEPT,,128.0,,
IND-303,D86,2026-04-01,DEPT,,163.0,,
IND-303,D86,2026-05-01,DEPT,,219.0,,
IND-303,D86,2026-06-01,DEPT,,258.0,,
IND-303,D86,2026-07-01,DEPT,,311.0,,
IND-303,D87,2023-01-01,DEPT,,70.0,,
IND-303,D87,2023-02-01,DEPT,,44.0,,
IND-303,D87,2023-03-01,DEPT,,55.0,,
IND-303,D87,2023-04-01,DEPT,,34.0,,
IND-303,D87,2023-05-01,DEPT,,77.0,,
IND-303,D87,2023-06-01,DEPT,,32.0,,
IND-303,D87,2023-07-01,DEPT,,35.0,,
IND-303,D87,2023-08-01,DEPT,,19.0,,
IND-303,D87,2023-09-01,DEPT,,66.0,,
IND-303,D87,2023-10-01,DEPT,,65.0,,
IND-303,D87,2023-11-01,DEPT,,49.0,,
IND-303,D87,2023-12-01,DEPT,,43.0,,
IND-303,D87,2024-01-01,DEPT,,57.0,,
IND-303,D87,2024-02-01,DEPT,,60.0,,
IND-303,D87,2024-03-01,DEPT,,74.0,,
IND-303,D87,2024-04-01,DEPT,,58.0,,
IND-303,D87,2024-05-01,DEPT,,61.0,,
IND-303,D87,2024-06-01,DEPT,,37.0,,
IND-303,D87,2024-07-01,DEPT,,74.0,,
IND-303,D87,2024-08-01,DEPT,,44.0,,
IND-303,D87,2024-09-01,DEPT,,56.0,,
IND-303,D87,2024-10-01,DEPT,,54.0,,
IND-303,D87,2024-11-01,DEPT,,42.0,,
IND-303,D87,2024-12-01,DEPT,,52.0,,
IND-303,D87,2025-01-01,DEPT,,65.0,,
IND-303,D87,2025-02-01,DEPT,,45.0,,
IND-303,D87,2025-03-01,DEPT,,60.0,,
IND-303,D87,2025-04-01,DEPT,,53.0,,
IND-303,D87,2025-05-01,DEPT,,55.0,,
IND-303,D87,2025-06-01,DEPT,,64.0,,
IND-303,D87,2025-07-01,DEPT,,61.0,,
IND-303,D87,2025-08-01,DEPT,,77.0,,
IND-303,D87,2025-09-01,DEPT,,87.0,,
IND-303,D87,2025-10-01,DEPT,,68.0,,
IND-303,D87,2025-11-01,DEPT,,50.0,,
IND-303,D87,2025-12-01,DEPT,,41.0,,
IND-303,D87,2026-01-01,DEPT,,58.0,,
IND-303,D87,2026-02-01,DEPT,,98.0,,
IND-303,D87,2026-03-01,DEPT,,147.0,,
IND-303,D87,2026-04-01,DEPT,,205.0,,
IND-303,D87,2026-05-01,DEPT,,250.0,,
IND-303,D87,2026-06-01,DEPT,,292.0,,
IND-303,D87,2026-07-01,DEPT,,323.0,,
IND-303,D88,2023-01-01,DEPT,,50.0,,
IND-303,D88,2023-02-01,DEPT,,26.0,,
IND-303,D88,2023-03-01,DEPT,,30.0,,
IND-303,D88,2023-04-01,DEPT,,30.0,,
IND-303,D88,2023-05-01,DEPT,,30.0,,
IND-303,D88,2023-06-01,DEPT,,48.0,,
IND-303,D88,2023-07-01,DEPT,,38.0,,
IND-303,D88,2023-08-01,DEPT,,53.0,,
IND-303,D88,2023-09-01,DEPT,,57.0,,
IND-303,D88,2023-10-01,DEPT,,52.0,,
IND-303,D88,2023-11-01,DEPT,,46.0,,
IND-303,D88,2023-12-01,DEPT,,33.0,,
IND-303,D88,2024-01-01,DEPT,,67.0,,
IND-303,D88,2024-02-01,DEPT,,60.0,,
IND-303,D88,2024-03-01,DEPT,,69.0,,
IND-303,D88,2024-04-01,DEPT,,65.0,,
IND-303,D88,2024-05-01,DEPT,,55.0,,
IND-303,D88,2024-06-01,DEPT,,67.0,,
IND-303,D88,2024-07-01,DEPT,,71.0,,
IND-303,D88,2024-08-01,DEPT,,71.0,,
IND-303,D88,2024-09-01,DEPT,,65.0,,
IND-303,D88,2024-10-01,DEPT,,77.0,,
IND-303,D88,2024-11-01,DEPT,,48.0,,
IND-303,D88,2024-12-01,DEPT,,35.0,,
IND-303,D88,2025-01-01,DEPT,,69.0,,
IND-303,D88,2025-02-01,DEPT,,84.0,,
IND-303,D88,2025-03-01,DEPT,,62.0,,
IND-303,D88,2025-04-01,DEPT,,86.0,,
IND-303,D88,2025-05-01,DEPT,,54.0,,
IND-303,D88,2025-06-01,DEPT,,80.0,,
IND-303,D88,2025-07-01,DEPT,,79.0,,
IND-303,D88,2025-08-01,DEPT,,92.0,,
IND-303,D88,2025-09-01,DEPT,,108.0,,
IND-303,D88,2025-10-01,DEPT,,53.0,,
IND-303,D88,2025-11-01,DEPT,,45.0,,
IND-303,D88,2025-12-01,DEPT,,37.0,,
IND-303,D88,2026-01-01,DEPT,,50.0,,
IND-303,D88,2026-02-01,DEPT,,90.0,,
IND-303,D88,2026-03-01,DEPT,,137.0,,
IND-303,D88,2026-04-01,DEPT,,191.0,,
IND-303,D88,2026-05-01,DEPT,,249.0,,
IND-303,D88,2026-06-01,DEPT,,291.0,,
IND-303,D88,2026-07-01,DEPT,,338.0,,
IND-303,D89,2023-01-01,DEPT,,64.0,,
IND-303,D89,2023-02-01,DEPT,,86.0,,
IND-303,D89,2023-03-01,DEPT,,60.0,,
IND-303,D89,2023-04-01,DEPT,,55.0,,
IND-303,D89,2023-05-01,DEPT,,75.0,,
IND-303,D89,2023-06-01,DEPT,,81.0,,
IND-303,D89,2023-07-01,DEPT,,136.0,,
IND-303,D89,2023-08-01,DEPT,,72.0,,
IND-303,D89,2023-09-01,DEPT,,54.0,,
IND-303,D89,2023-10-01,DEPT,,50.0,,
IND-303,D89,2023-11-01,DEPT,,41.0,,
IND-303,D89,2023-12-01,DEPT,,49.0,,
IND-303,D89,2024-01-01,DEPT,,51.0,,
IND-303,D89,2024-02-01,DEPT,,60.0,,
IND-303,D89,2024-03-01,DEPT,,63.0,,
IND-303,D89,2024-04-01,DEPT,,95.0,,
IND-303,D89,2024-05-01,DEPT,,78.0,,
IND-303,D89,2024-06-01,DEPT,,70.0,,
IND-303,D89,2024-07-01,DEPT,,145.0,,
IND-303,D89,2024-08-01,DEPT,,212.0,,
IND-303,D89,2024-09-01,DEPT,,43.0,,
IND-303,D89,2024-10-01,DEPT,,71.0,,
IND-303,D89,2024-11-01,DEPT,,42.0,,
IND-303,D89,2024-12-01,DEPT,,38.0,,
IND-303,D89,2025-01-01,DEPT,,46.0,,
IND-303,D89,2025-02-01,DEPT,,61.0,,
IND-303,D89,2025-03-01,DEPT,,66.0,,
IND-303,D89,2025-04-01,DEPT,,56.0,,
IND-303,D89,2025-05-01,DEPT,,55.0,,
IND-303,D89,2025-06-01,DEPT,,58.0,,
IND-303,D89,2025-07-01,DEPT,,147.0,,
IND-303,D89,2025-08-01,DEPT,,156.0,,
IND-303,D89,2025-09-01,DEPT,,58.0,,
IND-303,D89,2025-10-01,DEPT,,66.0,,
IND-303,D89,2025-11-01,DEPT,,55.0,,
IND-303,D89,2025-12-01,DEPT,,43.0,,
IND-303,D89,2026-01-01,DEPT,,80.0,,
IND-303,D89,2026-02-01,DEPT,,140.0,,
IND-303,D89,2026-03-01,DEPT,,188.0,,
IND-303,D89,2026-04-01,DEPT,,250.0,,
IND-303,D89,2026-05-01,DEPT,,328.0,,
IND-303,D89,2026-06-01,DEPT,,399.0,,
IND-303,D89,2026-07-01,DEPT,,511.0,,
IND-303,D90,2023-01-01,DEPT,,21.0,,
IND-303,D90,2023-02-01,DEPT,,15.0,,
IND-303,D90,2023-03-01,DEPT,,26.0,,
IND-303,D90,2023-04-01,DEPT,,19.0,,
IND-303,D90,2023-05-01,DEPT,,29.0,,
IND-303,D90,2023-06-01,DEPT,,24.0,,
IND-303,D90,2023-07-01,DEPT,,30.0,,
IND-303,D90,2023-08-01,DEPT,,14.0,,
IND-303,D90,2023-09-01,DEPT,,30.0,,
IND-303,D90,2023-10-01,DEPT,,17.0,,
IND-303,D90,2023-11-01,DEPT,,21.0,,
IND-303,D90,2023-12-01,DEPT,,16.0,,
IND-303,D90,2024-01-01,DEPT,,12.0,,
IND-303,D90,2024-02-01,DEPT,,18.0,,
IND-303,D90,2024-03-01,DEPT,,19.0,,
IND-303,D90,2024-04-01,DEPT,,20.0,,
IND-303,D90,2024-05-01,DEPT,,44.0,,
IND-303,D90,2024-06-01,DEPT,,23.0,,
IND-303,D90,2024-07-01,DEPT,,63.0,,
IND-303,D90,2024-08-01,DEPT,,33.0,,
IND-303,D90,2024-09-01,DEPT,,18.0,,
IND-303,D90,2024-10-01,DEPT,,24.0,,
IND-303,D90,2024-11-01,DEPT,,17.0,,
IND-303,D90,2024-12-01,DEPT,,23.0,,
IND-303,D90,2025-01-01,DEPT,,21.0,,
IND-303,D90,2025-02-01,DEPT,,26.0,,
IND-303,D90,2025-03-01,DEPT,,27.0,,
IND-303,D90,2025-04-01,DEPT,,24.0,,
IND-303,D90,2025-05-01,DEPT,,31.0,,
IND-303,D90,2025-06-01,DEPT,,33.0,,
IND-303,D90,2025-07-01,DEPT,,125.0,,
IND-303,D90,2025-08-01,DEPT,,31.0,,
IND-303,D90,2025-09-01,DEPT,,30.0,,
IND-303,D90,2025-10-01,DEPT,,29.0,,
IND-303,D90,2025-11-01,DEPT,,27.0,,
IND-303,D90,2025-12-01,DEPT,,24.0,,
IND-303,D90,2026-01-01,DEPT,,29.0,,
IND-303,D90,2026-02-01,DEPT,,52.0,,
IND-303,D90,2026-03-01,DEPT,,80.0,,
IND-303,D90,2026-04-01,DEPT,,107.0,,
IND-303,D90,2026-05-01,DEPT,,134.0,,
IND-303,D90,2026-06-01,DEPT,,159.0,,
IND-303,D90,2026-07-01,DEPT,,352.0,,
IND-303,D91,2023-01-01,DEPT,,289.0,,
IND-303,D91,2023-02-01,DEPT,,318.0,,
IND-303,D91,2023-03-01,DEPT,,265.0,,
IND-303,D91,2023-04-01,DEPT,,246.0,,
IND-303,D91,2023-05-01,DEPT,,308.0,,
IND-303,D91,2023-06-01,DEPT,,216.0,,
IND-303,D91,2023-07-01,DEPT,,160.0,,
IND-303,D91,2023-08-01,DEPT,,122.0,,
IND-303,D91,2023-09-01,DEPT,,290.0,,
IND-303,D91,2023-10-01,DEPT,,326.0,,
IND-303,D91,2023-11-01,DEPT,,305.0,,
IND-303,D91,2023-12-01,DEPT,,211.0,,
IND-303,D91,2024-01-01,DEPT,,284.0,,
IND-303,D91,2024-02-01,DEPT,,254.0,,
IND-303,D91,2024-03-01,DEPT,,317.0,,
IND-303,D91,2024-04-01,DEPT,,316.0,,
IND-303,D91,2024-05-01,DEPT,,281.0,,
IND-303,D91,2024-06-01,DEPT,,295.0,,
IND-303,D91,2024-07-01,DEPT,,243.0,,
IND-303,D91,2024-08-01,DEPT,,266.0,,
IND-303,D91,2024-09-01,DEPT,,291.0,,
IND-303,D91,2024-10-01,DEPT,,298.0,,
IND-303,D91,2024-11-01,DEPT,,287.0,,
IND-303,D91,2024-12-01,DEPT,,201.0,,
IND-303,D91,2025-01-01,DEPT,,306.0,,
IND-303,D91,2025-02-01,DEPT,,234.0,,
IND-303,D91,2025-03-01,DEPT,,283.0,,
IND-303,D91,2025-04-01,DEPT,,299.0,,
IND-303,D91,2025-05-01,DEPT,,346.0,,
IND-303,D91,2025-06-01,DEPT,,288.0,,
IND-303,D91,2025-07-01,DEPT,,353.0,,
IND-303,D91,2025-08-01,DEPT,,336.0,,
IND-303,D91,2025-09-01,DEPT,,363.0,,
IND-303,D91,2025-10-01,DEPT,,411.0,,
IND-303,D91,2025-11-01,DEPT,,283.0,,
IND-303,D91,2025-12-01,DEPT,,279.0,,
IND-303,D91,2026-01-01,DEPT,,328.0,,
IND-303,D91,2026-02-01,DEPT,,614.0,,
IND-303,D91,2026-03-01,DEPT,,920.0,,
IND-303,D91,2026-04-01,DEPT,,1214.0,,
IND-303,D91,2026-05-01,DEPT,,1499.0,,
IND-303,D91,2026-06-01,DEPT,,1722.0,,
IND-303,D91,2026-07-01,DEPT,,1953.0,,
IND-303,D92,2023-01-01,DEPT,,455.0,,
IND-303,D92,2023-02-01,DEPT,,430.0,,
IND-303,D92,2023-03-01,DEPT,,457.0,,
IND-303,D92,2023-04-01,DEPT,,359.0,,
IND-303,D92,2023-05-01,DEPT,,380.0,,
IND-303,D92,2023-06-01,DEPT,,374.0,,
IND-303,D92,2023-07-01,DEPT,,280.0,,
IND-303,D92,2023-08-01,DEPT,,122.0,,
IND-303,D92,2023-09-01,DEPT,,364.0,,
IND-303,D92,2023-10-01,DEPT,,395.0,,
IND-303,D92,2023-11-01,DEPT,,324.0,,
IND-303,D92,2023-12-01,DEPT,,258.0,,
IND-303,D92,2024-01-01,DEPT,,370.0,,
IND-303,D92,2024-02-01,DEPT,,387.0,,
IND-303,D92,2024-03-01,DEPT,,335.0,,
IND-303,D92,2024-04-01,DEPT,,375.0,,
IND-303,D92,2024-05-01,DEPT,,427.0,,
IND-303,D92,2024-06-01,DEPT,,391.0,,
IND-303,D92,2024-07-01,DEPT,,518.0,,
IND-303,D92,2024-08-01,DEPT,,479.0,,
IND-303,D92,2024-09-01,DEPT,,353.0,,
IND-303,D92,2024-10-01,DEPT,,380.0,,
IND-303,D92,2024-11-01,DEPT,,343.0,,
IND-303,D92,2024-12-01,DEPT,,271.0,,
IND-303,D92,2025-01-01,DEPT,,430.0,,
IND-303,D92,2025-02-01,DEPT,,351.0,,
IND-303,D92,2025-03-01,DEPT,,311.0,,
IND-303,D92,2025-04-01,DEPT,,368.0,,
IND-303,D92,2025-05-01,DEPT,,408.0,,
IND-303,D92,2025-06-01,DEPT,,337.0,,
IND-303,D92,2025-07-01,DEPT,,413.0,,
IND-303,D92,2025-08-01,DEPT,,393.0,,
IND-303,D92,2025-09-01,DEPT,,394.0,,
IND-303,D92,2025-10-01,DEPT,,477.0,,
IND-303,D92,2025-11-01,DEPT,,401.0,,
IND-303,D92,2025-12-01,DEPT,,309.0,,
IND-303,D92,2026-01-01,DEPT,,433.0,,
IND-303,D92,2026-02-01,DEPT,,845.0,,
IND-303,D92,2026-03-01,DEPT,,1315.0,,
IND-303,D92,2026-04-01,DEPT,,1826.0,,
IND-303,D92,2026-05-01,DEPT,,2223.0,,
IND-303,D92,2026-06-01,DEPT,,2580.0,,
IND-303,D92,2026-07-01,DEPT,,2956.0,,
IND-303,D93,2023-01-01,DEPT,,649.0,,
IND-303,D93,2023-02-01,DEPT,,558.0,,
IND-303,D93,2023-03-01,DEPT,,542.0,,
IND-303,D93,2023-04-01,DEPT,,470.0,,
IND-303,D93,2023-05-01,DEPT,,660.0,,
IND-303,D93,2023-06-01,DEPT,,502.0,,
IND-303,D93,2023-07-01,DEPT,,261.0,,
IND-303,D93,2023-08-01,DEPT,,235.0,,
IND-303,D93,2023-09-01,DEPT,,559.0,,
IND-303,D93,2023-10-01,DEPT,,636.0,,
IND-303,D93,2023-11-01,DEPT,,620.0,,
IND-303,D93,2023-12-01,DEPT,,497.0,,
IND-303,D93,2024-01-01,DEPT,,754.0,,
IND-303,D93,2024-02-01,DEPT,,756.0,,
IND-303,D93,2024-03-01,DEPT,,797.0,,
IND-303,D93,2024-04-01,DEPT,,902.0,,
IND-303,D93,2024-05-01,DEPT,,744.0,,
IND-303,D93,2024-06-01,DEPT,,736.0,,
IND-303,D93,2024-07-01,DEPT,,1053.0,,
IND-303,D93,2024-08-01,DEPT,,966.0,,
IND-303,D93,2024-09-01,DEPT,,714.0,,
IND-303,D93,2024-10-01,DEPT,,723.0,,
IND-303,D93,2024-11-01,DEPT,,617.0,,
IND-303,D93,2024-12-01,DEPT,,561.0,,
IND-303,D93,2025-01-01,DEPT,,751.0,,
IND-303,D93,2025-02-01,DEPT,,673.0,,
IND-303,D93,2025-03-01,DEPT,,636.0,,
IND-303,D93,2025-04-01,DEPT,,639.0,,
IND-303,D93,2025-05-01,DEPT,,760.0,,
IND-303,D93,2025-06-01,DEPT,,701.0,,
IND-303,D93,2025-07-01,DEPT,,722.0,,
IND-303,D93,2025-08-01,DEPT,,852.0,,
IND-303,D93,2025-09-01,DEPT,,947.0,,
IND-303,D93,2025-10-01,DEPT,,967.0,,
IND-303,D93,2025-11-01,DEPT,,977.0,,
IND-303,D93,2025-12-01,DEPT,,846.0,,
IND-303,D93,2026-01-01,DEPT,,1140.0,,
IND-303,D93,2026-02-01,DEPT,,2024.0,,
IND-303,D93,2026-03-01,DEPT,,3039.0,,
IND-303,D93,2026-04-01,DEPT,,4068.0,,
IND-303,D93,2026-05-01,DEPT,,5108.0,,
IND-303,D93,2026-06-01,DEPT,,5951.0,,
IND-303,D93,2026-07-01,DEPT,,6711.0,,
IND-303,D94,2023-01-01,DEPT,,468.0,,
IND-303,D94,2023-02-01,DEPT,,403.0,,
IND-303,D94,2023-03-01,DEPT,,412.0,,
IND-303,D94,2023-04-01,DEPT,,361.0,,
IND-303,D94,2023-05-01,DEPT,,429.0,,
IND-303,D94,2023-06-01,DEPT,,386.0,,
IND-303,D94,2023-07-01,DEPT,,236.0,,
IND-303,D94,2023-08-01,DEPT,,151.0,,
IND-303,D94,2023-09-01,DEPT,,385.0,,
IND-303,D94,2023-10-01,DEPT,,471.0,,
IND-303,D94,2023-11-01,DEPT,,365.0,,
IND-303,D94,2023-12-01,DEPT,,295.0,,
IND-303,D94,2024-01-01,DEPT,,390.0,,
IND-303,D94,2024-02-01,DEPT,,395.0,,
IND-303,D94,2024-03-01,DEPT,,405.0,,
IND-303,D94,2024-04-01,DEPT,,417.0,,
IND-303,D94,2024-05-01,DEPT,,380.0,,
IND-303,D94,2024-06-01,DEPT,,397.0,,
IND-303,D94,2024-07-01,DEPT,,456.0,,
IND-303,D94,2024-08-01,DEPT,,380.0,,
IND-303,D94,2024-09-01,DEPT,,332.0,,
IND-303,D94,2024-10-01,DEPT,,478.0,,
IND-303,D94,2024-11-01,DEPT,,410.0,,
IND-303,D94,2024-12-01,DEPT,,294.0,,
IND-303,D94,2025-01-01,DEPT,,472.0,,
IND-303,D94,2025-02-01,DEPT,,413.0,,
IND-303,D94,2025-03-01,DEPT,,441.0,,
IND-303,D94,2025-04-01,DEPT,,462.0,,
IND-303,D94,2025-05-01,DEPT,,450.0,,
IND-303,D94,2025-06-01,DEPT,,385.0,,
IND-303,D94,2025-07-01,DEPT,,492.0,,
IND-303,D94,2025-08-01,DEPT,,534.0,,
IND-303,D94,2025-09-01,DEPT,,489.0,,
IND-303,D94,2025-10-01,DEPT,,500.0,,
IND-303,D94,2025-11-01,DEPT,,404.0,,
IND-303,D94,2025-12-01,DEPT,,410.0,,
IND-303,D94,2026-01-01,DEPT,,490.0,,
IND-303,D94,2026-02-01,DEPT,,914.0,,
IND-303,D94,2026-03-01,DEPT,,1421.0,,
IND-303,D94,2026-04-01,DEPT,,1948.0,,
IND-303,D94,2026-05-01,DEPT,,2466.0,,
IND-303,D94,2026-06-01,DEPT,,2868.0,,
IND-303,D94,2026-07-01,DEPT,,3303.0,,
IND-303,D95,2023-01-01,DEPT,,401.0,,
IND-303,D95,2023-02-01,DEPT,,352.0,,
IND-303,D95,2023-03-01,DEPT,,347.0,,
IND-303,D95,2023-04-01,DEPT,,345.0,,
IND-303,D95,2023-05-01,DEPT,,383.0,,
IND-303,D95,2023-06-01,DEPT,,277.0,,
IND-303,D95,2023-07-01,DEPT,,231.0,,
IND-303,D95,2023-08-01,DEPT,,195.0,,
IND-303,D95,2023-09-01,DEPT,,414.0,,
IND-303,D95,2023-10-01,DEPT,,339.0,,
IND-303,D95,2023-11-01,DEPT,,309.0,,
IND-303,D95,2023-12-01,DEPT,,270.0,,
IND-303,D95,2024-01-01,DEPT,,391.0,,
IND-303,D95,2024-02-01,DEPT,,397.0,,
IND-303,D95,2024-03-01,DEPT,,406.0,,
IND-303,D95,2024-04-01,DEPT,,387.0,,
IND-303,D95,2024-05-01,DEPT,,381.0,,
IND-303,D95,2024-06-01,DEPT,,425.0,,
IND-303,D95,2024-07-01,DEPT,,381.0,,
IND-303,D95,2024-08-01,DEPT,,416.0,,
IND-303,D95,2024-09-01,DEPT,,452.0,,
IND-303,D95,2024-10-01,DEPT,,418.0,,
IND-303,D95,2024-11-01,DEPT,,492.0,,
IND-303,D95,2024-12-01,DEPT,,402.0,,
IND-303,D95,2025-01-01,DEPT,,517.0,,
IND-303,D95,2025-02-01,DEPT,,454.0,,
IND-303,D95,2025-03-01,DEPT,,557.0,,
IND-303,D95,2025-04-01,DEPT,,509.0,,
IND-303,D95,2025-05-01,DEPT,,512.0,,
IND-303,D95,2025-06-01,DEPT,,554.0,,
IND-303,D95,2025-07-01,DEPT,,540.0,,
IND-303,D95,2025-08-01,DEPT,,637.0,,
IND-303,D95,2025-09-01,DEPT,,653.0,,
IND-303,D95,2025-10-01,DEPT,,639.0,,
IND-303,D95,2025-11-01,DEPT,,661.0,,
IND-303,D95,2025-12-01,DEPT,,522.0,,
IND-303,D95,2026-01-01,DEPT,,716.0,,
IND-303,D95,2026-02-01,DEPT,,1259.0,,
IND-303,D95,2026-03-01,DEPT,,1917.0,,
IND-303,D95,2026-04-01,DEPT,,2554.0,,
IND-303,D95,2026-05-01,DEPT,,3161.0,,
IND-303,D95,2026-06-01,DEPT,,3639.0,,
IND-303,D95,2026-07-01,DEPT,,4168.0,,
IND-303,D971,2023-01-01,DEPT,,126.0,,
IND-303,D971,2023-02-01,DEPT,,43.0,,
IND-303,D971,2023-03-01,DEPT,,59.0,,
IND-303,D971,2023-04-01,DEPT,,64.0,,
IND-303,D971,2023-05-01,DEPT,,80.0,,
IND-303,D971,2023-06-01,DEPT,,137.0,,
IND-303,D971,2023-07-01,DEPT,,132.0,,
IND-303,D971,2023-08-01,DEPT,,73.0,,
IND-303,D971,2023-09-01,DEPT,,129.0,,
IND-303,D971,2023-10-01,DEPT,,122.0,,
IND-303,D971,2023-11-01,DEPT,,112.0,,
IND-303,D971,2023-12-01,DEPT,,93.0,,
IND-303,D971,2024-01-01,DEPT,,109.0,,
IND-303,D971,2024-02-01,DEPT,,75.0,,
IND-303,D971,2024-03-01,DEPT,,121.0,,
IND-303,D971,2024-04-01,DEPT,,153.0,,
IND-303,D971,2024-05-01,DEPT,,180.0,,
IND-303,D971,2024-06-01,DEPT,,123.0,,
IND-303,D971,2024-07-01,DEPT,,133.0,,
IND-303,D971,2024-08-01,DEPT,,138.0,,
IND-303,D971,2024-09-01,DEPT,,70.0,,
IND-303,D971,2024-10-01,DEPT,,78.0,,
IND-303,D971,2024-11-01,DEPT,,58.0,,
IND-303,D971,2024-12-01,DEPT,,94.0,,
IND-303,D971,2025-01-01,DEPT,,101.0,,
IND-303,D971,2025-02-01,DEPT,,157.0,,
IND-303,D971,2025-03-01,DEPT,,172.0,,
IND-303,D971,2025-04-01,DEPT,,148.0,,
IND-303,D971,2025-05-01,DEPT,,94.0,,
IND-303,D971,2025-06-01,DEPT,,90.0,,
IND-303,D971,2025-07-01,DEPT,,190.0,,
IND-303,D971,2025-08-01,DEPT,,136.0,,
IND-303,D971,2025-09-01,DEPT,,152.0,,
IND-303,D971,2025-10-01,DEPT,,136.0,,
IND-303,D971,2025-11-01,DEPT,,126.0,,
IND-303,D971,2025-12-01,DEPT,,83.0,,
IND-303,D971,2026-01-01,DEPT,,196.0,,
IND-303,D971,2026-02-01,DEPT,,342.0,,
IND-303,D971,2026-03-01,DEPT,,516.0,,
IND-303,D971,2026-04-01,DEPT,,647.0,,
IND-303,D971,2026-05-01,DEPT,,839.0,,
IND-303,D971,2026-06-01,DEPT,,1008.0,,
IND-303,D971,2026-07-01,DEPT,,1158.0,,
IND-303,D972,2023-01-01,DEPT,,68.0,,
IND-303,D972,2023-02-01,DEPT,,39.0,,
IND-303,D972,2023-03-01,DEPT,,57.0,,
IND-303,D972,2023-04-01,DEPT,,77.0,,
IND-303,D972,2023-05-01,DEPT,,43.0,,
IND-303,D972,2023-06-01,DEPT,,49.0,,
IND-303,D972,2023-07-01,DEPT,,66.0,,
IND-303,D972,2023-08-01,DEPT,,62.0,,
IND-303,D972,2023-09-01,DEPT,,111.0,,
IND-303,D972,2023-10-01,DEPT,,78.0,,
IND-303,D972,2023-11-01,DEPT,,87.0,,
IND-303,D972,2023-12-01,DEPT,,59.0,,
IND-303,D972,2024-01-01,DEPT,,89.0,,
IND-303,D972,2024-02-01,DEPT,,78.0,,
IND-303,D972,2024-03-01,DEPT,,66.0,,
IND-303,D972,2024-04-01,DEPT,,62.0,,
IND-303,D972,2024-05-01,DEPT,,64.0,,
IND-303,D972,2024-06-01,DEPT,,82.0,,
IND-303,D972,2024-07-01,DEPT,,67.0,,
IND-303,D972,2024-08-01,DEPT,,123.0,,
IND-303,D972,2024-09-01,DEPT,,42.0,,
IND-303,D972,2024-10-01,DEPT,,36.0,,
IND-303,D972,2024-11-01,DEPT,,48.0,,
IND-303,D972,2024-12-01,DEPT,,63.0,,
IND-303,D972,2025-01-01,DEPT,,116.0,,
IND-303,D972,2025-02-01,DEPT,,109.0,,
IND-303,D972,2025-03-01,DEPT,,130.0,,
IND-303,D972,2025-04-01,DEPT,,142.0,,
IND-303,D972,2025-05-01,DEPT,,102.0,,
IND-303,D972,2025-06-01,DEPT,,102.0,,
IND-303,D972,2025-07-01,DEPT,,107.0,,
IND-303,D972,2025-08-01,DEPT,,133.0,,
IND-303,D972,2025-09-01,DEPT,,106.0,,
IND-303,D972,2025-10-01,DEPT,,110.0,,
IND-303,D972,2025-11-01,DEPT,,108.0,,
IND-303,D972,2025-12-01,DEPT,,72.0,,
IND-303,D972,2026-01-01,DEPT,,92.0,,
IND-303,D972,2026-02-01,DEPT,,181.0,,
IND-303,D972,2026-03-01,DEPT,,282.0,,
IND-303,D972,2026-04-01,DEPT,,370.0,,
IND-303,D972,2026-05-01,DEPT,,480.0,,
IND-303,D972,2026-06-01,DEPT,,571.0,,
IND-303,D972,2026-07-01,DEPT,,620.0,,
IND-303,D973,2023-01-01,DEPT,,21.0,,
IND-303,D973,2023-02-01,DEPT,,40.0,,
IND-303,D973,2023-03-01,DEPT,,36.0,,
IND-303,D973,2023-04-01,DEPT,,40.0,,
IND-303,D973,2023-05-01,DEPT,,37.0,,
IND-303,D973,2023-06-01,DEPT,,40.0,,
IND-303,D973,2023-07-01,DEPT,,29.0,,
IND-303,D973,2023-08-01,DEPT,,38.0,,
IND-303,D973,2023-09-01,DEPT,,60.0,,
IND-303,D973,2023-10-01,DEPT,,44.0,,
IND-303,D973,2023-11-01,DEPT,,56.0,,
IND-303,D973,2023-12-01,DEPT,,56.0,,
IND-303,D973,2024-01-01,DEPT,,83.0,,
IND-303,D973,2024-02-01,DEPT,,45.0,,
IND-303,D973,2024-03-01,DEPT,,67.0,,
IND-303,D973,2024-04-01,DEPT,,50.0,,
IND-303,D973,2024-05-01,DEPT,,58.0,,
IND-303,D973,2024-06-01,DEPT,,47.0,,
IND-303,D973,2024-07-01,DEPT,,153.0,,
IND-303,D973,2024-08-01,DEPT,,140.0,,
IND-303,D973,2024-09-01,DEPT,,58.0,,
IND-303,D973,2024-10-01,DEPT,,63.0,,
IND-303,D973,2024-11-01,DEPT,,88.0,,
IND-303,D973,2024-12-01,DEPT,,56.0,,
IND-303,D973,2025-01-01,DEPT,,53.0,,
IND-303,D973,2025-02-01,DEPT,,49.0,,
IND-303,D973,2025-03-01,DEPT,,40.0,,
IND-303,D973,2025-04-01,DEPT,,52.0,,
IND-303,D973,2025-05-01,DEPT,,46.0,,
IND-303,D973,2025-06-01,DEPT,,29.0,,
IND-303,D973,2025-07-01,DEPT,,61.0,,
IND-303,D973,2025-08-01,DEPT,,114.0,,
IND-303,D973,2025-09-01,DEPT,,108.0,,
IND-303,D973,2025-10-01,DEPT,,105.0,,
IND-303,D973,2025-11-01,DEPT,,49.0,,
IND-303,D973,2025-12-01,DEPT,,60.0,,
IND-303,D973,2026-01-01,DEPT,,84.0,,
IND-303,D973,2026-02-01,DEPT,,197.0,,
IND-303,D973,2026-03-01,DEPT,,347.0,,
IND-303,D973,2026-04-01,DEPT,,469.0,,
IND-303,D973,2026-05-01,DEPT,,568.0,,
IND-303,D973,2026-06-01,DEPT,,628.0,,
IND-303,D973,2026-07-01,DEPT,,685.0,,
IND-303,D974,2023-01-01,DEPT,,41.0,,
IND-303,D974,2023-02-01,DEPT,,61.0,,
IND-303,D974,2023-03-01,DEPT,,120.0,,
IND-303,D974,2023-04-01,DEPT,,113.0,,
IND-303,D974,2023-05-01,DEPT,,115.0,,
IND-303,D974,2023-06-01,DEPT,,140.0,,
IND-303,D974,2023-07-01,DEPT,,140.0,,
IND-303,D974,2023-08-01,DEPT,,160.0,,
IND-303,D974,2023-09-01,DEPT,,226.0,,
IND-303,D974,2023-10-01,DEPT,,193.0,,
IND-303,D974,2023-11-01,DEPT,,146.0,,
IND-303,D974,2023-12-01,DEPT,,86.0,,
IND-303,D974,2024-01-01,DEPT,,92.0,,
IND-303,D974,2024-02-01,DEPT,,118.0,,
IND-303,D974,2024-03-01,DEPT,,143.0,,
IND-303,D974,2024-04-01,DEPT,,117.0,,
IND-303,D974,2024-05-01,DEPT,,126.0,,
IND-303,D974,2024-06-01,DEPT,,125.0,,
IND-303,D974,2024-07-01,DEPT,,141.0,,
IND-303,D974,2024-08-01,DEPT,,186.0,,
IND-303,D974,2024-09-01,DEPT,,171.0,,
IND-303,D974,2024-10-01,DEPT,,130.0,,
IND-303,D974,2024-11-01,DEPT,,162.0,,
IND-303,D974,2024-12-01,DEPT,,111.0,,
IND-303,D974,2025-01-01,DEPT,,195.0,,
IND-303,D974,2025-02-01,DEPT,,195.0,,
IND-303,D974,2025-03-01,DEPT,,203.0,,
IND-303,D974,2025-04-01,DEPT,,194.0,,
IND-303,D974,2025-05-01,DEPT,,214.0,,
IND-303,D974,2025-06-01,DEPT,,299.0,,
IND-303,D974,2025-07-01,DEPT,,337.0,,
IND-303,D974,2025-08-01,DEPT,,243.0,,
IND-303,D974,2025-09-01,DEPT,,338.0,,
IND-303,D974,2025-10-01,DEPT,,315.0,,
IND-303,D974,2025-11-01,DEPT,,274.0,,
IND-303,D974,2025-12-01,DEPT,,254.0,,
IND-303,D974,2026-01-01,DEPT,,347.0,,
IND-303,D974,2026-02-01,DEPT,,676.0,,
IND-303,D974,2026-03-01,DEPT,,1061.0,,
IND-303,D974,2026-04-01,DEPT,,1587.0,,
IND-303,D974,2026-05-01,DEPT,,1890.0,,
IND-303,D974,2026-06-01,DEPT,,2270.0,,
IND-303,D974,2026-07-01,DEPT,,2585.0,,
IND-303,D976,2023-01-01,DEPT,,2.0,,
IND-303,D976,2023-02-01,DEPT,,8.0,,
IND-303,D976,2023-03-01,DEPT,,8.0,,
IND-303,D976,2023-04-01,DEPT,,12.0,,
IND-303,D976,2023-05-01,DEPT,,13.0,,
IND-303,D976,2023-06-01,DEPT,,15.0,,
IND-303,D976,2023-07-01,DEPT,,5.0,,
IND-303,D976,2023-08-01,DEPT,,13.0,,
IND-303,D976,2023-09-01,DEPT,,17.0,,
IND-303,D976,2023-10-01,DEPT,,11.0,,
IND-303,D976,2023-11-01,DEPT,,2.0,,
IND-303,D976,2023-12-01,DEPT,,1.0,,
IND-303,D976,2024-01-01,DEPT,,2.0,,
IND-303,D976,2024-02-01,DEPT,,6.0,,
IND-303,D976,2024-03-01,DEPT,,20.0,,
IND-303,D976,2024-04-01,DEPT,,32.0,,
IND-303,D976,2024-05-01,DEPT,,30.0,,
IND-303,D976,2024-06-01,DEPT,,25.0,,
IND-303,D976,2024-07-01,DEPT,,27.0,,
IND-303,D976,2024-08-01,DEPT,,33.0,,
IND-303,D976,2024-09-01,DEPT,,25.0,,
IND-303,D976,2024-10-01,DEPT,,11.0,,
IND-303,D976,2024-11-01,DEPT,,9.0,,
IND-303,D976,2024-12-01,DEPT,,5.0,,
IND-303,D976,2025-01-01,DEPT,,46.0,,
IND-303,D976,2025-02-01,DEPT,,23.0,,
IND-303,D976,2025-03-01,DEPT,,23.0,,
IND-303,D976,2025-04-01,DEPT,,25.0,,
IND-303,D976,2025-05-01,DEPT,,14.0,,
IND-303,D976,2025-06-01,DEPT,,20.0,,
IND-303,D976,2025-07-01,DEPT,,21.0,,
IND-303,D976,2025-08-01,DEPT,,16.0,,
IND-303,D976,2025-09-01,DEPT,,25.0,,
IND-303,D976,2025-10-01,DEPT,,15.0,,
IND-303,D976,2025-11-01,DEPT,,21.0,,
IND-303,D976,2025-12-01,DEPT,,24.0,,
IND-303,D976,2026-01-01,DEPT,,19.0,,
IND-303,D976,2026-02-01,DEPT,,38.0,,
IND-303,D976,2026-03-01,DEPT,,80.0,,
IND-303,D976,2026-04-01,DEPT,,108.0,,
IND-303,D976,2026-05-01,DEPT,,152.0,,
IND-303,D976,2026-06-01,DEPT,,162.0,,
IND-303,D976,2026-07-01,DEPT,,172.0,,
IND-303,FRANCE,2023-01-01,NAT,,15011.0,,
IND-303,FRANCE,2023-02-01,NAT,,13737.0,,
IND-303,FRANCE,2023-03-01,NAT,,13697.0,,
IND-303,FRANCE,2023-04-01,NAT,,12733.0,,
IND-303,FRANCE,2023-05-01,NAT,,15363.0,,
IND-303,FRANCE,2023-06-01,NAT,,13607.0,,
IND-303,FRANCE,2023-07-01,NAT,,11828.0,,
IND-303,FRANCE,2023-08-01,NAT,,10674.0,,
IND-303,FRANCE,2023-09-01,NAT,,14364.0,,
IND-303,FRANCE,2023-10-01,NAT,,15247.0,,
IND-303,FRANCE,2023-11-01,NAT,,13081.0,,
IND-303,FRANCE,2023-12-01,NAT,,11202.0,,
IND-303,FRANCE,2024-01-01,NAT,,15151.0,,
IND-303,FRANCE,2024-02-01,NAT,,15710.0,,
IND-303,FRANCE,2024-03-01,NAT,,16437.0,,
IND-303,FRANCE,2024-04-01,NAT,,16528.0,,
IND-303,FRANCE,2024-05-01,NAT,,16658.0,,
IND-303,FRANCE,2024-06-01,NAT,,15248.0,,
IND-303,FRANCE,2024-07-01,NAT,,20298.0,,
IND-303,FRANCE,2024-08-01,NAT,,21806.0,,
IND-303,FRANCE,2024-09-01,NAT,,15416.0,,
IND-303,FRANCE,2024-10-01,NAT,,15579.0,,
IND-303,FRANCE,2024-11-01,NAT,,14182.0,,
IND-303,FRANCE,2024-12-01,NAT,,11472.0,,
IND-303,FRANCE,2025-01-01,NAT,,16199.0,,
IND-303,FRANCE,2025-02-01,NAT,,15438.0,,
IND-303,FRANCE,2025-03-01,NAT,,17074.0,,
IND-303,FRANCE,2025-04-01,NAT,,18078.0,,
IND-303,FRANCE,2025-05-01,NAT,,18385.0,,
IND-303,FRANCE,2025-06-01,NAT,,17012.0,,
IND-303,FRANCE,2025-07-01,NAT,,19933.0,,
IND-303,FRANCE,2025-08-01,NAT,,21822.0,,
IND-303,FRANCE,2025-09-01,NAT,,18871.0,,
IND-303,FRANCE,2025-10-01,NAT,,19845.0,,
IND-303,FRANCE,2025-11-01,NAT,,17418.0,,
IND-303,FRANCE,2025-12-01,NAT,,15435.0,,
IND-303,FRANCE,2026-01-01,NAT,,19378.0,,
IND-303,FRANCE,2026-02-01,NAT,,37171.0,,
IND-303,FRANCE,2026-03-01,NAT,,57866.0,,
IND-303,FRANCE,2026-04-01,NAT,,79157.0,,
IND-303,FRANCE,2026-05-01,NAT,,98943.0,,
IND-303,FRANCE,2026-06-01,NAT,,116124.0,,
IND-303,FRANCE,2026-07-01,NAT,,135110.0,,
IND-303,R01,2023-01-01,REG,,126.0,,
IND-303,R01,2023-02-01,REG,,43.0,,
IND-303,R01,2023-03-01,REG,,59.0,,
IND-303,R01,2023-04-01,REG,,64.0,,
IND-303,R01,2023-05-01,REG,,80.0,,
IND-303,R01,2023-06-01,REG,,137.0,,
IND-303,R01,2023-07-01,REG,,132.0,,
IND-303,R01,2023-08-01,REG,,73.0,,
IND-303,R01,2023-09-01,REG,,129.0,,
IND-303,R01,2023-10-01,REG,,122.0,,
IND-303,R01,2023-11-01,REG,,112.0,,
IND-303,R01,2023-12-01,REG,,93.0,,
IND-303,R01,2024-01-01,REG,,109.0,,
IND-303,R01,2024-02-01,REG,,75.0,,
IND-303,R01,2024-03-01,REG,,121.0,,
IND-303,R01,2024-04-01,REG,,153.0,,
IND-303,R01,2024-05-01,REG,,180.0,,
IND-303,R01,2024-06-01,REG,,123.0,,
IND-303,R01,2024-07-01,REG,,133.0,,
IND-303,R01,2024-08-01,REG,,138.0,,
IND-303,R01,2024-09-01,REG,,70.0,,
IND-303,R01,2024-10-01,REG,,78.0,,
IND-303,R01,2024-11-01,REG,,58.0,,
IND-303,R01,2024-12-01,REG,,94.0,,
IND-303,R01,2025-01-01,REG,,101.0,,
IND-303,R01,2025-02-01,REG,,157.0,,
IND-303,R01,2025-03-01,REG,,172.0,,
IND-303,R01,2025-04-01,REG,,148.0,,
IND-303,R01,2025-05-01,REG,,94.0,,
IND-303,R01,2025-06-01,REG,,90.0,,
IND-303,R01,2025-07-01,REG,,190.0,,
IND-303,R01,2025-08-01,REG,,136.0,,
IND-303,R01,2025-09-01,REG,,152.0,,
IND-303,R01,2025-10-01,REG,,136.0,,
IND-303,R01,2025-11-01,REG,,126.0,,
IND-303,R01,2025-12-01,REG,,83.0,,
IND-303,R01,2026-01-01,REG,,196.0,,
IND-303,R01,2026-02-01,REG,,342.0,,
IND-303,R01,2026-03-01,REG,,516.0,,
IND-303,R01,2026-04-01,REG,,647.0,,
IND-303,R01,2026-05-01,REG,,839.0,,
IND-303,R01,2026-06-01,REG,,1008.0,,
IND-303,R01,2026-07-01,REG,,1158.0,,
IND-303,R02,2023-01-01,REG,,68.0,,
IND-303,R02,2023-02-01,REG,,39.0,,
IND-303,R02,2023-03-01,REG,,57.0,,
IND-303,R02,2023-04-01,REG,,77.0,,
IND-303,R02,2023-05-01,REG,,43.0,,
IND-303,R02,2023-06-01,REG,,49.0,,
IND-303,R02,2023-07-01,REG,,66.0,,
IND-303,R02,2023-08-01,REG,,62.0,,
IND-303,R02,2023-09-01,REG,,111.0,,
IND-303,R02,2023-10-01,REG,,78.0,,
IND-303,R02,2023-11-01,REG,,87.0,,
IND-303,R02,2023-12-01,REG,,59.0,,
IND-303,R02,2024-01-01,REG,,89.0,,
IND-303,R02,2024-02-01,REG,,78.0,,
IND-303,R02,2024-03-01,REG,,66.0,,
IND-303,R02,2024-04-01,REG,,62.0,,
IND-303,R02,2024-05-01,REG,,64.0,,
IND-303,R02,2024-06-01,REG,,82.0,,
IND-303,R02,2024-07-01,REG,,67.0,,
IND-303,R02,2024-08-01,REG,,123.0,,
IND-303,R02,2024-09-01,REG,,42.0,,
IND-303,R02,2024-10-01,REG,,36.0,,
IND-303,R02,2024-11-01,REG,,48.0,,
IND-303,R02,2024-12-01,REG,,63.0,,
IND-303,R02,2025-01-01,REG,,116.0,,
IND-303,R02,2025-02-01,REG,,109.0,,
IND-303,R02,2025-03-01,REG,,130.0,,
IND-303,R02,2025-04-01,REG,,142.0,,
IND-303,R02,2025-05-01,REG,,102.0,,
IND-303,R02,2025-06-01,REG,,102.0,,
IND-303,R02,2025-07-01,REG,,107.0,,
IND-303,R02,2025-08-01,REG,,133.0,,
IND-303,R02,2025-09-01,REG,,106.0,,
IND-303,R02,2025-10-01,REG,,110.0,,
IND-303,R02,2025-11-01,REG,,108.0,,
IND-303,R02,2025-12-01,REG,,72.0,,
IND-303,R02,2026-01-01,REG,,92.0,,
IND-303,R02,2026-02-01,REG,,181.0,,
IND-303,R02,2026-03-01,REG,,282.0,,
IND-303,R02,2026-04-01,REG,,370.0,,
IND-303,R02,2026-05-01,REG,,480.0,,
IND-303,R02,2026-06-01,REG,,571.0,,
IND-303,R02,2026-07-01,REG,,620.0,,
IND-303,R03,2023-01-01,REG,,21.0,,
IND-303,R03,2023-02-01,REG,,40.0,,
IND-303,R03,2023-03-01,REG,,36.0,,
IND-303,R03,2023-04-01,REG,,40.0,,
IND-303,R03,2023-05-01,REG,,37.0,,
IND-303,R03,2023-06-01,REG,,40.0,,
IND-303,R03,2023-07-01,REG,,29.0,,
IND-303,R03,2023-08-01,REG,,38.0,,
IND-303,R03,2023-09-01,REG,,60.0,,
IND-303,R03,2023-10-01,REG,,44.0,,
IND-303,R03,2023-11-01,REG,,56.0,,
IND-303,R03,2023-12-01,REG,,56.0,,
IND-303,R03,2024-01-01,REG,,83.0,,
IND-303,R03,2024-02-01,REG,,45.0,,
IND-303,R03,2024-03-01,REG,,67.0,,
IND-303,R03,2024-04-01,REG,,50.0,,
IND-303,R03,2024-05-01,REG,,58.0,,
IND-303,R03,2024-06-01,REG,,47.0,,
IND-303,R03,2024-07-01,REG,,153.0,,
IND-303,R03,2024-08-01,REG,,140.0,,
IND-303,R03,2024-09-01,REG,,58.0,,
IND-303,R03,2024-10-01,REG,,63.0,,
IND-303,R03,2024-11-01,REG,,88.0,,
IND-303,R03,2024-12-01,REG,,56.0,,
IND-303,R03,2025-01-01,REG,,53.0,,
IND-303,R03,2025-02-01,REG,,49.0,,
IND-303,R03,2025-03-01,REG,,40.0,,
IND-303,R03,2025-04-01,REG,,52.0,,
IND-303,R03,2025-05-01,REG,,46.0,,
IND-303,R03,2025-06-01,REG,,29.0,,
IND-303,R03,2025-07-01,REG,,61.0,,
IND-303,R03,2025-08-01,REG,,114.0,,
IND-303,R03,2025-09-01,REG,,108.0,,
IND-303,R03,2025-10-01,REG,,105.0,,
IND-303,R03,2025-11-01,REG,,49.0,,
IND-303,R03,2025-12-01,REG,,60.0,,
IND-303,R03,2026-01-01,REG,,84.0,,
IND-303,R03,2026-02-01,REG,,197.0,,
IND-303,R03,2026-03-01,REG,,347.0,,
IND-303,R03,2026-04-01,REG,,469.0,,
IND-303,R03,2026-05-01,REG,,568.0,,
IND-303,R03,2026-06-01,REG,,628.0,,
IND-303,R03,2026-07-01,REG,,685.0,,
IND-303,R04,2023-01-01,REG,,41.0,,
IND-303,R04,2023-02-01,REG,,61.0,,
IND-303,R04,2023-03-01,REG,,120.0,,
IND-303,R04,2023-04-01,REG,,113.0,,
IND-303,R04,2023-05-01,REG,,115.0,,
IND-303,R04,2023-06-01,REG,,140.0,,
IND-303,R04,2023-07-01,REG,,140.0,,
IND-303,R04,2023-08-01,REG,,160.0,,
IND-303,R04,2023-09-01,REG,,226.0,,
IND-303,R04,2023-10-01,REG,,193.0,,
IND-303,R04,2023-11-01,REG,,146.0,,
IND-303,R04,2023-12-01,REG,,86.0,,
IND-303,R04,2024-01-01,REG,,92.0,,
IND-303,R04,2024-02-01,REG,,118.0,,
IND-303,R04,2024-03-01,REG,,143.0,,
IND-303,R04,2024-04-01,REG,,117.0,,
IND-303,R04,2024-05-01,REG,,126.0,,
IND-303,R04,2024-06-01,REG,,125.0,,
IND-303,R04,2024-07-01,REG,,141.0,,
IND-303,R04,2024-08-01,REG,,186.0,,
IND-303,R04,2024-09-01,REG,,171.0,,
IND-303,R04,2024-10-01,REG,,130.0,,
IND-303,R04,2024-11-01,REG,,162.0,,
IND-303,R04,2024-12-01,REG,,111.0,,
IND-303,R04,2025-01-01,REG,,195.0,,
IND-303,R04,2025-02-01,REG,,195.0,,
IND-303,R04,2025-03-01,REG,,203.0,,
IND-303,R04,2025-04-01,REG,,194.0,,
IND-303,R04,2025-05-01,REG,,214.0,,
IND-303,R04,2025-06-01,REG,,299.0,,
IND-303,R04,2025-07-01,REG,,337.0,,
IND-303,R04,2025-08-01,REG,,243.0,,
IND-303,R04,2025-09-01,REG,,338.0,,
IND-303,R04,2025-10-01,REG,,315.0,,
IND-303,R04,2025-11-01,REG,,274.0,,
IND-303,R04,2025-12-01,REG,,254.0,,
IND-303,R04,2026-01-01,REG,,347.0,,
IND-303,R04,2026-02-01,REG,,676.0,,
IND-303,R04,2026-03-01,REG,,1061.0,,
IND-303,R04,2026-04-01,REG,,1587.0,,
IND-303,R04,2026-05-01,REG,,1890.0,,
IND-303,R04,2026-06-01,REG,,2270.0,,
IND-303,R04,2026-07-01,REG,,2585.0,,
IND-303,R06,2023-01-01,REG,,2.0,,
IND-303,R06,2023-02-01,REG,,8.0,,
IND-303,R06,2023-03-01,REG,,8.0,,
IND-303,R06,2023-04-01,REG,,12.0,,
IND-303,R06,2023-05-01,REG,,13.0,,
IND-303,R06,2023-06-01,REG,,15.0,,
IND-303,R06,2023-07-01,REG,,5.0,,
IND-303,R06,2023-08-01,REG,,13.0,,
IND-303,R06,2023-09-01,REG,,17.0,,
IND-303,R06,2023-10-01,REG,,11.0,,
IND-303,R06,2023-11-01,REG,,2.0,,
IND-303,R06,2023-12-01,REG,,1.0,,
IND-303,R06,2024-01-01,REG,,2.0,,
IND-303,R06,2024-02-01,REG,,6.0,,
IND-303,R06,2024-03-01,REG,,20.0,,
IND-303,R06,2024-04-01,REG,,32.0,,
IND-303,R06,2024-05-01,REG,,30.0,,
IND-303,R06,2024-06-01,REG,,25.0,,
IND-303,R06,2024-07-01,REG,,27.0,,
IND-303,R06,2024-08-01,REG,,33.0,,
IND-303,R06,2024-09-01,REG,,25.0,,
IND-303,R06,2024-10-01,REG,,11.0,,
IND-303,R06,2024-11-01,REG,,9.0,,
IND-303,R06,2024-12-01,REG,,5.0,,
IND-303,R06,2025-01-01,REG,,46.0,,
IND-303,R06,2025-02-01,REG,,23.0,,
IND-303,R06,2025-03-01,REG,,23.0,,
IND-303,R06,2025-04-01,REG,,25.0,,
IND-303,R06,2025-05-01,REG,,14.0,,
IND-303,R06,2025-06-01,REG,,20.0,,
IND-303,R06,2025-07-01,REG,,21.0,,
IND-303,R06,2025-08-01,REG,,16.0,,
IND-303,R06,2025-09-01,REG,,25.0,,
IND-303,R06,2025-10-01,REG,,15.0,,
IND-303,R06,2025-11-01,REG,,21.0,,
IND-303,R06,2025-12-01,REG,,24.0,,
IND-303,R06,2026-01-01,REG,,19.0,,
IND-303,R06,2026-02-01,REG,,38.0,,
IND-303,R06,2026-03-01,REG,,80.0,,
IND-303,R06,2026-04-01,REG,,108.0,,
IND-303,R06,2026-05-01,REG,,152.0,,
IND-303,R06,2026-06-01,REG,,162.0,,
IND-303,R06,2026-07-01,REG,,172.0,,
IND-303,R11,2023-01-01,REG,,4337.0,,
IND-303,R11,2023-02-01,REG,,4390.0,,
IND-303,R11,2023-03-01,REG,,4289.0,,
IND-303,R11,2023-04-01,REG,,3872.0,,
IND-303,R11,2023-05-01,REG,,4539.0,,
IND-303,R11,2023-06-01,REG,,4012.0,,
IND-303,R11,2023-07-01,REG,,2758.0,,
IND-303,R11,2023-08-01,REG,,1829.0,,
IND-303,R11,2023-09-01,REG,,3960.0,,
IND-303,R11,2023-10-01,REG,,4512.0,,
IND-303,R11,2023-11-01,REG,,3813.0,,
IND-303,R11,2023-12-01,REG,,3206.0,,
IND-303,R11,2024-01-01,REG,,4608.0,,
IND-303,R11,2024-02-01,REG,,4561.0,,
IND-303,R11,2024-03-01,REG,,4783.0,,
IND-303,R11,2024-04-01,REG,,4904.0,,
IND-303,R11,2024-05-01,REG,,4793.0,,
IND-303,R11,2024-06-01,REG,,4895.0,,
IND-303,R11,2024-07-01,REG,,7506.0,,
IND-303,R11,2024-08-01,REG,,7514.0,,
IND-303,R11,2024-09-01,REG,,5429.0,,
IND-303,R11,2024-10-01,REG,,4781.0,,
IND-303,R11,2024-11-01,REG,,4419.0,,
IND-303,R11,2024-12-01,REG,,3453.0,,
IND-303,R11,2025-01-01,REG,,4788.0,,
IND-303,R11,2025-02-01,REG,,4400.0,,
IND-303,R11,2025-03-01,REG,,4891.0,,
IND-303,R11,2025-04-01,REG,,5245.0,,
IND-303,R11,2025-05-01,REG,,5514.0,,
IND-303,R11,2025-06-01,REG,,4873.0,,
IND-303,R11,2025-07-01,REG,,5188.0,,
IND-303,R11,2025-08-01,REG,,5637.0,,
IND-303,R11,2025-09-01,REG,,5975.0,,
IND-303,R11,2025-10-01,REG,,6098.0,,
IND-303,R11,2025-11-01,REG,,5445.0,,
IND-303,R11,2025-12-01,REG,,4815.0,,
IND-303,R11,2026-01-01,REG,,6098.0,,
IND-303,R11,2026-02-01,REG,,11410.0,,
IND-303,R11,2026-03-01,REG,,17696.0,,
IND-303,R11,2026-04-01,REG,,23945.0,,
IND-303,R11,2026-05-01,REG,,29739.0,,
IND-303,R11,2026-06-01,REG,,34770.0,,
IND-303,R11,2026-07-01,REG,,39572.0,,
IND-303,R24,2023-01-01,REG,,241.0,,
IND-303,R24,2023-02-01,REG,,278.0,,
IND-303,R24,2023-03-01,REG,,260.0,,
IND-303,R24,2023-04-01,REG,,268.0,,
IND-303,R24,2023-05-01,REG,,579.0,,
IND-303,R24,2023-06-01,REG,,234.0,,
IND-303,R24,2023-07-01,REG,,150.0,,
IND-303,R24,2023-08-01,REG,,201.0,,
IND-303,R24,2023-09-01,REG,,253.0,,
IND-303,R24,2023-10-01,REG,,311.0,,
IND-303,R24,2023-11-01,REG,,239.0,,
IND-303,R24,2023-12-01,REG,,180.0,,
IND-303,R24,2024-01-01,REG,,313.0,,
IND-303,R24,2024-02-01,REG,,254.0,,
IND-303,R24,2024-03-01,REG,,289.0,,
IND-303,R24,2024-04-01,REG,,297.0,,
IND-303,R24,2024-05-01,REG,,292.0,,
IND-303,R24,2024-06-01,REG,,269.0,,
IND-303,R24,2024-07-01,REG,,249.0,,
IND-303,R24,2024-08-01,REG,,296.0,,
IND-303,R24,2024-09-01,REG,,273.0,,
IND-303,R24,2024-10-01,REG,,310.0,,
IND-303,R24,2024-11-01,REG,,290.0,,
IND-303,R24,2024-12-01,REG,,239.0,,
IND-303,R24,2025-01-01,REG,,314.0,,
IND-303,R24,2025-02-01,REG,,279.0,,
IND-303,R24,2025-03-01,REG,,332.0,,
IND-303,R24,2025-04-01,REG,,399.0,,
IND-303,R24,2025-05-01,REG,,372.0,,
IND-303,R24,2025-06-01,REG,,343.0,,
IND-303,R24,2025-07-01,REG,,391.0,,
IND-303,R24,2025-08-01,REG,,509.0,,
IND-303,R24,2025-09-01,REG,,373.0,,
IND-303,R24,2025-10-01,REG,,456.0,,
IND-303,R24,2025-11-01,REG,,367.0,,
IND-303,R24,2025-12-01,REG,,306.0,,
IND-303,R24,2026-01-01,REG,,365.0,,
IND-303,R24,2026-02-01,REG,,675.0,,
IND-303,R24,2026-03-01,REG,,1129.0,,
IND-303,R24,2026-04-01,REG,,1675.0,,
IND-303,R24,2026-05-01,REG,,2452.0,,
IND-303,R24,2026-06-01,REG,,2810.0,,
IND-303,R24,2026-07-01,REG,,3203.0,,
IND-303,R27,2023-01-01,REG,,368.0,,
IND-303,R27,2023-02-01,REG,,341.0,,
IND-303,R27,2023-03-01,REG,,360.0,,
IND-303,R27,2023-04-01,REG,,372.0,,
IND-303,R27,2023-05-01,REG,,454.0,,
IND-303,R27,2023-06-01,REG,,544.0,,
IND-303,R27,2023-07-01,REG,,438.0,,
IND-303,R27,2023-08-01,REG,,515.0,,
IND-303,R27,2023-09-01,REG,,535.0,,
IND-303,R27,2023-10-01,REG,,513.0,,
IND-303,R27,2023-11-01,REG,,370.0,,
IND-303,R27,2023-12-01,REG,,354.0,,
IND-303,R27,2024-01-01,REG,,421.0,,
IND-303,R27,2024-02-01,REG,,458.0,,
IND-303,R27,2024-03-01,REG,,597.0,,
IND-303,R27,2024-04-01,REG,,641.0,,
IND-303,R27,2024-05-01,REG,,515.0,,
IND-303,R27,2024-06-01,REG,,478.0,,
IND-303,R27,2024-07-01,REG,,548.0,,
IND-303,R27,2024-08-01,REG,,661.0,,
IND-303,R27,2024-09-01,REG,,764.0,,
IND-303,R27,2024-10-01,REG,,499.0,,
IND-303,R27,2024-11-01,REG,,436.0,,
IND-303,R27,2024-12-01,REG,,328.0,,
IND-303,R27,2025-01-01,REG,,463.0,,
IND-303,R27,2025-02-01,REG,,444.0,,
IND-303,R27,2025-03-01,REG,,507.0,,
IND-303,R27,2025-04-01,REG,,507.0,,
IND-303,R27,2025-05-01,REG,,581.0,,
IND-303,R27,2025-06-01,REG,,531.0,,
IND-303,R27,2025-07-01,REG,,670.0,,
IND-303,R27,2025-08-01,REG,,817.0,,
IND-303,R27,2025-09-01,REG,,633.0,,
IND-303,R27,2025-10-01,REG,,504.0,,
IND-303,R27,2025-11-01,REG,,427.0,,
IND-303,R27,2025-12-01,REG,,388.0,,
IND-303,R27,2026-01-01,REG,,462.0,,
IND-303,R27,2026-02-01,REG,,866.0,,
IND-303,R27,2026-03-01,REG,,1355.0,,
IND-303,R27,2026-04-01,REG,,1836.0,,
IND-303,R27,2026-05-01,REG,,2422.0,,
IND-303,R27,2026-06-01,REG,,2967.0,,
IND-303,R27,2026-07-01,REG,,3611.0,,
IND-303,R28,2023-01-01,REG,,715.0,,
IND-303,R28,2023-02-01,REG,,728.0,,
IND-303,R28,2023-03-01,REG,,613.0,,
IND-303,R28,2023-04-01,REG,,573.0,,
IND-303,R28,2023-05-01,REG,,810.0,,
IND-303,R28,2023-06-01,REG,,694.0,,
IND-303,R28,2023-07-01,REG,,766.0,,
IND-303,R28,2023-08-01,REG,,638.0,,
IND-303,R28,2023-09-01,REG,,830.0,,
IND-303,R28,2023-10-01,REG,,707.0,,
IND-303,R28,2023-11-01,REG,,597.0,,
IND-303,R28,2023-12-01,REG,,475.0,,
IND-303,R28,2024-01-01,REG,,595.0,,
IND-303,R28,2024-02-01,REG,,694.0,,
IND-303,R28,2024-03-01,REG,,731.0,,
IND-303,R28,2024-04-01,REG,,587.0,,
IND-303,R28,2024-05-01,REG,,632.0,,
IND-303,R28,2024-06-01,REG,,722.0,,
IND-303,R28,2024-07-01,REG,,776.0,,
IND-303,R28,2024-08-01,REG,,731.0,,
IND-303,R28,2024-09-01,REG,,505.0,,
IND-303,R28,2024-10-01,REG,,645.0,,
IND-303,R28,2024-11-01,REG,,509.0,,
IND-303,R28,2024-12-01,REG,,472.0,,
IND-303,R28,2025-01-01,REG,,535.0,,
IND-303,R28,2025-02-01,REG,,604.0,,
IND-303,R28,2025-03-01,REG,,767.0,,
IND-303,R28,2025-04-01,REG,,936.0,,
IND-303,R28,2025-05-01,REG,,769.0,,
IND-303,R28,2025-06-01,REG,,878.0,,
IND-303,R28,2025-07-01,REG,,867.0,,
IND-303,R28,2025-08-01,REG,,894.0,,
IND-303,R28,2025-09-01,REG,,805.0,,
IND-303,R28,2025-10-01,REG,,926.0,,
IND-303,R28,2025-11-01,REG,,731.0,,
IND-303,R28,2025-12-01,REG,,614.0,,
IND-303,R28,2026-01-01,REG,,770.0,,
IND-303,R28,2026-02-01,REG,,1500.0,,
IND-303,R28,2026-03-01,REG,,2475.0,,
IND-303,R28,2026-04-01,REG,,3317.0,,
IND-303,R28,2026-05-01,REG,,4193.0,,
IND-303,R28,2026-06-01,REG,,5157.0,,
IND-303,R28,2026-07-01,REG,,6131.0,,
IND-303,R32,2023-01-01,REG,,1407.0,,
IND-303,R32,2023-02-01,REG,,1218.0,,
IND-303,R32,2023-03-01,REG,,1203.0,,
IND-303,R32,2023-04-01,REG,,1152.0,,
IND-303,R32,2023-05-01,REG,,1369.0,,
IND-303,R32,2023-06-01,REG,,1141.0,,
IND-303,R32,2023-07-01,REG,,896.0,,
IND-303,R32,2023-08-01,REG,,732.0,,
IND-303,R32,2023-09-01,REG,,1143.0,,
IND-303,R32,2023-10-01,REG,,1180.0,,
IND-303,R32,2023-11-01,REG,,1121.0,,
IND-303,R32,2023-12-01,REG,,975.0,,
IND-303,R32,2024-01-01,REG,,1270.0,,
IND-303,R32,2024-02-01,REG,,1318.0,,
IND-303,R32,2024-03-01,REG,,1472.0,,
IND-303,R32,2024-04-01,REG,,1507.0,,
IND-303,R32,2024-05-01,REG,,1410.0,,
IND-303,R32,2024-06-01,REG,,1291.0,,
IND-303,R32,2024-07-01,REG,,1296.0,,
IND-303,R32,2024-08-01,REG,,1327.0,,
IND-303,R32,2024-09-01,REG,,1192.0,,
IND-303,R32,2024-10-01,REG,,1439.0,,
IND-303,R32,2024-11-01,REG,,1113.0,,
IND-303,R32,2024-12-01,REG,,876.0,,
IND-303,R32,2025-01-01,REG,,1240.0,,
IND-303,R32,2025-02-01,REG,,1342.0,,
IND-303,R32,2025-03-01,REG,,1476.0,,
IND-303,R32,2025-04-01,REG,,1519.0,,
IND-303,R32,2025-05-01,REG,,1644.0,,
IND-303,R32,2025-06-01,REG,,1472.0,,
IND-303,R32,2025-07-01,REG,,1567.0,,
IND-303,R32,2025-08-01,REG,,1521.0,,
IND-303,R32,2025-09-01,REG,,1573.0,,
IND-303,R32,2025-10-01,REG,,1774.0,,
IND-303,R32,2025-11-01,REG,,1521.0,,
IND-303,R32,2025-12-01,REG,,1246.0,,
IND-303,R32,2026-01-01,REG,,1608.0,,
IND-303,R32,2026-02-01,REG,,3064.0,,
IND-303,R32,2026-03-01,REG,,4684.0,,
IND-303,R32,2026-04-01,REG,,6777.0,,
IND-303,R32,2026-05-01,REG,,8372.0,,
IND-303,R32,2026-06-01,REG,,9764.0,,
IND-303,R32,2026-07-01,REG,,11211.0,,
IND-303,R44,2023-01-01,REG,,568.0,,
IND-303,R44,2023-02-01,REG,,543.0,,
IND-303,R44,2023-03-01,REG,,559.0,,
IND-303,R44,2023-04-01,REG,,654.0,,
IND-303,R44,2023-05-01,REG,,560.0,,
IND-303,R44,2023-06-01,REG,,547.0,,
IND-303,R44,2023-07-01,REG,,546.0,,
IND-303,R44,2023-08-01,REG,,547.0,,
IND-303,R44,2023-09-01,REG,,753.0,,
IND-303,R44,2023-10-01,REG,,614.0,,
IND-303,R44,2023-11-01,REG,,470.0,,
IND-303,R44,2023-12-01,REG,,444.0,,
IND-303,R44,2024-01-01,REG,,617.0,,
IND-303,R44,2024-02-01,REG,,697.0,,
IND-303,R44,2024-03-01,REG,,727.0,,
IND-303,R44,2024-04-01,REG,,728.0,,
IND-303,R44,2024-05-01,REG,,712.0,,
IND-303,R44,2024-06-01,REG,,603.0,,
IND-303,R44,2024-07-01,REG,,750.0,,
IND-303,R44,2024-08-01,REG,,725.0,,
IND-303,R44,2024-09-01,REG,,573.0,,
IND-303,R44,2024-10-01,REG,,668.0,,
IND-303,R44,2024-11-01,REG,,583.0,,
IND-303,R44,2024-12-01,REG,,381.0,,
IND-303,R44,2025-01-01,REG,,736.0,,
IND-303,R44,2025-02-01,REG,,686.0,,
IND-303,R44,2025-03-01,REG,,858.0,,
IND-303,R44,2025-04-01,REG,,825.0,,
IND-303,R44,2025-05-01,REG,,790.0,,
IND-303,R44,2025-06-01,REG,,798.0,,
IND-303,R44,2025-07-01,REG,,927.0,,
IND-303,R44,2025-08-01,REG,,888.0,,
IND-303,R44,2025-09-01,REG,,894.0,,
IND-303,R44,2025-10-01,REG,,804.0,,
IND-303,R44,2025-11-01,REG,,687.0,,
IND-303,R44,2025-12-01,REG,,623.0,,
IND-303,R44,2026-01-01,REG,,786.0,,
IND-303,R44,2026-02-01,REG,,1511.0,,
IND-303,R44,2026-03-01,REG,,2434.0,,
IND-303,R44,2026-04-01,REG,,3281.0,,
IND-303,R44,2026-05-01,REG,,4036.0,,
IND-303,R44,2026-06-01,REG,,4783.0,,
IND-303,R44,2026-07-01,REG,,5710.0,,
IND-303,R52,2023-01-01,REG,,285.0,,
IND-303,R52,2023-02-01,REG,,249.0,,
IND-303,R52,2023-03-01,REG,,288.0,,
IND-303,R52,2023-04-01,REG,,254.0,,
IND-303,R52,2023-05-01,REG,,261.0,,
IND-303,R52,2023-06-01,REG,,292.0,,
IND-303,R52,2023-07-01,REG,,641.0,,
IND-303,R52,2023-08-01,REG,,336.0,,
IND-303,R52,2023-09-01,REG,,454.0,,
IND-303,R52,2023-10-01,REG,,347.0,,
IND-303,R52,2023-11-01,REG,,331.0,,
IND-303,R52,2023-12-01,REG,,297.0,,
IND-303,R52,2024-01-01,REG,,353.0,,
IND-303,R52,2024-02-01,REG,,424.0,,
IND-303,R52,2024-03-01,REG,,363.0,,
IND-303,R52,2024-04-01,REG,,427.0,,
IND-303,R52,2024-05-01,REG,,571.0,,
IND-303,R52,2024-06-01,REG,,357.0,,
IND-303,R52,2024-07-01,REG,,682.0,,
IND-303,R52,2024-08-01,REG,,537.0,,
IND-303,R52,2024-09-01,REG,,386.0,,
IND-303,R52,2024-10-01,REG,,464.0,,
IND-303,R52,2024-11-01,REG,,411.0,,
IND-303,R52,2024-12-01,REG,,288.0,,
IND-303,R52,2025-01-01,REG,,455.0,,
IND-303,R52,2025-02-01,REG,,351.0,,
IND-303,R52,2025-03-01,REG,,433.0,,
IND-303,R52,2025-04-01,REG,,463.0,,
IND-303,R52,2025-05-01,REG,,537.0,,
IND-303,R52,2025-06-01,REG,,494.0,,
IND-303,R52,2025-07-01,REG,,869.0,,
IND-303,R52,2025-08-01,REG,,636.0,,
IND-303,R52,2025-09-01,REG,,485.0,,
IND-303,R52,2025-10-01,REG,,553.0,,
IND-303,R52,2025-11-01,REG,,561.0,,
IND-303,R52,2025-12-01,REG,,434.0,,
IND-303,R52,2026-01-01,REG,,496.0,,
IND-303,R52,2026-02-01,REG,,954.0,,
IND-303,R52,2026-03-01,REG,,1544.0,,
IND-303,R52,2026-04-01,REG,,2155.0,,
IND-303,R52,2026-05-01,REG,,2681.0,,
IND-303,R52,2026-06-01,REG,,3198.0,,
IND-303,R52,2026-07-01,REG,,3847.0,,
IND-303,R53,2023-01-01,REG,,321.0,,
IND-303,R53,2023-02-01,REG,,292.0,,
IND-303,R53,2023-03-01,REG,,253.0,,
IND-303,R53,2023-04-01,REG,,297.0,,
IND-303,R53,2023-05-01,REG,,305.0,,
IND-303,R53,2023-06-01,REG,,291.0,,
IND-303,R53,2023-07-01,REG,,507.0,,
IND-303,R53,2023-08-01,REG,,572.0,,
IND-303,R53,2023-09-01,REG,,347.0,,
IND-303,R53,2023-10-01,REG,,319.0,,
IND-303,R53,2023-11-01,REG,,294.0,,
IND-303,R53,2023-12-01,REG,,323.0,,
IND-303,R53,2024-01-01,REG,,293.0,,
IND-303,R53,2024-02-01,REG,,322.0,,
IND-303,R53,2024-03-01,REG,,491.0,,
IND-303,R53,2024-04-01,REG,,502.0,,
IND-303,R53,2024-05-01,REG,,284.0,,
IND-303,R53,2024-06-01,REG,,407.0,,
IND-303,R53,2024-07-01,REG,,429.0,,
IND-303,R53,2024-08-01,REG,,652.0,,
IND-303,R53,2024-09-01,REG,,253.0,,
IND-303,R53,2024-10-01,REG,,306.0,,
IND-303,R53,2024-11-01,REG,,372.0,,
IND-303,R53,2024-12-01,REG,,301.0,,
IND-303,R53,2025-01-01,REG,,297.0,,
IND-303,R53,2025-02-01,REG,,293.0,,
IND-303,R53,2025-03-01,REG,,454.0,,
IND-303,R53,2025-04-01,REG,,429.0,,
IND-303,R53,2025-05-01,REG,,331.0,,
IND-303,R53,2025-06-01,REG,,486.0,,
IND-303,R53,2025-07-01,REG,,535.0,,
IND-303,R53,2025-08-01,REG,,848.0,,
IND-303,R53,2025-09-01,REG,,418.0,,
IND-303,R53,2025-10-01,REG,,419.0,,
IND-303,R53,2025-11-01,REG,,371.0,,
IND-303,R53,2025-12-01,REG,,515.0,,
IND-303,R53,2026-01-01,REG,,342.0,,
IND-303,R53,2026-02-01,REG,,728.0,,
IND-303,R53,2026-03-01,REG,,1105.0,,
IND-303,R53,2026-04-01,REG,,1450.0,,
IND-303,R53,2026-05-01,REG,,1822.0,,
IND-303,R53,2026-06-01,REG,,2156.0,,
IND-303,R53,2026-07-01,REG,,2771.0,,
IND-303,R75,2023-01-01,REG,,595.0,,
IND-303,R75,2023-02-01,REG,,519.0,,
IND-303,R75,2023-03-01,REG,,586.0,,
IND-303,R75,2023-04-01,REG,,507.0,,
IND-303,R75,2023-05-01,REG,,606.0,,
IND-303,R75,2023-06-01,REG,,595.0,,
IND-303,R75,2023-07-01,REG,,734.0,,
IND-303,R75,2023-08-01,REG,,661.0,,
IND-303,R75,2023-09-01,REG,,681.0,,
IND-303,R75,2023-10-01,REG,,783.0,,
IND-303,R75,2023-11-01,REG,,562.0,,
IND-303,R75,2023-12-01,REG,,409.0,,
IND-303,R75,2024-01-01,REG,,596.0,,
IND-303,R75,2024-02-01,REG,,652.0,,
IND-303,R75,2024-03-01,REG,,746.0,,
IND-303,R75,2024-04-01,REG,,704.0,,
IND-303,R75,2024-05-01,REG,,799.0,,
IND-303,R75,2024-06-01,REG,,819.0,,
IND-303,R75,2024-07-01,REG,,933.0,,
IND-303,R75,2024-08-01,REG,,1131.0,,
IND-303,R75,2024-09-01,REG,,683.0,,
IND-303,R75,2024-10-01,REG,,756.0,,
IND-303,R75,2024-11-01,REG,,641.0,,
IND-303,R75,2024-12-01,REG,,584.0,,
IND-303,R75,2025-01-01,REG,,736.0,,
IND-303,R75,2025-02-01,REG,,713.0,,
IND-303,R75,2025-03-01,REG,,725.0,,
IND-303,R75,2025-04-01,REG,,762.0,,
IND-303,R75,2025-05-01,REG,,893.0,,
IND-303,R75,2025-06-01,REG,,902.0,,
IND-303,R75,2025-07-01,REG,,1198.0,,
IND-303,R75,2025-08-01,REG,,1271.0,,
IND-303,R75,2025-09-01,REG,,826.0,,
IND-303,R75,2025-10-01,REG,,888.0,,
IND-303,R75,2025-11-01,REG,,761.0,,
IND-303,R75,2025-12-01,REG,,582.0,,
IND-303,R75,2026-01-01,REG,,781.0,,
IND-303,R75,2026-02-01,REG,,1543.0,,
IND-303,R75,2026-03-01,REG,,2441.0,,
IND-303,R75,2026-04-01,REG,,3434.0,,
IND-303,R75,2026-05-01,REG,,4300.0,,
IND-303,R75,2026-06-01,REG,,5122.0,,
IND-303,R75,2026-07-01,REG,,6058.0,,
IND-303,R76,2023-01-01,REG,,1169.0,,
IND-303,R76,2023-02-01,REG,,1017.0,,
IND-303,R76,2023-03-01,REG,,1064.0,,
IND-303,R76,2023-04-01,REG,,931.0,,
IND-303,R76,2023-05-01,REG,,1190.0,,
IND-303,R76,2023-06-01,REG,,967.0,,
IND-303,R76,2023-07-01,REG,,1096.0,,
IND-303,R76,2023-08-01,REG,,1097.0,,
IND-303,R76,2023-09-01,REG,,1138.0,,
IND-303,R76,2023-10-01,REG,,1281.0,,
IND-303,R76,2023-11-01,REG,,996.0,,
IND-303,R76,2023-12-01,REG,,1068.0,,
IND-303,R76,2024-01-01,REG,,1105.0,,
IND-303,R76,2024-02-01,REG,,1140.0,,
IND-303,R76,2024-03-01,REG,,1260.0,,
IND-303,R76,2024-04-01,REG,,1292.0,,
IND-303,R76,2024-05-01,REG,,1287.0,,
IND-303,R76,2024-06-01,REG,,1209.0,,
IND-303,R76,2024-07-01,REG,,1723.0,,
IND-303,R76,2024-08-01,REG,,1669.0,,
IND-303,R76,2024-09-01,REG,,1041.0,,
IND-303,R76,2024-10-01,REG,,1227.0,,
IND-303,R76,2024-11-01,REG,,1051.0,,
IND-303,R76,2024-12-01,REG,,916.0,,
IND-303,R76,2025-01-01,REG,,1291.0,,
IND-303,R76,2025-02-01,REG,,1291.0,,
IND-303,R76,2025-03-01,REG,,1404.0,,
IND-303,R76,2025-04-01,REG,,1621.0,,
IND-303,R76,2025-05-01,REG,,1741.0,,
IND-303,R76,2025-06-01,REG,,1484.0,,
IND-303,R76,2025-07-01,REG,,2007.0,,
IND-303,R76,2025-08-01,REG,,2110.0,,
IND-303,R76,2025-09-01,REG,,1686.0,,
IND-303,R76,2025-10-01,REG,,1762.0,,
IND-303,R76,2025-11-01,REG,,1411.0,,
IND-303,R76,2025-12-01,REG,,1189.0,,
IND-303,R76,2026-01-01,REG,,1503.0,,
IND-303,R76,2026-02-01,REG,,3054.0,,
IND-303,R76,2026-03-01,REG,,4721.0,,
IND-303,R76,2026-04-01,REG,,6621.0,,
IND-303,R76,2026-05-01,REG,,8331.0,,
IND-303,R76,2026-06-01,REG,,9847.0,,
IND-303,R76,2026-07-01,REG,,11841.0,,
IND-303,R84,2023-01-01,REG,,1885.0,,
IND-303,R84,2023-02-01,REG,,1445.0,,
IND-303,R84,2023-03-01,REG,,1636.0,,
IND-303,R84,2023-04-01,REG,,1416.0,,
IND-303,R84,2023-05-01,REG,,1662.0,,
IND-303,R84,2023-06-01,REG,,1410.0,,
IND-303,R84,2023-07-01,REG,,1317.0,,
IND-303,R84,2023-08-01,REG,,1306.0,,
IND-303,R84,2023-09-01,REG,,1371.0,,
IND-303,R84,2023-10-01,REG,,1419.0,,
IND-303,R84,2023-11-01,REG,,1312.0,,
IND-303,R84,2023-12-01,REG,,1199.0,,
IND-303,R84,2024-01-01,REG,,1680.0,,
IND-303,R84,2024-02-01,REG,,1810.0,,
IND-303,R84,2024-03-01,REG,,2116.0,,
IND-303,R84,2024-04-01,REG,,1839.0,,
IND-303,R84,2024-05-01,REG,,1718.0,,
IND-303,R84,2024-06-01,REG,,1431.0,,
IND-303,R84,2024-07-01,REG,,1833.0,,
IND-303,R84,2024-08-01,REG,,2394.0,,
IND-303,R84,2024-09-01,REG,,1632.0,,
IND-303,R84,2024-10-01,REG,,1716.0,,
IND-303,R84,2024-11-01,REG,,1660.0,,
IND-303,R84,2024-12-01,REG,,1480.0,,
IND-303,R84,2025-01-01,REG,,2044.0,,
IND-303,R84,2025-02-01,REG,,1905.0,,
IND-303,R84,2025-03-01,REG,,2195.0,,
IND-303,R84,2025-04-01,REG,,2250.0,,
IND-303,R84,2025-05-01,REG,,2260.0,,
IND-303,R84,2025-06-01,REG,,1937.0,,
IND-303,R84,2025-07-01,REG,,2357.0,,
IND-303,R84,2025-08-01,REG,,2715.0,,
IND-303,R84,2025-09-01,REG,,2070.0,,
IND-303,R84,2025-10-01,REG,,2214.0,,
IND-303,R84,2025-11-01,REG,,2061.0,,
IND-303,R84,2025-12-01,REG,,1913.0,,
IND-303,R84,2026-01-01,REG,,2419.0,,
IND-303,R84,2026-02-01,REG,,4814.0,,
IND-303,R84,2026-03-01,REG,,7596.0,,
IND-303,R84,2026-04-01,REG,,10063.0,,
IND-303,R84,2026-05-01,REG,,12452.0,,
IND-303,R84,2026-06-01,REG,,14403.0,,
IND-303,R84,2026-07-01,REG,,16562.0,,
IND-303,R93,2023-01-01,REG,,2834.0,,
IND-303,R93,2023-02-01,REG,,2500.0,,
IND-303,R93,2023-03-01,REG,,2275.0,,
IND-303,R93,2023-04-01,REG,,2110.0,,
IND-303,R93,2023-05-01,REG,,2706.0,,
IND-303,R93,2023-06-01,REG,,2474.0,,
IND-303,R93,2023-07-01,REG,,1565.0,,
IND-303,R93,2023-08-01,REG,,1843.0,,
IND-303,R93,2023-09-01,REG,,2323.0,,
IND-303,R93,2023-10-01,REG,,2793.0,,
IND-303,R93,2023-11-01,REG,,2550.0,,
IND-303,R93,2023-12-01,REG,,1943.0,,
IND-303,R93,2024-01-01,REG,,2892.0,,
IND-303,R93,2024-02-01,REG,,3039.0,,
IND-303,R93,2024-03-01,REG,,2419.0,,
IND-303,R93,2024-04-01,REG,,2658.0,,
IND-303,R93,2024-05-01,REG,,3165.0,,
IND-303,R93,2024-06-01,REG,,2339.0,,
IND-303,R93,2024-07-01,REG,,3011.0,,
IND-303,R93,2024-08-01,REG,,3528.0,,
IND-303,R93,2024-09-01,REG,,2289.0,,
IND-303,R93,2024-10-01,REG,,2419.0,,
IND-303,R93,2024-11-01,REG,,2299.0,,
IND-303,R93,2024-12-01,REG,,1809.0,,
IND-303,R93,2025-01-01,REG,,2762.0,,
IND-303,R93,2025-02-01,REG,,2567.0,,
IND-303,R93,2025-03-01,REG,,2427.0,,
IND-303,R93,2025-04-01,REG,,2541.0,,
IND-303,R93,2025-05-01,REG,,2444.0,,
IND-303,R93,2025-06-01,REG,,2239.0,,
IND-303,R93,2025-07-01,REG,,2574.0,,
IND-303,R93,2025-08-01,REG,,3295.0,,
IND-303,R93,2025-09-01,REG,,2366.0,,
IND-303,R93,2025-10-01,REG,,2716.0,,
IND-303,R93,2025-11-01,REG,,2476.0,,
IND-303,R93,2025-12-01,REG,,2289.0,,
IND-303,R93,2026-01-01,REG,,2976.0,,
IND-303,R93,2026-02-01,REG,,5559.0,,
IND-303,R93,2026-03-01,REG,,8321.0,,
IND-303,R93,2026-04-01,REG,,11314.0,,
IND-303,R93,2026-05-01,REG,,14053.0,,
IND-303,R93,2026-06-01,REG,,16308.0,,
IND-303,R93,2026-07-01,REG,,19139.0,,
IND-303,R94,2023-01-01,REG,,28.0,,
IND-303,R94,2023-02-01,REG,,26.0,,
IND-303,R94,2023-03-01,REG,,31.0,,
IND-303,R94,2023-04-01,REG,,21.0,,
IND-303,R94,2023-05-01,REG,,34.0,,
IND-303,R94,2023-06-01,REG,,25.0,,
IND-303,R94,2023-07-01,REG,,42.0,,
IND-303,R94,2023-08-01,REG,,51.0,,
IND-303,R94,2023-09-01,REG,,33.0,,
IND-303,R94,2023-10-01,REG,,20.0,,
IND-303,R94,2023-11-01,REG,,23.0,,
IND-303,R94,2023-12-01,REG,,34.0,,
IND-303,R94,2024-01-01,REG,,33.0,,
IND-303,R94,2024-02-01,REG,,19.0,,
IND-303,R94,2024-03-01,REG,,26.0,,
IND-303,R94,2024-04-01,REG,,28.0,,
IND-303,R94,2024-05-01,REG,,22.0,,
IND-303,R94,2024-06-01,REG,,26.0,,
IND-303,R94,2024-07-01,REG,,41.0,,
IND-303,R94,2024-08-01,REG,,21.0,,
IND-303,R94,2024-09-01,REG,,30.0,,
IND-303,R94,2024-10-01,REG,,31.0,,
IND-303,R94,2024-11-01,REG,,33.0,,
IND-303,R94,2024-12-01,REG,,16.0,,
IND-303,R94,2025-01-01,REG,,27.0,,
IND-303,R94,2025-02-01,REG,,30.0,,
IND-303,R94,2025-03-01,REG,,37.0,,
IND-303,R94,2025-04-01,REG,,20.0,,
IND-303,R94,2025-05-01,REG,,39.0,,
IND-303,R94,2025-06-01,REG,,35.0,,
IND-303,R94,2025-07-01,REG,,67.0,,
IND-303,R94,2025-08-01,REG,,39.0,,
IND-303,R94,2025-09-01,REG,,38.0,,
IND-303,R94,2025-10-01,REG,,50.0,,
IND-303,R94,2025-11-01,REG,,21.0,,
IND-303,R94,2025-12-01,REG,,28.0,,
IND-303,R94,2026-01-01,REG,,34.0,,
IND-303,R94,2026-02-01,REG,,59.0,,
IND-303,R94,2026-03-01,REG,,79.0,,
IND-303,R94,2026-04-01,REG,,108.0,,
IND-303,R94,2026-05-01,REG,,161.0,,
IND-303,R94,2026-06-01,REG,,200.0,,
IND-303,R94,2026-07-01,REG,,234.0,,
IND-303,R76,2022-12-01,REG,11834.0,,,
IND-303,R84,2022-12-01,REG,16632.0,,,
IND-303,R93,2022-12-01,REG,27097.0,,,
IND-303,R94,2022-12-01,REG,265.0,,,
IND-303,R04,2022-12-01,REG,608.0,,,
IND-303,R03,2022-12-01,REG,191.0,,,
IND-303,R02,2022-12-01,REG,692.0,,,
IND-303,R01,2022-12-01,REG,828.0,,,
IND-303,FRANCE,2022-12-01,NAT,143447.0,,,
IND-303,D976,2022-12-01,DEPT,26.0,,,
IND-303,D974,2022-12-01,DEPT,608.0,,,
IND-303,D973,2022-12-01,DEPT,191.0,,,
IND-303,D972,2022-12-01,DEPT,692.0,,,
IND-303,D971,2022-12-01,DEPT,828.0,,,
IND-303,D95,2022-12-01,DEPT,3616.0,,,
IND-303,D94,2022-12-01,DEPT,3625.0,,,
IND-303,D93,2022-12-01,DEPT,6391.0,,,
IND-303,D92,2022-12-01,DEPT,4567.0,,,
IND-303,D91,2022-12-01,DEPT,2847.0,,,
IND-303,D90,2022-12-01,DEPT,237.0,,,
IND-303,D89,2022-12-01,DEPT,844.0,,,
IND-303,D88,2022-12-01,DEPT,375.0,,,
IND-303,D87,2022-12-01,DEPT,488.0,,,
IND-303,D86,2022-12-01,DEPT,434.0,,,
IND-303,D85,2022-12-01,DEPT,222.0,,,
IND-303,D84,2022-12-01,DEPT,1353.0,,,
IND-303,D83,2022-12-01,DEPT,2322.0,,,
IND-303,D82,2022-12-01,DEPT,168.0,,,
IND-303,D81,2022-12-01,DEPT,782.0,,,
IND-303,R06,2022-12-01,REG,26.0,,,
IND-303,D80,2022-12-01,DEPT,719.0,,,
IND-303,D79,2022-12-01,DEPT,341.0,,,
IND-303,D78,2022-12-01,DEPT,4848.0,,,
IND-303,D77,2022-12-01,DEPT,4867.0,,,
IND-303,D76,2022-12-01,DEPT,3960.0,,,
IND-303,D75,2022-12-01,DEPT,8982.0,,,
IND-303,D74,2022-12-01,DEPT,1487.0,,,
IND-303,D73,2022-12-01,DEPT,490.0,,,
IND-303,D72,2022-12-01,DEPT,226.0,,,
IND-303,D71,2022-12-01,DEPT,715.0,,,
IND-303,D70,2022-12-01,DEPT,226.0,,,
IND-303,D69,2022-12-01,DEPT,6114.0,,,
IND-303,D68,2022-12-01,DEPT,745.0,,,
IND-303,D67,2022-12-01,DEPT,869.0,,,
IND-303,D66,2022-12-01,DEPT,908.0,,,
IND-303,D65,2022-12-01,DEPT,243.0,,,
IND-303,D64,2022-12-01,DEPT,442.0,,,
IND-303,D63,2022-12-01,DEPT,615.0,,,
IND-303,D62,2022-12-01,DEPT,2459.0,,,
IND-303,D61,2022-12-01,DEPT,370.0,,,
IND-303,D60,2022-12-01,DEPT,2588.0,,,
IND-303,D59,2022-12-01,DEPT,6063.0,,,
IND-303,D58,2022-12-01,DEPT,207.0,,,
IND-303,D57,2022-12-01,DEPT,957.0,,,
IND-303,D56,2022-12-01,DEPT,589.0,,,
IND-303,D55,2022-12-01,DEPT,185.0,,,
IND-303,D54,2022-12-01,DEPT,856.0,,,
IND-303,D53,2022-12-01,DEPT,386.0,,,
IND-303,D52,2022-12-01,DEPT,192.0,,,
IND-303,D51,2022-12-01,DEPT,692.0,,,
IND-303,D50,2022-12-01,DEPT,466.0,,,
IND-303,D49,2022-12-01,DEPT,360.0,,,
IND-303,D48,2022-12-01,DEPT,39.0,,,
IND-303,D47,2022-12-01,DEPT,267.0,,,
IND-303,D46,2022-12-01,DEPT,110.0,,,
IND-303,D45,2022-12-01,DEPT,890.0,,,
IND-303,D44,2022-12-01,DEPT,1823.0,,,
IND-303,D43,2022-12-01,DEPT,351.0,,,
IND-303,D42,2022-12-01,DEPT,1665.0,,,
IND-303,D41,2022-12-01,DEPT,243.0,,,
IND-303,D40,2022-12-01,DEPT,368.0,,,
IND-303,D39,2022-12-01,DEPT,256.0,,,
IND-303,D38,2022-12-01,DEPT,3029.0,,,
IND-303,R11,2022-12-01,REG,39743.0,,,
IND-303,D37,2022-12-01,DEPT,584.0,,,
IND-303,D36,2022-12-01,DEPT,280.0,,,
IND-303,D35,2022-12-01,DEPT,1880.0,,,
IND-303,D34,2022-12-01,DEPT,4058.0,,,
IND-303,D33,2022-12-01,DEPT,1836.0,,,
IND-303,D32,2022-12-01,DEPT,133.0,,,
IND-303,D31,2022-12-01,DEPT,3236.0,,,
IND-303,D30,2022-12-01,DEPT,1013.0,,,
IND-303,D2B,2022-12-01,DEPT,110.0,,,
IND-303,D2A,2022-12-01,DEPT,155.0,,,
IND-303,D29,2022-12-01,DEPT,664.0,,,
IND-303,D28,2022-12-01,DEPT,396.0,,,
IND-303,D27,2022-12-01,DEPT,1454.0,,,
IND-303,D26,2022-12-01,DEPT,538.0,,,
IND-303,D25,2022-12-01,DEPT,881.0,,,
IND-303,D24,2022-12-01,DEPT,458.0,,,
IND-303,D23,2022-12-01,DEPT,53.0,,,
IND-303,D22,2022-12-01,DEPT,625.0,,,
IND-303,D21,2022-12-01,DEPT,538.0,,,
IND-303,D19,2022-12-01,DEPT,209.0,,,
IND-303,D18,2022-12-01,DEPT,475.0,,,
IND-303,D17,2022-12-01,DEPT,933.0,,,
IND-303,D16,2022-12-01,DEPT,163.0,,,
IND-303,D15,2022-12-01,DEPT,100.0,,,
IND-303,D14,2022-12-01,DEPT,1459.0,,,
IND-303,D13,2022-12-01,DEPT,19718.0,,,
IND-303,D12,2022-12-01,DEPT,477.0,,,
IND-303,D11,2022-12-01,DEPT,469.0,,,
IND-303,D10,2022-12-01,DEPT,224.0,,,
IND-303,D09,2022-12-01,DEPT,198.0,,,
IND-303,D08,2022-12-01,DEPT,330.0,,,
IND-303,D07,2022-12-01,DEPT,685.0,,,
IND-303,D06,2022-12-01,DEPT,3211.0,,,
IND-303,D05,2022-12-01,DEPT,263.0,,,
IND-303,D04,2022-12-01,DEPT,230.0,,,
IND-303,D03,2022-12-01,DEPT,658.0,,,
IND-303,D02,2022-12-01,DEPT,1029.0,,,
IND-303,D01,2022-12-01,DEPT,900.0,,,
IND-303,R24,2022-12-01,REG,2868.0,,,
IND-303,R27,2022-12-01,REG,3904.0,,,
IND-303,R28,2022-12-01,REG,7709.0,,,
IND-303,R32,2022-12-01,REG,12858.0,,,
IND-303,R44,2022-12-01,REG,5425.0,,,
IND-303,R52,2022-12-01,REG,3017.0,,,
IND-303,R53,2022-12-01,REG,3758.0,,,
IND-303,R75,2022-12-01,REG,5992.0,,,
