indic_id,enforce_zone_id,metric_enforce_date,maille,indic_vi,indic_va,indic_vc,indic_ta
IND-324,D01,2022-06-01,DEPT,,23.0,,
IND-324,D01,2022-07-01,DEPT,,23.0,,
IND-324,D01,2022-08-01,DEPT,,27.0,,
IND-324,D01,2022-09-01,DEPT,,27.0,,
IND-324,D01,2022-10-01,DEPT,,27.0,,
IND-324,D01,2022-11-01,DEPT,,28.0,,
IND-324,D01,2022-12-01,DEPT,,36.0,,
IND-324,D01,2023-01-01,DEPT,,36.0,,
IND-324,D01,2023-02-01,DEPT,,36.0,,
IND-324,D01,2023-03-01,DEPT,,36.0,,
IND-324,D01,2023-04-01,DEPT,,37.0,,
IND-324,D01,2023-06-01,DEPT,,37.0,,
IND-324,D01,2023-08-01,DEPT,,40.0,,
IND-324,D01,2023-10-01,DEPT,,42.0,,
IND-324,D01,2023-12-01,DEPT,,44.0,,
IND-324,D01,2024-01-01,DEPT,,45.0,,
IND-324,D01,2024-03-01,DEPT,,48.0,,
IND-324,D01,2024-05-01,DEPT,,49.0,,
IND-324,D01,2024-06-01,DEPT,,49.0,,
IND-324,D01,2024-08-01,DEPT,,50.0,,
IND-324,D01,2024-10-01,DEPT,,52.0,,
IND-324,D01,2025-01-01,DEPT,,54.0,,
IND-324,D01,2025-03-01,DEPT,,55.0,,
IND-324,D01,2025-06-01,DEPT,,56.0,,63.64
IND-324,D02,2022-06-01,DEPT,,44.0,,
IND-324,D02,2022-07-01,DEPT,,44.0,,
IND-324,D02,2022-08-01,DEPT,,45.0,,
IND-324,D02,2022-09-01,DEPT,,45.0,,
IND-324,D02,2022-10-01,DEPT,,46.0,,
IND-324,D02,2022-11-01,DEPT,,46.0,,
IND-324,D02,2022-12-01,DEPT,,49.0,,
IND-324,D02,2023-01-01,DEPT,,52.0,,
IND-324,D02,2023-02-01,DEPT,,53.0,,
IND-324,D02,2023-03-01,DEPT,,53.0,,
IND-324,D02,2023-04-01,DEPT,,53.0,,
IND-324,D02,2023-06-01,DEPT,,55.0,,
IND-324,D02,2023-08-01,DEPT,,56.0,,
IND-324,D02,2023-10-01,DEPT,,59.0,,
IND-324,D02,2023-12-01,DEPT,,60.0,,
IND-324,D02,2024-01-01,DEPT,,60.0,,
IND-324,D02,2024-03-01,DEPT,,61.0,,
IND-324,D02,2024-05-01,DEPT,,63.0,,
IND-324,D02,2024-06-01,DEPT,,66.0,,
IND-324,D02,2024-08-01,DEPT,,69.0,,
IND-324,D02,2024-10-01,DEPT,,69.0,,
IND-324,D02,2025-01-01,DEPT,,70.0,,
IND-324,D02,2025-03-01,DEPT,,73.0,,
IND-324,D02,2025-06-01,DEPT,,77.0,,75.51
IND-324,D03,2022-06-01,DEPT,,37.0,,
IND-324,D03,2022-07-01,DEPT,,37.0,,
IND-324,D03,2022-08-01,DEPT,,42.0,,
IND-324,D03,2022-09-01,DEPT,,42.0,,
IND-324,D03,2022-10-01,DEPT,,42.0,,
IND-324,D03,2022-11-01,DEPT,,44.0,,
IND-324,D03,2022-12-01,DEPT,,46.0,,
IND-324,D03,2023-01-01,DEPT,,46.0,,
IND-324,D03,2023-02-01,DEPT,,47.0,,
IND-324,D03,2023-03-01,DEPT,,50.0,,
IND-324,D03,2023-04-01,DEPT,,56.0,,
IND-324,D03,2023-06-01,DEPT,,56.0,,
IND-324,D03,2023-08-01,DEPT,,56.0,,
IND-324,D03,2023-10-01,DEPT,,56.0,,
IND-324,D03,2023-12-01,DEPT,,58.0,,
IND-324,D03,2024-01-01,DEPT,,63.0,,
IND-324,D03,2024-03-01,DEPT,,65.0,,
IND-324,D03,2024-05-01,DEPT,,65.0,,
IND-324,D03,2024-06-01,DEPT,,67.0,,
IND-324,D03,2024-08-01,DEPT,,68.0,,
IND-324,D03,2024-10-01,DEPT,,68.0,,
IND-324,D03,2025-01-01,DEPT,,70.0,,
IND-324,D03,2025-03-01,DEPT,,71.0,,
IND-324,D03,2025-06-01,DEPT,,72.0,,76.09
IND-324,D04,2022-06-01,DEPT,,19.0,,
IND-324,D04,2022-07-01,DEPT,,19.0,,
IND-324,D04,2022-08-01,DEPT,,23.0,,
IND-324,D04,2022-09-01,DEPT,,23.0,,
IND-324,D04,2022-10-01,DEPT,,23.0,,
IND-324,D04,2022-11-01,DEPT,,24.0,,
IND-324,D04,2022-12-01,DEPT,,28.0,,
IND-324,D04,2023-01-01,DEPT,,28.0,,
IND-324,D04,2023-02-01,DEPT,,28.0,,
IND-324,D04,2023-03-01,DEPT,,29.0,,
IND-324,D04,2023-04-01,DEPT,,34.0,,
IND-324,D04,2023-06-01,DEPT,,34.0,,
IND-324,D04,2023-08-01,DEPT,,34.0,,
IND-324,D04,2023-10-01,DEPT,,34.0,,
IND-324,D04,2023-12-01,DEPT,,37.0,,
IND-324,D04,2024-01-01,DEPT,,37.0,,
IND-324,D04,2024-03-01,DEPT,,38.0,,
IND-324,D04,2024-05-01,DEPT,,39.0,,
IND-324,D04,2024-06-01,DEPT,,39.0,,
IND-324,D04,2024-08-01,DEPT,,40.0,,
IND-324,D04,2024-10-01,DEPT,,40.0,,
IND-324,D04,2025-01-01,DEPT,,42.0,,
IND-324,D04,2025-03-01,DEPT,,43.0,,
IND-324,D04,2025-06-01,DEPT,,45.0,,48.28
IND-324,D05,2022-06-01,DEPT,,22.0,,
IND-324,D05,2022-07-01,DEPT,,22.0,,
IND-324,D05,2022-08-01,DEPT,,25.0,,
IND-324,D05,2022-09-01,DEPT,,25.0,,
IND-324,D05,2022-10-01,DEPT,,29.0,,
IND-324,D05,2022-11-01,DEPT,,29.0,,
IND-324,D05,2022-12-01,DEPT,,35.0,,
IND-324,D05,2023-01-01,DEPT,,35.0,,
IND-324,D05,2023-02-01,DEPT,,35.0,,
IND-324,D05,2023-03-01,DEPT,,36.0,,
IND-324,D05,2023-04-01,DEPT,,35.0,,
IND-324,D05,2023-06-01,DEPT,,34.0,,
IND-324,D05,2023-08-01,DEPT,,38.0,,
IND-324,D05,2023-10-01,DEPT,,38.0,,
IND-324,D05,2023-12-01,DEPT,,41.0,,
IND-324,D05,2024-01-01,DEPT,,41.0,,
IND-324,D05,2024-03-01,DEPT,,41.0,,
IND-324,D05,2024-05-01,DEPT,,43.0,,
IND-324,D05,2024-06-01,DEPT,,43.0,,
IND-324,D05,2024-08-01,DEPT,,43.0,,
IND-324,D05,2024-10-01,DEPT,,44.0,,
IND-324,D05,2025-01-01,DEPT,,51.0,,
IND-324,D05,2025-03-01,DEPT,,51.0,,
IND-324,D05,2025-06-01,DEPT,,53.0,,54.1
IND-324,D06,2022-06-01,DEPT,,13.0,,
IND-324,D06,2022-07-01,DEPT,,13.0,,
IND-324,D06,2022-08-01,DEPT,,19.0,,
IND-324,D06,2022-09-01,DEPT,,19.0,,
IND-324,D06,2022-10-01,DEPT,,19.0,,
IND-324,D06,2022-11-01,DEPT,,19.0,,
IND-324,D06,2022-12-01,DEPT,,24.0,,
IND-324,D06,2023-01-01,DEPT,,26.0,,
IND-324,D06,2023-02-01,DEPT,,26.0,,
IND-324,D06,2023-03-01,DEPT,,26.0,,
IND-324,D06,2023-04-01,DEPT,,26.0,,
IND-324,D06,2023-06-01,DEPT,,26.0,,
IND-324,D06,2023-08-01,DEPT,,26.0,,
IND-324,D06,2023-10-01,DEPT,,26.0,,
IND-324,D06,2023-12-01,DEPT,,27.0,,
IND-324,D06,2024-01-01,DEPT,,29.0,,
IND-324,D06,2024-03-01,DEPT,,31.0,,
IND-324,D06,2024-05-01,DEPT,,32.0,,
IND-324,D06,2024-06-01,DEPT,,32.0,,
IND-324,D06,2024-08-01,DEPT,,32.0,,
IND-324,D06,2024-10-01,DEPT,,33.0,,
IND-324,D06,2025-01-01,DEPT,,39.0,,
IND-324,D06,2025-03-01,DEPT,,40.0,,
IND-324,D06,2025-06-01,DEPT,,43.0,,46.97
IND-324,D07,2022-06-01,DEPT,,31.0,,
IND-324,D07,2022-07-01,DEPT,,31.0,,
IND-324,D07,2022-08-01,DEPT,,34.0,,
IND-324,D07,2022-09-01,DEPT,,34.0,,
IND-324,D07,2022-10-01,DEPT,,34.0,,
IND-324,D07,2022-11-01,DEPT,,35.0,,
IND-324,D07,2022-12-01,DEPT,,38.0,,
IND-324,D07,2023-01-01,DEPT,,38.0,,
IND-324,D07,2023-02-01,DEPT,,38.0,,
IND-324,D07,2023-03-01,DEPT,,40.0,,
IND-324,D07,2023-04-01,DEPT,,41.0,,
IND-324,D07,2023-06-01,DEPT,,42.0,,
IND-324,D07,2023-08-01,DEPT,,44.0,,
IND-324,D07,2023-10-01,DEPT,,50.0,,
IND-324,D07,2023-12-01,DEPT,,51.0,,
IND-324,D07,2024-01-01,DEPT,,53.0,,
IND-324,D07,2024-03-01,DEPT,,63.0,,
IND-324,D07,2024-05-01,DEPT,,63.0,,
IND-324,D07,2024-06-01,DEPT,,66.0,,
IND-324,D07,2024-08-01,DEPT,,69.0,,
IND-324,D07,2024-10-01,DEPT,,69.0,,
IND-324,D07,2025-01-01,DEPT,,80.0,,
IND-324,D07,2025-03-01,DEPT,,84.0,,
IND-324,D07,2025-06-01,DEPT,,87.0,,60.0
IND-324,D08,2022-06-01,DEPT,,21.0,,
IND-324,D08,2022-07-01,DEPT,,21.0,,
IND-324,D08,2022-08-01,DEPT,,28.0,,
IND-324,D08,2022-09-01,DEPT,,28.0,,
IND-324,D08,2022-10-01,DEPT,,28.0,,
IND-324,D08,2022-11-01,DEPT,,28.0,,
IND-324,D08,2022-12-01,DEPT,,30.0,,
IND-324,D08,2023-01-01,DEPT,,30.0,,
IND-324,D08,2023-02-01,DEPT,,33.0,,
IND-324,D08,2023-03-01,DEPT,,36.0,,
IND-324,D08,2023-04-01,DEPT,,39.0,,
IND-324,D08,2023-06-01,DEPT,,39.0,,
IND-324,D08,2023-08-01,DEPT,,40.0,,
IND-324,D08,2023-10-01,DEPT,,42.0,,
IND-324,D08,2023-12-01,DEPT,,42.0,,
IND-324,D08,2024-01-01,DEPT,,42.0,,
IND-324,D08,2024-03-01,DEPT,,44.0,,
IND-324,D08,2024-05-01,DEPT,,45.0,,
IND-324,D08,2024-06-01,DEPT,,45.0,,
IND-324,D08,2024-08-01,DEPT,,46.0,,
IND-324,D08,2024-10-01,DEPT,,46.0,,
IND-324,D08,2025-01-01,DEPT,,49.0,,
IND-324,D08,2025-03-01,DEPT,,51.0,,
IND-324,D08,2025-06-01,DEPT,,53.0,,75.56
IND-324,D09,2022-06-01,DEPT,,29.0,,
IND-324,D09,2022-07-01,DEPT,,29.0,,
IND-324,D09,2022-08-01,DEPT,,30.0,,
IND-324,D09,2022-09-01,DEPT,,30.0,,
IND-324,D09,2022-10-01,DEPT,,31.0,,
IND-324,D09,2022-11-01,DEPT,,31.0,,
IND-324,D09,2022-12-01,DEPT,,36.0,,
IND-324,D09,2023-01-01,DEPT,,40.0,,
IND-324,D09,2023-02-01,DEPT,,40.0,,
IND-324,D09,2023-03-01,DEPT,,42.0,,
IND-324,D09,2023-04-01,DEPT,,44.0,,
IND-324,D09,2023-06-01,DEPT,,44.0,,
IND-324,D09,2023-08-01,DEPT,,46.0,,
IND-324,D09,2023-10-01,DEPT,,49.0,,
IND-324,D09,2023-12-01,DEPT,,52.0,,
IND-324,D09,2024-01-01,DEPT,,52.0,,
IND-324,D09,2024-03-01,DEPT,,55.0,,
IND-324,D09,2024-05-01,DEPT,,60.0,,
IND-324,D09,2024-06-01,DEPT,,61.0,,
IND-324,D09,2024-08-01,DEPT,,61.0,,
IND-324,D09,2024-10-01,DEPT,,61.0,,
IND-324,D09,2025-01-01,DEPT,,67.0,,
IND-324,D09,2025-03-01,DEPT,,68.0,,
IND-324,D09,2025-06-01,DEPT,,70.0,,59.26
IND-324,D10,2022-06-01,DEPT,,38.0,,
IND-324,D10,2022-07-01,DEPT,,39.0,,
IND-324,D10,2022-08-01,DEPT,,41.0,,
IND-324,D10,2022-09-01,DEPT,,41.0,,
IND-324,D10,2022-10-01,DEPT,,40.0,,
IND-324,D10,2022-11-01,DEPT,,40.0,,
IND-324,D10,2022-12-01,DEPT,,41.0,,
IND-324,D10,2023-01-01,DEPT,,44.0,,
IND-324,D10,2023-02-01,DEPT,,45.0,,
IND-324,D10,2023-03-01,DEPT,,47.0,,
IND-324,D10,2023-04-01,DEPT,,48.0,,
IND-324,D10,2023-06-01,DEPT,,48.0,,
IND-324,D10,2023-08-01,DEPT,,50.0,,
IND-324,D10,2023-10-01,DEPT,,51.0,,
IND-324,D10,2023-12-01,DEPT,,51.0,,
IND-324,D10,2024-01-01,DEPT,,53.0,,
IND-324,D10,2024-03-01,DEPT,,53.0,,
IND-324,D10,2024-05-01,DEPT,,53.0,,
IND-324,D10,2024-06-01,DEPT,,54.0,,
IND-324,D10,2024-08-01,DEPT,,54.0,,
IND-324,D10,2024-10-01,DEPT,,56.0,,
IND-324,D10,2025-01-01,DEPT,,58.0,,
IND-324,D10,2025-03-01,DEPT,,59.0,,
IND-324,D10,2025-06-01,DEPT,,63.0,,74.29
IND-324,D11,2022-06-01,DEPT,,19.0,,
IND-324,D11,2022-07-01,DEPT,,19.0,,
IND-324,D11,2022-08-01,DEPT,,26.0,,
IND-324,D11,2022-09-01,DEPT,,26.0,,
IND-324,D11,2022-10-01,DEPT,,27.0,,
IND-324,D11,2022-11-01,DEPT,,27.0,,
IND-324,D11,2022-12-01,DEPT,,32.0,,
IND-324,D11,2023-01-01,DEPT,,33.0,,
IND-324,D11,2023-02-01,DEPT,,34.0,,
IND-324,D11,2023-03-01,DEPT,,34.0,,
IND-324,D11,2023-04-01,DEPT,,34.0,,
IND-324,D11,2023-06-01,DEPT,,34.0,,
IND-324,D11,2023-08-01,DEPT,,35.0,,
IND-324,D11,2023-10-01,DEPT,,37.0,,
IND-324,D11,2023-12-01,DEPT,,38.0,,
IND-324,D11,2024-01-01,DEPT,,40.0,,
IND-324,D11,2024-03-01,DEPT,,42.0,,
IND-324,D11,2024-05-01,DEPT,,42.0,,
IND-324,D11,2024-06-01,DEPT,,45.0,,
IND-324,D11,2024-08-01,DEPT,,48.0,,
IND-324,D11,2024-10-01,DEPT,,47.0,,
IND-324,D11,2025-01-01,DEPT,,50.0,,
IND-324,D11,2025-03-01,DEPT,,51.0,,
IND-324,D11,2025-06-01,DEPT,,54.0,,60.34
IND-324,D12,2022-06-01,DEPT,,42.0,,
IND-324,D12,2022-07-01,DEPT,,42.0,,
IND-324,D12,2022-08-01,DEPT,,44.0,,
IND-324,D12,2022-09-01,DEPT,,44.0,,
IND-324,D12,2022-10-01,DEPT,,46.0,,
IND-324,D12,2022-11-01,DEPT,,47.0,,
IND-324,D12,2022-12-01,DEPT,,54.0,,
IND-324,D12,2023-01-01,DEPT,,54.0,,
IND-324,D12,2023-02-01,DEPT,,54.0,,
IND-324,D12,2023-03-01,DEPT,,56.0,,
IND-324,D12,2023-04-01,DEPT,,59.0,,
IND-324,D12,2023-06-01,DEPT,,60.0,,
IND-324,D12,2023-08-01,DEPT,,62.0,,
IND-324,D12,2023-10-01,DEPT,,66.0,,
IND-324,D12,2023-12-01,DEPT,,68.0,,
IND-324,D12,2024-01-01,DEPT,,70.0,,
IND-324,D12,2024-03-01,DEPT,,75.0,,
IND-324,D12,2024-05-01,DEPT,,78.0,,
IND-324,D12,2024-06-01,DEPT,,79.0,,
IND-324,D12,2024-08-01,DEPT,,80.0,,
IND-324,D12,2024-10-01,DEPT,,82.0,,
IND-324,D12,2025-01-01,DEPT,,84.0,,
IND-324,D12,2025-03-01,DEPT,,86.0,,
IND-324,D12,2025-06-01,DEPT,,88.0,,68.49
IND-324,D13,2022-06-01,DEPT,,6.0,,
IND-324,D13,2022-07-01,DEPT,,6.0,,
IND-324,D13,2022-08-01,DEPT,,6.0,,
IND-324,D13,2022-09-01,DEPT,,6.0,,
IND-324,D13,2022-10-01,DEPT,,7.0,,
IND-324,D13,2022-11-01,DEPT,,7.0,,
IND-324,D13,2022-12-01,DEPT,,9.0,,
IND-324,D13,2023-01-01,DEPT,,9.0,,
IND-324,D13,2023-02-01,DEPT,,9.0,,
IND-324,D13,2023-03-01,DEPT,,10.0,,
IND-324,D13,2023-04-01,DEPT,,11.0,,
IND-324,D13,2023-06-01,DEPT,,11.0,,
IND-324,D13,2023-08-01,DEPT,,12.0,,
IND-324,D13,2023-10-01,DEPT,,13.0,,
IND-324,D13,2023-12-01,DEPT,,14.0,,
IND-324,D13,2024-01-01,DEPT,,14.0,,
IND-324,D13,2024-03-01,DEPT,,15.0,,
IND-324,D13,2024-05-01,DEPT,,16.0,,
IND-324,D13,2024-06-01,DEPT,,17.0,,
IND-324,D13,2024-08-01,DEPT,,17.0,,
IND-324,D13,2024-10-01,DEPT,,18.0,,
IND-324,D13,2025-01-01,DEPT,,18.0,,
IND-324,D13,2025-03-01,DEPT,,18.0,,
IND-324,D13,2025-06-01,DEPT,,18.0,,38.71
IND-324,D14,2022-06-01,DEPT,,21.0,,
IND-324,D14,2022-07-01,DEPT,,21.0,,
IND-324,D14,2022-08-01,DEPT,,23.0,,
IND-324,D14,2022-09-01,DEPT,,23.0,,
IND-324,D14,2022-10-01,DEPT,,23.0,,
IND-324,D14,2022-11-01,DEPT,,23.0,,
IND-324,D14,2022-12-01,DEPT,,25.0,,
IND-324,D14,2023-01-01,DEPT,,27.0,,
IND-324,D14,2023-02-01,DEPT,,27.0,,
IND-324,D14,2023-03-01,DEPT,,27.0,,
IND-324,D14,2023-04-01,DEPT,,29.0,,
IND-324,D14,2023-06-01,DEPT,,29.0,,
IND-324,D14,2023-08-01,DEPT,,30.0,,
IND-324,D14,2023-10-01,DEPT,,35.0,,
IND-324,D14,2023-12-01,DEPT,,35.0,,
IND-324,D14,2024-01-01,DEPT,,35.0,,
IND-324,D14,2024-03-01,DEPT,,36.0,,
IND-324,D14,2024-05-01,DEPT,,37.0,,
IND-324,D14,2024-06-01,DEPT,,38.0,,
IND-324,D14,2024-08-01,DEPT,,40.0,,
IND-324,D14,2024-10-01,DEPT,,41.0,,
IND-324,D14,2025-01-01,DEPT,,47.0,,
IND-324,D14,2025-03-01,DEPT,,47.0,,
IND-324,D14,2025-06-01,DEPT,,47.0,,81.25
IND-324,D15,2022-06-01,DEPT,,27.0,,
IND-324,D15,2022-07-01,DEPT,,30.0,,
IND-324,D15,2022-08-01,DEPT,,33.0,,
IND-324,D15,2022-09-01,DEPT,,33.0,,
IND-324,D15,2022-10-01,DEPT,,35.0,,
IND-324,D15,2022-11-01,DEPT,,38.0,,
IND-324,D15,2022-12-01,DEPT,,44.0,,
IND-324,D15,2023-01-01,DEPT,,48.0,,
IND-324,D15,2023-02-01,DEPT,,48.0,,
IND-324,D15,2023-03-01,DEPT,,48.0,,
IND-324,D15,2023-04-01,DEPT,,49.0,,
IND-324,D15,2023-06-01,DEPT,,47.0,,
IND-324,D15,2023-08-01,DEPT,,51.0,,
IND-324,D15,2023-10-01,DEPT,,52.0,,
IND-324,D15,2023-12-01,DEPT,,53.0,,
IND-324,D15,2024-01-01,DEPT,,54.0,,
IND-324,D15,2024-03-01,DEPT,,58.0,,
IND-324,D15,2024-05-01,DEPT,,60.0,,
IND-324,D15,2024-06-01,DEPT,,60.0,,
IND-324,D15,2024-08-01,DEPT,,61.0,,
IND-324,D15,2024-10-01,DEPT,,61.0,,
IND-324,D15,2025-01-01,DEPT,,69.0,,
IND-324,D15,2025-03-01,DEPT,,71.0,,
IND-324,D15,2025-06-01,DEPT,,74.0,,71.01
IND-324,D16,2022-06-01,DEPT,,36.0,,
IND-324,D16,2022-07-01,DEPT,,36.0,,
IND-324,D16,2022-08-01,DEPT,,36.0,,
IND-324,D16,2022-09-01,DEPT,,36.0,,
IND-324,D16,2022-10-01,DEPT,,37.0,,
IND-324,D16,2022-11-01,DEPT,,38.0,,
IND-324,D16,2022-12-01,DEPT,,40.0,,
IND-324,D16,2023-01-01,DEPT,,40.0,,
IND-324,D16,2023-02-01,DEPT,,41.0,,
IND-324,D16,2023-03-01,DEPT,,43.0,,
IND-324,D16,2023-04-01,DEPT,,46.0,,
IND-324,D16,2023-06-01,DEPT,,46.0,,
IND-324,D16,2023-08-01,DEPT,,46.0,,
IND-324,D16,2023-10-01,DEPT,,48.0,,
IND-324,D16,2023-12-01,DEPT,,48.0,,
IND-324,D16,2024-01-01,DEPT,,48.0,,
IND-324,D16,2024-03-01,DEPT,,48.0,,
IND-324,D16,2024-05-01,DEPT,,48.0,,
IND-324,D16,2024-06-01,DEPT,,49.0,,
IND-324,D16,2024-08-01,DEPT,,49.0,,
IND-324,D16,2024-10-01,DEPT,,49.0,,
IND-324,D16,2025-01-01,DEPT,,51.0,,
IND-324,D16,2025-03-01,DEPT,,53.0,,
IND-324,D16,2025-06-01,DEPT,,55.0,,74.29
IND-324,D17,2022-06-01,DEPT,,35.0,,
IND-324,D17,2022-07-01,DEPT,,35.0,,
IND-324,D17,2022-08-01,DEPT,,37.0,,
IND-324,D17,2022-09-01,DEPT,,37.0,,
IND-324,D17,2022-10-01,DEPT,,38.0,,
IND-324,D17,2022-11-01,DEPT,,39.0,,
IND-324,D17,2022-12-01,DEPT,,40.0,,
IND-324,D17,2023-01-01,DEPT,,41.0,,
IND-324,D17,2023-02-01,DEPT,,41.0,,
IND-324,D17,2023-03-01,DEPT,,41.0,,
IND-324,D17,2023-04-01,DEPT,,43.0,,
IND-324,D17,2023-06-01,DEPT,,44.0,,
IND-324,D17,2023-08-01,DEPT,,47.0,,
IND-324,D17,2023-10-01,DEPT,,52.0,,
IND-324,D17,2023-12-01,DEPT,,55.0,,
IND-324,D17,2024-01-01,DEPT,,57.0,,
IND-324,D17,2024-03-01,DEPT,,57.0,,
IND-324,D17,2024-05-01,DEPT,,58.0,,
IND-324,D17,2024-06-01,DEPT,,58.0,,
IND-324,D17,2024-08-01,DEPT,,59.0,,
IND-324,D17,2024-10-01,DEPT,,59.0,,
IND-324,D17,2025-01-01,DEPT,,60.0,,
IND-324,D17,2025-03-01,DEPT,,61.0,,
IND-324,D17,2025-06-01,DEPT,,62.0,,81.08
IND-324,D18,2022-06-01,DEPT,,14.0,,
IND-324,D18,2022-07-01,DEPT,,14.0,,
IND-324,D18,2022-08-01,DEPT,,16.0,,
IND-324,D18,2022-09-01,DEPT,,16.0,,
IND-324,D18,2022-10-01,DEPT,,17.0,,
IND-324,D18,2022-11-01,DEPT,,19.0,,
IND-324,D18,2022-12-01,DEPT,,22.0,,
IND-324,D18,2023-01-01,DEPT,,23.0,,
IND-324,D18,2023-02-01,DEPT,,23.0,,
IND-324,D18,2023-03-01,DEPT,,23.0,,
IND-324,D18,2023-04-01,DEPT,,23.0,,
IND-324,D18,2023-06-01,DEPT,,23.0,,
IND-324,D18,2023-08-01,DEPT,,28.0,,
IND-324,D18,2023-10-01,DEPT,,29.0,,
IND-324,D18,2023-12-01,DEPT,,29.0,,
IND-324,D18,2024-01-01,DEPT,,29.0,,
IND-324,D18,2024-03-01,DEPT,,29.0,,
IND-324,D18,2024-05-01,DEPT,,30.0,,
IND-324,D18,2024-06-01,DEPT,,31.0,,
IND-324,D18,2024-08-01,DEPT,,32.0,,
IND-324,D18,2024-10-01,DEPT,,32.0,,
IND-324,D18,2025-01-01,DEPT,,39.0,,
IND-324,D18,2025-03-01,DEPT,,39.0,,
IND-324,D18,2025-06-01,DEPT,,41.0,,77.14
IND-324,D19,2022-06-01,DEPT,,12.0,,
IND-324,D19,2022-07-01,DEPT,,13.0,,
IND-324,D19,2022-08-01,DEPT,,13.0,,
IND-324,D19,2022-09-01,DEPT,,13.0,,
IND-324,D19,2022-10-01,DEPT,,13.0,,
IND-324,D19,2022-11-01,DEPT,,13.0,,
IND-324,D19,2022-12-01,DEPT,,15.0,,
IND-324,D19,2023-01-01,DEPT,,18.0,,
IND-324,D19,2023-02-01,DEPT,,18.0,,
IND-324,D19,2023-03-01,DEPT,,18.0,,
IND-324,D19,2023-04-01,DEPT,,19.0,,
IND-324,D19,2023-06-01,DEPT,,19.0,,
IND-324,D19,2023-08-01,DEPT,,19.0,,
IND-324,D19,2023-10-01,DEPT,,20.0,,
IND-324,D19,2023-12-01,DEPT,,20.0,,
IND-324,D19,2024-01-01,DEPT,,20.0,,
IND-324,D19,2024-03-01,DEPT,,20.0,,
IND-324,D19,2024-05-01,DEPT,,20.0,,
IND-324,D19,2024-06-01,DEPT,,21.0,,
IND-324,D19,2024-08-01,DEPT,,23.0,,
IND-324,D19,2024-10-01,DEPT,,26.0,,
IND-324,D19,2025-01-01,DEPT,,29.0,,
IND-324,D19,2025-03-01,DEPT,,29.0,,
IND-324,D19,2025-06-01,DEPT,,30.0,,56.25
IND-324,D21,2022-06-01,DEPT,,16.0,,
IND-324,D21,2022-07-01,DEPT,,17.0,,
IND-324,D21,2022-08-01,DEPT,,20.0,,
IND-324,D21,2022-09-01,DEPT,,20.0,,
IND-324,D21,2022-10-01,DEPT,,22.0,,
IND-324,D21,2022-11-01,DEPT,,23.0,,
IND-324,D21,2022-12-01,DEPT,,24.0,,
IND-324,D21,2023-01-01,DEPT,,25.0,,
IND-324,D21,2023-02-01,DEPT,,26.0,,
IND-324,D21,2023-03-01,DEPT,,27.0,,
IND-324,D21,2023-04-01,DEPT,,28.0,,
IND-324,D21,2023-06-01,DEPT,,29.0,,
IND-324,D21,2023-08-01,DEPT,,34.0,,
IND-324,D21,2023-10-01,DEPT,,34.0,,
IND-324,D21,2023-12-01,DEPT,,36.0,,
IND-324,D21,2024-01-01,DEPT,,37.0,,
IND-324,D21,2024-03-01,DEPT,,37.0,,
IND-324,D21,2024-05-01,DEPT,,38.0,,
IND-324,D21,2024-06-01,DEPT,,38.0,,
IND-324,D21,2024-08-01,DEPT,,39.0,,
IND-324,D21,2024-10-01,DEPT,,39.0,,
IND-324,D21,2025-01-01,DEPT,,43.0,,
IND-324,D21,2025-03-01,DEPT,,45.0,,
IND-324,D21,2025-06-01,DEPT,,46.0,,72.09
IND-324,D22,2022-06-01,DEPT,,27.0,,
IND-324,D22,2022-07-01,DEPT,,27.0,,
IND-324,D22,2022-08-01,DEPT,,28.0,,
IND-324,D22,2022-09-01,DEPT,,28.0,,
IND-324,D22,2022-10-01,DEPT,,29.0,,
IND-324,D22,2022-11-01,DEPT,,29.0,,
IND-324,D22,2022-12-01,DEPT,,30.0,,
IND-324,D22,2023-01-01,DEPT,,30.0,,
IND-324,D22,2023-02-01,DEPT,,30.0,,
IND-324,D22,2023-03-01,DEPT,,31.0,,
IND-324,D22,2023-04-01,DEPT,,33.0,,
IND-324,D22,2023-06-01,DEPT,,33.0,,
IND-324,D22,2023-08-01,DEPT,,36.0,,
IND-324,D22,2023-10-01,DEPT,,39.0,,
IND-324,D22,2023-12-01,DEPT,,41.0,,
IND-324,D22,2024-01-01,DEPT,,41.0,,
IND-324,D22,2024-03-01,DEPT,,43.0,,
IND-324,D22,2024-05-01,DEPT,,43.0,,
IND-324,D22,2024-06-01,DEPT,,46.0,,
IND-324,D22,2024-08-01,DEPT,,46.0,,
IND-324,D22,2024-10-01,DEPT,,47.0,,
IND-324,D22,2025-01-01,DEPT,,50.0,,
IND-324,D22,2025-03-01,DEPT,,51.0,,
IND-324,D22,2025-06-01,DEPT,,51.0,,55.81
IND-324,D23,2022-06-01,DEPT,,31.0,,
IND-324,D23,2022-07-01,DEPT,,31.0,,
IND-324,D23,2022-08-01,DEPT,,32.0,,
IND-324,D23,2022-09-01,DEPT,,32.0,,
IND-324,D23,2022-10-01,DEPT,,33.0,,
IND-324,D23,2022-11-01,DEPT,,33.0,,
IND-324,D23,2022-12-01,DEPT,,36.0,,
IND-324,D23,2023-01-01,DEPT,,38.0,,
IND-324,D23,2023-02-01,DEPT,,39.0,,
IND-324,D23,2023-03-01,DEPT,,39.0,,
IND-324,D23,2023-04-01,DEPT,,41.0,,
IND-324,D23,2023-06-01,DEPT,,41.0,,
IND-324,D23,2023-08-01,DEPT,,42.0,,
IND-324,D23,2023-10-01,DEPT,,44.0,,
IND-324,D23,2023-12-01,DEPT,,45.0,,
IND-324,D23,2024-01-01,DEPT,,46.0,,
IND-324,D23,2024-03-01,DEPT,,47.0,,
IND-324,D23,2024-05-01,DEPT,,47.0,,
IND-324,D23,2024-06-01,DEPT,,49.0,,
IND-324,D23,2024-08-01,DEPT,,50.0,,
IND-324,D23,2024-10-01,DEPT,,51.0,,
IND-324,D23,2025-01-01,DEPT,,53.0,,
IND-324,D23,2025-03-01,DEPT,,53.0,,
IND-324,D23,2025-06-01,DEPT,,54.0,,67.65
IND-324,D24,2022-06-01,DEPT,,34.0,,
IND-324,D24,2022-07-01,DEPT,,35.0,,
IND-324,D24,2022-08-01,DEPT,,37.0,,
IND-324,D24,2022-09-01,DEPT,,37.0,,
IND-324,D24,2022-10-01,DEPT,,38.0,,
IND-324,D24,2022-11-01,DEPT,,39.0,,
IND-324,D24,2022-12-01,DEPT,,43.0,,
IND-324,D24,2023-01-01,DEPT,,47.0,,
IND-324,D24,2023-02-01,DEPT,,46.0,,
IND-324,D24,2023-03-01,DEPT,,49.0,,
IND-324,D24,2023-04-01,DEPT,,51.0,,
IND-324,D24,2023-06-01,DEPT,,51.0,,
IND-324,D24,2023-08-01,DEPT,,53.0,,
IND-324,D24,2023-10-01,DEPT,,56.0,,
IND-324,D24,2023-12-01,DEPT,,59.0,,
IND-324,D24,2024-01-01,DEPT,,62.0,,
IND-324,D24,2024-03-01,DEPT,,68.0,,
IND-324,D24,2024-05-01,DEPT,,70.0,,
IND-324,D24,2024-06-01,DEPT,,70.0,,
IND-324,D24,2024-08-01,DEPT,,71.0,,
IND-324,D24,2024-10-01,DEPT,,72.0,,
IND-324,D24,2025-01-01,DEPT,,81.0,,
IND-324,D24,2025-03-01,DEPT,,82.0,,
IND-324,D24,2025-06-01,DEPT,,91.0,,73.08
IND-324,D25,2022-06-01,DEPT,,35.0,,
IND-324,D25,2022-07-01,DEPT,,35.0,,
IND-324,D25,2022-08-01,DEPT,,39.0,,
IND-324,D25,2022-09-01,DEPT,,39.0,,
IND-324,D25,2022-10-01,DEPT,,43.0,,
IND-324,D25,2022-11-01,DEPT,,44.0,,
IND-324,D25,2022-12-01,DEPT,,48.0,,
IND-324,D25,2023-01-01,DEPT,,50.0,,
IND-324,D25,2023-02-01,DEPT,,50.0,,
IND-324,D25,2023-03-01,DEPT,,50.0,,
IND-324,D25,2023-04-01,DEPT,,52.0,,
IND-324,D25,2023-06-01,DEPT,,52.0,,
IND-324,D25,2023-08-01,DEPT,,54.0,,
IND-324,D25,2023-10-01,DEPT,,57.0,,
IND-324,D25,2023-12-01,DEPT,,59.0,,
IND-324,D25,2024-01-01,DEPT,,59.0,,
IND-324,D25,2024-03-01,DEPT,,61.0,,
IND-324,D25,2024-05-01,DEPT,,61.0,,
IND-324,D25,2024-06-01,DEPT,,63.0,,
IND-324,D25,2024-08-01,DEPT,,63.0,,
IND-324,D25,2024-10-01,DEPT,,65.0,,
IND-324,D25,2025-01-01,DEPT,,70.0,,
IND-324,D25,2025-03-01,DEPT,,74.0,,
IND-324,D25,2025-06-01,DEPT,,81.0,,72.73
IND-324,D26,2022-06-01,DEPT,,19.0,,
IND-324,D26,2022-07-01,DEPT,,19.0,,
IND-324,D26,2022-08-01,DEPT,,21.0,,
IND-324,D26,2022-09-01,DEPT,,21.0,,
IND-324,D26,2022-10-01,DEPT,,24.0,,
IND-324,D26,2022-11-01,DEPT,,24.0,,
IND-324,D26,2022-12-01,DEPT,,31.0,,
IND-324,D26,2023-01-01,DEPT,,33.0,,
IND-324,D26,2023-02-01,DEPT,,34.0,,
IND-324,D26,2023-03-01,DEPT,,34.0,,
IND-324,D26,2023-04-01,DEPT,,34.0,,
IND-324,D26,2023-06-01,DEPT,,33.0,,
IND-324,D26,2023-08-01,DEPT,,35.0,,
IND-324,D26,2023-10-01,DEPT,,37.0,,
IND-324,D26,2023-12-01,DEPT,,38.0,,
IND-324,D26,2024-01-01,DEPT,,38.0,,
IND-324,D26,2024-03-01,DEPT,,41.0,,
IND-324,D26,2024-05-01,DEPT,,42.0,,
IND-324,D26,2024-06-01,DEPT,,42.0,,
IND-324,D26,2024-08-01,DEPT,,46.0,,
IND-324,D26,2024-10-01,DEPT,,47.0,,
IND-324,D26,2025-01-01,DEPT,,53.0,,
IND-324,D26,2025-03-01,DEPT,,53.0,,
IND-324,D26,2025-06-01,DEPT,,54.0,,52.17
IND-324,D27,2022-06-01,DEPT,,23.0,,
IND-324,D27,2022-07-01,DEPT,,23.0,,
IND-324,D27,2022-08-01,DEPT,,26.0,,
IND-324,D27,2022-09-01,DEPT,,26.0,,
IND-324,D27,2022-10-01,DEPT,,27.0,,
IND-324,D27,2022-11-01,DEPT,,27.0,,
IND-324,D27,2022-12-01,DEPT,,34.0,,
IND-324,D27,2023-01-01,DEPT,,36.0,,
IND-324,D27,2023-02-01,DEPT,,36.0,,
IND-324,D27,2023-03-01,DEPT,,38.0,,
IND-324,D27,2023-04-01,DEPT,,40.0,,
IND-324,D27,2023-06-01,DEPT,,40.0,,
IND-324,D27,2023-08-01,DEPT,,41.0,,
IND-324,D27,2023-10-01,DEPT,,42.0,,
IND-324,D27,2023-12-01,DEPT,,43.0,,
IND-324,D27,2024-01-01,DEPT,,43.0,,
IND-324,D27,2024-03-01,DEPT,,46.0,,
IND-324,D27,2024-05-01,DEPT,,47.0,,
IND-324,D27,2024-06-01,DEPT,,48.0,,
IND-324,D27,2024-08-01,DEPT,,48.0,,
IND-324,D27,2024-10-01,DEPT,,48.0,,
IND-324,D27,2025-01-01,DEPT,,50.0,,
IND-324,D27,2025-03-01,DEPT,,51.0,,
IND-324,D27,2025-06-01,DEPT,,51.0,,71.79
IND-324,D28,2022-06-01,DEPT,,17.0,,
IND-324,D28,2022-07-01,DEPT,,17.0,,
IND-324,D28,2022-08-01,DEPT,,18.0,,
IND-324,D28,2022-09-01,DEPT,,18.0,,
IND-324,D28,2022-10-01,DEPT,,18.0,,
IND-324,D28,2022-11-01,DEPT,,20.0,,
IND-324,D28,2022-12-01,DEPT,,20.0,,
IND-324,D28,2023-01-01,DEPT,,20.0,,
IND-324,D28,2023-02-01,DEPT,,21.0,,
IND-324,D28,2023-03-01,DEPT,,21.0,,
IND-324,D28,2023-04-01,DEPT,,22.0,,
IND-324,D28,2023-06-01,DEPT,,23.0,,
IND-324,D28,2023-08-01,DEPT,,25.0,,
IND-324,D28,2023-10-01,DEPT,,25.0,,
IND-324,D28,2023-12-01,DEPT,,25.0,,
IND-324,D28,2024-01-01,DEPT,,25.0,,
IND-324,D28,2024-03-01,DEPT,,26.0,,
IND-324,D28,2024-05-01,DEPT,,27.0,,
IND-324,D28,2024-06-01,DEPT,,29.0,,
IND-324,D28,2024-08-01,DEPT,,29.0,,
IND-324,D28,2024-10-01,DEPT,,30.0,,
IND-324,D28,2025-01-01,DEPT,,31.0,,
IND-324,D28,2025-03-01,DEPT,,31.0,,
IND-324,D28,2025-06-01,DEPT,,31.0,,69.57
IND-324,D29,2022-06-01,DEPT,,27.0,,
IND-324,D29,2022-07-01,DEPT,,27.0,,
IND-324,D29,2022-08-01,DEPT,,29.0,,
IND-324,D29,2022-09-01,DEPT,,29.0,,
IND-324,D29,2022-10-01,DEPT,,29.0,,
IND-324,D29,2022-11-01,DEPT,,29.0,,
IND-324,D29,2022-12-01,DEPT,,33.0,,
IND-324,D29,2023-01-01,DEPT,,33.0,,
IND-324,D29,2023-02-01,DEPT,,33.0,,
IND-324,D29,2023-03-01,DEPT,,34.0,,
IND-324,D29,2023-04-01,DEPT,,35.0,,
IND-324,D29,2023-06-01,DEPT,,36.0,,
IND-324,D29,2023-08-01,DEPT,,36.0,,
IND-324,D29,2023-10-01,DEPT,,37.0,,
IND-324,D29,2023-12-01,DEPT,,42.0,,
IND-324,D29,2024-01-01,DEPT,,43.0,,
IND-324,D29,2024-03-01,DEPT,,44.0,,
IND-324,D29,2024-05-01,DEPT,,45.0,,
IND-324,D29,2024-06-01,DEPT,,46.0,,
IND-324,D29,2024-08-01,DEPT,,49.0,,
IND-324,D29,2024-10-01,DEPT,,49.0,,
IND-324,D29,2025-01-01,DEPT,,52.0,,
IND-324,D29,2025-03-01,DEPT,,52.0,,
IND-324,D29,2025-06-01,DEPT,,52.0,,42.19
IND-324,D2A,2022-06-01,DEPT,,6.0,,
IND-324,D2A,2022-07-01,DEPT,,6.0,,
IND-324,D2A,2022-08-01,DEPT,,6.0,,
IND-324,D2A,2022-09-01,DEPT,,6.0,,
IND-324,D2A,2022-10-01,DEPT,,7.0,,
IND-324,D2A,2022-11-01,DEPT,,7.0,,
IND-324,D2A,2022-12-01,DEPT,,8.0,,
IND-324,D2A,2023-01-01,DEPT,,10.0,,
IND-324,D2A,2023-02-01,DEPT,,11.0,,
IND-324,D2A,2023-03-01,DEPT,,12.0,,
IND-324,D2A,2023-04-01,DEPT,,16.0,,
IND-324,D2A,2023-06-01,DEPT,,16.0,,
IND-324,D2A,2023-08-01,DEPT,,18.0,,
IND-324,D2A,2023-10-01,DEPT,,18.0,,
IND-324,D2A,2023-12-01,DEPT,,20.0,,
IND-324,D2A,2024-01-01,DEPT,,21.0,,
IND-324,D2A,2024-03-01,DEPT,,24.0,,
IND-324,D2A,2024-05-01,DEPT,,24.0,,
IND-324,D2A,2024-06-01,DEPT,,24.0,,
IND-324,D2A,2024-08-01,DEPT,,23.0,,
IND-324,D2A,2024-10-01,DEPT,,25.0,,
IND-324,D2A,2025-01-01,DEPT,,29.0,,
IND-324,D2A,2025-03-01,DEPT,,32.0,,
IND-324,D2A,2025-06-01,DEPT,,34.0,,45.76
IND-324,D2B,2022-06-01,DEPT,,25.0,,
IND-324,D2B,2022-07-01,DEPT,,25.0,,
IND-324,D2B,2022-08-01,DEPT,,30.0,,
IND-324,D2B,2022-09-01,DEPT,,30.0,,
IND-324,D2B,2022-10-01,DEPT,,30.0,,
IND-324,D2B,2022-11-01,DEPT,,30.0,,
IND-324,D2B,2022-12-01,DEPT,,31.0,,
IND-324,D2B,2023-01-01,DEPT,,32.0,,
IND-324,D2B,2023-02-01,DEPT,,33.0,,
IND-324,D2B,2023-03-01,DEPT,,33.0,,
IND-324,D2B,2023-04-01,DEPT,,35.0,,
IND-324,D2B,2023-06-01,DEPT,,35.0,,
IND-324,D2B,2023-08-01,DEPT,,36.0,,
IND-324,D2B,2023-10-01,DEPT,,38.0,,
IND-324,D2B,2023-12-01,DEPT,,41.0,,
IND-324,D2B,2024-01-01,DEPT,,41.0,,
IND-324,D2B,2024-03-01,DEPT,,41.0,,
IND-324,D2B,2024-05-01,DEPT,,41.0,,
IND-324,D2B,2024-06-01,DEPT,,41.0,,
IND-324,D2B,2024-08-01,DEPT,,42.0,,
IND-324,D2B,2024-10-01,DEPT,,44.0,,
IND-324,D2B,2025-01-01,DEPT,,50.0,,
IND-324,D2B,2025-03-01,DEPT,,52.0,,
IND-324,D2B,2025-06-01,DEPT,,54.0,,61.22
IND-324,D30,2022-06-01,DEPT,,19.0,,
IND-324,D30,2022-07-01,DEPT,,19.0,,
IND-324,D30,2022-08-01,DEPT,,20.0,,
IND-324,D30,2022-09-01,DEPT,,20.0,,
IND-324,D30,2022-10-01,DEPT,,20.0,,
IND-324,D30,2022-11-01,DEPT,,20.0,,
IND-324,D30,2022-12-01,DEPT,,28.0,,
IND-324,D30,2023-01-01,DEPT,,28.0,,
IND-324,D30,2023-02-01,DEPT,,28.0,,
IND-324,D30,2023-03-01,DEPT,,28.0,,
IND-324,D30,2023-04-01,DEPT,,30.0,,
IND-324,D30,2023-06-01,DEPT,,31.0,,
IND-324,D30,2023-08-01,DEPT,,31.0,,
IND-324,D30,2023-10-01,DEPT,,31.0,,
IND-324,D30,2023-12-01,DEPT,,32.0,,
IND-324,D30,2024-01-01,DEPT,,32.0,,
IND-324,D30,2024-03-01,DEPT,,33.0,,
IND-324,D30,2024-05-01,DEPT,,34.0,,
IND-324,D30,2024-06-01,DEPT,,34.0,,
IND-324,D30,2024-08-01,DEPT,,35.0,,
IND-324,D30,2024-10-01,DEPT,,38.0,,
IND-324,D30,2025-01-01,DEPT,,44.0,,
IND-324,D30,2025-03-01,DEPT,,44.0,,
IND-324,D30,2025-06-01,DEPT,,45.0,,53.06
IND-324,D31,2022-06-01,DEPT,,13.0,,
IND-324,D31,2022-07-01,DEPT,,13.0,,
IND-324,D31,2022-08-01,DEPT,,15.0,,
IND-324,D31,2022-09-01,DEPT,,15.0,,
IND-324,D31,2022-10-01,DEPT,,15.0,,
IND-324,D31,2022-11-01,DEPT,,16.0,,
IND-324,D31,2022-12-01,DEPT,,18.0,,
IND-324,D31,2023-01-01,DEPT,,18.0,,
IND-324,D31,2023-02-01,DEPT,,18.0,,
IND-324,D31,2023-03-01,DEPT,,19.0,,
IND-324,D31,2023-04-01,DEPT,,21.0,,
IND-324,D31,2023-06-01,DEPT,,21.0,,
IND-324,D31,2023-08-01,DEPT,,22.0,,
IND-324,D31,2023-10-01,DEPT,,22.0,,
IND-324,D31,2023-12-01,DEPT,,23.0,,
IND-324,D31,2024-01-01,DEPT,,23.0,,
IND-324,D31,2024-03-01,DEPT,,26.0,,
IND-324,D31,2024-05-01,DEPT,,27.0,,
IND-324,D31,2024-06-01,DEPT,,27.0,,
IND-324,D31,2024-08-01,DEPT,,29.0,,
IND-324,D31,2024-10-01,DEPT,,30.0,,
IND-324,D31,2025-01-01,DEPT,,32.0,,
IND-324,D31,2025-03-01,DEPT,,32.0,,
IND-324,D31,2025-06-01,DEPT,,32.0,,51.28
IND-324,D32,2022-06-01,DEPT,,15.0,,
IND-324,D32,2022-07-01,DEPT,,15.0,,
IND-324,D32,2022-08-01,DEPT,,17.0,,
IND-324,D32,2022-09-01,DEPT,,17.0,,
IND-324,D32,2022-10-01,DEPT,,18.0,,
IND-324,D32,2022-11-01,DEPT,,18.0,,
IND-324,D32,2022-12-01,DEPT,,26.0,,
IND-324,D32,2023-01-01,DEPT,,26.0,,
IND-324,D32,2023-02-01,DEPT,,26.0,,
IND-324,D32,2023-03-01,DEPT,,27.0,,
IND-324,D32,2023-04-01,DEPT,,30.0,,
IND-324,D32,2023-06-01,DEPT,,30.0,,
IND-324,D32,2023-08-01,DEPT,,30.0,,
IND-324,D32,2023-10-01,DEPT,,32.0,,
IND-324,D32,2023-12-01,DEPT,,33.0,,
IND-324,D32,2024-01-01,DEPT,,33.0,,
IND-324,D32,2024-03-01,DEPT,,37.0,,
IND-324,D32,2024-05-01,DEPT,,37.0,,
IND-324,D32,2024-06-01,DEPT,,38.0,,
IND-324,D32,2024-08-01,DEPT,,40.0,,
IND-324,D32,2024-10-01,DEPT,,41.0,,
IND-324,D32,2025-01-01,DEPT,,43.0,,
IND-324,D32,2025-03-01,DEPT,,44.0,,
IND-324,D32,2025-06-01,DEPT,,45.0,,82.93
IND-324,D33,2022-06-01,DEPT,,21.0,,
IND-324,D33,2022-07-01,DEPT,,21.0,,
IND-324,D33,2022-08-01,DEPT,,24.0,,
IND-324,D33,2022-09-01,DEPT,,24.0,,
IND-324,D33,2022-10-01,DEPT,,25.0,,
IND-324,D33,2022-11-01,DEPT,,25.0,,
IND-324,D33,2022-12-01,DEPT,,27.0,,
IND-324,D33,2023-01-01,DEPT,,29.0,,
IND-324,D33,2023-02-01,DEPT,,28.0,,
IND-324,D33,2023-03-01,DEPT,,28.0,,
IND-324,D33,2023-04-01,DEPT,,31.0,,
IND-324,D33,2023-06-01,DEPT,,31.0,,
IND-324,D33,2023-08-01,DEPT,,31.0,,
IND-324,D33,2023-10-01,DEPT,,33.0,,
IND-324,D33,2023-12-01,DEPT,,36.0,,
IND-324,D33,2024-01-01,DEPT,,36.0,,
IND-324,D33,2024-03-01,DEPT,,38.0,,
IND-324,D33,2024-05-01,DEPT,,38.0,,
IND-324,D33,2024-06-01,DEPT,,38.0,,
IND-324,D33,2024-08-01,DEPT,,40.0,,
IND-324,D33,2024-10-01,DEPT,,40.0,,
IND-324,D33,2025-01-01,DEPT,,43.0,,
IND-324,D33,2025-03-01,DEPT,,44.0,,
IND-324,D33,2025-06-01,DEPT,,49.0,,69.57
IND-324,D34,2022-06-01,DEPT,,24.0,,
IND-324,D34,2022-07-01,DEPT,,24.0,,
IND-324,D34,2022-08-01,DEPT,,28.0,,
IND-324,D34,2022-09-01,DEPT,,28.0,,
IND-324,D34,2022-10-01,DEPT,,28.0,,
IND-324,D34,2022-11-01,DEPT,,29.0,,
IND-324,D34,2022-12-01,DEPT,,33.0,,
IND-324,D34,2023-01-01,DEPT,,34.0,,
IND-324,D34,2023-02-01,DEPT,,34.0,,
IND-324,D34,2023-03-01,DEPT,,34.0,,
IND-324,D34,2023-04-01,DEPT,,34.0,,
IND-324,D34,2023-06-01,DEPT,,33.0,,
IND-324,D34,2023-08-01,DEPT,,36.0,,
IND-324,D34,2023-10-01,DEPT,,36.0,,
IND-324,D34,2023-12-01,DEPT,,38.0,,
IND-324,D34,2024-01-01,DEPT,,39.0,,
IND-324,D34,2024-03-01,DEPT,,41.0,,
IND-324,D34,2024-05-01,DEPT,,42.0,,
IND-324,D34,2024-06-01,DEPT,,43.0,,
IND-324,D34,2024-08-01,DEPT,,43.0,,
IND-324,D34,2024-10-01,DEPT,,44.0,,
IND-324,D34,2025-01-01,DEPT,,50.0,,
IND-324,D34,2025-03-01,DEPT,,50.0,,
IND-324,D34,2025-06-01,DEPT,,53.0,,61.22
IND-324,D35,2022-06-01,DEPT,,16.0,,
IND-324,D35,2022-07-01,DEPT,,16.0,,
IND-324,D35,2022-08-01,DEPT,,20.0,,
IND-324,D35,2022-09-01,DEPT,,20.0,,
IND-324,D35,2022-10-01,DEPT,,20.0,,
IND-324,D35,2022-11-01,DEPT,,21.0,,
IND-324,D35,2022-12-01,DEPT,,23.0,,
IND-324,D35,2023-01-01,DEPT,,23.0,,
IND-324,D35,2023-02-01,DEPT,,23.0,,
IND-324,D35,2023-03-01,DEPT,,23.0,,
IND-324,D35,2023-04-01,DEPT,,25.0,,
IND-324,D35,2023-06-01,DEPT,,25.0,,
IND-324,D35,2023-08-01,DEPT,,26.0,,
IND-324,D35,2023-10-01,DEPT,,30.0,,
IND-324,D35,2023-12-01,DEPT,,30.0,,
IND-324,D35,2024-01-01,DEPT,,31.0,,
IND-324,D35,2024-03-01,DEPT,,31.0,,
IND-324,D35,2024-05-01,DEPT,,31.0,,
IND-324,D35,2024-06-01,DEPT,,31.0,,
IND-324,D35,2024-08-01,DEPT,,31.0,,
IND-324,D35,2024-10-01,DEPT,,32.0,,
IND-324,D35,2025-01-01,DEPT,,34.0,,
IND-324,D35,2025-03-01,DEPT,,35.0,,
IND-324,D35,2025-06-01,DEPT,,37.0,,70.0
IND-324,D36,2022-06-01,DEPT,,18.0,,
IND-324,D36,2022-07-01,DEPT,,18.0,,
IND-324,D36,2022-08-01,DEPT,,20.0,,
IND-324,D36,2022-09-01,DEPT,,20.0,,
IND-324,D36,2022-10-01,DEPT,,20.0,,
IND-324,D36,2022-11-01,DEPT,,21.0,,
IND-324,D36,2022-12-01,DEPT,,23.0,,
IND-324,D36,2023-01-01,DEPT,,25.0,,
IND-324,D36,2023-02-01,DEPT,,25.0,,
IND-324,D36,2023-03-01,DEPT,,25.0,,
IND-324,D36,2023-04-01,DEPT,,25.0,,
IND-324,D36,2023-06-01,DEPT,,25.0,,
IND-324,D36,2023-08-01,DEPT,,26.0,,
IND-324,D36,2023-10-01,DEPT,,27.0,,
IND-324,D36,2023-12-01,DEPT,,27.0,,
IND-324,D36,2024-01-01,DEPT,,29.0,,
IND-324,D36,2024-03-01,DEPT,,30.0,,
IND-324,D36,2024-05-01,DEPT,,31.0,,
IND-324,D36,2024-06-01,DEPT,,31.0,,
IND-324,D36,2024-08-01,DEPT,,34.0,,
IND-324,D36,2024-10-01,DEPT,,34.0,,
IND-324,D36,2025-01-01,DEPT,,37.0,,
IND-324,D36,2025-03-01,DEPT,,37.0,,
IND-324,D36,2025-06-01,DEPT,,38.0,,80.0
IND-324,D37,2022-06-01,DEPT,,21.0,,
IND-324,D37,2022-07-01,DEPT,,21.0,,
IND-324,D37,2022-08-01,DEPT,,23.0,,
IND-324,D37,2022-09-01,DEPT,,23.0,,
IND-324,D37,2022-10-01,DEPT,,23.0,,
IND-324,D37,2022-11-01,DEPT,,24.0,,
IND-324,D37,2022-12-01,DEPT,,26.0,,
IND-324,D37,2023-01-01,DEPT,,27.0,,
IND-324,D37,2023-02-01,DEPT,,27.0,,
IND-324,D37,2023-03-01,DEPT,,27.0,,
IND-324,D37,2023-04-01,DEPT,,28.0,,
IND-324,D37,2023-06-01,DEPT,,28.0,,
IND-324,D37,2023-08-01,DEPT,,30.0,,
IND-324,D37,2023-10-01,DEPT,,30.0,,
IND-324,D37,2023-12-01,DEPT,,30.0,,
IND-324,D37,2024-01-01,DEPT,,30.0,,
IND-324,D37,2024-03-01,DEPT,,30.0,,
IND-324,D37,2024-05-01,DEPT,,30.0,,
IND-324,D37,2024-06-01,DEPT,,30.0,,
IND-324,D37,2024-08-01,DEPT,,31.0,,
IND-324,D37,2024-10-01,DEPT,,31.0,,
IND-324,D37,2025-01-01,DEPT,,37.0,,
IND-324,D37,2025-03-01,DEPT,,37.0,,
IND-324,D37,2025-06-01,DEPT,,38.0,,62.96
IND-324,D38,2022-06-01,DEPT,,16.0,,
IND-324,D38,2022-07-01,DEPT,,16.0,,
IND-324,D38,2022-08-01,DEPT,,18.0,,
IND-324,D38,2022-09-01,DEPT,,18.0,,
IND-324,D38,2022-10-01,DEPT,,22.0,,
IND-324,D38,2022-11-01,DEPT,,23.0,,
IND-324,D38,2022-12-01,DEPT,,26.0,,
IND-324,D38,2023-01-01,DEPT,,26.0,,
IND-324,D38,2023-02-01,DEPT,,26.0,,
IND-324,D38,2023-03-01,DEPT,,27.0,,
IND-324,D38,2023-04-01,DEPT,,27.0,,
IND-324,D38,2023-06-01,DEPT,,26.0,,
IND-324,D38,2023-08-01,DEPT,,28.0,,
IND-324,D38,2023-10-01,DEPT,,30.0,,
IND-324,D38,2023-12-01,DEPT,,34.0,,
IND-324,D38,2024-01-01,DEPT,,33.0,,
IND-324,D38,2024-03-01,DEPT,,40.0,,
IND-324,D38,2024-05-01,DEPT,,42.0,,
IND-324,D38,2024-06-01,DEPT,,42.0,,
IND-324,D38,2024-08-01,DEPT,,42.0,,
IND-324,D38,2024-10-01,DEPT,,44.0,,
IND-324,D38,2025-01-01,DEPT,,49.0,,
IND-324,D38,2025-03-01,DEPT,,50.0,,
IND-324,D38,2025-06-01,DEPT,,50.0,,58.73
IND-324,D39,2022-06-01,DEPT,,20.0,,
IND-324,D39,2022-07-01,DEPT,,20.0,,
IND-324,D39,2022-08-01,DEPT,,20.0,,
IND-324,D39,2022-09-01,DEPT,,20.0,,
IND-324,D39,2022-10-01,DEPT,,22.0,,
IND-324,D39,2022-11-01,DEPT,,22.0,,
IND-324,D39,2022-12-01,DEPT,,26.0,,
IND-324,D39,2023-01-01,DEPT,,26.0,,
IND-324,D39,2023-02-01,DEPT,,27.0,,
IND-324,D39,2023-03-01,DEPT,,28.0,,
IND-324,D39,2023-04-01,DEPT,,30.0,,
IND-324,D39,2023-06-01,DEPT,,30.0,,
IND-324,D39,2023-08-01,DEPT,,30.0,,
IND-324,D39,2023-10-01,DEPT,,31.0,,
IND-324,D39,2023-12-01,DEPT,,32.0,,
IND-324,D39,2024-01-01,DEPT,,33.0,,
IND-324,D39,2024-03-01,DEPT,,35.0,,
IND-324,D39,2024-05-01,DEPT,,36.0,,
IND-324,D39,2024-06-01,DEPT,,40.0,,
IND-324,D39,2024-08-01,DEPT,,42.0,,
IND-324,D39,2024-10-01,DEPT,,42.0,,
IND-324,D39,2025-01-01,DEPT,,44.0,,
IND-324,D39,2025-03-01,DEPT,,46.0,,
IND-324,D39,2025-06-01,DEPT,,51.0,,64.15
IND-324,D40,2022-06-01,DEPT,,12.0,,
IND-324,D40,2022-07-01,DEPT,,12.0,,
IND-324,D40,2022-08-01,DEPT,,16.0,,
IND-324,D40,2022-09-01,DEPT,,16.0,,
IND-324,D40,2022-10-01,DEPT,,16.0,,
IND-324,D40,2022-11-01,DEPT,,17.0,,
IND-324,D40,2022-12-01,DEPT,,19.0,,
IND-324,D40,2023-01-01,DEPT,,20.0,,
IND-324,D40,2023-02-01,DEPT,,20.0,,
IND-324,D40,2023-03-01,DEPT,,20.0,,
IND-324,D40,2023-04-01,DEPT,,21.0,,
IND-324,D40,2023-06-01,DEPT,,21.0,,
IND-324,D40,2023-08-01,DEPT,,25.0,,
IND-324,D40,2023-10-01,DEPT,,37.0,,
IND-324,D40,2023-12-01,DEPT,,37.0,,
IND-324,D40,2024-01-01,DEPT,,37.0,,
IND-324,D40,2024-03-01,DEPT,,38.0,,
IND-324,D40,2024-05-01,DEPT,,39.0,,
IND-324,D40,2024-06-01,DEPT,,41.0,,
IND-324,D40,2024-08-01,DEPT,,42.0,,
IND-324,D40,2024-10-01,DEPT,,46.0,,
IND-324,D40,2025-01-01,DEPT,,47.0,,
IND-324,D40,2025-03-01,DEPT,,50.0,,
IND-324,D40,2025-06-01,DEPT,,50.0,,65.0
IND-324,D41,2022-06-01,DEPT,,15.0,,
IND-324,D41,2022-07-01,DEPT,,15.0,,
IND-324,D41,2022-08-01,DEPT,,15.0,,
IND-324,D41,2022-09-01,DEPT,,15.0,,
IND-324,D41,2022-10-01,DEPT,,15.0,,
IND-324,D41,2022-11-01,DEPT,,18.0,,
IND-324,D41,2022-12-01,DEPT,,19.0,,
IND-324,D41,2023-01-01,DEPT,,19.0,,
IND-324,D41,2023-02-01,DEPT,,20.0,,
IND-324,D41,2023-03-01,DEPT,,20.0,,
IND-324,D41,2023-04-01,DEPT,,20.0,,
IND-324,D41,2023-06-01,DEPT,,20.0,,
IND-324,D41,2023-08-01,DEPT,,21.0,,
IND-324,D41,2023-10-01,DEPT,,23.0,,
IND-324,D41,2023-12-01,DEPT,,23.0,,
IND-324,D41,2024-01-01,DEPT,,25.0,,
IND-324,D41,2024-03-01,DEPT,,26.0,,
IND-324,D41,2024-05-01,DEPT,,27.0,,
IND-324,D41,2024-06-01,DEPT,,28.0,,
IND-324,D41,2024-08-01,DEPT,,28.0,,
IND-324,D41,2024-10-01,DEPT,,28.0,,
IND-324,D41,2025-01-01,DEPT,,29.0,,
IND-324,D41,2025-03-01,DEPT,,30.0,,
IND-324,D41,2025-06-01,DEPT,,30.0,,83.33
IND-324,D42,2022-06-01,DEPT,,13.0,,
IND-324,D42,2022-07-01,DEPT,,13.0,,
IND-324,D42,2022-08-01,DEPT,,18.0,,
IND-324,D42,2022-09-01,DEPT,,18.0,,
IND-324,D42,2022-10-01,DEPT,,20.0,,
IND-324,D42,2022-11-01,DEPT,,22.0,,
IND-324,D42,2022-12-01,DEPT,,28.0,,
IND-324,D42,2023-01-01,DEPT,,29.0,,
IND-324,D42,2023-02-01,DEPT,,30.0,,
IND-324,D42,2023-03-01,DEPT,,31.0,,
IND-324,D42,2023-04-01,DEPT,,34.0,,
IND-324,D42,2023-06-01,DEPT,,34.0,,
IND-324,D42,2023-08-01,DEPT,,36.0,,
IND-324,D42,2023-10-01,DEPT,,38.0,,
IND-324,D42,2023-12-01,DEPT,,38.0,,
IND-324,D42,2024-01-01,DEPT,,38.0,,
IND-324,D42,2024-03-01,DEPT,,39.0,,
IND-324,D42,2024-05-01,DEPT,,39.0,,
IND-324,D42,2024-06-01,DEPT,,41.0,,
IND-324,D42,2024-08-01,DEPT,,42.0,,
IND-324,D42,2024-10-01,DEPT,,43.0,,
IND-324,D42,2025-01-01,DEPT,,45.0,,
IND-324,D42,2025-03-01,DEPT,,47.0,,
IND-324,D42,2025-06-01,DEPT,,47.0,,62.96
IND-324,D43,2022-06-01,DEPT,,25.0,,
IND-324,D43,2022-07-01,DEPT,,26.0,,
IND-324,D43,2022-08-01,DEPT,,31.0,,
IND-324,D43,2022-09-01,DEPT,,31.0,,
IND-324,D43,2022-10-01,DEPT,,35.0,,
IND-324,D43,2022-11-01,DEPT,,38.0,,
IND-324,D43,2022-12-01,DEPT,,44.0,,
IND-324,D43,2023-01-01,DEPT,,45.0,,
IND-324,D43,2023-02-01,DEPT,,45.0,,
IND-324,D43,2023-03-01,DEPT,,45.0,,
IND-324,D43,2023-04-01,DEPT,,49.0,,
IND-324,D43,2023-06-01,DEPT,,49.0,,
IND-324,D43,2023-08-01,DEPT,,51.0,,
IND-324,D43,2023-10-01,DEPT,,54.0,,
IND-324,D43,2023-12-01,DEPT,,60.0,,
IND-324,D43,2024-01-01,DEPT,,62.0,,
IND-324,D43,2024-03-01,DEPT,,63.0,,
IND-324,D43,2024-05-01,DEPT,,64.0,,
IND-324,D43,2024-06-01,DEPT,,65.0,,
IND-324,D43,2024-08-01,DEPT,,68.0,,
IND-324,D43,2024-10-01,DEPT,,68.0,,
IND-324,D43,2025-01-01,DEPT,,71.0,,
IND-324,D43,2025-03-01,DEPT,,72.0,,
IND-324,D43,2025-06-01,DEPT,,77.0,,74.65
IND-324,D44,2022-06-01,DEPT,,16.0,,
IND-324,D44,2022-07-01,DEPT,,16.0,,
IND-324,D44,2022-08-01,DEPT,,18.0,,
IND-324,D44,2022-09-01,DEPT,,18.0,,
IND-324,D44,2022-10-01,DEPT,,18.0,,
IND-324,D44,2022-11-01,DEPT,,19.0,,
IND-324,D44,2022-12-01,DEPT,,19.0,,
IND-324,D44,2023-01-01,DEPT,,19.0,,
IND-324,D44,2023-02-01,DEPT,,19.0,,
IND-324,D44,2023-03-01,DEPT,,20.0,,
IND-324,D44,2023-04-01,DEPT,,20.0,,
IND-324,D44,2023-06-01,DEPT,,20.0,,
IND-324,D44,2023-08-01,DEPT,,20.0,,
IND-324,D44,2023-10-01,DEPT,,23.0,,
IND-324,D44,2023-12-01,DEPT,,24.0,,
IND-324,D44,2024-01-01,DEPT,,24.0,,
IND-324,D44,2024-03-01,DEPT,,24.0,,
IND-324,D44,2024-05-01,DEPT,,25.0,,
IND-324,D44,2024-06-01,DEPT,,25.0,,
IND-324,D44,2024-08-01,DEPT,,25.0,,
IND-324,D44,2024-10-01,DEPT,,26.0,,
IND-324,D44,2025-01-01,DEPT,,31.0,,
IND-324,D44,2025-03-01,DEPT,,31.0,,
IND-324,D44,2025-06-01,DEPT,,32.0,,65.38
IND-324,D45,2022-06-01,DEPT,,13.0,,
IND-324,D45,2022-07-01,DEPT,,13.0,,
IND-324,D45,2022-08-01,DEPT,,15.0,,
IND-324,D45,2022-09-01,DEPT,,15.0,,
IND-324,D45,2022-10-01,DEPT,,16.0,,
IND-324,D45,2022-11-01,DEPT,,20.0,,
IND-324,D45,2022-12-01,DEPT,,23.0,,
IND-324,D45,2023-01-01,DEPT,,23.0,,
IND-324,D45,2023-02-01,DEPT,,24.0,,
IND-324,D45,2023-03-01,DEPT,,26.0,,
IND-324,D45,2023-04-01,DEPT,,28.0,,
IND-324,D45,2023-06-01,DEPT,,28.0,,
IND-324,D45,2023-08-01,DEPT,,29.0,,
IND-324,D45,2023-10-01,DEPT,,30.0,,
IND-324,D45,2023-12-01,DEPT,,30.0,,
IND-324,D45,2024-01-01,DEPT,,32.0,,
IND-324,D45,2024-03-01,DEPT,,33.0,,
IND-324,D45,2024-05-01,DEPT,,34.0,,
IND-324,D45,2024-06-01,DEPT,,35.0,,
IND-324,D45,2024-08-01,DEPT,,35.0,,
IND-324,D45,2024-10-01,DEPT,,36.0,,
IND-324,D45,2025-01-01,DEPT,,36.0,,
IND-324,D45,2025-03-01,DEPT,,36.0,,
IND-324,D45,2025-06-01,DEPT,,36.0,,70.59
IND-324,D46,2022-06-01,DEPT,,30.0,,
IND-324,D46,2022-07-01,DEPT,,31.0,,
IND-324,D46,2022-08-01,DEPT,,37.0,,
IND-324,D46,2022-09-01,DEPT,,37.0,,
IND-324,D46,2022-10-01,DEPT,,37.0,,
IND-324,D46,2022-11-01,DEPT,,37.0,,
IND-324,D46,2022-12-01,DEPT,,42.0,,
IND-324,D46,2023-01-01,DEPT,,42.0,,
IND-324,D46,2023-02-01,DEPT,,42.0,,
IND-324,D46,2023-03-01,DEPT,,43.0,,
IND-324,D46,2023-04-01,DEPT,,44.0,,
IND-324,D46,2023-06-01,DEPT,,46.0,,
IND-324,D46,2023-08-01,DEPT,,46.0,,
IND-324,D46,2023-10-01,DEPT,,48.0,,
IND-324,D46,2023-12-01,DEPT,,49.0,,
IND-324,D46,2024-01-01,DEPT,,49.0,,
IND-324,D46,2024-03-01,DEPT,,54.0,,
IND-324,D46,2024-05-01,DEPT,,56.0,,
IND-324,D46,2024-06-01,DEPT,,58.0,,
IND-324,D46,2024-08-01,DEPT,,59.0,,
IND-324,D46,2024-10-01,DEPT,,63.0,,
IND-324,D46,2025-01-01,DEPT,,64.0,,
IND-324,D46,2025-03-01,DEPT,,65.0,,
IND-324,D46,2025-06-01,DEPT,,67.0,,68.52
IND-324,D47,2022-06-01,DEPT,,23.0,,
IND-324,D47,2022-07-01,DEPT,,24.0,,
IND-324,D47,2022-08-01,DEPT,,25.0,,
IND-324,D47,2022-09-01,DEPT,,25.0,,
IND-324,D47,2022-10-01,DEPT,,26.0,,
IND-324,D47,2022-11-01,DEPT,,26.0,,
IND-324,D47,2022-12-01,DEPT,,28.0,,
IND-324,D47,2023-01-01,DEPT,,30.0,,
IND-324,D47,2023-02-01,DEPT,,30.0,,
IND-324,D47,2023-03-01,DEPT,,30.0,,
IND-324,D47,2023-04-01,DEPT,,31.0,,
IND-324,D47,2023-06-01,DEPT,,31.0,,
IND-324,D47,2023-08-01,DEPT,,32.0,,
IND-324,D47,2023-10-01,DEPT,,36.0,,
IND-324,D47,2023-12-01,DEPT,,39.0,,
IND-324,D47,2024-01-01,DEPT,,40.0,,
IND-324,D47,2024-03-01,DEPT,,41.0,,
IND-324,D47,2024-05-01,DEPT,,42.0,,
IND-324,D47,2024-06-01,DEPT,,42.0,,
IND-324,D47,2024-08-01,DEPT,,44.0,,
IND-324,D47,2024-10-01,DEPT,,44.0,,
IND-324,D47,2025-01-01,DEPT,,47.0,,
IND-324,D47,2025-03-01,DEPT,,48.0,,
IND-324,D47,2025-06-01,DEPT,,49.0,,78.38
IND-324,D48,2022-06-01,DEPT,,38.0,,
IND-324,D48,2022-07-01,DEPT,,38.0,,
IND-324,D48,2022-08-01,DEPT,,39.0,,
IND-324,D48,2022-09-01,DEPT,,39.0,,
IND-324,D48,2022-10-01,DEPT,,39.0,,
IND-324,D48,2022-11-01,DEPT,,39.0,,
IND-324,D48,2022-12-01,DEPT,,41.0,,
IND-324,D48,2023-01-01,DEPT,,41.0,,
IND-324,D48,2023-02-01,DEPT,,41.0,,
IND-324,D48,2023-03-01,DEPT,,42.0,,
IND-324,D48,2023-04-01,DEPT,,45.0,,
IND-324,D48,2023-06-01,DEPT,,45.0,,
IND-324,D48,2023-08-01,DEPT,,45.0,,
IND-324,D48,2023-10-01,DEPT,,48.0,,
IND-324,D48,2023-12-01,DEPT,,50.0,,
IND-324,D48,2024-01-01,DEPT,,52.0,,
IND-324,D48,2024-03-01,DEPT,,55.0,,
IND-324,D48,2024-05-01,DEPT,,56.0,,
IND-324,D48,2024-06-01,DEPT,,56.0,,
IND-324,D48,2024-08-01,DEPT,,57.0,,
IND-324,D48,2024-10-01,DEPT,,57.0,,
IND-324,D48,2025-01-01,DEPT,,61.0,,
IND-324,D48,2025-03-01,DEPT,,61.0,,
IND-324,D48,2025-06-01,DEPT,,63.0,,51.52
IND-324,D49,2022-06-01,DEPT,,19.0,,
IND-324,D49,2022-07-01,DEPT,,19.0,,
IND-324,D49,2022-08-01,DEPT,,21.0,,
IND-324,D49,2022-09-01,DEPT,,21.0,,
IND-324,D49,2022-10-01,DEPT,,21.0,,
IND-324,D49,2022-11-01,DEPT,,23.0,,
IND-324,D49,2022-12-01,DEPT,,27.0,,
IND-324,D49,2023-01-01,DEPT,,28.0,,
IND-324,D49,2023-02-01,DEPT,,28.0,,
IND-324,D49,2023-03-01,DEPT,,28.0,,
IND-324,D49,2023-04-01,DEPT,,28.0,,
IND-324,D49,2023-06-01,DEPT,,29.0,,
IND-324,D49,2023-08-01,DEPT,,33.0,,
IND-324,D49,2023-10-01,DEPT,,35.0,,
IND-324,D49,2023-12-01,DEPT,,36.0,,
IND-324,D49,2024-01-01,DEPT,,37.0,,
IND-324,D49,2024-03-01,DEPT,,39.0,,
IND-324,D49,2024-05-01,DEPT,,39.0,,
IND-324,D49,2024-06-01,DEPT,,39.0,,
IND-324,D49,2024-08-01,DEPT,,41.0,,
IND-324,D49,2024-10-01,DEPT,,42.0,,
IND-324,D49,2025-01-01,DEPT,,43.0,,
IND-324,D49,2025-03-01,DEPT,,43.0,,
IND-324,D49,2025-06-01,DEPT,,43.0,,73.53
IND-324,D50,2022-06-01,DEPT,,24.0,,
IND-324,D50,2022-07-01,DEPT,,24.0,,
IND-324,D50,2022-08-01,DEPT,,27.0,,
IND-324,D50,2022-09-01,DEPT,,27.0,,
IND-324,D50,2022-10-01,DEPT,,30.0,,
IND-324,D50,2022-11-01,DEPT,,32.0,,
IND-324,D50,2022-12-01,DEPT,,35.0,,
IND-324,D50,2023-01-01,DEPT,,35.0,,
IND-324,D50,2023-02-01,DEPT,,35.0,,
IND-324,D50,2023-03-01,DEPT,,35.0,,
IND-324,D50,2023-04-01,DEPT,,36.0,,
IND-324,D50,2023-06-01,DEPT,,36.0,,
IND-324,D50,2023-08-01,DEPT,,42.0,,
IND-324,D50,2023-10-01,DEPT,,64.0,,
IND-324,D50,2023-12-01,DEPT,,66.0,,
IND-324,D50,2024-01-01,DEPT,,67.0,,
IND-324,D50,2024-03-01,DEPT,,69.0,,
IND-324,D50,2024-05-01,DEPT,,73.0,,
IND-324,D50,2024-06-01,DEPT,,73.0,,
IND-324,D50,2024-08-01,DEPT,,73.0,,
IND-324,D50,2024-10-01,DEPT,,74.0,,
IND-324,D50,2025-01-01,DEPT,,76.0,,
IND-324,D50,2025-03-01,DEPT,,76.0,,
IND-324,D50,2025-06-01,DEPT,,76.0,,74.65
IND-324,D51,2022-06-01,DEPT,,39.0,,
IND-324,D51,2022-07-01,DEPT,,39.0,,
IND-324,D51,2022-08-01,DEPT,,39.0,,
IND-324,D51,2022-09-01,DEPT,,39.0,,
IND-324,D51,2022-10-01,DEPT,,40.0,,
IND-324,D51,2022-11-01,DEPT,,43.0,,
IND-324,D51,2022-12-01,DEPT,,45.0,,
IND-324,D51,2023-01-01,DEPT,,48.0,,
IND-324,D51,2023-02-01,DEPT,,49.0,,
IND-324,D51,2023-03-01,DEPT,,49.0,,
IND-324,D51,2023-04-01,DEPT,,51.0,,
IND-324,D51,2023-06-01,DEPT,,51.0,,
IND-324,D51,2023-08-01,DEPT,,54.0,,
IND-324,D51,2023-10-01,DEPT,,58.0,,
IND-324,D51,2023-12-01,DEPT,,59.0,,
IND-324,D51,2024-01-01,DEPT,,59.0,,
IND-324,D51,2024-03-01,DEPT,,62.0,,
IND-324,D51,2024-05-01,DEPT,,63.0,,
IND-324,D51,2024-06-01,DEPT,,63.0,,
IND-324,D51,2024-08-01,DEPT,,63.0,,
IND-324,D51,2024-10-01,DEPT,,65.0,,
IND-324,D51,2025-01-01,DEPT,,66.0,,
IND-324,D51,2025-03-01,DEPT,,67.0,,
IND-324,D51,2025-06-01,DEPT,,69.0,,73.81
IND-324,D52,2022-06-01,DEPT,,13.0,,
IND-324,D52,2022-07-01,DEPT,,13.0,,
IND-324,D52,2022-08-01,DEPT,,14.0,,
IND-324,D52,2022-09-01,DEPT,,14.0,,
IND-324,D52,2022-10-01,DEPT,,14.0,,
IND-324,D52,2022-11-01,DEPT,,14.0,,
IND-324,D52,2022-12-01,DEPT,,16.0,,
IND-324,D52,2023-01-01,DEPT,,17.0,,
IND-324,D52,2023-02-01,DEPT,,17.0,,
IND-324,D52,2023-03-01,DEPT,,19.0,,
IND-324,D52,2023-04-01,DEPT,,20.0,,
IND-324,D52,2023-06-01,DEPT,,20.0,,
IND-324,D52,2023-08-01,DEPT,,21.0,,
IND-324,D52,2023-10-01,DEPT,,22.0,,
IND-324,D52,2023-12-01,DEPT,,23.0,,
IND-324,D52,2024-01-01,DEPT,,23.0,,
IND-324,D52,2024-03-01,DEPT,,28.0,,
IND-324,D52,2024-05-01,DEPT,,28.0,,
IND-324,D52,2024-06-01,DEPT,,28.0,,
IND-324,D52,2024-08-01,DEPT,,28.0,,
IND-324,D52,2024-10-01,DEPT,,28.0,,
IND-324,D52,2025-01-01,DEPT,,29.0,,
IND-324,D52,2025-03-01,DEPT,,30.0,,
IND-324,D52,2025-06-01,DEPT,,31.0,,65.52
IND-324,D53,2022-06-01,DEPT,,26.0,,
IND-324,D53,2022-07-01,DEPT,,26.0,,
IND-324,D53,2022-08-01,DEPT,,27.0,,
IND-324,D53,2022-09-01,DEPT,,27.0,,
IND-324,D53,2022-10-01,DEPT,,28.0,,
IND-324,D53,2022-11-01,DEPT,,28.0,,
IND-324,D53,2022-12-01,DEPT,,30.0,,
IND-324,D53,2023-01-01,DEPT,,31.0,,
IND-324,D53,2023-02-01,DEPT,,31.0,,
IND-324,D53,2023-03-01,DEPT,,31.0,,
IND-324,D53,2023-04-01,DEPT,,33.0,,
IND-324,D53,2023-06-01,DEPT,,33.0,,
IND-324,D53,2023-08-01,DEPT,,33.0,,
IND-324,D53,2023-10-01,DEPT,,36.0,,
IND-324,D53,2023-12-01,DEPT,,38.0,,
IND-324,D53,2024-01-01,DEPT,,38.0,,
IND-324,D53,2024-03-01,DEPT,,38.0,,
IND-324,D53,2024-05-01,DEPT,,38.0,,
IND-324,D53,2024-06-01,DEPT,,38.0,,
IND-324,D53,2024-08-01,DEPT,,41.0,,
IND-324,D53,2024-10-01,DEPT,,42.0,,
IND-324,D53,2025-01-01,DEPT,,45.0,,
IND-324,D53,2025-03-01,DEPT,,45.0,,
IND-324,D53,2025-06-01,DEPT,,45.0,,75.86
IND-324,D54,2022-06-01,DEPT,,30.0,,
IND-324,D54,2022-07-01,DEPT,,30.0,,
IND-324,D54,2022-08-01,DEPT,,32.0,,
IND-324,D54,2022-09-01,DEPT,,32.0,,
IND-324,D54,2022-10-01,DEPT,,32.0,,
IND-324,D54,2022-11-01,DEPT,,33.0,,
IND-324,D54,2022-12-01,DEPT,,38.0,,
IND-324,D54,2023-01-01,DEPT,,39.0,,
IND-324,D54,2023-02-01,DEPT,,41.0,,
IND-324,D54,2023-03-01,DEPT,,42.0,,
IND-324,D54,2023-04-01,DEPT,,43.0,,
IND-324,D54,2023-06-01,DEPT,,43.0,,
IND-324,D54,2023-08-01,DEPT,,45.0,,
IND-324,D54,2023-10-01,DEPT,,49.0,,
IND-324,D54,2023-12-01,DEPT,,51.0,,
IND-324,D54,2024-01-01,DEPT,,51.0,,
IND-324,D54,2024-03-01,DEPT,,52.0,,
IND-324,D54,2024-05-01,DEPT,,53.0,,
IND-324,D54,2024-06-01,DEPT,,55.0,,
IND-324,D54,2024-08-01,DEPT,,57.0,,
IND-324,D54,2024-10-01,DEPT,,57.0,,
IND-324,D54,2025-01-01,DEPT,,60.0,,
IND-324,D54,2025-03-01,DEPT,,61.0,,
IND-324,D54,2025-06-01,DEPT,,65.0,,73.58
IND-324,D55,2022-06-01,DEPT,,34.0,,
IND-324,D55,2022-07-01,DEPT,,35.0,,
IND-324,D55,2022-08-01,DEPT,,37.0,,
IND-324,D55,2022-09-01,DEPT,,37.0,,
IND-324,D55,2022-10-01,DEPT,,39.0,,
IND-324,D55,2022-11-01,DEPT,,42.0,,
IND-324,D55,2022-12-01,DEPT,,44.0,,
IND-324,D55,2023-01-01,DEPT,,44.0,,
IND-324,D55,2023-02-01,DEPT,,48.0,,
IND-324,D55,2023-03-01,DEPT,,51.0,,
IND-324,D55,2023-04-01,DEPT,,52.0,,
IND-324,D55,2023-06-01,DEPT,,53.0,,
IND-324,D55,2023-08-01,DEPT,,59.0,,
IND-324,D55,2023-10-01,DEPT,,64.0,,
IND-324,D55,2023-12-01,DEPT,,65.0,,
IND-324,D55,2024-01-01,DEPT,,65.0,,
IND-324,D55,2024-03-01,DEPT,,65.0,,
IND-324,D55,2024-05-01,DEPT,,69.0,,
IND-324,D55,2024-06-01,DEPT,,71.0,,
IND-324,D55,2024-08-01,DEPT,,72.0,,
IND-324,D55,2024-10-01,DEPT,,72.0,,
IND-324,D55,2025-01-01,DEPT,,72.0,,
IND-324,D55,2025-03-01,DEPT,,74.0,,
IND-324,D55,2025-06-01,DEPT,,76.0,,82.0
IND-324,D56,2022-06-01,DEPT,,37.0,,
IND-324,D56,2022-07-01,DEPT,,37.0,,
IND-324,D56,2022-08-01,DEPT,,38.0,,
IND-324,D56,2022-09-01,DEPT,,38.0,,
IND-324,D56,2022-10-01,DEPT,,40.0,,
IND-324,D56,2022-11-01,DEPT,,42.0,,
IND-324,D56,2022-12-01,DEPT,,43.0,,
IND-324,D56,2023-01-01,DEPT,,44.0,,
IND-324,D56,2023-02-01,DEPT,,45.0,,
IND-324,D56,2023-03-01,DEPT,,45.0,,
IND-324,D56,2023-04-01,DEPT,,45.0,,
IND-324,D56,2023-06-01,DEPT,,45.0,,
IND-324,D56,2023-08-01,DEPT,,48.0,,
IND-324,D56,2023-10-01,DEPT,,53.0,,
IND-324,D56,2023-12-01,DEPT,,57.0,,
IND-324,D56,2024-01-01,DEPT,,58.0,,
IND-324,D56,2024-03-01,DEPT,,59.0,,
IND-324,D56,2024-05-01,DEPT,,60.0,,
IND-324,D56,2024-06-01,DEPT,,61.0,,
IND-324,D56,2024-08-01,DEPT,,61.0,,
IND-324,D56,2024-10-01,DEPT,,63.0,,
IND-324,D56,2025-01-01,DEPT,,66.0,,
IND-324,D56,2025-03-01,DEPT,,66.0,,
IND-324,D56,2025-06-01,DEPT,,67.0,,68.89
IND-324,D57,2022-06-01,DEPT,,41.0,,
IND-324,D57,2022-07-01,DEPT,,41.0,,
IND-324,D57,2022-08-01,DEPT,,44.0,,
IND-324,D57,2022-09-01,DEPT,,44.0,,
IND-324,D57,2022-10-01,DEPT,,46.0,,
IND-324,D57,2022-11-01,DEPT,,46.0,,
IND-324,D57,2022-12-01,DEPT,,51.0,,
IND-324,D57,2023-01-01,DEPT,,51.0,,
IND-324,D57,2023-02-01,DEPT,,51.0,,
IND-324,D57,2023-03-01,DEPT,,51.0,,
IND-324,D57,2023-04-01,DEPT,,54.0,,
IND-324,D57,2023-06-01,DEPT,,54.0,,
IND-324,D57,2023-08-01,DEPT,,55.0,,
IND-324,D57,2023-10-01,DEPT,,55.0,,
IND-324,D57,2023-12-01,DEPT,,55.0,,
IND-324,D57,2024-01-01,DEPT,,56.0,,
IND-324,D57,2024-03-01,DEPT,,58.0,,
IND-324,D57,2024-05-01,DEPT,,58.0,,
IND-324,D57,2024-06-01,DEPT,,58.0,,
IND-324,D57,2024-08-01,DEPT,,59.0,,
IND-324,D57,2024-10-01,DEPT,,59.0,,
IND-324,D57,2025-01-01,DEPT,,61.0,,
IND-324,D57,2025-03-01,DEPT,,61.0,,
IND-324,D57,2025-06-01,DEPT,,63.0,,68.57
IND-324,D58,2022-06-01,DEPT,,33.0,,
IND-324,D58,2022-07-01,DEPT,,33.0,,
IND-324,D58,2022-08-01,DEPT,,36.0,,
IND-324,D58,2022-09-01,DEPT,,36.0,,
IND-324,D58,2022-10-01,DEPT,,37.0,,
IND-324,D58,2022-11-01,DEPT,,37.0,,
IND-324,D58,2022-12-01,DEPT,,43.0,,
IND-324,D58,2023-01-01,DEPT,,43.0,,
IND-324,D58,2023-02-01,DEPT,,43.0,,
IND-324,D58,2023-03-01,DEPT,,44.0,,
IND-324,D58,2023-04-01,DEPT,,50.0,,
IND-324,D58,2023-06-01,DEPT,,51.0,,
IND-324,D58,2023-08-01,DEPT,,51.0,,
IND-324,D58,2023-10-01,DEPT,,54.0,,
IND-324,D58,2023-12-01,DEPT,,55.0,,
IND-324,D58,2024-01-01,DEPT,,55.0,,
IND-324,D58,2024-03-01,DEPT,,55.0,,
IND-324,D58,2024-05-01,DEPT,,56.0,,
IND-324,D58,2024-06-01,DEPT,,57.0,,
IND-324,D58,2024-08-01,DEPT,,59.0,,
IND-324,D58,2024-10-01,DEPT,,59.0,,
IND-324,D58,2025-01-01,DEPT,,63.0,,
IND-324,D58,2025-03-01,DEPT,,67.0,,
IND-324,D58,2025-06-01,DEPT,,67.0,,79.59
IND-324,D59,2022-06-01,DEPT,,6.0,,
IND-324,D59,2022-07-01,DEPT,,6.0,,
IND-324,D59,2022-08-01,DEPT,,10.0,,
IND-324,D59,2022-09-01,DEPT,,10.0,,
IND-324,D59,2022-10-01,DEPT,,8.0,,
IND-324,D59,2022-11-01,DEPT,,9.0,,
IND-324,D59,2022-12-01,DEPT,,9.0,,
IND-324,D59,2023-01-01,DEPT,,9.0,,
IND-324,D59,2023-02-01,DEPT,,9.0,,
IND-324,D59,2023-03-01,DEPT,,9.0,,
IND-324,D59,2023-04-01,DEPT,,13.0,,
IND-324,D59,2023-06-01,DEPT,,13.0,,
IND-324,D59,2023-08-01,DEPT,,13.0,,
IND-324,D59,2023-10-01,DEPT,,14.0,,
IND-324,D59,2023-12-01,DEPT,,15.0,,
IND-324,D59,2024-01-01,DEPT,,16.0,,
IND-324,D59,2024-03-01,DEPT,,16.0,,
IND-324,D59,2024-05-01,DEPT,,19.0,,
IND-324,D59,2024-06-01,DEPT,,21.0,,
IND-324,D59,2024-08-01,DEPT,,22.0,,
IND-324,D59,2024-10-01,DEPT,,22.0,,
IND-324,D59,2025-01-01,DEPT,,22.0,,
IND-324,D59,2025-03-01,DEPT,,22.0,,
IND-324,D59,2025-06-01,DEPT,,23.0,,68.0
IND-324,D60,2022-06-01,DEPT,,8.0,,
IND-324,D60,2022-07-01,DEPT,,9.0,,
IND-324,D60,2022-08-01,DEPT,,13.0,,
IND-324,D60,2022-09-01,DEPT,,13.0,,
IND-324,D60,2022-10-01,DEPT,,14.0,,
IND-324,D60,2022-11-01,DEPT,,15.0,,
IND-324,D60,2022-12-01,DEPT,,17.0,,
IND-324,D60,2023-01-01,DEPT,,14.0,,
IND-324,D60,2023-02-01,DEPT,,18.0,,
IND-324,D60,2023-03-01,DEPT,,19.0,,
IND-324,D60,2023-04-01,DEPT,,19.0,,
IND-324,D60,2023-06-01,DEPT,,19.0,,
IND-324,D60,2023-08-01,DEPT,,19.0,,
IND-324,D60,2023-10-01,DEPT,,22.0,,
IND-324,D60,2023-12-01,DEPT,,22.0,,
IND-324,D60,2024-01-01,DEPT,,23.0,,
IND-324,D60,2024-03-01,DEPT,,24.0,,
IND-324,D60,2024-05-01,DEPT,,24.0,,
IND-324,D60,2024-06-01,DEPT,,24.0,,
IND-324,D60,2024-08-01,DEPT,,25.0,,
IND-324,D60,2024-10-01,DEPT,,25.0,,
IND-324,D60,2025-01-01,DEPT,,28.0,,
IND-324,D60,2025-03-01,DEPT,,28.0,,
IND-324,D60,2025-06-01,DEPT,,28.0,,62.5
IND-324,D61,2022-06-01,DEPT,,12.0,,
IND-324,D61,2022-07-01,DEPT,,12.0,,
IND-324,D61,2022-08-01,DEPT,,12.0,,
IND-324,D61,2022-09-01,DEPT,,12.0,,
IND-324,D61,2022-10-01,DEPT,,13.0,,
IND-324,D61,2022-11-01,DEPT,,13.0,,
IND-324,D61,2022-12-01,DEPT,,14.0,,
IND-324,D61,2023-01-01,DEPT,,16.0,,
IND-324,D61,2023-02-01,DEPT,,16.0,,
IND-324,D61,2023-03-01,DEPT,,16.0,,
IND-324,D61,2023-04-01,DEPT,,17.0,,
IND-324,D61,2023-06-01,DEPT,,17.0,,
IND-324,D61,2023-08-01,DEPT,,17.0,,
IND-324,D61,2023-10-01,DEPT,,20.0,,
IND-324,D61,2023-12-01,DEPT,,22.0,,
IND-324,D61,2024-01-01,DEPT,,22.0,,
IND-324,D61,2024-03-01,DEPT,,23.0,,
IND-324,D61,2024-05-01,DEPT,,23.0,,
IND-324,D61,2024-06-01,DEPT,,24.0,,
IND-324,D61,2024-08-01,DEPT,,25.0,,
IND-324,D61,2024-10-01,DEPT,,25.0,,
IND-324,D61,2025-01-01,DEPT,,26.0,,
IND-324,D61,2025-03-01,DEPT,,27.0,,
IND-324,D61,2025-06-01,DEPT,,28.0,,64.0
IND-324,D62,2022-06-01,DEPT,,15.0,,
IND-324,D62,2022-07-01,DEPT,,16.0,,
IND-324,D62,2022-08-01,DEPT,,17.0,,
IND-324,D62,2022-09-01,DEPT,,17.0,,
IND-324,D62,2022-10-01,DEPT,,18.0,,
IND-324,D62,2022-11-01,DEPT,,18.0,,
IND-324,D62,2022-12-01,DEPT,,18.0,,
IND-324,D62,2023-01-01,DEPT,,18.0,,
IND-324,D62,2023-02-01,DEPT,,18.0,,
IND-324,D62,2023-03-01,DEPT,,19.0,,
IND-324,D62,2023-04-01,DEPT,,22.0,,
IND-324,D62,2023-06-01,DEPT,,22.0,,
IND-324,D62,2023-08-01,DEPT,,23.0,,
IND-324,D62,2023-10-01,DEPT,,27.0,,
IND-324,D62,2023-12-01,DEPT,,28.0,,
IND-324,D62,2024-01-01,DEPT,,28.0,,
IND-324,D62,2024-03-01,DEPT,,30.0,,
IND-324,D62,2024-05-01,DEPT,,32.0,,
IND-324,D62,2024-06-01,DEPT,,33.0,,
IND-324,D62,2024-08-01,DEPT,,33.0,,
IND-324,D62,2024-10-01,DEPT,,34.0,,
IND-324,D62,2025-01-01,DEPT,,35.0,,
IND-324,D62,2025-03-01,DEPT,,35.0,,
IND-324,D62,2025-06-01,DEPT,,36.0,,73.33
IND-324,D63,2022-06-01,DEPT,,42.0,,
IND-324,D63,2022-07-01,DEPT,,42.0,,
IND-324,D63,2022-08-01,DEPT,,46.0,,
IND-324,D63,2022-09-01,DEPT,,46.0,,
IND-324,D63,2022-10-01,DEPT,,47.0,,
IND-324,D63,2022-11-01,DEPT,,51.0,,
IND-324,D63,2022-12-01,DEPT,,52.0,,
IND-324,D63,2023-01-01,DEPT,,54.0,,
IND-324,D63,2023-02-01,DEPT,,55.0,,
IND-324,D63,2023-03-01,DEPT,,56.0,,
IND-324,D63,2023-04-01,DEPT,,57.0,,
IND-324,D63,2023-06-01,DEPT,,57.0,,
IND-324,D63,2023-08-01,DEPT,,58.0,,
IND-324,D63,2023-10-01,DEPT,,62.0,,
IND-324,D63,2023-12-01,DEPT,,66.0,,
IND-324,D63,2024-01-01,DEPT,,66.0,,
IND-324,D63,2024-03-01,DEPT,,70.0,,
IND-324,D63,2024-05-01,DEPT,,72.0,,
IND-324,D63,2024-06-01,DEPT,,72.0,,
IND-324,D63,2024-08-01,DEPT,,74.0,,
IND-324,D63,2024-10-01,DEPT,,75.0,,
IND-324,D63,2025-01-01,DEPT,,79.0,,
IND-324,D63,2025-03-01,DEPT,,81.0,,
IND-324,D63,2025-06-01,DEPT,,85.0,,75.71
IND-324,D64,2022-06-01,DEPT,,32.0,,
IND-324,D64,2022-07-01,DEPT,,32.0,,
IND-324,D64,2022-08-01,DEPT,,33.0,,
IND-324,D64,2022-09-01,DEPT,,33.0,,
IND-324,D64,2022-10-01,DEPT,,35.0,,
IND-324,D64,2022-11-01,DEPT,,35.0,,
IND-324,D64,2022-12-01,DEPT,,38.0,,
IND-324,D64,2023-01-01,DEPT,,41.0,,
IND-324,D64,2023-02-01,DEPT,,41.0,,
IND-324,D64,2023-03-01,DEPT,,41.0,,
IND-324,D64,2023-04-01,DEPT,,41.0,,
IND-324,D64,2023-06-01,DEPT,,42.0,,
IND-324,D64,2023-08-01,DEPT,,43.0,,
IND-324,D64,2023-10-01,DEPT,,47.0,,
IND-324,D64,2023-12-01,DEPT,,52.0,,
IND-324,D64,2024-01-01,DEPT,,52.0,,
IND-324,D64,2024-03-01,DEPT,,58.0,,
IND-324,D64,2024-05-01,DEPT,,58.0,,
IND-324,D64,2024-06-01,DEPT,,58.0,,
IND-324,D64,2024-08-01,DEPT,,59.0,,
IND-324,D64,2024-10-01,DEPT,,58.0,,
IND-324,D64,2025-01-01,DEPT,,64.0,,
IND-324,D64,2025-03-01,DEPT,,65.0,,
IND-324,D64,2025-06-01,DEPT,,67.0,,59.42
IND-324,D65,2022-06-01,DEPT,,8.0,,
IND-324,D65,2022-07-01,DEPT,,8.0,,
IND-324,D65,2022-08-01,DEPT,,13.0,,
IND-324,D65,2022-09-01,DEPT,,13.0,,
IND-324,D65,2022-10-01,DEPT,,13.0,,
IND-324,D65,2022-11-01,DEPT,,13.0,,
IND-324,D65,2022-12-01,DEPT,,14.0,,
IND-324,D65,2023-01-01,DEPT,,17.0,,
IND-324,D65,2023-02-01,DEPT,,17.0,,
IND-324,D65,2023-03-01,DEPT,,17.0,,
IND-324,D65,2023-04-01,DEPT,,17.0,,
IND-324,D65,2023-06-01,DEPT,,17.0,,
IND-324,D65,2023-08-01,DEPT,,18.0,,
IND-324,D65,2023-10-01,DEPT,,18.0,,
IND-324,D65,2023-12-01,DEPT,,19.0,,
IND-324,D65,2024-01-01,DEPT,,19.0,,
IND-324,D65,2024-03-01,DEPT,,22.0,,
IND-324,D65,2024-05-01,DEPT,,22.0,,
IND-324,D65,2024-06-01,DEPT,,22.0,,
IND-324,D65,2024-08-01,DEPT,,26.0,,
IND-324,D65,2024-10-01,DEPT,,26.0,,
IND-324,D65,2025-01-01,DEPT,,28.0,,
IND-324,D65,2025-03-01,DEPT,,32.0,,
IND-324,D65,2025-06-01,DEPT,,33.0,,51.02
IND-324,D66,2022-06-01,DEPT,,11.0,,
IND-324,D66,2022-07-01,DEPT,,11.0,,
IND-324,D66,2022-08-01,DEPT,,12.0,,
IND-324,D66,2022-09-01,DEPT,,12.0,,
IND-324,D66,2022-10-01,DEPT,,14.0,,
IND-324,D66,2022-11-01,DEPT,,14.0,,
IND-324,D66,2022-12-01,DEPT,,15.0,,
IND-324,D66,2023-01-01,DEPT,,15.0,,
IND-324,D66,2023-02-01,DEPT,,15.0,,
IND-324,D66,2023-03-01,DEPT,,15.0,,
IND-324,D66,2023-04-01,DEPT,,18.0,,
IND-324,D66,2023-06-01,DEPT,,18.0,,
IND-324,D66,2023-08-01,DEPT,,21.0,,
IND-324,D66,2023-10-01,DEPT,,22.0,,
IND-324,D66,2023-12-01,DEPT,,23.0,,
IND-324,D66,2024-01-01,DEPT,,24.0,,
IND-324,D66,2024-03-01,DEPT,,24.0,,
IND-324,D66,2024-05-01,DEPT,,25.0,,
IND-324,D66,2024-06-01,DEPT,,28.0,,
IND-324,D66,2024-08-01,DEPT,,30.0,,
IND-324,D66,2024-10-01,DEPT,,32.0,,
IND-324,D66,2025-01-01,DEPT,,33.0,,
IND-324,D66,2025-03-01,DEPT,,37.0,,
IND-324,D66,2025-06-01,DEPT,,41.0,,47.62
IND-324,D67,2022-06-01,DEPT,,17.0,,
IND-324,D67,2022-07-01,DEPT,,17.0,,
IND-324,D67,2022-08-01,DEPT,,18.0,,
IND-324,D67,2022-09-01,DEPT,,18.0,,
IND-324,D67,2022-10-01,DEPT,,18.0,,
IND-324,D67,2022-11-01,DEPT,,19.0,,
IND-324,D67,2022-12-01,DEPT,,22.0,,
IND-324,D67,2023-01-01,DEPT,,23.0,,
IND-324,D67,2023-02-01,DEPT,,26.0,,
IND-324,D67,2023-03-01,DEPT,,26.0,,
IND-324,D67,2023-04-01,DEPT,,27.0,,
IND-324,D67,2023-06-01,DEPT,,28.0,,
IND-324,D67,2023-08-01,DEPT,,30.0,,
IND-324,D67,2023-10-01,DEPT,,32.0,,
IND-324,D67,2023-12-01,DEPT,,33.0,,
IND-324,D67,2024-01-01,DEPT,,33.0,,
IND-324,D67,2024-03-01,DEPT,,37.0,,
IND-324,D67,2024-05-01,DEPT,,37.0,,
IND-324,D67,2024-06-01,DEPT,,37.0,,
IND-324,D67,2024-08-01,DEPT,,37.0,,
IND-324,D67,2024-10-01,DEPT,,37.0,,
IND-324,D67,2025-01-01,DEPT,,39.0,,
IND-324,D67,2025-03-01,DEPT,,40.0,,
IND-324,D67,2025-06-01,DEPT,,41.0,,65.0
IND-324,D68,2022-06-01,DEPT,,7.0,,
IND-324,D68,2022-07-01,DEPT,,7.0,,
IND-324,D68,2022-08-01,DEPT,,9.0,,
IND-324,D68,2022-09-01,DEPT,,9.0,,
IND-324,D68,2022-10-01,DEPT,,10.0,,
IND-324,D68,2022-11-01,DEPT,,11.0,,
IND-324,D68,2022-12-01,DEPT,,12.0,,
IND-324,D68,2023-01-01,DEPT,,12.0,,
IND-324,D68,2023-02-01,DEPT,,13.0,,
IND-324,D68,2023-03-01,DEPT,,14.0,,
IND-324,D68,2023-04-01,DEPT,,16.0,,
IND-324,D68,2023-06-01,DEPT,,16.0,,
IND-324,D68,2023-08-01,DEPT,,19.0,,
IND-324,D68,2023-10-01,DEPT,,21.0,,
IND-324,D68,2023-12-01,DEPT,,23.0,,
IND-324,D68,2024-01-01,DEPT,,23.0,,
IND-324,D68,2024-03-01,DEPT,,25.0,,
IND-324,D68,2024-05-01,DEPT,,25.0,,
IND-324,D68,2024-06-01,DEPT,,25.0,,
IND-324,D68,2024-08-01,DEPT,,25.0,,
IND-324,D68,2024-10-01,DEPT,,29.0,,
IND-324,D68,2025-01-01,DEPT,,32.0,,
IND-324,D68,2025-03-01,DEPT,,37.0,,
IND-324,D68,2025-06-01,DEPT,,40.0,,61.82
IND-324,D69,2022-06-01,DEPT,,11.0,,
IND-324,D69,2022-07-01,DEPT,,11.0,,
IND-324,D69,2022-08-01,DEPT,,13.0,,
IND-324,D69,2022-09-01,DEPT,,13.0,,
IND-324,D69,2022-10-01,DEPT,,15.0,,
IND-324,D69,2022-11-01,DEPT,,16.0,,
IND-324,D69,2022-12-01,DEPT,,18.0,,
IND-324,D69,2023-01-01,DEPT,,19.0,,
IND-324,D69,2023-02-01,DEPT,,19.0,,
IND-324,D69,2023-03-01,DEPT,,18.0,,
IND-324,D69,2023-04-01,DEPT,,19.0,,
IND-324,D69,2023-06-01,DEPT,,18.0,,
IND-324,D69,2023-08-01,DEPT,,18.0,,
IND-324,D69,2023-10-01,DEPT,,20.0,,
IND-324,D69,2023-12-01,DEPT,,24.0,,
IND-324,D69,2024-01-01,DEPT,,23.0,,
IND-324,D69,2024-03-01,DEPT,,26.0,,
IND-324,D69,2024-05-01,DEPT,,27.0,,
IND-324,D69,2024-06-01,DEPT,,31.0,,
IND-324,D69,2024-08-01,DEPT,,31.0,,
IND-324,D69,2024-10-01,DEPT,,31.0,,
IND-324,D69,2025-01-01,DEPT,,35.0,,
IND-324,D69,2025-03-01,DEPT,,36.0,,
IND-324,D69,2025-06-01,DEPT,,37.0,,66.67
IND-324,D70,2022-06-01,DEPT,,14.0,,
IND-324,D70,2022-07-01,DEPT,,15.0,,
IND-324,D70,2022-08-01,DEPT,,17.0,,
IND-324,D70,2022-09-01,DEPT,,17.0,,
IND-324,D70,2022-10-01,DEPT,,18.0,,
IND-324,D70,2022-11-01,DEPT,,19.0,,
IND-324,D70,2022-12-01,DEPT,,22.0,,
IND-324,D70,2023-01-01,DEPT,,22.0,,
IND-324,D70,2023-02-01,DEPT,,22.0,,
IND-324,D70,2023-03-01,DEPT,,23.0,,
IND-324,D70,2023-04-01,DEPT,,23.0,,
IND-324,D70,2023-06-01,DEPT,,23.0,,
IND-324,D70,2023-08-01,DEPT,,25.0,,
IND-324,D70,2023-10-01,DEPT,,26.0,,
IND-324,D70,2023-12-01,DEPT,,28.0,,
IND-324,D70,2024-01-01,DEPT,,28.0,,
IND-324,D70,2024-03-01,DEPT,,29.0,,
IND-324,D70,2024-05-01,DEPT,,30.0,,
IND-324,D70,2024-06-01,DEPT,,31.0,,
IND-324,D70,2024-08-01,DEPT,,32.0,,
IND-324,D70,2024-10-01,DEPT,,33.0,,
IND-324,D70,2025-01-01,DEPT,,35.0,,
IND-324,D70,2025-03-01,DEPT,,38.0,,
IND-324,D70,2025-06-01,DEPT,,40.0,,82.86
IND-324,D71,2022-06-01,DEPT,,23.0,,
IND-324,D71,2022-07-01,DEPT,,24.0,,
IND-324,D71,2022-08-01,DEPT,,27.0,,
IND-324,D71,2022-09-01,DEPT,,27.0,,
IND-324,D71,2022-10-01,DEPT,,27.0,,
IND-324,D71,2022-11-01,DEPT,,27.0,,
IND-324,D71,2022-12-01,DEPT,,32.0,,
IND-324,D71,2023-01-01,DEPT,,32.0,,
IND-324,D71,2023-02-01,DEPT,,32.0,,
IND-324,D71,2023-03-01,DEPT,,33.0,,
IND-324,D71,2023-04-01,DEPT,,33.0,,
IND-324,D71,2023-06-01,DEPT,,33.0,,
IND-324,D71,2023-08-01,DEPT,,37.0,,
IND-324,D71,2023-10-01,DEPT,,42.0,,
IND-324,D71,2023-12-01,DEPT,,44.0,,
IND-324,D71,2024-01-01,DEPT,,45.0,,
IND-324,D71,2024-03-01,DEPT,,48.0,,
IND-324,D71,2024-05-01,DEPT,,50.0,,
IND-324,D71,2024-06-01,DEPT,,50.0,,
IND-324,D71,2024-08-01,DEPT,,51.0,,
IND-324,D71,2024-10-01,DEPT,,55.0,,
IND-324,D71,2025-01-01,DEPT,,56.0,,
IND-324,D71,2025-03-01,DEPT,,57.0,,
IND-324,D71,2025-06-01,DEPT,,57.0,,83.72
IND-324,D72,2022-06-01,DEPT,,27.0,,
IND-324,D72,2022-07-01,DEPT,,27.0,,
IND-324,D72,2022-08-01,DEPT,,29.0,,
IND-324,D72,2022-09-01,DEPT,,29.0,,
IND-324,D72,2022-10-01,DEPT,,29.0,,
IND-324,D72,2022-11-01,DEPT,,30.0,,
IND-324,D72,2022-12-01,DEPT,,36.0,,
IND-324,D72,2023-01-01,DEPT,,36.0,,
IND-324,D72,2023-02-01,DEPT,,36.0,,
IND-324,D72,2023-03-01,DEPT,,38.0,,
IND-324,D72,2023-04-01,DEPT,,39.0,,
IND-324,D72,2023-06-01,DEPT,,39.0,,
IND-324,D72,2023-08-01,DEPT,,40.0,,
IND-324,D72,2023-10-01,DEPT,,40.0,,
IND-324,D72,2023-12-01,DEPT,,43.0,,
IND-324,D72,2024-01-01,DEPT,,44.0,,
IND-324,D72,2024-03-01,DEPT,,44.0,,
IND-324,D72,2024-05-01,DEPT,,45.0,,
IND-324,D72,2024-06-01,DEPT,,46.0,,
IND-324,D72,2024-08-01,DEPT,,47.0,,
IND-324,D72,2024-10-01,DEPT,,47.0,,
IND-324,D72,2025-01-01,DEPT,,52.0,,
IND-324,D72,2025-03-01,DEPT,,52.0,,
IND-324,D72,2025-06-01,DEPT,,53.0,,77.14
IND-324,D73,2022-06-01,DEPT,,12.0,,
IND-324,D73,2022-07-01,DEPT,,12.0,,
IND-324,D73,2022-08-01,DEPT,,16.0,,
IND-324,D73,2022-09-01,DEPT,,16.0,,
IND-324,D73,2022-10-01,DEPT,,19.0,,
IND-324,D73,2022-11-01,DEPT,,20.0,,
IND-324,D73,2022-12-01,DEPT,,20.0,,
IND-324,D73,2023-01-01,DEPT,,21.0,,
IND-324,D73,2023-02-01,DEPT,,22.0,,
IND-324,D73,2023-03-01,DEPT,,23.0,,
IND-324,D73,2023-04-01,DEPT,,26.0,,
IND-324,D73,2023-06-01,DEPT,,27.0,,
IND-324,D73,2023-08-01,DEPT,,29.0,,
IND-324,D73,2023-10-01,DEPT,,33.0,,
IND-324,D73,2023-12-01,DEPT,,32.0,,
IND-324,D73,2024-01-01,DEPT,,34.0,,
IND-324,D73,2024-03-01,DEPT,,36.0,,
IND-324,D73,2024-05-01,DEPT,,37.0,,
IND-324,D73,2024-06-01,DEPT,,39.0,,
IND-324,D73,2024-08-01,DEPT,,39.0,,
IND-324,D73,2024-10-01,DEPT,,42.0,,
IND-324,D73,2025-01-01,DEPT,,47.0,,
IND-324,D73,2025-03-01,DEPT,,48.0,,
IND-324,D73,2025-06-01,DEPT,,52.0,,56.52
IND-324,D74,2022-06-01,DEPT,,20.0,,
IND-324,D74,2022-07-01,DEPT,,20.0,,
IND-324,D74,2022-08-01,DEPT,,24.0,,
IND-324,D74,2022-09-01,DEPT,,24.0,,
IND-324,D74,2022-10-01,DEPT,,24.0,,
IND-324,D74,2022-11-01,DEPT,,24.0,,
IND-324,D74,2022-12-01,DEPT,,27.0,,
IND-324,D74,2023-01-01,DEPT,,27.0,,
IND-324,D74,2023-02-01,DEPT,,28.0,,
IND-324,D74,2023-03-01,DEPT,,28.0,,
IND-324,D74,2023-04-01,DEPT,,29.0,,
IND-324,D74,2023-06-01,DEPT,,30.0,,
IND-324,D74,2023-08-01,DEPT,,30.0,,
IND-324,D74,2023-10-01,DEPT,,32.0,,
IND-324,D74,2023-12-01,DEPT,,36.0,,
IND-324,D74,2024-01-01,DEPT,,36.0,,
IND-324,D74,2024-03-01,DEPT,,40.0,,
IND-324,D74,2024-05-01,DEPT,,40.0,,
IND-324,D74,2024-06-01,DEPT,,41.0,,
IND-324,D74,2024-08-01,DEPT,,44.0,,
IND-324,D74,2024-10-01,DEPT,,49.0,,
IND-324,D74,2025-01-01,DEPT,,52.0,,
IND-324,D74,2025-03-01,DEPT,,52.0,,
IND-324,D74,2025-06-01,DEPT,,55.0,,45.68
IND-324,D75,2022-06-01,DEPT,,0.0,,
IND-324,D75,2022-07-01,DEPT,,0.0,,
IND-324,D75,2022-08-01,DEPT,,0.0,,
IND-324,D75,2022-09-01,DEPT,,0.0,,
IND-324,D75,2022-10-01,DEPT,,0.0,,
IND-324,D75,2022-11-01,DEPT,,0.0,,
IND-324,D75,2022-12-01,DEPT,,0.0,,
IND-324,D75,2023-01-01,DEPT,,0.0,,
IND-324,D75,2023-02-01,DEPT,,0.0,,
IND-324,D75,2023-03-01,DEPT,,0.0,,
IND-324,D75,2023-06-01,DEPT,,0.0,,
IND-324,D75,2023-08-01,DEPT,,0.0,,
IND-324,D75,2023-10-01,DEPT,,0.0,,
IND-324,D75,2023-12-01,DEPT,,0.0,,
IND-324,D75,2024-01-01,DEPT,,0.0,,
IND-324,D75,2024-03-01,DEPT,,0.0,,
IND-324,D75,2024-05-01,DEPT,,0.0,,
IND-324,D75,2024-06-01,DEPT,,0.0,,
IND-324,D75,2024-08-01,DEPT,,0.0,,
IND-324,D75,2024-10-01,DEPT,,0.0,,
IND-324,D75,2025-01-01,DEPT,,0.0,,
IND-324,D75,2025-03-01,DEPT,,0.0,,
IND-324,D75,2025-06-01,DEPT,,0.0,,100.0
IND-324,D76,2022-06-01,DEPT,,34.0,,
IND-324,D76,2022-07-01,DEPT,,34.0,,
IND-324,D76,2022-08-01,DEPT,,37.0,,
IND-324,D76,2022-09-01,DEPT,,37.0,,
IND-324,D76,2022-10-01,DEPT,,38.0,,
IND-324,D76,2022-11-01,DEPT,,40.0,,
IND-324,D76,2022-12-01,DEPT,,40.0,,
IND-324,D76,2023-01-01,DEPT,,41.0,,
IND-324,D76,2023-02-01,DEPT,,42.0,,
IND-324,D76,2023-03-01,DEPT,,42.0,,
IND-324,D76,2023-04-01,DEPT,,48.0,,
IND-324,D76,2023-06-01,DEPT,,48.0,,
IND-324,D76,2023-08-01,DEPT,,51.0,,
IND-324,D76,2023-10-01,DEPT,,53.0,,
IND-324,D76,2023-12-01,DEPT,,55.0,,
IND-324,D76,2024-01-01,DEPT,,57.0,,
IND-324,D76,2024-03-01,DEPT,,57.0,,
IND-324,D76,2024-05-01,DEPT,,59.0,,
IND-324,D76,2024-06-01,DEPT,,60.0,,
IND-324,D76,2024-08-01,DEPT,,61.0,,
IND-324,D76,2024-10-01,DEPT,,62.0,,
IND-324,D76,2025-01-01,DEPT,,65.0,,
IND-324,D76,2025-03-01,DEPT,,69.0,,
IND-324,D76,2025-06-01,DEPT,,71.0,,66.67
IND-324,D77,2022-06-01,DEPT,,9.0,,
IND-324,D77,2022-07-01,DEPT,,9.0,,
IND-324,D77,2022-08-01,DEPT,,10.0,,
IND-324,D77,2022-09-01,DEPT,,10.0,,
IND-324,D77,2022-10-01,DEPT,,10.0,,
IND-324,D77,2022-11-01,DEPT,,10.0,,
IND-324,D77,2022-12-01,DEPT,,11.0,,
IND-324,D77,2023-01-01,DEPT,,11.0,,
IND-324,D77,2023-02-01,DEPT,,12.0,,
IND-324,D77,2023-03-01,DEPT,,12.0,,
IND-324,D77,2023-04-01,DEPT,,13.0,,
IND-324,D77,2023-06-01,DEPT,,13.0,,
IND-324,D77,2023-08-01,DEPT,,17.0,,
IND-324,D77,2023-10-01,DEPT,,17.0,,
IND-324,D77,2023-12-01,DEPT,,18.0,,
IND-324,D77,2024-01-01,DEPT,,18.0,,
IND-324,D77,2024-03-01,DEPT,,21.0,,
IND-324,D77,2024-05-01,DEPT,,28.0,,
IND-324,D77,2024-06-01,DEPT,,28.0,,
IND-324,D77,2024-08-01,DEPT,,30.0,,
IND-324,D77,2024-10-01,DEPT,,29.0,,
IND-324,D77,2025-01-01,DEPT,,29.0,,
IND-324,D77,2025-03-01,DEPT,,30.0,,
IND-324,D77,2025-06-01,DEPT,,31.0,,65.0
IND-324,D78,2022-06-01,DEPT,,3.0,,
IND-324,D78,2022-07-01,DEPT,,3.0,,
IND-324,D78,2022-08-01,DEPT,,3.0,,
IND-324,D78,2022-09-01,DEPT,,3.0,,
IND-324,D78,2022-10-01,DEPT,,3.0,,
IND-324,D78,2022-11-01,DEPT,,3.0,,
IND-324,D78,2022-12-01,DEPT,,4.0,,
IND-324,D78,2023-01-01,DEPT,,4.0,,
IND-324,D78,2023-02-01,DEPT,,4.0,,
IND-324,D78,2023-03-01,DEPT,,4.0,,
IND-324,D78,2023-04-01,DEPT,,4.0,,
IND-324,D78,2023-06-01,DEPT,,4.0,,
IND-324,D78,2023-08-01,DEPT,,4.0,,
IND-324,D78,2023-10-01,DEPT,,4.0,,
IND-324,D78,2023-12-01,DEPT,,4.0,,
IND-324,D78,2024-01-01,DEPT,,4.0,,
IND-324,D78,2024-03-01,DEPT,,4.0,,
IND-324,D78,2024-05-01,DEPT,,4.0,,
IND-324,D78,2024-06-01,DEPT,,4.0,,
IND-324,D78,2024-08-01,DEPT,,4.0,,
IND-324,D78,2024-10-01,DEPT,,4.0,,
IND-324,D78,2025-01-01,DEPT,,4.0,,
IND-324,D78,2025-03-01,DEPT,,4.0,,
IND-324,D78,2025-06-01,DEPT,,5.0,,9.09
IND-324,D79,2022-06-01,DEPT,,20.0,,
IND-324,D79,2022-07-01,DEPT,,20.0,,
IND-324,D79,2022-08-01,DEPT,,20.0,,
IND-324,D79,2022-09-01,DEPT,,20.0,,
IND-324,D79,2022-10-01,DEPT,,20.0,,
IND-324,D79,2022-11-01,DEPT,,22.0,,
IND-324,D79,2022-12-01,DEPT,,24.0,,
IND-324,D79,2023-01-01,DEPT,,24.0,,
IND-324,D79,2023-02-01,DEPT,,24.0,,
IND-324,D79,2023-03-01,DEPT,,26.0,,
IND-324,D79,2023-04-01,DEPT,,29.0,,
IND-324,D79,2023-06-01,DEPT,,30.0,,
IND-324,D79,2023-08-01,DEPT,,30.0,,
IND-324,D79,2023-10-01,DEPT,,30.0,,
IND-324,D79,2023-12-01,DEPT,,32.0,,
IND-324,D79,2024-01-01,DEPT,,32.0,,
IND-324,D79,2024-03-01,DEPT,,32.0,,
IND-324,D79,2024-05-01,DEPT,,32.0,,
IND-324,D79,2024-06-01,DEPT,,32.0,,
IND-324,D79,2024-08-01,DEPT,,32.0,,
IND-324,D79,2024-10-01,DEPT,,33.0,,
IND-324,D79,2025-01-01,DEPT,,33.0,,
IND-324,D79,2025-03-01,DEPT,,34.0,,
IND-324,D79,2025-06-01,DEPT,,36.0,,59.26
IND-324,D80,2022-06-01,DEPT,,26.0,,
IND-324,D80,2022-07-01,DEPT,,26.0,,
IND-324,D80,2022-08-01,DEPT,,29.0,,
IND-324,D80,2022-09-01,DEPT,,29.0,,
IND-324,D80,2022-10-01,DEPT,,28.0,,
IND-324,D80,2022-11-01,DEPT,,33.0,,
IND-324,D80,2022-12-01,DEPT,,34.0,,
IND-324,D80,2023-01-01,DEPT,,34.0,,
IND-324,D80,2023-02-01,DEPT,,35.0,,
IND-324,D80,2023-03-01,DEPT,,35.0,,
IND-324,D80,2023-04-01,DEPT,,35.0,,
IND-324,D80,2023-06-01,DEPT,,35.0,,
IND-324,D80,2023-08-01,DEPT,,37.0,,
IND-324,D80,2023-10-01,DEPT,,38.0,,
IND-324,D80,2023-12-01,DEPT,,38.0,,
IND-324,D80,2024-01-01,DEPT,,38.0,,
IND-324,D80,2024-03-01,DEPT,,41.0,,
IND-324,D80,2024-05-01,DEPT,,41.0,,
IND-324,D80,2024-06-01,DEPT,,42.0,,
IND-324,D80,2024-08-01,DEPT,,42.0,,
IND-324,D80,2024-10-01,DEPT,,42.0,,
IND-324,D80,2025-01-01,DEPT,,42.0,,
IND-324,D80,2025-03-01,DEPT,,42.0,,
IND-324,D80,2025-06-01,DEPT,,45.0,,71.43
IND-324,D81,2022-06-01,DEPT,,29.0,,
IND-324,D81,2022-07-01,DEPT,,29.0,,
IND-324,D81,2022-08-01,DEPT,,36.0,,
IND-324,D81,2022-09-01,DEPT,,36.0,,
IND-324,D81,2022-10-01,DEPT,,36.0,,
IND-324,D81,2022-11-01,DEPT,,38.0,,
IND-324,D81,2022-12-01,DEPT,,43.0,,
IND-324,D81,2023-01-01,DEPT,,44.0,,
IND-324,D81,2023-02-01,DEPT,,45.0,,
IND-324,D81,2023-03-01,DEPT,,46.0,,
IND-324,D81,2023-04-01,DEPT,,48.0,,
IND-324,D81,2023-06-01,DEPT,,49.0,,
IND-324,D81,2023-08-01,DEPT,,52.0,,
IND-324,D81,2023-10-01,DEPT,,56.0,,
IND-324,D81,2023-12-01,DEPT,,57.0,,
IND-324,D81,2024-01-01,DEPT,,60.0,,
IND-324,D81,2024-03-01,DEPT,,61.0,,
IND-324,D81,2024-05-01,DEPT,,62.0,,
IND-324,D81,2024-06-01,DEPT,,64.0,,
IND-324,D81,2024-08-01,DEPT,,67.0,,
IND-324,D81,2024-10-01,DEPT,,69.0,,
IND-324,D81,2025-01-01,DEPT,,71.0,,
IND-324,D81,2025-03-01,DEPT,,74.0,,
IND-324,D81,2025-06-01,DEPT,,77.0,,69.44
IND-324,D82,2022-06-01,DEPT,,12.0,,
IND-324,D82,2022-07-01,DEPT,,12.0,,
IND-324,D82,2022-08-01,DEPT,,12.0,,
IND-324,D82,2022-09-01,DEPT,,12.0,,
IND-324,D82,2022-10-01,DEPT,,13.0,,
IND-324,D82,2022-11-01,DEPT,,13.0,,
IND-324,D82,2022-12-01,DEPT,,16.0,,
IND-324,D82,2023-01-01,DEPT,,16.0,,
IND-324,D82,2023-02-01,DEPT,,16.0,,
IND-324,D82,2023-03-01,DEPT,,16.0,,
IND-324,D82,2023-04-01,DEPT,,16.0,,
IND-324,D82,2023-06-01,DEPT,,16.0,,
IND-324,D82,2023-08-01,DEPT,,16.0,,
IND-324,D82,2023-10-01,DEPT,,17.0,,
IND-324,D82,2023-12-01,DEPT,,17.0,,
IND-324,D82,2024-01-01,DEPT,,19.0,,
IND-324,D82,2024-03-01,DEPT,,21.0,,
IND-324,D82,2024-05-01,DEPT,,21.0,,
IND-324,D82,2024-06-01,DEPT,,23.0,,
IND-324,D82,2024-08-01,DEPT,,25.0,,
IND-324,D82,2024-10-01,DEPT,,25.0,,
IND-324,D82,2025-01-01,DEPT,,25.0,,
IND-324,D82,2025-03-01,DEPT,,27.0,,
IND-324,D82,2025-06-01,DEPT,,28.0,,73.91
IND-324,D83,2022-06-01,DEPT,,19.0,,
IND-324,D83,2022-07-01,DEPT,,19.0,,
IND-324,D83,2022-08-01,DEPT,,22.0,,
IND-324,D83,2022-09-01,DEPT,,22.0,,
IND-324,D83,2022-10-01,DEPT,,22.0,,
IND-324,D83,2022-11-01,DEPT,,23.0,,
IND-324,D83,2022-12-01,DEPT,,29.0,,
IND-324,D83,2023-01-01,DEPT,,28.0,,
IND-324,D83,2023-02-01,DEPT,,28.0,,
IND-324,D83,2023-03-01,DEPT,,29.0,,
IND-324,D83,2023-04-01,DEPT,,28.0,,
IND-324,D83,2023-06-01,DEPT,,28.0,,
IND-324,D83,2023-08-01,DEPT,,28.0,,
IND-324,D83,2023-10-01,DEPT,,29.0,,
IND-324,D83,2023-12-01,DEPT,,29.0,,
IND-324,D83,2024-01-01,DEPT,,30.0,,
IND-324,D83,2024-03-01,DEPT,,30.0,,
IND-324,D83,2024-05-01,DEPT,,30.0,,
IND-324,D83,2024-06-01,DEPT,,30.0,,
IND-324,D83,2024-08-01,DEPT,,30.0,,
IND-324,D83,2024-10-01,DEPT,,30.0,,
IND-324,D83,2025-01-01,DEPT,,35.0,,
IND-324,D83,2025-03-01,DEPT,,36.0,,
IND-324,D83,2025-06-01,DEPT,,38.0,,35.71
IND-324,D84,2022-06-01,DEPT,,6.0,,
IND-324,D84,2022-07-01,DEPT,,6.0,,
IND-324,D84,2022-08-01,DEPT,,7.0,,
IND-324,D84,2022-09-01,DEPT,,7.0,,
IND-324,D84,2022-10-01,DEPT,,7.0,,
IND-324,D84,2022-11-01,DEPT,,7.0,,
IND-324,D84,2022-12-01,DEPT,,11.0,,
IND-324,D84,2023-01-01,DEPT,,11.0,,
IND-324,D84,2023-02-01,DEPT,,11.0,,
IND-324,D84,2023-03-01,DEPT,,12.0,,
IND-324,D84,2023-04-01,DEPT,,12.0,,
IND-324,D84,2023-06-01,DEPT,,12.0,,
IND-324,D84,2023-08-01,DEPT,,12.0,,
IND-324,D84,2023-10-01,DEPT,,12.0,,
IND-324,D84,2023-12-01,DEPT,,12.0,,
IND-324,D84,2024-01-01,DEPT,,12.0,,
IND-324,D84,2024-03-01,DEPT,,12.0,,
IND-324,D84,2024-05-01,DEPT,,12.0,,
IND-324,D84,2024-06-01,DEPT,,12.0,,
IND-324,D84,2024-08-01,DEPT,,15.0,,
IND-324,D84,2024-10-01,DEPT,,15.0,,
IND-324,D84,2025-01-01,DEPT,,19.0,,
IND-324,D84,2025-03-01,DEPT,,19.0,,
IND-324,D84,2025-06-01,DEPT,,20.0,,42.42
IND-324,D85,2022-06-01,DEPT,,21.0,,
IND-324,D85,2022-07-01,DEPT,,21.0,,
IND-324,D85,2022-08-01,DEPT,,22.0,,
IND-324,D85,2022-09-01,DEPT,,22.0,,
IND-324,D85,2022-10-01,DEPT,,23.0,,
IND-324,D85,2022-11-01,DEPT,,25.0,,
IND-324,D85,2022-12-01,DEPT,,25.0,,
IND-324,D85,2023-01-01,DEPT,,25.0,,
IND-324,D85,2023-02-01,DEPT,,25.0,,
IND-324,D85,2023-03-01,DEPT,,26.0,,
IND-324,D85,2023-04-01,DEPT,,28.0,,
IND-324,D85,2023-06-01,DEPT,,28.0,,
IND-324,D85,2023-08-01,DEPT,,28.0,,
IND-324,D85,2023-10-01,DEPT,,31.0,,
IND-324,D85,2023-12-01,DEPT,,31.0,,
IND-324,D85,2024-01-01,DEPT,,31.0,,
IND-324,D85,2024-03-01,DEPT,,32.0,,
IND-324,D85,2024-05-01,DEPT,,32.0,,
IND-324,D85,2024-06-01,DEPT,,33.0,,
IND-324,D85,2024-08-01,DEPT,,33.0,,
IND-324,D85,2024-10-01,DEPT,,35.0,,
IND-324,D85,2025-01-01,DEPT,,40.0,,
IND-324,D85,2025-03-01,DEPT,,41.0,,
IND-324,D85,2025-06-01,DEPT,,41.0,,68.75
IND-324,D86,2022-06-01,DEPT,,10.0,,
IND-324,D86,2022-07-01,DEPT,,10.0,,
IND-324,D86,2022-08-01,DEPT,,10.0,,
IND-324,D86,2022-09-01,DEPT,,10.0,,
IND-324,D86,2022-10-01,DEPT,,11.0,,
IND-324,D86,2022-11-01,DEPT,,11.0,,
IND-324,D86,2022-12-01,DEPT,,14.0,,
IND-324,D86,2023-01-01,DEPT,,15.0,,
IND-324,D86,2023-02-01,DEPT,,16.0,,
IND-324,D86,2023-03-01,DEPT,,16.0,,
IND-324,D86,2023-04-01,DEPT,,18.0,,
IND-324,D86,2023-06-01,DEPT,,18.0,,
IND-324,D86,2023-08-01,DEPT,,22.0,,
IND-324,D86,2023-10-01,DEPT,,34.0,,
IND-324,D86,2023-12-01,DEPT,,38.0,,
IND-324,D86,2024-01-01,DEPT,,40.0,,
IND-324,D86,2024-03-01,DEPT,,41.0,,
IND-324,D86,2024-05-01,DEPT,,43.0,,
IND-324,D86,2024-06-01,DEPT,,45.0,,
IND-324,D86,2024-08-01,DEPT,,47.0,,
IND-324,D86,2024-10-01,DEPT,,47.0,,
IND-324,D86,2025-01-01,DEPT,,52.0,,
IND-324,D86,2025-03-01,DEPT,,53.0,,
IND-324,D86,2025-06-01,DEPT,,54.0,,84.62
IND-324,D87,2022-06-01,DEPT,,15.0,,
IND-324,D87,2022-07-01,DEPT,,15.0,,
IND-324,D87,2022-08-01,DEPT,,15.0,,
IND-324,D87,2022-09-01,DEPT,,15.0,,
IND-324,D87,2022-10-01,DEPT,,16.0,,
IND-324,D87,2022-11-01,DEPT,,16.0,,
IND-324,D87,2022-12-01,DEPT,,21.0,,
IND-324,D87,2023-01-01,DEPT,,21.0,,
IND-324,D87,2023-02-01,DEPT,,21.0,,
IND-324,D87,2023-03-01,DEPT,,22.0,,
IND-324,D87,2023-04-01,DEPT,,22.0,,
IND-324,D87,2023-06-01,DEPT,,21.0,,
IND-324,D87,2023-08-01,DEPT,,21.0,,
IND-324,D87,2023-10-01,DEPT,,24.0,,
IND-324,D87,2023-12-01,DEPT,,25.0,,
IND-324,D87,2024-01-01,DEPT,,25.0,,
IND-324,D87,2024-03-01,DEPT,,26.0,,
IND-324,D87,2024-05-01,DEPT,,27.0,,
IND-324,D87,2024-06-01,DEPT,,28.0,,
IND-324,D87,2024-08-01,DEPT,,29.0,,
IND-324,D87,2024-10-01,DEPT,,29.0,,
IND-324,D87,2025-01-01,DEPT,,34.0,,
IND-324,D87,2025-03-01,DEPT,,34.0,,
IND-324,D87,2025-06-01,DEPT,,37.0,,68.75
IND-324,D88,2022-06-01,DEPT,,21.0,,
IND-324,D88,2022-07-01,DEPT,,24.0,,
IND-324,D88,2022-08-01,DEPT,,26.0,,
IND-324,D88,2022-09-01,DEPT,,26.0,,
IND-324,D88,2022-10-01,DEPT,,27.0,,
IND-324,D88,2022-11-01,DEPT,,28.0,,
IND-324,D88,2022-12-01,DEPT,,35.0,,
IND-324,D88,2023-01-01,DEPT,,35.0,,
IND-324,D88,2023-02-01,DEPT,,37.0,,
IND-324,D88,2023-03-01,DEPT,,37.0,,
IND-324,D88,2023-04-01,DEPT,,38.0,,
IND-324,D88,2023-06-01,DEPT,,39.0,,
IND-324,D88,2023-08-01,DEPT,,42.0,,
IND-324,D88,2023-10-01,DEPT,,43.0,,
IND-324,D88,2023-12-01,DEPT,,44.0,,
IND-324,D88,2024-01-01,DEPT,,45.0,,
IND-324,D88,2024-03-01,DEPT,,50.0,,
IND-324,D88,2024-05-01,DEPT,,51.0,,
IND-324,D88,2024-06-01,DEPT,,51.0,,
IND-324,D88,2024-08-01,DEPT,,53.0,,
IND-324,D88,2024-10-01,DEPT,,53.0,,
IND-324,D88,2025-01-01,DEPT,,55.0,,
IND-324,D88,2025-03-01,DEPT,,59.0,,
IND-324,D88,2025-06-01,DEPT,,59.0,,70.91
IND-324,D89,2022-06-01,DEPT,,39.0,,
IND-324,D89,2022-07-01,DEPT,,39.0,,
IND-324,D89,2022-08-01,DEPT,,44.0,,
IND-324,D89,2022-09-01,DEPT,,44.0,,
IND-324,D89,2022-10-01,DEPT,,45.0,,
IND-324,D89,2022-11-01,DEPT,,46.0,,
IND-324,D89,2022-12-01,DEPT,,52.0,,
IND-324,D89,2023-01-01,DEPT,,53.0,,
IND-324,D89,2023-02-01,DEPT,,53.0,,
IND-324,D89,2023-03-01,DEPT,,53.0,,
IND-324,D89,2023-04-01,DEPT,,57.0,,
IND-324,D89,2023-06-01,DEPT,,58.0,,
IND-324,D89,2023-08-01,DEPT,,58.0,,
IND-324,D89,2023-10-01,DEPT,,66.0,,
IND-324,D89,2023-12-01,DEPT,,71.0,,
IND-324,D89,2024-01-01,DEPT,,71.0,,
IND-324,D89,2024-03-01,DEPT,,74.0,,
IND-324,D89,2024-05-01,DEPT,,81.0,,
IND-324,D89,2024-06-01,DEPT,,88.0,,
IND-324,D89,2024-08-01,DEPT,,89.0,,
IND-324,D89,2024-10-01,DEPT,,91.0,,
IND-324,D89,2025-01-01,DEPT,,93.0,,
IND-324,D89,2025-03-01,DEPT,,95.0,,
IND-324,D89,2025-06-01,DEPT,,96.0,,83.1
IND-324,D90,2022-06-01,DEPT,,6.0,,
IND-324,D90,2022-07-01,DEPT,,6.0,,
IND-324,D90,2022-08-01,DEPT,,6.0,,
IND-324,D90,2022-09-01,DEPT,,6.0,,
IND-324,D90,2022-10-01,DEPT,,7.0,,
IND-324,D90,2022-11-01,DEPT,,8.0,,
IND-324,D90,2022-12-01,DEPT,,10.0,,
IND-324,D90,2023-01-01,DEPT,,10.0,,
IND-324,D90,2023-02-01,DEPT,,10.0,,
IND-324,D90,2023-03-01,DEPT,,10.0,,
IND-324,D90,2023-04-01,DEPT,,10.0,,
IND-324,D90,2023-06-01,DEPT,,10.0,,
IND-324,D90,2023-08-01,DEPT,,10.0,,
IND-324,D90,2023-10-01,DEPT,,10.0,,
IND-324,D90,2023-12-01,DEPT,,11.0,,
IND-324,D90,2024-01-01,DEPT,,11.0,,
IND-324,D90,2024-03-01,DEPT,,11.0,,
IND-324,D90,2024-05-01,DEPT,,11.0,,
IND-324,D90,2024-06-01,DEPT,,11.0,,
IND-324,D90,2024-08-01,DEPT,,11.0,,
IND-324,D90,2024-10-01,DEPT,,13.0,,
IND-324,D90,2025-01-01,DEPT,,13.0,,
IND-324,D90,2025-03-01,DEPT,,14.0,,
IND-324,D90,2025-06-01,DEPT,,14.0,,60.0
IND-324,D91,2022-06-01,DEPT,,4.0,,
IND-324,D91,2022-07-01,DEPT,,4.0,,
IND-324,D91,2022-08-01,DEPT,,6.0,,
IND-324,D91,2022-09-01,DEPT,,6.0,,
IND-324,D91,2022-10-01,DEPT,,6.0,,
IND-324,D91,2022-11-01,DEPT,,7.0,,
IND-324,D91,2022-12-01,DEPT,,8.0,,
IND-324,D91,2023-01-01,DEPT,,8.0,,
IND-324,D91,2023-02-01,DEPT,,7.0,,
IND-324,D91,2023-03-01,DEPT,,7.0,,
IND-324,D91,2023-04-01,DEPT,,7.0,,
IND-324,D91,2023-06-01,DEPT,,7.0,,
IND-324,D91,2023-08-01,DEPT,,9.0,,
IND-324,D91,2023-10-01,DEPT,,9.0,,
IND-324,D91,2023-12-01,DEPT,,10.0,,
IND-324,D91,2024-01-01,DEPT,,10.0,,
IND-324,D91,2024-03-01,DEPT,,10.0,,
IND-324,D91,2024-05-01,DEPT,,11.0,,
IND-324,D91,2024-06-01,DEPT,,11.0,,
IND-324,D91,2024-08-01,DEPT,,11.0,,
IND-324,D91,2024-10-01,DEPT,,13.0,,
IND-324,D91,2025-01-01,DEPT,,15.0,,
IND-324,D91,2025-03-01,DEPT,,16.0,,
IND-324,D91,2025-06-01,DEPT,,16.0,,50.0
IND-324,D92,2022-06-01,DEPT,,0.0,,
IND-324,D92,2022-07-01,DEPT,,0.0,,
IND-324,D92,2022-08-01,DEPT,,0.0,,
IND-324,D92,2022-09-01,DEPT,,0.0,,
IND-324,D92,2022-10-01,DEPT,,0.0,,
IND-324,D92,2022-11-01,DEPT,,0.0,,
IND-324,D92,2022-12-01,DEPT,,0.0,,
IND-324,D92,2023-01-01,DEPT,,0.0,,
IND-324,D92,2023-02-01,DEPT,,0.0,,
IND-324,D92,2023-03-01,DEPT,,0.0,,
IND-324,D92,2023-06-01,DEPT,,0.0,,
IND-324,D92,2023-08-01,DEPT,,0.0,,
IND-324,D92,2023-10-01,DEPT,,0.0,,
IND-324,D92,2023-12-01,DEPT,,0.0,,
IND-324,D92,2024-01-01,DEPT,,0.0,,
IND-324,D92,2024-03-01,DEPT,,0.0,,
IND-324,D92,2024-05-01,DEPT,,0.0,,
IND-324,D92,2024-06-01,DEPT,,0.0,,
IND-324,D92,2024-08-01,DEPT,,0.0,,
IND-324,D92,2024-10-01,DEPT,,0.0,,
IND-324,D92,2025-01-01,DEPT,,0.0,,
IND-324,D92,2025-03-01,DEPT,,0.0,,
IND-324,D92,2025-06-01,DEPT,,0.0,,100.0
IND-324,D93,2022-06-01,DEPT,,0.0,,
IND-324,D93,2022-07-01,DEPT,,0.0,,
IND-324,D93,2022-08-01,DEPT,,0.0,,
IND-324,D93,2022-09-01,DEPT,,0.0,,
IND-324,D93,2022-10-01,DEPT,,0.0,,
IND-324,D93,2022-11-01,DEPT,,0.0,,
IND-324,D93,2022-12-01,DEPT,,0.0,,
IND-324,D93,2023-01-01,DEPT,,0.0,,
IND-324,D93,2023-02-01,DEPT,,0.0,,
IND-324,D93,2023-03-01,DEPT,,0.0,,
IND-324,D93,2023-06-01,DEPT,,0.0,,
IND-324,D93,2023-08-01,DEPT,,0.0,,
IND-324,D93,2023-10-01,DEPT,,0.0,,
IND-324,D93,2023-12-01,DEPT,,0.0,,
IND-324,D93,2024-01-01,DEPT,,0.0,,
IND-324,D93,2024-03-01,DEPT,,0.0,,
IND-324,D93,2024-05-01,DEPT,,0.0,,
IND-324,D93,2024-06-01,DEPT,,0.0,,
IND-324,D93,2024-08-01,DEPT,,0.0,,
IND-324,D93,2024-10-01,DEPT,,0.0,,
IND-324,D93,2025-01-01,DEPT,,0.0,,
IND-324,D93,2025-03-01,DEPT,,0.0,,
IND-324,D93,2025-06-01,DEPT,,0.0,,100.0
IND-324,D94,2022-06-01,DEPT,,0.0,,
IND-324,D94,2022-07-01,DEPT,,0.0,,
IND-324,D94,2022-08-01,DEPT,,0.0,,
IND-324,D94,2022-09-01,DEPT,,0.0,,
IND-324,D94,2022-10-01,DEPT,,0.0,,
IND-324,D94,2022-11-01,DEPT,,0.0,,
IND-324,D94,2022-12-01,DEPT,,0.0,,
IND-324,D94,2023-01-01,DEPT,,0.0,,
IND-324,D94,2023-02-01,DEPT,,0.0,,
IND-324,D94,2023-03-01,DEPT,,0.0,,
IND-324,D94,2023-06-01,DEPT,,0.0,,
IND-324,D94,2023-08-01,DEPT,,0.0,,
IND-324,D94,2023-10-01,DEPT,,0.0,,
IND-324,D94,2023-12-01,DEPT,,0.0,,
IND-324,D94,2024-01-01,DEPT,,0.0,,
IND-324,D94,2024-03-01,DEPT,,0.0,,
IND-324,D94,2024-05-01,DEPT,,0.0,,
IND-324,D94,2024-06-01,DEPT,,0.0,,
IND-324,D94,2024-08-01,DEPT,,0.0,,
IND-324,D94,2024-10-01,DEPT,,0.0,,
IND-324,D94,2025-01-01,DEPT,,0.0,,
IND-324,D94,2025-03-01,DEPT,,0.0,,
IND-324,D94,2025-06-01,DEPT,,0.0,,100.0
IND-324,D95,2022-06-01,DEPT,,2.0,,
IND-324,D95,2022-07-01,DEPT,,2.0,,
IND-324,D95,2022-08-01,DEPT,,5.0,,
IND-324,D95,2022-09-01,DEPT,,5.0,,
IND-324,D95,2022-10-01,DEPT,,5.0,,
IND-324,D95,2022-11-01,DEPT,,5.0,,
IND-324,D95,2022-12-01,DEPT,,6.0,,
IND-324,D95,2023-01-01,DEPT,,5.0,,
IND-324,D95,2023-02-01,DEPT,,5.0,,
IND-324,D95,2023-03-01,DEPT,,6.0,,
IND-324,D95,2023-04-01,DEPT,,6.0,,
IND-324,D95,2023-06-01,DEPT,,6.0,,
IND-324,D95,2023-08-01,DEPT,,6.0,,
IND-324,D95,2023-10-01,DEPT,,7.0,,
IND-324,D95,2023-12-01,DEPT,,8.0,,
IND-324,D95,2024-01-01,DEPT,,8.0,,
IND-324,D95,2024-03-01,DEPT,,9.0,,
IND-324,D95,2024-05-01,DEPT,,10.0,,
IND-324,D95,2024-06-01,DEPT,,10.0,,
IND-324,D95,2024-08-01,DEPT,,12.0,,
IND-324,D95,2024-10-01,DEPT,,13.0,,
IND-324,D95,2025-01-01,DEPT,,14.0,,
IND-324,D95,2025-03-01,DEPT,,14.0,,
IND-324,D95,2025-06-01,DEPT,,14.0,,48.0
IND-324,D971,,DEPT,,,,
IND-324,D972,,DEPT,,,,
IND-324,D973,,DEPT,,,,
IND-324,D974,,DEPT,,,,
IND-324,D976,,DEPT,,,,
IND-324,FRANCE,2022-06-01,NAT,,1954.0,,
IND-324,FRANCE,2022-07-01,NAT,,1972.0,,
IND-324,FRANCE,2022-08-01,NAT,,2187.0,,
IND-324,FRANCE,2022-09-01,NAT,,2187.0,,
IND-324,FRANCE,2022-10-01,NAT,,2263.0,,
IND-324,FRANCE,2022-11-01,NAT,,2344.0,,
IND-324,FRANCE,2022-12-01,NAT,,2622.0,,
IND-324,FRANCE,2023-01-01,NAT,,2693.0,,
IND-324,FRANCE,2023-02-01,NAT,,2734.0,,
IND-324,FRANCE,2023-03-01,NAT,,2795.0,,
IND-324,FRANCE,2023-04-01,NAT,,2933.0,,
IND-324,FRANCE,2023-06-01,NAT,,2947.0,,
IND-324,FRANCE,2023-08-01,NAT,,3089.0,,
IND-324,FRANCE,2023-10-01,NAT,,3313.0,,
IND-324,FRANCE,2023-12-01,NAT,,3452.0,,
IND-324,FRANCE,2024-01-01,NAT,,3512.0,,
IND-324,FRANCE,2024-03-01,NAT,,3680.0,,
IND-324,FRANCE,2024-05-01,NAT,,3774.0,,
IND-324,FRANCE,2024-06-01,NAT,,3858.0,,
IND-324,FRANCE,2024-08-01,NAT,,3959.0,,
IND-324,FRANCE,2024-10-01,NAT,,4041.0,,
IND-324,FRANCE,2025-01-01,NAT,,4316.0,,
IND-324,FRANCE,2025-03-01,NAT,,4423.0,,
IND-324,FRANCE,2025-06-01,NAT,,4576.0,,64.75
IND-324,R01,,REG,,,,
IND-324,R02,,REG,,,,
IND-324,R03,,REG,,,,
IND-324,R04,,REG,,,,
IND-324,R06,,REG,,,,
IND-324,R11,2022-06-01,REG,,18.0,,
IND-324,R11,2022-07-01,REG,,18.0,,
IND-324,R11,2022-08-01,REG,,24.0,,
IND-324,R11,2022-09-01,REG,,24.0,,
IND-324,R11,2022-10-01,REG,,24.0,,
IND-324,R11,2022-11-01,REG,,25.0,,
IND-324,R11,2022-12-01,REG,,29.0,,
IND-324,R11,2023-01-01,REG,,28.0,,
IND-324,R11,2023-02-01,REG,,28.0,,
IND-324,R11,2023-03-01,REG,,29.0,,
IND-324,R11,2023-04-01,REG,,30.0,,
IND-324,R11,2023-06-01,REG,,30.0,,
IND-324,R11,2023-08-01,REG,,36.0,,
IND-324,R11,2023-10-01,REG,,37.0,,
IND-324,R11,2023-12-01,REG,,40.0,,
IND-324,R11,2024-01-01,REG,,40.0,,
IND-324,R11,2024-03-01,REG,,44.0,,
IND-324,R11,2024-05-01,REG,,53.0,,
IND-324,R11,2024-06-01,REG,,53.0,,
IND-324,R11,2024-08-01,REG,,57.0,,
IND-324,R11,2024-10-01,REG,,59.0,,
IND-324,R11,2025-01-01,REG,,62.0,,
IND-324,R11,2025-03-01,REG,,64.0,,
IND-324,R11,2025-06-01,REG,,66.0,,46.96
IND-324,R24,2022-06-01,REG,,98.0,,
IND-324,R24,2022-07-01,REG,,98.0,,
IND-324,R24,2022-08-01,REG,,107.0,,
IND-324,R24,2022-09-01,REG,,107.0,,
IND-324,R24,2022-10-01,REG,,109.0,,
IND-324,R24,2022-11-01,REG,,122.0,,
IND-324,R24,2022-12-01,REG,,133.0,,
IND-324,R24,2023-01-01,REG,,137.0,,
IND-324,R24,2023-02-01,REG,,140.0,,
IND-324,R24,2023-03-01,REG,,142.0,,
IND-324,R24,2023-04-01,REG,,146.0,,
IND-324,R24,2023-06-01,REG,,147.0,,
IND-324,R24,2023-08-01,REG,,159.0,,
IND-324,R24,2023-10-01,REG,,164.0,,
IND-324,R24,2023-12-01,REG,,164.0,,
IND-324,R24,2024-01-01,REG,,170.0,,
IND-324,R24,2024-03-01,REG,,174.0,,
IND-324,R24,2024-05-01,REG,,179.0,,
IND-324,R24,2024-06-01,REG,,184.0,,
IND-324,R24,2024-08-01,REG,,189.0,,
IND-324,R24,2024-10-01,REG,,191.0,,
IND-324,R24,2025-01-01,REG,,209.0,,
IND-324,R24,2025-03-01,REG,,210.0,,
IND-324,R24,2025-06-01,REG,,214.0,,73.46
IND-324,R27,2022-06-01,REG,,186.0,,
IND-324,R27,2022-07-01,REG,,189.0,,
IND-324,R27,2022-08-01,REG,,209.0,,
IND-324,R27,2022-09-01,REG,,209.0,,
IND-324,R27,2022-10-01,REG,,221.0,,
IND-324,R27,2022-11-01,REG,,226.0,,
IND-324,R27,2022-12-01,REG,,257.0,,
IND-324,R27,2023-01-01,REG,,261.0,,
IND-324,R27,2023-02-01,REG,,263.0,,
IND-324,R27,2023-03-01,REG,,268.0,,
IND-324,R27,2023-04-01,REG,,283.0,,
IND-324,R27,2023-06-01,REG,,286.0,,
IND-324,R27,2023-08-01,REG,,299.0,,
IND-324,R27,2023-10-01,REG,,320.0,,
IND-324,R27,2023-12-01,REG,,336.0,,
IND-324,R27,2024-01-01,REG,,339.0,,
IND-324,R27,2024-03-01,REG,,350.0,,
IND-324,R27,2024-05-01,REG,,363.0,,
IND-324,R27,2024-06-01,REG,,378.0,,
IND-324,R27,2024-08-01,REG,,386.0,,
IND-324,R27,2024-10-01,REG,,397.0,,
IND-324,R27,2025-01-01,REG,,417.0,,
IND-324,R27,2025-03-01,REG,,436.0,,
IND-324,R27,2025-06-01,REG,,452.0,,76.0
IND-324,R28,2022-06-01,REG,,114.0,,
IND-324,R28,2022-07-01,REG,,114.0,,
IND-324,R28,2022-08-01,REG,,125.0,,
IND-324,R28,2022-09-01,REG,,125.0,,
IND-324,R28,2022-10-01,REG,,131.0,,
IND-324,R28,2022-11-01,REG,,135.0,,
IND-324,R28,2022-12-01,REG,,148.0,,
IND-324,R28,2023-01-01,REG,,155.0,,
IND-324,R28,2023-02-01,REG,,156.0,,
IND-324,R28,2023-03-01,REG,,158.0,,
IND-324,R28,2023-04-01,REG,,170.0,,
IND-324,R28,2023-06-01,REG,,170.0,,
IND-324,R28,2023-08-01,REG,,181.0,,
IND-324,R28,2023-10-01,REG,,214.0,,
IND-324,R28,2023-12-01,REG,,221.0,,
IND-324,R28,2024-01-01,REG,,224.0,,
IND-324,R28,2024-03-01,REG,,231.0,,
IND-324,R28,2024-05-01,REG,,239.0,,
IND-324,R28,2024-06-01,REG,,243.0,,
IND-324,R28,2024-08-01,REG,,247.0,,
IND-324,R28,2024-10-01,REG,,250.0,,
IND-324,R28,2025-01-01,REG,,264.0,,
IND-324,R28,2025-03-01,REG,,270.0,,
IND-324,R28,2025-06-01,REG,,273.0,,71.88
IND-324,R32,2022-06-01,REG,,99.0,,
IND-324,R32,2022-07-01,REG,,101.0,,
IND-324,R32,2022-08-01,REG,,114.0,,
IND-324,R32,2022-09-01,REG,,114.0,,
IND-324,R32,2022-10-01,REG,,114.0,,
IND-324,R32,2022-11-01,REG,,121.0,,
IND-324,R32,2022-12-01,REG,,127.0,,
IND-324,R32,2023-01-01,REG,,127.0,,
IND-324,R32,2023-02-01,REG,,133.0,,
IND-324,R32,2023-03-01,REG,,135.0,,
IND-324,R32,2023-04-01,REG,,142.0,,
IND-324,R32,2023-06-01,REG,,144.0,,
IND-324,R32,2023-08-01,REG,,148.0,,
IND-324,R32,2023-10-01,REG,,160.0,,
IND-324,R32,2023-12-01,REG,,163.0,,
IND-324,R32,2024-01-01,REG,,165.0,,
IND-324,R32,2024-03-01,REG,,172.0,,
IND-324,R32,2024-05-01,REG,,179.0,,
IND-324,R32,2024-06-01,REG,,186.0,,
IND-324,R32,2024-08-01,REG,,191.0,,
IND-324,R32,2024-10-01,REG,,192.0,,
IND-324,R32,2025-01-01,REG,,197.0,,
IND-324,R32,2025-03-01,REG,,200.0,,
IND-324,R32,2025-06-01,REG,,209.0,,70.73
IND-324,R44,2022-06-01,REG,,261.0,,
IND-324,R44,2022-07-01,REG,,266.0,,
IND-324,R44,2022-08-01,REG,,288.0,,
IND-324,R44,2022-09-01,REG,,288.0,,
IND-324,R44,2022-10-01,REG,,294.0,,
IND-324,R44,2022-11-01,REG,,304.0,,
IND-324,R44,2022-12-01,REG,,334.0,,
IND-324,R44,2023-01-01,REG,,343.0,,
IND-324,R44,2023-02-01,REG,,360.0,,
IND-324,R44,2023-03-01,REG,,372.0,,
IND-324,R44,2023-04-01,REG,,388.0,,
IND-324,R44,2023-06-01,REG,,391.0,,
IND-324,R44,2023-08-01,REG,,415.0,,
IND-324,R44,2023-10-01,REG,,437.0,,
IND-324,R44,2023-12-01,REG,,446.0,,
IND-324,R44,2024-01-01,REG,,450.0,,
IND-324,R44,2024-03-01,REG,,474.0,,
IND-324,R44,2024-05-01,REG,,482.0,,
IND-324,R44,2024-06-01,REG,,487.0,,
IND-324,R44,2024-08-01,REG,,494.0,,
IND-324,R44,2024-10-01,REG,,502.0,,
IND-324,R44,2025-01-01,REG,,521.0,,
IND-324,R44,2025-03-01,REG,,539.0,,
IND-324,R44,2025-06-01,REG,,560.0,,71.3
IND-324,R52,2022-06-01,REG,,109.0,,
IND-324,R52,2022-07-01,REG,,109.0,,
IND-324,R52,2022-08-01,REG,,117.0,,
IND-324,R52,2022-09-01,REG,,117.0,,
IND-324,R52,2022-10-01,REG,,119.0,,
IND-324,R52,2022-11-01,REG,,125.0,,
IND-324,R52,2022-12-01,REG,,137.0,,
IND-324,R52,2023-01-01,REG,,139.0,,
IND-324,R52,2023-02-01,REG,,139.0,,
IND-324,R52,2023-03-01,REG,,143.0,,
IND-324,R52,2023-04-01,REG,,148.0,,
IND-324,R52,2023-06-01,REG,,149.0,,
IND-324,R52,2023-08-01,REG,,154.0,,
IND-324,R52,2023-10-01,REG,,165.0,,
IND-324,R52,2023-12-01,REG,,172.0,,
IND-324,R52,2024-01-01,REG,,174.0,,
IND-324,R52,2024-03-01,REG,,177.0,,
IND-324,R52,2024-05-01,REG,,179.0,,
IND-324,R52,2024-06-01,REG,,181.0,,
IND-324,R52,2024-08-01,REG,,187.0,,
IND-324,R52,2024-10-01,REG,,192.0,,
IND-324,R52,2025-01-01,REG,,211.0,,
IND-324,R52,2025-03-01,REG,,212.0,,
IND-324,R52,2025-06-01,REG,,214.0,,72.44
IND-324,R53,2022-06-01,REG,,107.0,,
IND-324,R53,2022-07-01,REG,,107.0,,
IND-324,R53,2022-08-01,REG,,115.0,,
IND-324,R53,2022-09-01,REG,,115.0,,
IND-324,R53,2022-10-01,REG,,118.0,,
IND-324,R53,2022-11-01,REG,,121.0,,
IND-324,R53,2022-12-01,REG,,129.0,,
IND-324,R53,2023-01-01,REG,,130.0,,
IND-324,R53,2023-02-01,REG,,131.0,,
IND-324,R53,2023-03-01,REG,,133.0,,
IND-324,R53,2023-04-01,REG,,138.0,,
IND-324,R53,2023-06-01,REG,,139.0,,
IND-324,R53,2023-08-01,REG,,146.0,,
IND-324,R53,2023-10-01,REG,,159.0,,
IND-324,R53,2023-12-01,REG,,170.0,,
IND-324,R53,2024-01-01,REG,,173.0,,
IND-324,R53,2024-03-01,REG,,177.0,,
IND-324,R53,2024-05-01,REG,,179.0,,
IND-324,R53,2024-06-01,REG,,184.0,,
IND-324,R53,2024-08-01,REG,,187.0,,
IND-324,R53,2024-10-01,REG,,191.0,,
IND-324,R53,2025-01-01,REG,,202.0,,
IND-324,R53,2025-03-01,REG,,204.0,,
IND-324,R53,2025-06-01,REG,,207.0,,56.59
IND-324,R75,2022-06-01,REG,,281.0,,
IND-324,R75,2022-07-01,REG,,284.0,,
IND-324,R75,2022-08-01,REG,,298.0,,
IND-324,R75,2022-09-01,REG,,298.0,,
IND-324,R75,2022-10-01,REG,,308.0,,
IND-324,R75,2022-11-01,REG,,314.0,,
IND-324,R75,2022-12-01,REG,,345.0,,
IND-324,R75,2023-01-01,REG,,364.0,,
IND-324,R75,2023-02-01,REG,,365.0,,
IND-324,R75,2023-03-01,REG,,373.0,,
IND-324,R75,2023-04-01,REG,,393.0,,
IND-324,R75,2023-06-01,REG,,395.0,,
IND-324,R75,2023-08-01,REG,,411.0,,
IND-324,R75,2023-10-01,REG,,461.0,,
IND-324,R75,2023-12-01,REG,,486.0,,
IND-324,R75,2024-01-01,REG,,495.0,,
IND-324,R75,2024-03-01,REG,,514.0,,
IND-324,R75,2024-05-01,REG,,522.0,,
IND-324,R75,2024-06-01,REG,,531.0,,
IND-324,R75,2024-08-01,REG,,545.0,,
IND-324,R75,2024-10-01,REG,,554.0,,
IND-324,R75,2025-01-01,REG,,594.0,,
IND-324,R75,2025-03-01,REG,,606.0,,
IND-324,R75,2025-06-01,REG,,634.0,,69.94
IND-324,R76,2022-06-01,REG,,289.0,,
IND-324,R76,2022-07-01,REG,,290.0,,
IND-324,R76,2022-08-01,REG,,329.0,,
IND-324,R76,2022-09-01,REG,,329.0,,
IND-324,R76,2022-10-01,REG,,337.0,,
IND-324,R76,2022-11-01,REG,,342.0,,
IND-324,R76,2022-12-01,REG,,398.0,,
IND-324,R76,2023-01-01,REG,,408.0,,
IND-324,R76,2023-02-01,REG,,410.0,,
IND-324,R76,2023-03-01,REG,,419.0,,
IND-324,R76,2023-04-01,REG,,440.0,,
IND-324,R76,2023-06-01,REG,,444.0,,
IND-324,R76,2023-08-01,REG,,460.0,,
IND-324,R76,2023-10-01,REG,,482.0,,
IND-324,R76,2023-12-01,REG,,499.0,,
IND-324,R76,2024-01-01,REG,,512.0,,
IND-324,R76,2024-03-01,REG,,546.0,,
IND-324,R76,2024-05-01,REG,,562.0,,
IND-324,R76,2024-06-01,REG,,578.0,,
IND-324,R76,2024-08-01,REG,,600.0,,
IND-324,R76,2024-10-01,REG,,615.0,,
IND-324,R76,2025-01-01,REG,,652.0,,
IND-324,R76,2025-03-01,REG,,671.0,,
IND-324,R76,2025-06-01,REG,,696.0,,60.81
IND-324,R84,2022-06-01,REG,,276.0,,
IND-324,R84,2022-07-01,REG,,280.0,,
IND-324,R84,2022-08-01,REG,,323.0,,
IND-324,R84,2022-09-01,REG,,323.0,,
IND-324,R84,2022-10-01,REG,,344.0,,
IND-324,R84,2022-11-01,REG,,363.0,,
IND-324,R84,2022-12-01,REG,,410.0,,
IND-324,R84,2023-01-01,REG,,422.0,,
IND-324,R84,2023-02-01,REG,,428.0,,
IND-324,R84,2023-03-01,REG,,436.0,,
IND-324,R84,2023-04-01,REG,,458.0,,
IND-324,R84,2023-06-01,REG,,456.0,,
IND-324,R84,2023-08-01,REG,,476.0,,
IND-324,R84,2023-10-01,REG,,506.0,,
IND-324,R84,2023-12-01,REG,,534.0,,
IND-324,R84,2024-01-01,REG,,545.0,,
IND-324,R84,2024-03-01,REG,,589.0,,
IND-324,R84,2024-05-01,REG,,600.0,,
IND-324,R84,2024-06-01,REG,,615.0,,
IND-324,R84,2024-08-01,REG,,634.0,,
IND-324,R84,2024-10-01,REG,,649.0,,
IND-324,R84,2025-01-01,REG,,704.0,,
IND-324,R84,2025-03-01,REG,,720.0,,
IND-324,R84,2025-06-01,REG,,746.0,,62.87
IND-324,R93,2022-06-01,REG,,85.0,,
IND-324,R93,2022-07-01,REG,,85.0,,
IND-324,R93,2022-08-01,REG,,102.0,,
IND-324,R93,2022-09-01,REG,,102.0,,
IND-324,R93,2022-10-01,REG,,107.0,,
IND-324,R93,2022-11-01,REG,,109.0,,
IND-324,R93,2022-12-01,REG,,136.0,,
IND-324,R93,2023-01-01,REG,,137.0,,
IND-324,R93,2023-02-01,REG,,137.0,,
IND-324,R93,2023-03-01,REG,,142.0,,
IND-324,R93,2023-04-01,REG,,146.0,,
IND-324,R93,2023-06-01,REG,,145.0,,
IND-324,R93,2023-08-01,REG,,150.0,,
IND-324,R93,2023-10-01,REG,,152.0,,
IND-324,R93,2023-12-01,REG,,160.0,,
IND-324,R93,2024-01-01,REG,,163.0,,
IND-324,R93,2024-03-01,REG,,167.0,,
IND-324,R93,2024-05-01,REG,,172.0,,
IND-324,R93,2024-06-01,REG,,173.0,,
IND-324,R93,2024-08-01,REG,,177.0,,
IND-324,R93,2024-10-01,REG,,180.0,,
IND-324,R93,2025-01-01,REG,,204.0,,
IND-324,R93,2025-03-01,REG,,207.0,,
IND-324,R93,2025-06-01,REG,,217.0,,45.25
IND-324,R94,2022-06-01,REG,,31.0,,
IND-324,R94,2022-07-01,REG,,31.0,,
IND-324,R94,2022-08-01,REG,,36.0,,
IND-324,R94,2022-09-01,REG,,36.0,,
IND-324,R94,2022-10-01,REG,,37.0,,
IND-324,R94,2022-11-01,REG,,37.0,,
IND-324,R94,2022-12-01,REG,,39.0,,
IND-324,R94,2023-01-01,REG,,42.0,,
IND-324,R94,2023-02-01,REG,,44.0,,
IND-324,R94,2023-03-01,REG,,45.0,,
IND-324,R94,2023-04-01,REG,,51.0,,
IND-324,R94,2023-06-01,REG,,51.0,,
IND-324,R94,2023-08-01,REG,,54.0,,
IND-324,R94,2023-10-01,REG,,56.0,,
IND-324,R94,2023-12-01,REG,,61.0,,
IND-324,R94,2024-01-01,REG,,62.0,,
IND-324,R94,2024-03-01,REG,,65.0,,
IND-324,R94,2024-05-01,REG,,65.0,,
IND-324,R94,2024-06-01,REG,,65.0,,
IND-324,R94,2024-08-01,REG,,65.0,,
IND-324,R94,2024-10-01,REG,,69.0,,
IND-324,R94,2025-01-01,REG,,79.0,,
IND-324,R94,2025-03-01,REG,,84.0,,
IND-324,R94,2025-06-01,REG,,88.0,,52.78
IND-324,D55,2022-05-01,DEPT,35.0,,,
IND-324,D48,2022-05-01,DEPT,29.0,,,
IND-324,D56,2022-05-01,DEPT,36.0,,,
IND-324,D47,2022-05-01,DEPT,20.0,,,
IND-324,D57,2022-05-01,DEPT,39.0,,,
IND-324,D46,2022-05-01,DEPT,30.0,,,
IND-324,D58,2022-05-01,DEPT,28.0,,,
IND-324,D59,2022-05-01,DEPT,6.0,,,
IND-324,D45,2022-05-01,DEPT,12.0,,,
IND-324,D60,2022-05-01,DEPT,8.0,,,
IND-324,D44,2022-05-01,DEPT,15.0,,,
IND-324,D61,2022-05-01,DEPT,12.0,,,
IND-324,D43,2022-05-01,DEPT,24.0,,,
IND-324,D62,2022-05-01,DEPT,14.0,,,
IND-324,D42,2022-05-01,DEPT,13.0,,,
IND-324,D01,2022-05-01,DEPT,21.0,,,
IND-324,D02,2022-05-01,DEPT,40.0,,,
IND-324,D03,2022-05-01,DEPT,37.0,,,
IND-324,D04,2022-05-01,DEPT,17.0,,,
IND-324,D05,2022-05-01,DEPT,20.0,,,
IND-324,D06,2022-05-01,DEPT,12.0,,,
IND-324,D63,2022-05-01,DEPT,32.0,,,
IND-324,D07,2022-05-01,DEPT,30.0,,,
IND-324,D08,2022-05-01,DEPT,19.0,,,
IND-324,D09,2022-05-01,DEPT,22.0,,,
IND-324,D10,2022-05-01,DEPT,37.0,,,
IND-324,D41,2022-05-01,DEPT,15.0,,,
IND-324,D11,2022-05-01,DEPT,19.0,,,
IND-324,D12,2022-05-01,DEPT,38.0,,,
IND-324,D13,2022-05-01,DEPT,6.0,,,
IND-324,D14,2022-05-01,DEPT,21.0,,,
IND-324,D15,2022-05-01,DEPT,25.0,,,
IND-324,D16,2022-05-01,DEPT,29.0,,,
IND-324,D17,2022-05-01,DEPT,32.0,,,
IND-324,D18,2022-05-01,DEPT,14.0,,,
IND-324,D19,2022-05-01,DEPT,12.0,,,
IND-324,D21,2022-05-01,DEPT,15.0,,,
IND-324,D22,2022-05-01,DEPT,27.0,,,
IND-324,D23,2022-05-01,DEPT,31.0,,,
IND-324,D24,2022-05-01,DEPT,34.0,,,
IND-324,D25,2022-05-01,DEPT,33.0,,,
IND-324,D26,2022-05-01,DEPT,18.0,,,
IND-324,D27,2022-05-01,DEPT,23.0,,,
IND-324,D28,2022-05-01,DEPT,15.0,,,
IND-324,D29,2022-05-01,DEPT,25.0,,,
IND-324,D2A,2022-05-01,DEPT,7.0,,,
IND-324,D64,2022-05-01,DEPT,26.0,,,
IND-324,D2B,2022-05-01,DEPT,24.0,,,
IND-324,D30,2022-05-01,DEPT,19.0,,,
IND-324,D31,2022-05-01,DEPT,12.0,,,
IND-324,D32,2022-05-01,DEPT,11.0,,,
IND-324,D33,2022-05-01,DEPT,17.0,,,
IND-324,D40,2022-05-01,DEPT,11.0,,,
IND-324,D34,2022-05-01,DEPT,23.0,,,
IND-324,D35,2022-05-01,DEPT,16.0,,,
IND-324,D36,2022-05-01,DEPT,18.0,,,
IND-324,D37,2022-05-01,DEPT,21.0,,,
IND-324,D38,2022-05-01,DEPT,13.0,,,
IND-324,D39,2022-05-01,DEPT,17.0,,,
IND-324,D65,2022-05-01,DEPT,8.0,,,
IND-324,D66,2022-05-01,DEPT,11.0,,,
IND-324,D67,2022-05-01,DEPT,15.0,,,
IND-324,D68,2022-05-01,DEPT,6.0,,,
IND-324,D52,2022-05-01,DEPT,12.0,,,
IND-324,D51,2022-05-01,DEPT,38.0,,,
IND-324,D53,2022-05-01,DEPT,23.0,,,
IND-324,D50,2022-05-01,DEPT,23.0,,,
IND-324,D54,2022-05-01,DEPT,26.0,,,
IND-324,D49,2022-05-01,DEPT,18.0,,,
IND-324,R94,2022-05-01,REG,31.0,,,
IND-324,R93,2022-05-01,REG,79.0,,,
IND-324,R84,2022-05-01,REG,255.0,,,
IND-324,R76,2022-05-01,REG,260.0,,,
IND-324,R75,2022-05-01,REG,257.0,,,
IND-324,R53,2022-05-01,REG,104.0,,,
IND-324,R52,2022-05-01,REG,101.0,,,
IND-324,R44,2022-05-01,REG,247.0,,,
IND-324,R32,2022-05-01,REG,93.0,,,
IND-324,R28,2022-05-01,REG,112.0,,,
IND-324,R27,2022-05-01,REG,167.0,,,
IND-324,R24,2022-05-01,REG,95.0,,,
IND-324,R11,2022-05-01,REG,12.0,,,
IND-324,FRANCE,2022-05-01,NAT,1813.0,,,
IND-324,D95,2022-05-01,DEPT,2.0,,,
IND-324,D94,2022-05-01,DEPT,0.0,,,
IND-324,D93,2022-05-01,DEPT,0.0,,,
IND-324,D92,2022-05-01,DEPT,0.0,,,
IND-324,D91,2022-05-01,DEPT,2.0,,,
IND-324,D90,2022-05-01,DEPT,5.0,,,
IND-324,D89,2022-05-01,DEPT,37.0,,,
IND-324,D88,2022-05-01,DEPT,20.0,,,
IND-324,D87,2022-05-01,DEPT,15.0,,,
IND-324,D86,2022-05-01,DEPT,10.0,,,
IND-324,D85,2022-05-01,DEPT,19.0,,,
IND-324,D84,2022-05-01,DEPT,6.0,,,
IND-324,D83,2022-05-01,DEPT,18.0,,,
IND-324,D82,2022-05-01,DEPT,11.0,,,
IND-324,D81,2022-05-01,DEPT,27.0,,,
IND-324,D80,2022-05-01,DEPT,25.0,,,
IND-324,D79,2022-05-01,DEPT,20.0,,,
IND-324,D78,2022-05-01,DEPT,3.0,,,
IND-324,D77,2022-05-01,DEPT,5.0,,,
IND-324,D76,2022-05-01,DEPT,33.0,,,
IND-324,D75,2022-05-01,DEPT,0.0,,,
IND-324,D74,2022-05-01,DEPT,18.0,,,
IND-324,D73,2022-05-01,DEPT,13.0,,,
IND-324,D72,2022-05-01,DEPT,26.0,,,
IND-324,D71,2022-05-01,DEPT,21.0,,,
IND-324,D70,2022-05-01,DEPT,11.0,,,
IND-324,D69,2022-05-01,DEPT,11.0,,,
IND-324,D11,2026-12-01,DEPT,,,77.0,
IND-324,D10,2026-12-01,DEPT,,,72.0,
IND-324,D09,2026-12-01,DEPT,,,103.0,
IND-324,D08,2026-12-01,DEPT,,,64.0,
IND-324,D07,2026-12-01,DEPT,,,125.0,
IND-324,D06,2026-12-01,DEPT,,,78.0,
IND-324,D05,2026-12-01,DEPT,,,81.0,
IND-324,D04,2026-12-01,DEPT,,,75.0,
IND-324,D03,2026-12-01,DEPT,,,83.0,
IND-324,D02,2026-12-01,DEPT,,,89.0,
IND-324,D01,2026-12-01,DEPT,,,76.0,
IND-324,R94,2026-12-01,REG,,,139.0,
IND-324,R93,2026-12-01,REG,,,384.0,
IND-324,R84,2026-12-01,REG,,,1036.0,
IND-324,R76,2026-12-01,REG,,,977.0,
IND-324,R75,2026-12-01,REG,,,796.0,
IND-324,R53,2026-12-01,REG,,,286.0,
IND-324,R52,2026-12-01,REG,,,257.0,
IND-324,R44,2026-12-01,REG,,,686.0,
IND-324,R32,2026-12-01,REG,,,257.0,
IND-324,R28,2026-12-01,REG,,,336.0,
IND-324,R27,2026-12-01,REG,,,542.0,
IND-324,R24,2026-12-01,REG,,,257.0,
IND-324,R11,2026-12-01,REG,,,127.0,
IND-324,FRANCE,2026-12-01,NAT,,,6080.0,
IND-324,D95,2026-12-01,DEPT,,,27.0,
IND-324,D94,2026-12-01,DEPT,,,0.0,
IND-324,D93,2026-12-01,DEPT,,,0.0,
IND-324,D92,2026-12-01,DEPT,,,0.0,
IND-324,D91,2026-12-01,DEPT,,,30.0,
IND-324,D90,2026-12-01,DEPT,,,20.0,
IND-324,D89,2026-12-01,DEPT,,,108.0,
IND-324,D88,2026-12-01,DEPT,,,75.0,
IND-324,D87,2026-12-01,DEPT,,,47.0,
IND-324,D86,2026-12-01,DEPT,,,62.0,
IND-324,D85,2026-12-01,DEPT,,,51.0,
IND-324,D84,2026-12-01,DEPT,,,39.0,
IND-324,D83,2026-12-01,DEPT,,,74.0,
IND-324,D82,2026-12-01,DEPT,,,34.0,
IND-324,D81,2026-12-01,DEPT,,,99.0,
IND-324,D80,2026-12-01,DEPT,,,53.0,
IND-324,D79,2026-12-01,DEPT,,,47.0,
IND-324,D78,2026-12-01,DEPT,,,25.0,
IND-324,D77,2026-12-01,DEPT,,,45.0,
IND-324,D76,2026-12-01,DEPT,,,90.0,
IND-324,D75,2026-12-01,DEPT,,,0.0,
IND-324,D74,2026-12-01,DEPT,,,99.0,
IND-324,D73,2026-12-01,DEPT,,,82.0,
IND-324,D72,2026-12-01,DEPT,,,61.0,
IND-324,D71,2026-12-01,DEPT,,,64.0,
IND-324,D70,2026-12-01,DEPT,,,46.0,
IND-324,D69,2026-12-01,DEPT,,,50.0,
IND-324,D68,2026-12-01,DEPT,,,61.0,
IND-324,D67,2026-12-01,DEPT,,,55.0,
IND-324,D66,2026-12-01,DEPT,,,74.0,
IND-324,D65,2026-12-01,DEPT,,,57.0,
IND-324,D64,2026-12-01,DEPT,,,95.0,
IND-324,D63,2026-12-01,DEPT,,,102.0,
IND-324,D62,2026-12-01,DEPT,,,44.0,
IND-324,D61,2026-12-01,DEPT,,,37.0,
IND-324,D60,2026-12-01,DEPT,,,40.0,
IND-324,D59,2026-12-01,DEPT,,,31.0,
IND-324,D58,2026-12-01,DEPT,,,77.0,
IND-324,D57,2026-12-01,DEPT,,,74.0,
IND-324,D56,2026-12-01,DEPT,,,81.0,
IND-324,D55,2026-12-01,DEPT,,,85.0,
IND-324,D54,2026-12-01,DEPT,,,79.0,
IND-324,D53,2026-12-01,DEPT,,,52.0,
IND-324,D52,2026-12-01,DEPT,,,41.0,
IND-324,D51,2026-12-01,DEPT,,,80.0,
IND-324,D50,2026-12-01,DEPT,,,94.0,
IND-324,D49,2026-12-01,DEPT,,,52.0,
IND-324,D48,2026-12-01,DEPT,,,95.0,
IND-324,D47,2026-12-01,DEPT,,,57.0,
IND-324,D46,2026-12-01,DEPT,,,84.0,
IND-324,D45,2026-12-01,DEPT,,,46.0,
IND-324,D44,2026-12-01,DEPT,,,41.0,
IND-324,D43,2026-12-01,DEPT,,,95.0,
IND-324,D42,2026-12-01,DEPT,,,67.0,
IND-324,D41,2026-12-01,DEPT,,,33.0,
IND-324,D40,2026-12-01,DEPT,,,71.0,
IND-324,D39,2026-12-01,DEPT,,,70.0,
IND-324,D38,2026-12-01,DEPT,,,76.0,
IND-324,D37,2026-12-01,DEPT,,,48.0,
IND-324,D36,2026-12-01,DEPT,,,43.0,
IND-324,D35,2026-12-01,DEPT,,,46.0,
IND-324,D34,2026-12-01,DEPT,,,72.0,
IND-324,D33,2026-12-01,DEPT,,,63.0,
IND-324,D32,2026-12-01,DEPT,,,52.0,
IND-324,D31,2026-12-01,DEPT,,,51.0,
IND-324,D30,2026-12-01,DEPT,,,68.0,
IND-324,D2B,2026-12-01,DEPT,,,73.0,
IND-324,D2A,2026-12-01,DEPT,,,66.0,
IND-324,D29,2026-12-01,DEPT,,,89.0,
IND-324,D28,2026-12-01,DEPT,,,38.0,
IND-324,D27,2026-12-01,DEPT,,,62.0,
IND-324,D26,2026-12-01,DEPT,,,87.0,
IND-324,D25,2026-12-01,DEPT,,,99.0,
IND-324,D24,2026-12-01,DEPT,,,112.0,
IND-324,D23,2026-12-01,DEPT,,,65.0,
IND-324,D22,2026-12-01,DEPT,,,70.0,
IND-324,D21,2026-12-01,DEPT,,,58.0,
IND-324,D19,2026-12-01,DEPT,,,44.0,
IND-324,D18,2026-12-01,DEPT,,,49.0,
IND-324,D17,2026-12-01,DEPT,,,69.0,
IND-324,D16,2026-12-01,DEPT,,,64.0,
IND-324,D15,2026-12-01,DEPT,,,94.0,
IND-324,D14,2026-12-01,DEPT,,,53.0,
IND-324,D13,2026-12-01,DEPT,,,37.0,
IND-324,D12,2026-12-01,DEPT,,,111.0,
