indic_id,enforce_zone_id,metric_enforce_date,maille,indic_vi,indic_va,indic_vc,indic_ta
IND-295,D01,2022-12-01,DEPT,0.0,,,
IND-295,D01,2023-01-01,DEPT,,51.0,,
IND-295,D01,2023-02-01,DEPT,,95.0,,
IND-295,D01,2023-03-01,DEPT,,147.0,,
IND-295,D01,2023-04-01,DEPT,,191.0,,
IND-295,D01,2023-05-01,DEPT,,257.0,,
IND-295,D01,2023-06-01,DEPT,,315.0,,
IND-295,D01,2023-07-01,DEPT,,354.0,,
IND-295,D01,2023-08-01,DEPT,,396.0,,
IND-295,D01,2023-09-01,DEPT,,429.0,,
IND-295,D01,2023-10-01,DEPT,,482.0,,
IND-295,D01,2023-11-01,DEPT,,530.0,,
IND-295,D01,2023-12-01,DEPT,,570.0,,
IND-295,D01,2024-01-01,DEPT,,616.0,,
IND-295,D01,2024-02-01,DEPT,,658.0,,
IND-295,D01,2024-03-01,DEPT,,709.0,,
IND-295,D01,2024-04-01,DEPT,,755.0,,
IND-295,D01,2024-05-01,DEPT,,812.0,,
IND-295,D01,2024-06-01,DEPT,,849.0,,
IND-295,D01,2024-08-01,DEPT,,942.0,,
IND-295,D01,2024-09-01,DEPT,,977.0,,
IND-295,D01,2024-10-01,DEPT,,1010.0,,
IND-295,D01,2024-11-01,DEPT,,1058.0,,46.77
IND-295,D01,2026-12-01,DEPT,,,2262.0,
IND-295,D02,2022-12-01,DEPT,0.0,,,
IND-295,D02,2023-01-01,DEPT,,29.0,,
IND-295,D02,2023-02-01,DEPT,,57.0,,
IND-295,D02,2023-03-01,DEPT,,90.0,,
IND-295,D02,2023-04-01,DEPT,,114.0,,
IND-295,D02,2023-05-01,DEPT,,141.0,,
IND-295,D02,2023-06-01,DEPT,,163.0,,
IND-295,D02,2023-07-01,DEPT,,183.0,,
IND-295,D02,2023-08-01,DEPT,,196.0,,
IND-295,D02,2023-09-01,DEPT,,227.0,,
IND-295,D02,2023-10-01,DEPT,,257.0,,
IND-295,D02,2023-11-01,DEPT,,312.0,,
IND-295,D02,2023-12-01,DEPT,,350.0,,
IND-295,D02,2024-01-01,DEPT,,376.0,,
IND-295,D02,2024-02-01,DEPT,,414.0,,
IND-295,D02,2024-03-01,DEPT,,447.0,,
IND-295,D02,2024-04-01,DEPT,,489.0,,
IND-295,D02,2024-05-01,DEPT,,515.0,,
IND-295,D02,2024-06-01,DEPT,,539.0,,
IND-295,D02,2024-08-01,DEPT,,612.0,,
IND-295,D02,2024-09-01,DEPT,,649.0,,
IND-295,D02,2024-10-01,DEPT,,704.0,,
IND-295,D02,2024-11-01,DEPT,,744.0,,60.39
IND-295,D02,2026-12-01,DEPT,,,1232.0,
IND-295,D03,2022-12-01,DEPT,0.0,,,
IND-295,D03,2023-01-01,DEPT,,2.0,,
IND-295,D03,2023-02-01,DEPT,,7.0,,
IND-295,D03,2023-03-01,DEPT,,11.0,,
IND-295,D03,2023-04-01,DEPT,,13.0,,
IND-295,D03,2023-05-01,DEPT,,29.0,,
IND-295,D03,2023-06-01,DEPT,,42.0,,
IND-295,D03,2023-07-01,DEPT,,44.0,,
IND-295,D03,2023-08-01,DEPT,,57.0,,
IND-295,D03,2023-09-01,DEPT,,62.0,,
IND-295,D03,2023-10-01,DEPT,,73.0,,
IND-295,D03,2023-11-01,DEPT,,86.0,,
IND-295,D03,2023-12-01,DEPT,,92.0,,
IND-295,D03,2024-01-01,DEPT,,99.0,,
IND-295,D03,2024-02-01,DEPT,,118.0,,
IND-295,D03,2024-03-01,DEPT,,127.0,,
IND-295,D03,2024-04-01,DEPT,,149.0,,
IND-295,D03,2024-05-01,DEPT,,165.0,,
IND-295,D03,2024-06-01,DEPT,,178.0,,
IND-295,D03,2024-08-01,DEPT,,189.0,,
IND-295,D03,2024-09-01,DEPT,,224.0,,
IND-295,D03,2024-10-01,DEPT,,235.0,,
IND-295,D03,2024-11-01,DEPT,,270.0,,31.62
IND-295,D03,2026-12-01,DEPT,,,854.0,
IND-295,D04,2022-12-01,DEPT,0.0,,,
IND-295,D04,2023-01-01,DEPT,,0.0,,
IND-295,D04,2023-02-01,DEPT,,9.0,,
IND-295,D04,2023-03-01,DEPT,,11.0,,
IND-295,D04,2023-04-01,DEPT,,13.0,,
IND-295,D04,2023-05-01,DEPT,,13.0,,
IND-295,D04,2023-06-01,DEPT,,24.0,,
IND-295,D04,2023-07-01,DEPT,,26.0,,
IND-295,D04,2023-08-01,DEPT,,31.0,,
IND-295,D04,2023-09-01,DEPT,,37.0,,
IND-295,D04,2023-10-01,DEPT,,53.0,,
IND-295,D04,2023-11-01,DEPT,,57.0,,
IND-295,D04,2023-12-01,DEPT,,68.0,,
IND-295,D04,2024-01-01,DEPT,,72.0,,
IND-295,D04,2024-02-01,DEPT,,79.0,,
IND-295,D04,2024-03-01,DEPT,,79.0,,
IND-295,D04,2024-04-01,DEPT,,81.0,,
IND-295,D04,2024-05-01,DEPT,,88.0,,
IND-295,D04,2024-06-01,DEPT,,90.0,,
IND-295,D04,2024-08-01,DEPT,,97.0,,
IND-295,D04,2024-09-01,DEPT,,97.0,,
IND-295,D04,2024-10-01,DEPT,,103.0,,
IND-295,D04,2024-11-01,DEPT,,105.0,,22.11
IND-295,D04,2026-12-01,DEPT,,,475.0,
IND-295,D05,2022-12-01,DEPT,0.0,,,
IND-295,D05,2023-01-01,DEPT,,13.0,,
IND-295,D05,2023-02-01,DEPT,,22.0,,
IND-295,D05,2023-03-01,DEPT,,22.0,,
IND-295,D05,2023-04-01,DEPT,,22.0,,
IND-295,D05,2023-05-01,DEPT,,26.0,,
IND-295,D05,2023-06-01,DEPT,,37.0,,
IND-295,D05,2023-07-01,DEPT,,40.0,,
IND-295,D05,2023-08-01,DEPT,,44.0,,
IND-295,D05,2023-09-01,DEPT,,53.0,,
IND-295,D05,2023-10-01,DEPT,,55.0,,
IND-295,D05,2023-11-01,DEPT,,79.0,,
IND-295,D05,2023-12-01,DEPT,,99.0,,
IND-295,D05,2024-01-01,DEPT,,121.0,,
IND-295,D05,2024-02-01,DEPT,,139.0,,
IND-295,D05,2024-03-01,DEPT,,143.0,,
IND-295,D05,2024-04-01,DEPT,,154.0,,
IND-295,D05,2024-05-01,DEPT,,167.0,,
IND-295,D05,2024-06-01,DEPT,,172.0,,
IND-295,D05,2024-08-01,DEPT,,202.0,,
IND-295,D05,2024-09-01,DEPT,,222.0,,
IND-295,D05,2024-10-01,DEPT,,235.0,,
IND-295,D05,2024-11-01,DEPT,,266.0,,60.45
IND-295,D05,2026-12-01,DEPT,,,440.0,
IND-295,D06,2022-12-01,DEPT,0.0,,,
IND-295,D06,2023-01-01,DEPT,,68.0,,
IND-295,D06,2023-02-01,DEPT,,97.0,,
IND-295,D06,2023-03-01,DEPT,,185.0,,
IND-295,D06,2023-04-01,DEPT,,249.0,,
IND-295,D06,2023-05-01,DEPT,,290.0,,
IND-295,D06,2023-06-01,DEPT,,337.0,,
IND-295,D06,2023-07-01,DEPT,,411.0,,
IND-295,D06,2023-08-01,DEPT,,486.0,,
IND-295,D06,2023-09-01,DEPT,,539.0,,
IND-295,D06,2023-10-01,DEPT,,585.0,,
IND-295,D06,2023-11-01,DEPT,,660.0,,
IND-295,D06,2023-12-01,DEPT,,752.0,,
IND-295,D06,2024-01-01,DEPT,,778.0,,
IND-295,D06,2024-02-01,DEPT,,827.0,,
IND-295,D06,2024-03-01,DEPT,,869.0,,
IND-295,D06,2024-04-01,DEPT,,950.0,,
IND-295,D06,2024-05-01,DEPT,,985.0,,
IND-295,D06,2024-06-01,DEPT,,1060.0,,
IND-295,D06,2024-08-01,DEPT,,1128.0,,
IND-295,D06,2024-09-01,DEPT,,1181.0,,
IND-295,D06,2024-10-01,DEPT,,1282.0,,
IND-295,D06,2024-11-01,DEPT,,1361.0,,52.43
IND-295,D06,2026-12-01,DEPT,,,2596.0,
IND-295,D07,2022-12-01,DEPT,0.0,,,
IND-295,D07,2023-01-01,DEPT,,7.0,,
IND-295,D07,2023-02-01,DEPT,,46.0,,
IND-295,D07,2023-03-01,DEPT,,57.0,,
IND-295,D07,2023-04-01,DEPT,,73.0,,
IND-295,D07,2023-05-01,DEPT,,90.0,,
IND-295,D07,2023-06-01,DEPT,,95.0,,
IND-295,D07,2023-07-01,DEPT,,110.0,,
IND-295,D07,2023-08-01,DEPT,,123.0,,
IND-295,D07,2023-09-01,DEPT,,136.0,,
IND-295,D07,2023-10-01,DEPT,,152.0,,
IND-295,D07,2023-11-01,DEPT,,161.0,,
IND-295,D07,2023-12-01,DEPT,,167.0,,
IND-295,D07,2024-01-01,DEPT,,178.0,,
IND-295,D07,2024-02-01,DEPT,,193.0,,
IND-295,D07,2024-03-01,DEPT,,209.0,,
IND-295,D07,2024-04-01,DEPT,,233.0,,
IND-295,D07,2024-05-01,DEPT,,246.0,,
IND-295,D07,2024-06-01,DEPT,,264.0,,
IND-295,D07,2024-08-01,DEPT,,290.0,,
IND-295,D07,2024-09-01,DEPT,,301.0,,
IND-295,D07,2024-10-01,DEPT,,325.0,,
IND-295,D07,2024-11-01,DEPT,,345.0,,42.18
IND-295,D07,2026-12-01,DEPT,,,818.0,
IND-295,D08,2022-12-01,DEPT,0.0,,,
IND-295,D08,2023-01-01,DEPT,,29.0,,
IND-295,D08,2023-02-01,DEPT,,51.0,,
IND-295,D08,2023-03-01,DEPT,,73.0,,
IND-295,D08,2023-04-01,DEPT,,114.0,,
IND-295,D08,2023-05-01,DEPT,,134.0,,
IND-295,D08,2023-06-01,DEPT,,143.0,,
IND-295,D08,2023-07-01,DEPT,,147.0,,
IND-295,D08,2023-08-01,DEPT,,172.0,,
IND-295,D08,2023-09-01,DEPT,,213.0,,
IND-295,D08,2023-10-01,DEPT,,227.0,,
IND-295,D08,2023-11-01,DEPT,,266.0,,
IND-295,D08,2023-12-01,DEPT,,301.0,,
IND-295,D08,2024-01-01,DEPT,,334.0,,
IND-295,D08,2024-02-01,DEPT,,352.0,,
IND-295,D08,2024-03-01,DEPT,,393.0,,
IND-295,D08,2024-04-01,DEPT,,415.0,,
IND-295,D08,2024-05-01,DEPT,,446.0,,
IND-295,D08,2024-06-01,DEPT,,470.0,,
IND-295,D08,2024-08-01,DEPT,,519.0,,
IND-295,D08,2024-09-01,DEPT,,534.0,,
IND-295,D08,2024-10-01,DEPT,,569.0,,
IND-295,D08,2024-11-01,DEPT,,616.0,,76.05
IND-295,D08,2026-12-01,DEPT,,,810.0,
IND-295,D09,2022-12-01,DEPT,0.0,,,
IND-295,D09,2023-01-01,DEPT,,7.0,,
IND-295,D09,2023-02-01,DEPT,,13.0,,
IND-295,D09,2023-03-01,DEPT,,18.0,,
IND-295,D09,2023-04-01,DEPT,,20.0,,
IND-295,D09,2023-05-01,DEPT,,22.0,,
IND-295,D09,2023-06-01,DEPT,,24.0,,
IND-295,D09,2023-07-01,DEPT,,24.0,,
IND-295,D09,2023-08-01,DEPT,,29.0,,
IND-295,D09,2023-09-01,DEPT,,33.0,,
IND-295,D09,2023-10-01,DEPT,,33.0,,
IND-295,D09,2023-11-01,DEPT,,48.0,,
IND-295,D09,2023-12-01,DEPT,,48.0,,
IND-295,D09,2024-01-01,DEPT,,52.0,,
IND-295,D09,2024-02-01,DEPT,,55.0,,
IND-295,D09,2024-03-01,DEPT,,70.0,,
IND-295,D09,2024-04-01,DEPT,,79.0,,
IND-295,D09,2024-05-01,DEPT,,85.0,,
IND-295,D09,2024-06-01,DEPT,,85.0,,
IND-295,D09,2024-08-01,DEPT,,96.0,,
IND-295,D09,2024-09-01,DEPT,,96.0,,
IND-295,D09,2024-10-01,DEPT,,103.0,,
IND-295,D09,2024-11-01,DEPT,,103.0,,36.52
IND-295,D09,2026-12-01,DEPT,,,282.0,
IND-295,D10,2022-12-01,DEPT,0.0,,,
IND-295,D10,2023-01-01,DEPT,,18.0,,
IND-295,D10,2023-02-01,DEPT,,35.0,,
IND-295,D10,2023-03-01,DEPT,,59.0,,
IND-295,D10,2023-04-01,DEPT,,81.0,,
IND-295,D10,2023-05-01,DEPT,,121.0,,
IND-295,D10,2023-06-01,DEPT,,128.0,,
IND-295,D10,2023-07-01,DEPT,,139.0,,
IND-295,D10,2023-08-01,DEPT,,150.0,,
IND-295,D10,2023-09-01,DEPT,,156.0,,
IND-295,D10,2023-10-01,DEPT,,183.0,,
IND-295,D10,2023-11-01,DEPT,,194.0,,
IND-295,D10,2023-12-01,DEPT,,207.0,,
IND-295,D10,2024-01-01,DEPT,,236.0,,
IND-295,D10,2024-02-01,DEPT,,262.0,,
IND-295,D10,2024-03-01,DEPT,,293.0,,
IND-295,D10,2024-04-01,DEPT,,317.0,,
IND-295,D10,2024-05-01,DEPT,,330.0,,
IND-295,D10,2024-06-01,DEPT,,359.0,,
IND-295,D10,2024-08-01,DEPT,,396.0,,
IND-295,D10,2024-09-01,DEPT,,418.0,,
IND-295,D10,2024-10-01,DEPT,,438.0,,
IND-295,D10,2024-11-01,DEPT,,460.0,,45.05
IND-295,D10,2026-12-01,DEPT,,,1021.0,
IND-295,D11,2022-12-01,DEPT,0.0,,,
IND-295,D11,2023-01-01,DEPT,,22.0,,
IND-295,D11,2023-02-01,DEPT,,29.0,,
IND-295,D11,2023-03-01,DEPT,,59.0,,
IND-295,D11,2023-04-01,DEPT,,79.0,,
IND-295,D11,2023-05-01,DEPT,,119.0,,
IND-295,D11,2023-06-01,DEPT,,132.0,,
IND-295,D11,2023-07-01,DEPT,,136.0,,
IND-295,D11,2023-08-01,DEPT,,150.0,,
IND-295,D11,2023-09-01,DEPT,,191.0,,
IND-295,D11,2023-10-01,DEPT,,191.0,,
IND-295,D11,2023-11-01,DEPT,,202.0,,
IND-295,D11,2023-12-01,DEPT,,216.0,,
IND-295,D11,2024-01-01,DEPT,,227.0,,
IND-295,D11,2024-02-01,DEPT,,242.0,,
IND-295,D11,2024-03-01,DEPT,,262.0,,
IND-295,D11,2024-04-01,DEPT,,300.0,,
IND-295,D11,2024-05-01,DEPT,,313.0,,
IND-295,D11,2024-06-01,DEPT,,341.0,,
IND-295,D11,2024-08-01,DEPT,,366.0,,
IND-295,D11,2024-09-01,DEPT,,379.0,,
IND-295,D11,2024-10-01,DEPT,,385.0,,
IND-295,D11,2024-11-01,DEPT,,403.0,,45.33
IND-295,D11,2026-12-01,DEPT,,,889.0,
IND-295,D12,2022-12-01,DEPT,0.0,,,
IND-295,D12,2023-01-01,DEPT,,0.0,,
IND-295,D12,2023-02-01,DEPT,,20.0,,
IND-295,D12,2023-03-01,DEPT,,24.0,,
IND-295,D12,2023-04-01,DEPT,,42.0,,
IND-295,D12,2023-05-01,DEPT,,48.0,,
IND-295,D12,2023-06-01,DEPT,,70.0,,
IND-295,D12,2023-07-01,DEPT,,84.0,,
IND-295,D12,2023-08-01,DEPT,,92.0,,
IND-295,D12,2023-09-01,DEPT,,101.0,,
IND-295,D12,2023-10-01,DEPT,,108.0,,
IND-295,D12,2023-11-01,DEPT,,114.0,,
IND-295,D12,2023-12-01,DEPT,,119.0,,
IND-295,D12,2024-01-01,DEPT,,128.0,,
IND-295,D12,2024-02-01,DEPT,,141.0,,
IND-295,D12,2024-03-01,DEPT,,152.0,,
IND-295,D12,2024-04-01,DEPT,,159.0,,
IND-295,D12,2024-05-01,DEPT,,163.0,,
IND-295,D12,2024-06-01,DEPT,,174.0,,
IND-295,D12,2024-08-01,DEPT,,174.0,,
IND-295,D12,2024-09-01,DEPT,,178.0,,
IND-295,D12,2024-10-01,DEPT,,187.0,,
IND-295,D12,2024-11-01,DEPT,,198.0,,52.38
IND-295,D12,2026-12-01,DEPT,,,378.0,
IND-295,D13,2022-12-01,DEPT,0.0,,,
IND-295,D13,2023-01-01,DEPT,,112.0,,
IND-295,D13,2023-02-01,DEPT,,253.0,,
IND-295,D13,2023-03-01,DEPT,,416.0,,
IND-295,D13,2023-04-01,DEPT,,554.0,,
IND-295,D13,2023-05-01,DEPT,,675.0,,
IND-295,D13,2023-06-01,DEPT,,812.0,,
IND-295,D13,2023-07-01,DEPT,,946.0,,
IND-295,D13,2023-08-01,DEPT,,1085.0,,
IND-295,D13,2023-09-01,DEPT,,1197.0,,
IND-295,D13,2023-10-01,DEPT,,1375.0,,
IND-295,D13,2023-11-01,DEPT,,1560.0,,
IND-295,D13,2023-12-01,DEPT,,1817.0,,
IND-295,D13,2024-01-01,DEPT,,1945.0,,
IND-295,D13,2024-02-01,DEPT,,2079.0,,
IND-295,D13,2024-03-01,DEPT,,2244.0,,
IND-295,D13,2024-04-01,DEPT,,2374.0,,
IND-295,D13,2024-05-01,DEPT,,2519.0,,
IND-295,D13,2024-06-01,DEPT,,2715.0,,
IND-295,D13,2024-08-01,DEPT,,3036.0,,
IND-295,D13,2024-09-01,DEPT,,3155.0,,
IND-295,D13,2024-10-01,DEPT,,3381.0,,
IND-295,D13,2024-11-01,DEPT,,3537.0,,60.71
IND-295,D13,2026-12-01,DEPT,,,5826.0,
IND-295,D14,2022-12-01,DEPT,0.0,,,
IND-295,D14,2023-01-01,DEPT,,18.0,,
IND-295,D14,2023-02-01,DEPT,,57.0,,
IND-295,D14,2023-03-01,DEPT,,97.0,,
IND-295,D14,2023-04-01,DEPT,,145.0,,
IND-295,D14,2023-05-01,DEPT,,183.0,,
IND-295,D14,2023-06-01,DEPT,,235.0,,
IND-295,D14,2023-07-01,DEPT,,275.0,,
IND-295,D14,2023-08-01,DEPT,,315.0,,
IND-295,D14,2023-09-01,DEPT,,356.0,,
IND-295,D14,2023-10-01,DEPT,,363.0,,
IND-295,D14,2023-11-01,DEPT,,475.0,,
IND-295,D14,2023-12-01,DEPT,,539.0,,
IND-295,D14,2024-01-01,DEPT,,596.0,,
IND-295,D14,2024-02-01,DEPT,,649.0,,
IND-295,D14,2024-03-01,DEPT,,706.0,,
IND-295,D14,2024-04-01,DEPT,,735.0,,
IND-295,D14,2024-05-01,DEPT,,792.0,,
IND-295,D14,2024-06-01,DEPT,,836.0,,
IND-295,D14,2024-08-01,DEPT,,937.0,,
IND-295,D14,2024-09-01,DEPT,,946.0,,
IND-295,D14,2024-10-01,DEPT,,961.0,,
IND-295,D14,2024-11-01,DEPT,,1012.0,,46.19
IND-295,D14,2026-12-01,DEPT,,,2191.0,
IND-295,D15,2022-12-01,DEPT,0.0,,,
IND-295,D15,2023-01-01,DEPT,,0.0,,
IND-295,D15,2023-02-01,DEPT,,7.0,,
IND-295,D15,2023-03-01,DEPT,,13.0,,
IND-295,D15,2023-04-01,DEPT,,22.0,,
IND-295,D15,2023-05-01,DEPT,,22.0,,
IND-295,D15,2023-06-01,DEPT,,26.0,,
IND-295,D15,2023-07-01,DEPT,,31.0,,
IND-295,D15,2023-08-01,DEPT,,35.0,,
IND-295,D15,2023-09-01,DEPT,,53.0,,
IND-295,D15,2023-10-01,DEPT,,53.0,,
IND-295,D15,2023-11-01,DEPT,,73.0,,
IND-295,D15,2023-12-01,DEPT,,84.0,,
IND-295,D15,2024-01-01,DEPT,,102.0,,
IND-295,D15,2024-02-01,DEPT,,110.0,,
IND-295,D15,2024-03-01,DEPT,,115.0,,
IND-295,D15,2024-04-01,DEPT,,126.0,,
IND-295,D15,2024-05-01,DEPT,,137.0,,
IND-295,D15,2024-06-01,DEPT,,137.0,,
IND-295,D15,2024-08-01,DEPT,,139.0,,
IND-295,D15,2024-09-01,DEPT,,181.0,,
IND-295,D15,2024-10-01,DEPT,,201.0,,
IND-295,D15,2024-11-01,DEPT,,227.0,,44.51
IND-295,D15,2026-12-01,DEPT,,,510.0,
IND-295,D16,2022-12-01,DEPT,0.0,,,
IND-295,D16,2023-01-01,DEPT,,24.0,,
IND-295,D16,2023-02-01,DEPT,,51.0,,
IND-295,D16,2023-03-01,DEPT,,86.0,,
IND-295,D16,2023-04-01,DEPT,,134.0,,
IND-295,D16,2023-05-01,DEPT,,152.0,,
IND-295,D16,2023-06-01,DEPT,,178.0,,
IND-295,D16,2023-07-01,DEPT,,194.0,,
IND-295,D16,2023-08-01,DEPT,,213.0,,
IND-295,D16,2023-09-01,DEPT,,249.0,,
IND-295,D16,2023-10-01,DEPT,,262.0,,
IND-295,D16,2023-11-01,DEPT,,301.0,,
IND-295,D16,2023-12-01,DEPT,,315.0,,
IND-295,D16,2024-01-01,DEPT,,330.0,,
IND-295,D16,2024-02-01,DEPT,,350.0,,
IND-295,D16,2024-03-01,DEPT,,368.0,,
IND-295,D16,2024-04-01,DEPT,,372.0,,
IND-295,D16,2024-05-01,DEPT,,399.0,,
IND-295,D16,2024-06-01,DEPT,,414.0,,
IND-295,D16,2024-08-01,DEPT,,462.0,,
IND-295,D16,2024-09-01,DEPT,,471.0,,
IND-295,D16,2024-10-01,DEPT,,498.0,,
IND-295,D16,2024-11-01,DEPT,,533.0,,50.91
IND-295,D16,2026-12-01,DEPT,,,1047.0,
IND-295,D17,2022-12-01,DEPT,0.0,,,
IND-295,D17,2023-01-01,DEPT,,73.0,,
IND-295,D17,2023-02-01,DEPT,,99.0,,
IND-295,D17,2023-03-01,DEPT,,128.0,,
IND-295,D17,2023-04-01,DEPT,,165.0,,
IND-295,D17,2023-05-01,DEPT,,194.0,,
IND-295,D17,2023-06-01,DEPT,,240.0,,
IND-295,D17,2023-07-01,DEPT,,284.0,,
IND-295,D17,2023-08-01,DEPT,,290.0,,
IND-295,D17,2023-09-01,DEPT,,312.0,,
IND-295,D17,2023-10-01,DEPT,,337.0,,
IND-295,D17,2023-11-01,DEPT,,372.0,,
IND-295,D17,2023-12-01,DEPT,,407.0,,
IND-295,D17,2024-01-01,DEPT,,436.0,,
IND-295,D17,2024-02-01,DEPT,,464.0,,
IND-295,D17,2024-03-01,DEPT,,488.0,,
IND-295,D17,2024-04-01,DEPT,,517.0,,
IND-295,D17,2024-05-01,DEPT,,550.0,,
IND-295,D17,2024-06-01,DEPT,,568.0,,
IND-295,D17,2024-08-01,DEPT,,645.0,,
IND-295,D17,2024-09-01,DEPT,,673.0,,
IND-295,D17,2024-10-01,DEPT,,706.0,,
IND-295,D17,2024-11-01,DEPT,,733.0,,50.48
IND-295,D17,2026-12-01,DEPT,,,1452.0,
IND-295,D18,2022-12-01,DEPT,0.0,,,
IND-295,D18,2023-01-01,DEPT,,29.0,,
IND-295,D18,2023-02-01,DEPT,,55.0,,
IND-295,D18,2023-03-01,DEPT,,75.0,,
IND-295,D18,2023-04-01,DEPT,,86.0,,
IND-295,D18,2023-05-01,DEPT,,99.0,,
IND-295,D18,2023-06-01,DEPT,,123.0,,
IND-295,D18,2023-07-01,DEPT,,132.0,,
IND-295,D18,2023-08-01,DEPT,,150.0,,
IND-295,D18,2023-09-01,DEPT,,176.0,,
IND-295,D18,2023-10-01,DEPT,,207.0,,
IND-295,D18,2023-11-01,DEPT,,222.0,,
IND-295,D18,2023-12-01,DEPT,,273.0,,
IND-295,D18,2024-01-01,DEPT,,282.0,,
IND-295,D18,2024-02-01,DEPT,,299.0,,
IND-295,D18,2024-03-01,DEPT,,328.0,,
IND-295,D18,2024-04-01,DEPT,,363.0,,
IND-295,D18,2024-05-01,DEPT,,390.0,,
IND-295,D18,2024-06-01,DEPT,,392.0,,
IND-295,D18,2024-08-01,DEPT,,431.0,,
IND-295,D18,2024-09-01,DEPT,,451.0,,
IND-295,D18,2024-10-01,DEPT,,464.0,,
IND-295,D18,2024-11-01,DEPT,,491.0,,60.62
IND-295,D18,2026-12-01,DEPT,,,810.0,
IND-295,D19,2022-12-01,DEPT,0.0,,,
IND-295,D19,2023-01-01,DEPT,,11.0,,
IND-295,D19,2023-02-01,DEPT,,22.0,,
IND-295,D19,2023-03-01,DEPT,,35.0,,
IND-295,D19,2023-04-01,DEPT,,57.0,,
IND-295,D19,2023-05-01,DEPT,,62.0,,
IND-295,D19,2023-06-01,DEPT,,77.0,,
IND-295,D19,2023-07-01,DEPT,,88.0,,
IND-295,D19,2023-08-01,DEPT,,106.0,,
IND-295,D19,2023-09-01,DEPT,,114.0,,
IND-295,D19,2023-10-01,DEPT,,134.0,,
IND-295,D19,2023-11-01,DEPT,,141.0,,
IND-295,D19,2023-12-01,DEPT,,156.0,,
IND-295,D19,2024-01-01,DEPT,,160.0,,
IND-295,D19,2024-02-01,DEPT,,167.0,,
IND-295,D19,2024-03-01,DEPT,,180.0,,
IND-295,D19,2024-04-01,DEPT,,211.0,,
IND-295,D19,2024-05-01,DEPT,,222.0,,
IND-295,D19,2024-06-01,DEPT,,229.0,,
IND-295,D19,2024-08-01,DEPT,,237.0,,
IND-295,D19,2024-09-01,DEPT,,246.0,,
IND-295,D19,2024-10-01,DEPT,,273.0,,
IND-295,D19,2024-11-01,DEPT,,292.0,,50.26
IND-295,D19,2026-12-01,DEPT,,,581.0,
IND-295,D21,2022-12-01,DEPT,0.0,,,
IND-295,D21,2023-01-01,DEPT,,40.0,,
IND-295,D21,2023-02-01,DEPT,,75.0,,
IND-295,D21,2023-03-01,DEPT,,110.0,,
IND-295,D21,2023-04-01,DEPT,,139.0,,
IND-295,D21,2023-05-01,DEPT,,178.0,,
IND-295,D21,2023-06-01,DEPT,,207.0,,
IND-295,D21,2023-07-01,DEPT,,233.0,,
IND-295,D21,2023-08-01,DEPT,,253.0,,
IND-295,D21,2023-09-01,DEPT,,288.0,,
IND-295,D21,2023-10-01,DEPT,,345.0,,
IND-295,D21,2023-11-01,DEPT,,389.0,,
IND-295,D21,2023-12-01,DEPT,,407.0,,
IND-295,D21,2024-01-01,DEPT,,429.0,,
IND-295,D21,2024-02-01,DEPT,,451.0,,
IND-295,D21,2024-03-01,DEPT,,491.0,,
IND-295,D21,2024-04-01,DEPT,,530.0,,
IND-295,D21,2024-05-01,DEPT,,572.0,,
IND-295,D21,2024-06-01,DEPT,,636.0,,
IND-295,D21,2024-08-01,DEPT,,697.0,,
IND-295,D21,2024-09-01,DEPT,,717.0,,
IND-295,D21,2024-10-01,DEPT,,755.0,,
IND-295,D21,2024-11-01,DEPT,,761.0,,45.51
IND-295,D21,2026-12-01,DEPT,,,1672.0,
IND-295,D22,2022-12-01,DEPT,0.0,,,
IND-295,D22,2023-01-01,DEPT,,24.0,,
IND-295,D22,2023-02-01,DEPT,,44.0,,
IND-295,D22,2023-03-01,DEPT,,68.0,,
IND-295,D22,2023-04-01,DEPT,,92.0,,
IND-295,D22,2023-05-01,DEPT,,114.0,,
IND-295,D22,2023-06-01,DEPT,,125.0,,
IND-295,D22,2023-07-01,DEPT,,161.0,,
IND-295,D22,2023-08-01,DEPT,,189.0,,
IND-295,D22,2023-09-01,DEPT,,233.0,,
IND-295,D22,2023-10-01,DEPT,,262.0,,
IND-295,D22,2023-11-01,DEPT,,279.0,,
IND-295,D22,2023-12-01,DEPT,,317.0,,
IND-295,D22,2024-01-01,DEPT,,330.0,,
IND-295,D22,2024-02-01,DEPT,,363.0,,
IND-295,D22,2024-03-01,DEPT,,398.0,,
IND-295,D22,2024-04-01,DEPT,,418.0,,
IND-295,D22,2024-05-01,DEPT,,440.0,,
IND-295,D22,2024-06-01,DEPT,,460.0,,
IND-295,D22,2024-08-01,DEPT,,508.0,,
IND-295,D22,2024-09-01,DEPT,,530.0,,
IND-295,D22,2024-10-01,DEPT,,559.0,,
IND-295,D22,2024-11-01,DEPT,,594.0,,52.33
IND-295,D22,2026-12-01,DEPT,,,1135.0,
IND-295,D23,2022-12-01,DEPT,0.0,,,
IND-295,D23,2023-01-01,DEPT,,9.0,,
IND-295,D23,2023-02-01,DEPT,,18.0,,
IND-295,D23,2023-03-01,DEPT,,26.0,,
IND-295,D23,2023-04-01,DEPT,,29.0,,
IND-295,D23,2023-05-01,DEPT,,29.0,,
IND-295,D23,2023-06-01,DEPT,,35.0,,
IND-295,D23,2023-07-01,DEPT,,46.0,,
IND-295,D23,2023-08-01,DEPT,,59.0,,
IND-295,D23,2023-09-01,DEPT,,70.0,,
IND-295,D23,2023-10-01,DEPT,,70.0,,
IND-295,D23,2023-11-01,DEPT,,86.0,,
IND-295,D23,2023-12-01,DEPT,,92.0,,
IND-295,D23,2024-01-01,DEPT,,105.0,,
IND-295,D23,2024-02-01,DEPT,,116.0,,
IND-295,D23,2024-03-01,DEPT,,116.0,,
IND-295,D23,2024-04-01,DEPT,,125.0,,
IND-295,D23,2024-05-01,DEPT,,145.0,,
IND-295,D23,2024-06-01,DEPT,,145.0,,
IND-295,D23,2024-08-01,DEPT,,165.0,,
IND-295,D23,2024-09-01,DEPT,,165.0,,
IND-295,D23,2024-10-01,DEPT,,171.0,,
IND-295,D23,2024-11-01,DEPT,,198.0,,70.21
IND-295,D23,2026-12-01,DEPT,,,282.0,
IND-295,D24,2022-12-01,DEPT,0.0,,,
IND-295,D24,2023-01-01,DEPT,,15.0,,
IND-295,D24,2023-02-01,DEPT,,24.0,,
IND-295,D24,2023-03-01,DEPT,,29.0,,
IND-295,D24,2023-04-01,DEPT,,55.0,,
IND-295,D24,2023-05-01,DEPT,,84.0,,
IND-295,D24,2023-06-01,DEPT,,90.0,,
IND-295,D24,2023-07-01,DEPT,,103.0,,
IND-295,D24,2023-08-01,DEPT,,119.0,,
IND-295,D24,2023-09-01,DEPT,,125.0,,
IND-295,D24,2023-10-01,DEPT,,136.0,,
IND-295,D24,2023-11-01,DEPT,,141.0,,
IND-295,D24,2023-12-01,DEPT,,147.0,,
IND-295,D24,2024-01-01,DEPT,,151.0,,
IND-295,D24,2024-02-01,DEPT,,178.0,,
IND-295,D24,2024-03-01,DEPT,,189.0,,
IND-295,D24,2024-04-01,DEPT,,206.0,,
IND-295,D24,2024-05-01,DEPT,,215.0,,
IND-295,D24,2024-06-01,DEPT,,228.0,,
IND-295,D24,2024-08-01,DEPT,,255.0,,
IND-295,D24,2024-09-01,DEPT,,272.0,,
IND-295,D24,2024-10-01,DEPT,,272.0,,
IND-295,D24,2024-11-01,DEPT,,292.0,,32.52
IND-295,D24,2026-12-01,DEPT,,,898.0,
IND-295,D25,2022-12-01,DEPT,0.0,,,
IND-295,D25,2023-01-01,DEPT,,33.0,,
IND-295,D25,2023-02-01,DEPT,,97.0,,
IND-295,D25,2023-03-01,DEPT,,163.0,,
IND-295,D25,2023-04-01,DEPT,,211.0,,
IND-295,D25,2023-05-01,DEPT,,260.0,,
IND-295,D25,2023-06-01,DEPT,,315.0,,
IND-295,D25,2023-07-01,DEPT,,365.0,,
IND-295,D25,2023-08-01,DEPT,,422.0,,
IND-295,D25,2023-09-01,DEPT,,460.0,,
IND-295,D25,2023-10-01,DEPT,,554.0,,
IND-295,D25,2023-11-01,DEPT,,638.0,,
IND-295,D25,2023-12-01,DEPT,,686.0,,
IND-295,D25,2024-01-01,DEPT,,721.0,,
IND-295,D25,2024-02-01,DEPT,,770.0,,
IND-295,D25,2024-03-01,DEPT,,814.0,,
IND-295,D25,2024-04-01,DEPT,,844.0,,
IND-295,D25,2024-05-01,DEPT,,875.0,,
IND-295,D25,2024-06-01,DEPT,,926.0,,
IND-295,D25,2024-08-01,DEPT,,1003.0,,
IND-295,D25,2024-09-01,DEPT,,1025.0,,
IND-295,D25,2024-10-01,DEPT,,1082.0,,
IND-295,D25,2024-11-01,DEPT,,1225.0,,62.98
IND-295,D25,2026-12-01,DEPT,,,1945.0,
IND-295,D26,2022-12-01,DEPT,0.0,,,
IND-295,D26,2023-01-01,DEPT,,24.0,,
IND-295,D26,2023-02-01,DEPT,,35.0,,
IND-295,D26,2023-03-01,DEPT,,57.0,,
IND-295,D26,2023-04-01,DEPT,,81.0,,
IND-295,D26,2023-05-01,DEPT,,95.0,,
IND-295,D26,2023-06-01,DEPT,,117.0,,
IND-295,D26,2023-07-01,DEPT,,163.0,,
IND-295,D26,2023-08-01,DEPT,,174.0,,
IND-295,D26,2023-09-01,DEPT,,205.0,,
IND-295,D26,2023-10-01,DEPT,,218.0,,
IND-295,D26,2023-11-01,DEPT,,238.0,,
IND-295,D26,2023-12-01,DEPT,,266.0,,
IND-295,D26,2024-01-01,DEPT,,281.0,,
IND-295,D26,2024-02-01,DEPT,,321.0,,
IND-295,D26,2024-03-01,DEPT,,343.0,,
IND-295,D26,2024-04-01,DEPT,,363.0,,
IND-295,D26,2024-05-01,DEPT,,374.0,,
IND-295,D26,2024-06-01,DEPT,,402.0,,
IND-295,D26,2024-08-01,DEPT,,449.0,,
IND-295,D26,2024-09-01,DEPT,,453.0,,
IND-295,D26,2024-10-01,DEPT,,482.0,,
IND-295,D26,2024-11-01,DEPT,,499.0,,42.0
IND-295,D26,2026-12-01,DEPT,,,1188.0,
IND-295,D27,2022-12-01,DEPT,0.0,,,
IND-295,D27,2023-01-01,DEPT,,18.0,,
IND-295,D27,2023-02-01,DEPT,,51.0,,
IND-295,D27,2023-03-01,DEPT,,97.0,,
IND-295,D27,2023-04-01,DEPT,,123.0,,
IND-295,D27,2023-05-01,DEPT,,132.0,,
IND-295,D27,2023-06-01,DEPT,,176.0,,
IND-295,D27,2023-07-01,DEPT,,218.0,,
IND-295,D27,2023-08-01,DEPT,,253.0,,
IND-295,D27,2023-09-01,DEPT,,288.0,,
IND-295,D27,2023-10-01,DEPT,,308.0,,
IND-295,D27,2023-11-01,DEPT,,339.0,,
IND-295,D27,2023-12-01,DEPT,,383.0,,
IND-295,D27,2024-01-01,DEPT,,423.0,,
IND-295,D27,2024-02-01,DEPT,,462.0,,
IND-295,D27,2024-03-01,DEPT,,489.0,,
IND-295,D27,2024-04-01,DEPT,,513.0,,
IND-295,D27,2024-05-01,DEPT,,550.0,,
IND-295,D27,2024-06-01,DEPT,,579.0,,
IND-295,D27,2024-08-01,DEPT,,687.0,,
IND-295,D27,2024-09-01,DEPT,,713.0,,
IND-295,D27,2024-10-01,DEPT,,757.0,,
IND-295,D27,2024-11-01,DEPT,,830.0,,42.87
IND-295,D27,2026-12-01,DEPT,,,1936.0,
IND-295,D28,2022-12-01,DEPT,0.0,,,
IND-295,D28,2023-01-01,DEPT,,31.0,,
IND-295,D28,2023-02-01,DEPT,,48.0,,
IND-295,D28,2023-03-01,DEPT,,64.0,,
IND-295,D28,2023-04-01,DEPT,,68.0,,
IND-295,D28,2023-05-01,DEPT,,79.0,,
IND-295,D28,2023-06-01,DEPT,,121.0,,
IND-295,D28,2023-07-01,DEPT,,143.0,,
IND-295,D28,2023-08-01,DEPT,,154.0,,
IND-295,D28,2023-09-01,DEPT,,178.0,,
IND-295,D28,2023-10-01,DEPT,,200.0,,
IND-295,D28,2023-11-01,DEPT,,216.0,,
IND-295,D28,2023-12-01,DEPT,,249.0,,
IND-295,D28,2024-01-01,DEPT,,251.0,,
IND-295,D28,2024-02-01,DEPT,,275.0,,
IND-295,D28,2024-03-01,DEPT,,284.0,,
IND-295,D28,2024-04-01,DEPT,,308.0,,
IND-295,D28,2024-05-01,DEPT,,324.0,,
IND-295,D28,2024-06-01,DEPT,,339.0,,
IND-295,D28,2024-08-01,DEPT,,381.0,,
IND-295,D28,2024-09-01,DEPT,,390.0,,
IND-295,D28,2024-10-01,DEPT,,405.0,,
IND-295,D28,2024-11-01,DEPT,,438.0,,37.44
IND-295,D28,2026-12-01,DEPT,,,1170.0,
IND-295,D29,2022-12-01,DEPT,0.0,,,
IND-295,D29,2023-01-01,DEPT,,37.0,,
IND-295,D29,2023-02-01,DEPT,,77.0,,
IND-295,D29,2023-03-01,DEPT,,128.0,,
IND-295,D29,2023-04-01,DEPT,,165.0,,
IND-295,D29,2023-05-01,DEPT,,198.0,,
IND-295,D29,2023-06-01,DEPT,,231.0,,
IND-295,D29,2023-07-01,DEPT,,249.0,,
IND-295,D29,2023-08-01,DEPT,,273.0,,
IND-295,D29,2023-09-01,DEPT,,297.0,,
IND-295,D29,2023-10-01,DEPT,,341.0,,
IND-295,D29,2023-11-01,DEPT,,392.0,,
IND-295,D29,2023-12-01,DEPT,,444.0,,
IND-295,D29,2024-01-01,DEPT,,481.0,,
IND-295,D29,2024-02-01,DEPT,,510.0,,
IND-295,D29,2024-03-01,DEPT,,558.0,,
IND-295,D29,2024-04-01,DEPT,,572.0,,
IND-295,D29,2024-05-01,DEPT,,620.0,,
IND-295,D29,2024-06-01,DEPT,,642.0,,
IND-295,D29,2024-08-01,DEPT,,730.0,,
IND-295,D29,2024-09-01,DEPT,,761.0,,
IND-295,D29,2024-10-01,DEPT,,800.0,,
IND-295,D29,2024-11-01,DEPT,,855.0,,42.06
IND-295,D29,2026-12-01,DEPT,,,2033.0,
IND-295,D2A,2022-12-01,DEPT,0.0,,,
IND-295,D2A,2023-01-01,DEPT,,7.0,,
IND-295,D2A,2023-02-01,DEPT,,11.0,,
IND-295,D2A,2023-03-01,DEPT,,22.0,,
IND-295,D2A,2023-04-01,DEPT,,33.0,,
IND-295,D2A,2023-05-01,DEPT,,37.0,,
IND-295,D2A,2023-06-01,DEPT,,59.0,,
IND-295,D2A,2023-07-01,DEPT,,70.0,,
IND-295,D2A,2023-08-01,DEPT,,70.0,,
IND-295,D2A,2023-09-01,DEPT,,73.0,,
IND-295,D2A,2023-10-01,DEPT,,81.0,,
IND-295,D2A,2023-11-01,DEPT,,88.0,,
IND-295,D2A,2023-12-01,DEPT,,97.0,,
IND-295,D2A,2024-01-01,DEPT,,101.0,,
IND-295,D2A,2024-02-01,DEPT,,104.0,,
IND-295,D2A,2024-03-01,DEPT,,108.0,,
IND-295,D2A,2024-04-01,DEPT,,117.0,,
IND-295,D2A,2024-05-01,DEPT,,123.0,,
IND-295,D2A,2024-06-01,DEPT,,130.0,,
IND-295,D2A,2024-08-01,DEPT,,132.0,,
IND-295,D2A,2024-09-01,DEPT,,134.0,,
IND-295,D2A,2024-10-01,DEPT,,141.0,,
IND-295,D2A,2024-11-01,DEPT,,143.0,,35.31
IND-295,D2A,2026-12-01,DEPT,,,405.0,
IND-295,D2B,2022-12-01,DEPT,0.0,,,
IND-295,D2B,2023-01-01,DEPT,,4.0,,
IND-295,D2B,2023-02-01,DEPT,,15.0,,
IND-295,D2B,2023-03-01,DEPT,,18.0,,
IND-295,D2B,2023-04-01,DEPT,,24.0,,
IND-295,D2B,2023-05-01,DEPT,,31.0,,
IND-295,D2B,2023-06-01,DEPT,,31.0,,
IND-295,D2B,2023-07-01,DEPT,,33.0,,
IND-295,D2B,2023-08-01,DEPT,,42.0,,
IND-295,D2B,2023-09-01,DEPT,,42.0,,
IND-295,D2B,2023-10-01,DEPT,,46.0,,
IND-295,D2B,2023-11-01,DEPT,,46.0,,
IND-295,D2B,2023-12-01,DEPT,,48.0,,
IND-295,D2B,2024-01-01,DEPT,,55.0,,
IND-295,D2B,2024-02-01,DEPT,,57.0,,
IND-295,D2B,2024-03-01,DEPT,,59.0,,
IND-295,D2B,2024-04-01,DEPT,,66.0,,
IND-295,D2B,2024-05-01,DEPT,,68.0,,
IND-295,D2B,2024-06-01,DEPT,,70.0,,
IND-295,D2B,2024-08-01,DEPT,,77.0,,
IND-295,D2B,2024-09-01,DEPT,,81.0,,
IND-295,D2B,2024-10-01,DEPT,,81.0,,
IND-295,D2B,2024-11-01,DEPT,,92.0,,55.09
IND-295,D2B,2026-12-01,DEPT,,,167.0,
IND-295,D30,2022-12-01,DEPT,0.0,,,
IND-295,D30,2023-01-01,DEPT,,44.0,,
IND-295,D30,2023-02-01,DEPT,,86.0,,
IND-295,D30,2023-03-01,DEPT,,132.0,,
IND-295,D30,2023-04-01,DEPT,,156.0,,
IND-295,D30,2023-05-01,DEPT,,189.0,,
IND-295,D30,2023-06-01,DEPT,,238.0,,
IND-295,D30,2023-07-01,DEPT,,275.0,,
IND-295,D30,2023-08-01,DEPT,,315.0,,
IND-295,D30,2023-09-01,DEPT,,341.0,,
IND-295,D30,2023-10-01,DEPT,,354.0,,
IND-295,D30,2023-11-01,DEPT,,385.0,,
IND-295,D30,2023-12-01,DEPT,,429.0,,
IND-295,D30,2024-01-01,DEPT,,469.0,,
IND-295,D30,2024-02-01,DEPT,,497.0,,
IND-295,D30,2024-03-01,DEPT,,539.0,,
IND-295,D30,2024-04-01,DEPT,,550.0,,
IND-295,D30,2024-05-01,DEPT,,596.0,,
IND-295,D30,2024-06-01,DEPT,,627.0,,
IND-295,D30,2024-08-01,DEPT,,704.0,,
IND-295,D30,2024-09-01,DEPT,,726.0,,
IND-295,D30,2024-10-01,DEPT,,755.0,,
IND-295,D30,2024-11-01,DEPT,,796.0,,48.36
IND-295,D30,2026-12-01,DEPT,,,1646.0,
IND-295,D31,2022-12-01,DEPT,0.0,,,
IND-295,D31,2023-01-01,DEPT,,158.0,,
IND-295,D31,2023-02-01,DEPT,,343.0,,
IND-295,D31,2023-03-01,DEPT,,471.0,,
IND-295,D31,2023-04-01,DEPT,,627.0,,
IND-295,D31,2023-05-01,DEPT,,746.0,,
IND-295,D31,2023-06-01,DEPT,,1023.0,,
IND-295,D31,2023-07-01,DEPT,,1192.0,,
IND-295,D31,2023-08-01,DEPT,,1346.0,,
IND-295,D31,2023-09-01,DEPT,,1511.0,,
IND-295,D31,2023-10-01,DEPT,,1674.0,,
IND-295,D31,2023-11-01,DEPT,,1910.0,,
IND-295,D31,2023-12-01,DEPT,,2156.0,,
IND-295,D31,2024-01-01,DEPT,,2363.0,,
IND-295,D31,2024-02-01,DEPT,,2526.0,,
IND-295,D31,2024-03-01,DEPT,,2682.0,,
IND-295,D31,2024-04-01,DEPT,,2928.0,,
IND-295,D31,2024-05-01,DEPT,,3113.0,,
IND-295,D31,2024-06-01,DEPT,,3278.0,,
IND-295,D31,2024-08-01,DEPT,,3568.0,,
IND-295,D31,2024-09-01,DEPT,,3718.0,,
IND-295,D31,2024-10-01,DEPT,,3903.0,,
IND-295,D31,2024-11-01,DEPT,,4127.0,,47.47
IND-295,D31,2026-12-01,DEPT,,,8694.0,
IND-295,D32,2022-12-01,DEPT,0.0,,,
IND-295,D32,2023-01-01,DEPT,,4.0,,
IND-295,D32,2023-02-01,DEPT,,7.0,,
IND-295,D32,2023-03-01,DEPT,,13.0,,
IND-295,D32,2023-04-01,DEPT,,18.0,,
IND-295,D32,2023-05-01,DEPT,,22.0,,
IND-295,D32,2023-06-01,DEPT,,26.0,,
IND-295,D32,2023-07-01,DEPT,,29.0,,
IND-295,D32,2023-08-01,DEPT,,29.0,,
IND-295,D32,2023-09-01,DEPT,,37.0,,
IND-295,D32,2023-10-01,DEPT,,37.0,,
IND-295,D32,2023-11-01,DEPT,,46.0,,
IND-295,D32,2023-12-01,DEPT,,64.0,,
IND-295,D32,2024-01-01,DEPT,,66.0,,
IND-295,D32,2024-02-01,DEPT,,66.0,,
IND-295,D32,2024-03-01,DEPT,,75.0,,
IND-295,D32,2024-04-01,DEPT,,77.0,,
IND-295,D32,2024-05-01,DEPT,,93.0,,
IND-295,D32,2024-06-01,DEPT,,101.0,,
IND-295,D32,2024-08-01,DEPT,,119.0,,
IND-295,D32,2024-09-01,DEPT,,126.0,,
IND-295,D32,2024-10-01,DEPT,,132.0,,
IND-295,D32,2024-11-01,DEPT,,141.0,,57.32
IND-295,D32,2026-12-01,DEPT,,,246.0,
IND-295,D33,2022-12-01,DEPT,0.0,,,
IND-295,D33,2023-01-01,DEPT,,150.0,,
IND-295,D33,2023-02-01,DEPT,,290.0,,
IND-295,D33,2023-03-01,DEPT,,427.0,,
IND-295,D33,2023-04-01,DEPT,,579.0,,
IND-295,D33,2023-05-01,DEPT,,726.0,,
IND-295,D33,2023-06-01,DEPT,,860.0,,
IND-295,D33,2023-07-01,DEPT,,1071.0,,
IND-295,D33,2023-08-01,DEPT,,1188.0,,
IND-295,D33,2023-09-01,DEPT,,1342.0,,
IND-295,D33,2023-10-01,DEPT,,1505.0,,
IND-295,D33,2023-11-01,DEPT,,1694.0,,
IND-295,D33,2023-12-01,DEPT,,1859.0,,
IND-295,D33,2024-01-01,DEPT,,2046.0,,
IND-295,D33,2024-02-01,DEPT,,2176.0,,
IND-295,D33,2024-03-01,DEPT,,2330.0,,
IND-295,D33,2024-04-01,DEPT,,2460.0,,
IND-295,D33,2024-05-01,DEPT,,2592.0,,
IND-295,D33,2024-06-01,DEPT,,2757.0,,
IND-295,D33,2024-08-01,DEPT,,3095.0,,
IND-295,D33,2024-09-01,DEPT,,3227.0,,
IND-295,D33,2024-10-01,DEPT,,3456.0,,
IND-295,D33,2024-11-01,DEPT,,3656.0,,49.05
IND-295,D33,2026-12-01,DEPT,,,7454.0,
IND-295,D34,2022-12-01,DEPT,0.0,,,
IND-295,D34,2023-01-01,DEPT,,46.0,,
IND-295,D34,2023-02-01,DEPT,,114.0,,
IND-295,D34,2023-03-01,DEPT,,180.0,,
IND-295,D34,2023-04-01,DEPT,,242.0,,
IND-295,D34,2023-05-01,DEPT,,339.0,,
IND-295,D34,2023-06-01,DEPT,,447.0,,
IND-295,D34,2023-07-01,DEPT,,499.0,,
IND-295,D34,2023-08-01,DEPT,,537.0,,
IND-295,D34,2023-09-01,DEPT,,601.0,,
IND-295,D34,2023-10-01,DEPT,,662.0,,
IND-295,D34,2023-11-01,DEPT,,726.0,,
IND-295,D34,2023-12-01,DEPT,,772.0,,
IND-295,D34,2024-01-01,DEPT,,814.0,,
IND-295,D34,2024-02-01,DEPT,,902.0,,
IND-295,D34,2024-03-01,DEPT,,959.0,,
IND-295,D34,2024-04-01,DEPT,,1021.0,,
IND-295,D34,2024-05-01,DEPT,,1093.0,,
IND-295,D34,2024-06-01,DEPT,,1150.0,,
IND-295,D34,2024-08-01,DEPT,,1254.0,,
IND-295,D34,2024-09-01,DEPT,,1320.0,,
IND-295,D34,2024-10-01,DEPT,,1399.0,,
IND-295,D34,2024-11-01,DEPT,,1496.0,,42.19
IND-295,D34,2026-12-01,DEPT,,,3546.0,
IND-295,D35,2022-12-01,DEPT,0.0,,,
IND-295,D35,2023-01-01,DEPT,,99.0,,
IND-295,D35,2023-02-01,DEPT,,183.0,,
IND-295,D35,2023-03-01,DEPT,,242.0,,
IND-295,D35,2023-04-01,DEPT,,295.0,,
IND-295,D35,2023-05-01,DEPT,,365.0,,
IND-295,D35,2023-06-01,DEPT,,447.0,,
IND-295,D35,2023-07-01,DEPT,,532.0,,
IND-295,D35,2023-08-01,DEPT,,592.0,,
IND-295,D35,2023-09-01,DEPT,,640.0,,
IND-295,D35,2023-10-01,DEPT,,777.0,,
IND-295,D35,2023-11-01,DEPT,,891.0,,
IND-295,D35,2023-12-01,DEPT,,1012.0,,
IND-295,D35,2024-01-01,DEPT,,1085.0,,
IND-295,D35,2024-02-01,DEPT,,1188.0,,
IND-295,D35,2024-03-01,DEPT,,1278.0,,
IND-295,D35,2024-04-01,DEPT,,1333.0,,
IND-295,D35,2024-05-01,DEPT,,1423.0,,
IND-295,D35,2024-06-01,DEPT,,1529.0,,
IND-295,D35,2024-08-01,DEPT,,1756.0,,
IND-295,D35,2024-09-01,DEPT,,1811.0,,
IND-295,D35,2024-10-01,DEPT,,1940.0,,
IND-295,D35,2024-11-01,DEPT,,2090.0,,47.31
IND-295,D35,2026-12-01,DEPT,,,4418.0,
IND-295,D36,2022-12-01,DEPT,0.0,,,
IND-295,D36,2023-01-01,DEPT,,31.0,,
IND-295,D36,2023-02-01,DEPT,,44.0,,
IND-295,D36,2023-03-01,DEPT,,59.0,,
IND-295,D36,2023-04-01,DEPT,,79.0,,
IND-295,D36,2023-05-01,DEPT,,95.0,,
IND-295,D36,2023-06-01,DEPT,,110.0,,
IND-295,D36,2023-07-01,DEPT,,125.0,,
IND-295,D36,2023-08-01,DEPT,,134.0,,
IND-295,D36,2023-09-01,DEPT,,134.0,,
IND-295,D36,2023-10-01,DEPT,,161.0,,
IND-295,D36,2023-11-01,DEPT,,196.0,,
IND-295,D36,2023-12-01,DEPT,,231.0,,
IND-295,D36,2024-01-01,DEPT,,242.0,,
IND-295,D36,2024-02-01,DEPT,,242.0,,
IND-295,D36,2024-03-01,DEPT,,288.0,,
IND-295,D36,2024-04-01,DEPT,,299.0,,
IND-295,D36,2024-05-01,DEPT,,317.0,,
IND-295,D36,2024-06-01,DEPT,,345.0,,
IND-295,D36,2024-08-01,DEPT,,385.0,,
IND-295,D36,2024-09-01,DEPT,,394.0,,
IND-295,D36,2024-10-01,DEPT,,416.0,,
IND-295,D36,2024-11-01,DEPT,,473.0,,46.33
IND-295,D36,2026-12-01,DEPT,,,1021.0,
IND-295,D37,2022-12-01,DEPT,0.0,,,
IND-295,D37,2023-01-01,DEPT,,79.0,,
IND-295,D37,2023-02-01,DEPT,,125.0,,
IND-295,D37,2023-03-01,DEPT,,218.0,,
IND-295,D37,2023-04-01,DEPT,,268.0,,
IND-295,D37,2023-05-01,DEPT,,301.0,,
IND-295,D37,2023-06-01,DEPT,,374.0,,
IND-295,D37,2023-07-01,DEPT,,416.0,,
IND-295,D37,2023-08-01,DEPT,,480.0,,
IND-295,D37,2023-09-01,DEPT,,510.0,,
IND-295,D37,2023-10-01,DEPT,,563.0,,
IND-295,D37,2023-11-01,DEPT,,636.0,,
IND-295,D37,2023-12-01,DEPT,,691.0,,
IND-295,D37,2024-01-01,DEPT,,735.0,,
IND-295,D37,2024-02-01,DEPT,,786.0,,
IND-295,D37,2024-03-01,DEPT,,847.0,,
IND-295,D37,2024-04-01,DEPT,,887.0,,
IND-295,D37,2024-05-01,DEPT,,962.0,,
IND-295,D37,2024-06-01,DEPT,,1023.0,,
IND-295,D37,2024-08-01,DEPT,,1127.0,,
IND-295,D37,2024-09-01,DEPT,,1193.0,,
IND-295,D37,2024-10-01,DEPT,,1256.0,,
IND-295,D37,2024-11-01,DEPT,,1272.0,,46.32
IND-295,D37,2026-12-01,DEPT,,,2746.0,
IND-295,D38,2022-12-01,DEPT,0.0,,,
IND-295,D38,2023-01-01,DEPT,,79.0,,
IND-295,D38,2023-02-01,DEPT,,134.0,,
IND-295,D38,2023-03-01,DEPT,,255.0,,
IND-295,D38,2023-04-01,DEPT,,337.0,,
IND-295,D38,2023-05-01,DEPT,,449.0,,
IND-295,D38,2023-06-01,DEPT,,561.0,,
IND-295,D38,2023-07-01,DEPT,,627.0,,
IND-295,D38,2023-08-01,DEPT,,735.0,,
IND-295,D38,2023-09-01,DEPT,,799.0,,
IND-295,D38,2023-10-01,DEPT,,878.0,,
IND-295,D38,2023-11-01,DEPT,,986.0,,
IND-295,D38,2023-12-01,DEPT,,1115.0,,
IND-295,D38,2024-01-01,DEPT,,1190.0,,
IND-295,D38,2024-02-01,DEPT,,1254.0,,
IND-295,D38,2024-03-01,DEPT,,1346.0,,
IND-295,D38,2024-04-01,DEPT,,1467.0,,
IND-295,D38,2024-05-01,DEPT,,1599.0,,
IND-295,D38,2024-06-01,DEPT,,1691.0,,
IND-295,D38,2024-08-01,DEPT,,1920.0,,
IND-295,D38,2024-09-01,DEPT,,1964.0,,
IND-295,D38,2024-10-01,DEPT,,2076.0,,
IND-295,D38,2024-11-01,DEPT,,2237.0,,41.81
IND-295,D38,2026-12-01,DEPT,,,5350.0,
IND-295,D39,2022-12-01,DEPT,0.0,,,
IND-295,D39,2023-01-01,DEPT,,26.0,,
IND-295,D39,2023-02-01,DEPT,,42.0,,
IND-295,D39,2023-03-01,DEPT,,51.0,,
IND-295,D39,2023-04-01,DEPT,,75.0,,
IND-295,D39,2023-05-01,DEPT,,103.0,,
IND-295,D39,2023-06-01,DEPT,,117.0,,
IND-295,D39,2023-07-01,DEPT,,119.0,,
IND-295,D39,2023-08-01,DEPT,,132.0,,
IND-295,D39,2023-09-01,DEPT,,145.0,,
IND-295,D39,2023-10-01,DEPT,,187.0,,
IND-295,D39,2023-11-01,DEPT,,209.0,,
IND-295,D39,2023-12-01,DEPT,,216.0,,
IND-295,D39,2024-01-01,DEPT,,245.0,,
IND-295,D39,2024-02-01,DEPT,,278.0,,
IND-295,D39,2024-03-01,DEPT,,300.0,,
IND-295,D39,2024-04-01,DEPT,,308.0,,
IND-295,D39,2024-05-01,DEPT,,311.0,,
IND-295,D39,2024-06-01,DEPT,,315.0,,
IND-295,D39,2024-08-01,DEPT,,383.0,,
IND-295,D39,2024-09-01,DEPT,,383.0,,
IND-295,D39,2024-10-01,DEPT,,392.0,,
IND-295,D39,2024-11-01,DEPT,,407.0,,55.07
IND-295,D39,2026-12-01,DEPT,,,739.0,
IND-295,D40,2022-12-01,DEPT,0.0,,,
IND-295,D40,2023-01-01,DEPT,,22.0,,
IND-295,D40,2023-02-01,DEPT,,37.0,,
IND-295,D40,2023-03-01,DEPT,,64.0,,
IND-295,D40,2023-04-01,DEPT,,77.0,,
IND-295,D40,2023-05-01,DEPT,,84.0,,
IND-295,D40,2023-06-01,DEPT,,101.0,,
IND-295,D40,2023-07-01,DEPT,,119.0,,
IND-295,D40,2023-08-01,DEPT,,150.0,,
IND-295,D40,2023-09-01,DEPT,,167.0,,
IND-295,D40,2023-10-01,DEPT,,178.0,,
IND-295,D40,2023-11-01,DEPT,,194.0,,
IND-295,D40,2023-12-01,DEPT,,209.0,,
IND-295,D40,2024-01-01,DEPT,,216.0,,
IND-295,D40,2024-02-01,DEPT,,216.0,,
IND-295,D40,2024-03-01,DEPT,,218.0,,
IND-295,D40,2024-04-01,DEPT,,231.0,,
IND-295,D40,2024-05-01,DEPT,,238.0,,
IND-295,D40,2024-06-01,DEPT,,262.0,,
IND-295,D40,2024-08-01,DEPT,,317.0,,
IND-295,D40,2024-09-01,DEPT,,323.0,,
IND-295,D40,2024-10-01,DEPT,,332.0,,
IND-295,D40,2024-11-01,DEPT,,356.0,,36.78
IND-295,D40,2026-12-01,DEPT,,,968.0,
IND-295,D41,2022-12-01,DEPT,0.0,,,
IND-295,D41,2023-01-01,DEPT,,7.0,,
IND-295,D41,2023-02-01,DEPT,,9.0,,
IND-295,D41,2023-03-01,DEPT,,40.0,,
IND-295,D41,2023-04-01,DEPT,,57.0,,
IND-295,D41,2023-05-01,DEPT,,64.0,,
IND-295,D41,2023-06-01,DEPT,,99.0,,
IND-295,D41,2023-07-01,DEPT,,101.0,,
IND-295,D41,2023-08-01,DEPT,,123.0,,
IND-295,D41,2023-09-01,DEPT,,125.0,,
IND-295,D41,2023-10-01,DEPT,,141.0,,
IND-295,D41,2023-11-01,DEPT,,161.0,,
IND-295,D41,2023-12-01,DEPT,,167.0,,
IND-295,D41,2024-01-01,DEPT,,193.0,,
IND-295,D41,2024-02-01,DEPT,,209.0,,
IND-295,D41,2024-03-01,DEPT,,220.0,,
IND-295,D41,2024-04-01,DEPT,,240.0,,
IND-295,D41,2024-05-01,DEPT,,268.0,,
IND-295,D41,2024-06-01,DEPT,,281.0,,
IND-295,D41,2024-08-01,DEPT,,328.0,,
IND-295,D41,2024-09-01,DEPT,,354.0,,
IND-295,D41,2024-10-01,DEPT,,376.0,,
IND-295,D41,2024-11-01,DEPT,,402.0,,45.22
IND-295,D41,2026-12-01,DEPT,,,889.0,
IND-295,D42,2022-12-01,DEPT,0.0,,,
IND-295,D42,2023-01-01,DEPT,,29.0,,
IND-295,D42,2023-02-01,DEPT,,57.0,,
IND-295,D42,2023-03-01,DEPT,,117.0,,
IND-295,D42,2023-04-01,DEPT,,147.0,,
IND-295,D42,2023-05-01,DEPT,,172.0,,
IND-295,D42,2023-06-01,DEPT,,240.0,,
IND-295,D42,2023-07-01,DEPT,,262.0,,
IND-295,D42,2023-08-01,DEPT,,315.0,,
IND-295,D42,2023-09-01,DEPT,,374.0,,
IND-295,D42,2023-10-01,DEPT,,425.0,,
IND-295,D42,2023-11-01,DEPT,,504.0,,
IND-295,D42,2023-12-01,DEPT,,565.0,,
IND-295,D42,2024-01-01,DEPT,,640.0,,
IND-295,D42,2024-02-01,DEPT,,706.0,,
IND-295,D42,2024-03-01,DEPT,,752.0,,
IND-295,D42,2024-04-01,DEPT,,776.0,,
IND-295,D42,2024-05-01,DEPT,,814.0,,
IND-295,D42,2024-06-01,DEPT,,840.0,,
IND-295,D42,2024-08-01,DEPT,,915.0,,
IND-295,D42,2024-09-01,DEPT,,946.0,,
IND-295,D42,2024-10-01,DEPT,,996.0,,
IND-295,D42,2024-11-01,DEPT,,1045.0,,53.02
IND-295,D42,2026-12-01,DEPT,,,1971.0,
IND-295,D43,2022-12-01,DEPT,0.0,,,
IND-295,D43,2023-01-01,DEPT,,0.0,,
IND-295,D43,2023-02-01,DEPT,,7.0,,
IND-295,D43,2023-03-01,DEPT,,20.0,,
IND-295,D43,2023-04-01,DEPT,,24.0,,
IND-295,D43,2023-05-01,DEPT,,26.0,,
IND-295,D43,2023-06-01,DEPT,,42.0,,
IND-295,D43,2023-07-01,DEPT,,44.0,,
IND-295,D43,2023-08-01,DEPT,,57.0,,
IND-295,D43,2023-09-01,DEPT,,57.0,,
IND-295,D43,2023-10-01,DEPT,,66.0,,
IND-295,D43,2023-11-01,DEPT,,73.0,,
IND-295,D43,2023-12-01,DEPT,,110.0,,
IND-295,D43,2024-01-01,DEPT,,112.0,,
IND-295,D43,2024-02-01,DEPT,,117.0,,
IND-295,D43,2024-03-01,DEPT,,123.0,,
IND-295,D43,2024-04-01,DEPT,,130.0,,
IND-295,D43,2024-05-01,DEPT,,152.0,,
IND-295,D43,2024-06-01,DEPT,,152.0,,
IND-295,D43,2024-08-01,DEPT,,152.0,,
IND-295,D43,2024-09-01,DEPT,,191.0,,
IND-295,D43,2024-10-01,DEPT,,213.0,,
IND-295,D43,2024-11-01,DEPT,,242.0,,49.09
IND-295,D43,2026-12-01,DEPT,,,493.0,
IND-295,D44,2022-12-01,DEPT,0.0,,,
IND-295,D44,2023-01-01,DEPT,,130.0,,
IND-295,D44,2023-02-01,DEPT,,242.0,,
IND-295,D44,2023-03-01,DEPT,,396.0,,
IND-295,D44,2023-04-01,DEPT,,499.0,,
IND-295,D44,2023-05-01,DEPT,,653.0,,
IND-295,D44,2023-06-01,DEPT,,807.0,,
IND-295,D44,2023-07-01,DEPT,,917.0,,
IND-295,D44,2023-08-01,DEPT,,1056.0,,
IND-295,D44,2023-09-01,DEPT,,1162.0,,
IND-295,D44,2023-10-01,DEPT,,1298.0,,
IND-295,D44,2023-11-01,DEPT,,1448.0,,
IND-295,D44,2023-12-01,DEPT,,1624.0,,
IND-295,D44,2024-01-01,DEPT,,1727.0,,
IND-295,D44,2024-02-01,DEPT,,1879.0,,
IND-295,D44,2024-03-01,DEPT,,2016.0,,
IND-295,D44,2024-04-01,DEPT,,2143.0,,
IND-295,D44,2024-05-01,DEPT,,2275.0,,
IND-295,D44,2024-06-01,DEPT,,2462.0,,
IND-295,D44,2024-08-01,DEPT,,2623.0,,
IND-295,D44,2024-09-01,DEPT,,2737.0,,
IND-295,D44,2024-10-01,DEPT,,2874.0,,
IND-295,D44,2024-11-01,DEPT,,3067.0,,44.74
IND-295,D44,2026-12-01,DEPT,,,6855.0,
IND-295,D45,2022-12-01,DEPT,0.0,,,
IND-295,D45,2023-01-01,DEPT,,53.0,,
IND-295,D45,2023-02-01,DEPT,,106.0,,
IND-295,D45,2023-03-01,DEPT,,152.0,,
IND-295,D45,2023-04-01,DEPT,,211.0,,
IND-295,D45,2023-05-01,DEPT,,246.0,,
IND-295,D45,2023-06-01,DEPT,,319.0,,
IND-295,D45,2023-07-01,DEPT,,392.0,,
IND-295,D45,2023-08-01,DEPT,,436.0,,
IND-295,D45,2023-09-01,DEPT,,480.0,,
IND-295,D45,2023-10-01,DEPT,,543.0,,
IND-295,D45,2023-11-01,DEPT,,585.0,,
IND-295,D45,2023-12-01,DEPT,,636.0,,
IND-295,D45,2024-01-01,DEPT,,687.0,,
IND-295,D45,2024-02-01,DEPT,,711.0,,
IND-295,D45,2024-03-01,DEPT,,753.0,,
IND-295,D45,2024-04-01,DEPT,,814.0,,
IND-295,D45,2024-05-01,DEPT,,876.0,,
IND-295,D45,2024-06-01,DEPT,,951.0,,
IND-295,D45,2024-08-01,DEPT,,1056.0,,
IND-295,D45,2024-09-01,DEPT,,1100.0,,
IND-295,D45,2024-10-01,DEPT,,1166.0,,
IND-295,D45,2024-11-01,DEPT,,1243.0,,52.12
IND-295,D45,2026-12-01,DEPT,,,2385.0,
IND-295,D46,2022-12-01,DEPT,0.0,,,
IND-295,D46,2023-01-01,DEPT,,0.0,,
IND-295,D46,2023-02-01,DEPT,,2.0,,
IND-295,D46,2023-03-01,DEPT,,18.0,,
IND-295,D46,2023-04-01,DEPT,,20.0,,
IND-295,D46,2023-05-01,DEPT,,35.0,,
IND-295,D46,2023-06-01,DEPT,,35.0,,
IND-295,D46,2023-07-01,DEPT,,48.0,,
IND-295,D46,2023-08-01,DEPT,,48.0,,
IND-295,D46,2023-09-01,DEPT,,51.0,,
IND-295,D46,2023-10-01,DEPT,,51.0,,
IND-295,D46,2023-11-01,DEPT,,59.0,,
IND-295,D46,2023-12-01,DEPT,,110.0,,
IND-295,D46,2024-01-01,DEPT,,119.0,,
IND-295,D46,2024-02-01,DEPT,,121.0,,
IND-295,D46,2024-03-01,DEPT,,123.0,,
IND-295,D46,2024-04-01,DEPT,,136.0,,
IND-295,D46,2024-05-01,DEPT,,143.0,,
IND-295,D46,2024-06-01,DEPT,,150.0,,
IND-295,D46,2024-08-01,DEPT,,165.0,,
IND-295,D46,2024-09-01,DEPT,,165.0,,
IND-295,D46,2024-10-01,DEPT,,169.0,,
IND-295,D46,2024-11-01,DEPT,,176.0,,53.99
IND-295,D46,2026-12-01,DEPT,,,326.0,
IND-295,D47,2022-12-01,DEPT,0.0,,,
IND-295,D47,2023-01-01,DEPT,,11.0,,
IND-295,D47,2023-02-01,DEPT,,15.0,,
IND-295,D47,2023-03-01,DEPT,,26.0,,
IND-295,D47,2023-04-01,DEPT,,31.0,,
IND-295,D47,2023-05-01,DEPT,,40.0,,
IND-295,D47,2023-06-01,DEPT,,48.0,,
IND-295,D47,2023-07-01,DEPT,,59.0,,
IND-295,D47,2023-08-01,DEPT,,64.0,,
IND-295,D47,2023-09-01,DEPT,,68.0,,
IND-295,D47,2023-10-01,DEPT,,75.0,,
IND-295,D47,2023-11-01,DEPT,,90.0,,
IND-295,D47,2023-12-01,DEPT,,99.0,,
IND-295,D47,2024-01-01,DEPT,,106.0,,
IND-295,D47,2024-02-01,DEPT,,110.0,,
IND-295,D47,2024-03-01,DEPT,,123.0,,
IND-295,D47,2024-04-01,DEPT,,134.0,,
IND-295,D47,2024-05-01,DEPT,,145.0,,
IND-295,D47,2024-06-01,DEPT,,152.0,,
IND-295,D47,2024-08-01,DEPT,,180.0,,
IND-295,D47,2024-09-01,DEPT,,187.0,,
IND-295,D47,2024-10-01,DEPT,,202.0,,
IND-295,D47,2024-11-01,DEPT,,216.0,,36.61
IND-295,D47,2026-12-01,DEPT,,,590.0,
IND-295,D48,2022-12-01,DEPT,0.0,,,
IND-295,D48,2023-01-01,DEPT,,7.0,,
IND-295,D48,2023-02-01,DEPT,,11.0,,
IND-295,D48,2023-03-01,DEPT,,51.0,,
IND-295,D48,2023-04-01,DEPT,,51.0,,
IND-295,D48,2023-05-01,DEPT,,55.0,,
IND-295,D48,2023-06-01,DEPT,,62.0,,
IND-295,D48,2023-07-01,DEPT,,62.0,,
IND-295,D48,2023-08-01,DEPT,,62.0,,
IND-295,D48,2023-09-01,DEPT,,64.0,,
IND-295,D48,2023-10-01,DEPT,,75.0,,
IND-295,D48,2023-11-01,DEPT,,75.0,,
IND-295,D48,2023-12-01,DEPT,,79.0,,
IND-295,D48,2024-01-01,DEPT,,79.0,,
IND-295,D48,2024-02-01,DEPT,,79.0,,
IND-295,D48,2024-03-01,DEPT,,83.0,,
IND-295,D48,2024-04-01,DEPT,,88.0,,
IND-295,D48,2024-05-01,DEPT,,90.0,,
IND-295,D48,2024-06-01,DEPT,,92.0,,
IND-295,D48,2024-08-01,DEPT,,97.0,,
IND-295,D48,2024-09-01,DEPT,,108.0,,
IND-295,D48,2024-10-01,DEPT,,112.0,,
IND-295,D48,2024-11-01,DEPT,,125.0,,83.33
IND-295,D48,2026-12-01,DEPT,,,150.0,
IND-295,D49,2022-12-01,DEPT,0.0,,,
IND-295,D49,2023-01-01,DEPT,,75.0,,
IND-295,D49,2023-02-01,DEPT,,125.0,,
IND-295,D49,2023-03-01,DEPT,,189.0,,
IND-295,D49,2023-04-01,DEPT,,268.0,,
IND-295,D49,2023-05-01,DEPT,,341.0,,
IND-295,D49,2023-06-01,DEPT,,438.0,,
IND-295,D49,2023-07-01,DEPT,,504.0,,
IND-295,D49,2023-08-01,DEPT,,559.0,,
IND-295,D49,2023-09-01,DEPT,,645.0,,
IND-295,D49,2023-10-01,DEPT,,728.0,,
IND-295,D49,2023-11-01,DEPT,,823.0,,
IND-295,D49,2023-12-01,DEPT,,893.0,,
IND-295,D49,2024-01-01,DEPT,,970.0,,
IND-295,D49,2024-02-01,DEPT,,1025.0,,
IND-295,D49,2024-03-01,DEPT,,1109.0,,
IND-295,D49,2024-04-01,DEPT,,1146.0,,
IND-295,D49,2024-05-01,DEPT,,1241.0,,
IND-295,D49,2024-06-01,DEPT,,1322.0,,
IND-295,D49,2024-08-01,DEPT,,1476.0,,
IND-295,D49,2024-09-01,DEPT,,1511.0,,
IND-295,D49,2024-10-01,DEPT,,1606.0,,
IND-295,D49,2024-11-01,DEPT,,1705.0,,53.82
IND-295,D49,2026-12-01,DEPT,,,3168.0,
IND-295,D50,2022-12-01,DEPT,0.0,,,
IND-295,D50,2023-01-01,DEPT,,15.0,,
IND-295,D50,2023-02-01,DEPT,,48.0,,
IND-295,D50,2023-03-01,DEPT,,101.0,,
IND-295,D50,2023-04-01,DEPT,,158.0,,
IND-295,D50,2023-05-01,DEPT,,196.0,,
IND-295,D50,2023-06-01,DEPT,,220.0,,
IND-295,D50,2023-07-01,DEPT,,253.0,,
IND-295,D50,2023-08-01,DEPT,,348.0,,
IND-295,D50,2023-09-01,DEPT,,354.0,,
IND-295,D50,2023-10-01,DEPT,,378.0,,
IND-295,D50,2023-11-01,DEPT,,405.0,,
IND-295,D50,2023-12-01,DEPT,,482.0,,
IND-295,D50,2024-01-01,DEPT,,506.0,,
IND-295,D50,2024-02-01,DEPT,,544.0,,
IND-295,D50,2024-03-01,DEPT,,581.0,,
IND-295,D50,2024-04-01,DEPT,,634.0,,
IND-295,D50,2024-05-01,DEPT,,667.0,,
IND-295,D50,2024-06-01,DEPT,,676.0,,
IND-295,D50,2024-08-01,DEPT,,733.0,,
IND-295,D50,2024-09-01,DEPT,,768.0,,
IND-295,D50,2024-10-01,DEPT,,819.0,,
IND-295,D50,2024-11-01,DEPT,,845.0,,45.95
IND-295,D50,2026-12-01,DEPT,,,1839.0,
IND-295,D51,2022-12-01,DEPT,0.0,,,
IND-295,D51,2023-01-01,DEPT,,29.0,,
IND-295,D51,2023-02-01,DEPT,,73.0,,
IND-295,D51,2023-03-01,DEPT,,134.0,,
IND-295,D51,2023-04-01,DEPT,,174.0,,
IND-295,D51,2023-05-01,DEPT,,200.0,,
IND-295,D51,2023-06-01,DEPT,,242.0,,
IND-295,D51,2023-07-01,DEPT,,273.0,,
IND-295,D51,2023-08-01,DEPT,,310.0,,
IND-295,D51,2023-09-01,DEPT,,389.0,,
IND-295,D51,2023-10-01,DEPT,,444.0,,
IND-295,D51,2023-11-01,DEPT,,466.0,,
IND-295,D51,2023-12-01,DEPT,,504.0,,
IND-295,D51,2024-01-01,DEPT,,524.0,,
IND-295,D51,2024-02-01,DEPT,,563.0,,
IND-295,D51,2024-03-01,DEPT,,623.0,,
IND-295,D51,2024-04-01,DEPT,,682.0,,
IND-295,D51,2024-05-01,DEPT,,748.0,,
IND-295,D51,2024-06-01,DEPT,,775.0,,
IND-295,D51,2024-08-01,DEPT,,858.0,,
IND-295,D51,2024-09-01,DEPT,,885.0,,
IND-295,D51,2024-10-01,DEPT,,931.0,,
IND-295,D51,2024-11-01,DEPT,,1008.0,,44.74
IND-295,D51,2026-12-01,DEPT,,,2253.0,
IND-295,D52,2022-12-01,DEPT,0.0,,,
IND-295,D52,2023-01-01,DEPT,,18.0,,
IND-295,D52,2023-02-01,DEPT,,24.0,,
IND-295,D52,2023-03-01,DEPT,,35.0,,
IND-295,D52,2023-04-01,DEPT,,42.0,,
IND-295,D52,2023-05-01,DEPT,,59.0,,
IND-295,D52,2023-06-01,DEPT,,90.0,,
IND-295,D52,2023-07-01,DEPT,,92.0,,
IND-295,D52,2023-08-01,DEPT,,103.0,,
IND-295,D52,2023-09-01,DEPT,,110.0,,
IND-295,D52,2023-10-01,DEPT,,134.0,,
IND-295,D52,2023-11-01,DEPT,,158.0,,
IND-295,D52,2023-12-01,DEPT,,183.0,,
IND-295,D52,2024-01-01,DEPT,,198.0,,
IND-295,D52,2024-02-01,DEPT,,212.0,,
IND-295,D52,2024-03-01,DEPT,,236.0,,
IND-295,D52,2024-04-01,DEPT,,256.0,,
IND-295,D52,2024-05-01,DEPT,,269.0,,
IND-295,D52,2024-06-01,DEPT,,286.0,,
IND-295,D52,2024-08-01,DEPT,,319.0,,
IND-295,D52,2024-09-01,DEPT,,339.0,,
IND-295,D52,2024-10-01,DEPT,,359.0,,
IND-295,D52,2024-11-01,DEPT,,377.0,,54.96
IND-295,D52,2026-12-01,DEPT,,,686.0,
IND-295,D53,2022-12-01,DEPT,0.0,,,
IND-295,D53,2023-01-01,DEPT,,40.0,,
IND-295,D53,2023-02-01,DEPT,,62.0,,
IND-295,D53,2023-03-01,DEPT,,88.0,,
IND-295,D53,2023-04-01,DEPT,,117.0,,
IND-295,D53,2023-05-01,DEPT,,136.0,,
IND-295,D53,2023-06-01,DEPT,,172.0,,
IND-295,D53,2023-07-01,DEPT,,205.0,,
IND-295,D53,2023-08-01,DEPT,,235.0,,
IND-295,D53,2023-09-01,DEPT,,242.0,,
IND-295,D53,2023-10-01,DEPT,,257.0,,
IND-295,D53,2023-11-01,DEPT,,299.0,,
IND-295,D53,2023-12-01,DEPT,,330.0,,
IND-295,D53,2024-01-01,DEPT,,356.0,,
IND-295,D53,2024-02-01,DEPT,,383.0,,
IND-295,D53,2024-03-01,DEPT,,400.0,,
IND-295,D53,2024-04-01,DEPT,,431.0,,
IND-295,D53,2024-05-01,DEPT,,458.0,,
IND-295,D53,2024-06-01,DEPT,,466.0,,
IND-295,D53,2024-08-01,DEPT,,519.0,,
IND-295,D53,2024-09-01,DEPT,,524.0,,
IND-295,D53,2024-10-01,DEPT,,546.0,,
IND-295,D53,2024-11-01,DEPT,,568.0,,57.14
IND-295,D53,2026-12-01,DEPT,,,994.0,
IND-295,D54,2022-12-01,DEPT,0.0,,,
IND-295,D54,2023-01-01,DEPT,,20.0,,
IND-295,D54,2023-02-01,DEPT,,55.0,,
IND-295,D54,2023-03-01,DEPT,,125.0,,
IND-295,D54,2023-04-01,DEPT,,172.0,,
IND-295,D54,2023-05-01,DEPT,,220.0,,
IND-295,D54,2023-06-01,DEPT,,266.0,,
IND-295,D54,2023-07-01,DEPT,,317.0,,
IND-295,D54,2023-08-01,DEPT,,359.0,,
IND-295,D54,2023-09-01,DEPT,,418.0,,
IND-295,D54,2023-10-01,DEPT,,462.0,,
IND-295,D54,2023-11-01,DEPT,,515.0,,
IND-295,D54,2023-12-01,DEPT,,568.0,,
IND-295,D54,2024-01-01,DEPT,,594.0,,
IND-295,D54,2024-02-01,DEPT,,616.0,,
IND-295,D54,2024-03-01,DEPT,,649.0,,
IND-295,D54,2024-04-01,DEPT,,682.0,,
IND-295,D54,2024-05-01,DEPT,,773.0,,
IND-295,D54,2024-06-01,DEPT,,830.0,,
IND-295,D54,2024-08-01,DEPT,,922.0,,
IND-295,D54,2024-09-01,DEPT,,973.0,,
IND-295,D54,2024-10-01,DEPT,,1048.0,,
IND-295,D54,2024-11-01,DEPT,,1122.0,,54.95
IND-295,D54,2026-12-01,DEPT,,,2042.0,
IND-295,D55,2022-12-01,DEPT,0.0,,,
IND-295,D55,2023-01-01,DEPT,,11.0,,
IND-295,D55,2023-02-01,DEPT,,13.0,,
IND-295,D55,2023-03-01,DEPT,,18.0,,
IND-295,D55,2023-04-01,DEPT,,24.0,,
IND-295,D55,2023-05-01,DEPT,,33.0,,
IND-295,D55,2023-06-01,DEPT,,62.0,,
IND-295,D55,2023-07-01,DEPT,,64.0,,
IND-295,D55,2023-08-01,DEPT,,70.0,,
IND-295,D55,2023-09-01,DEPT,,95.0,,
IND-295,D55,2023-10-01,DEPT,,106.0,,
IND-295,D55,2023-11-01,DEPT,,125.0,,
IND-295,D55,2023-12-01,DEPT,,143.0,,
IND-295,D55,2024-01-01,DEPT,,154.0,,
IND-295,D55,2024-02-01,DEPT,,172.0,,
IND-295,D55,2024-03-01,DEPT,,189.0,,
IND-295,D55,2024-04-01,DEPT,,196.0,,
IND-295,D55,2024-05-01,DEPT,,202.0,,
IND-295,D55,2024-06-01,DEPT,,227.0,,
IND-295,D55,2024-08-01,DEPT,,260.0,,
IND-295,D55,2024-09-01,DEPT,,268.0,,
IND-295,D55,2024-10-01,DEPT,,284.0,,
IND-295,D55,2024-11-01,DEPT,,301.0,,62.19
IND-295,D55,2026-12-01,DEPT,,,484.0,
IND-295,D56,2022-12-01,DEPT,0.0,,,
IND-295,D56,2023-01-01,DEPT,,24.0,,
IND-295,D56,2023-02-01,DEPT,,48.0,,
IND-295,D56,2023-03-01,DEPT,,108.0,,
IND-295,D56,2023-04-01,DEPT,,163.0,,
IND-295,D56,2023-05-01,DEPT,,211.0,,
IND-295,D56,2023-06-01,DEPT,,301.0,,
IND-295,D56,2023-07-01,DEPT,,319.0,,
IND-295,D56,2023-08-01,DEPT,,354.0,,
IND-295,D56,2023-09-01,DEPT,,381.0,,
IND-295,D56,2023-10-01,DEPT,,431.0,,
IND-295,D56,2023-11-01,DEPT,,482.0,,
IND-295,D56,2023-12-01,DEPT,,563.0,,
IND-295,D56,2024-01-01,DEPT,,585.0,,
IND-295,D56,2024-02-01,DEPT,,598.0,,
IND-295,D56,2024-03-01,DEPT,,616.0,,
IND-295,D56,2024-04-01,DEPT,,622.0,,
IND-295,D56,2024-05-01,DEPT,,662.0,,
IND-295,D56,2024-06-01,DEPT,,772.0,,
IND-295,D56,2024-08-01,DEPT,,884.0,,
IND-295,D56,2024-09-01,DEPT,,897.0,,
IND-295,D56,2024-10-01,DEPT,,913.0,,
IND-295,D56,2024-11-01,DEPT,,961.0,,50.1
IND-295,D56,2026-12-01,DEPT,,,1918.0,
IND-295,D57,2022-12-01,DEPT,0.0,,,
IND-295,D57,2023-01-01,DEPT,,73.0,,
IND-295,D57,2023-02-01,DEPT,,163.0,,
IND-295,D57,2023-03-01,DEPT,,244.0,,
IND-295,D57,2023-04-01,DEPT,,288.0,,
IND-295,D57,2023-05-01,DEPT,,343.0,,
IND-295,D57,2023-06-01,DEPT,,422.0,,
IND-295,D57,2023-07-01,DEPT,,455.0,,
IND-295,D57,2023-08-01,DEPT,,506.0,,
IND-295,D57,2023-09-01,DEPT,,546.0,,
IND-295,D57,2023-10-01,DEPT,,609.0,,
IND-295,D57,2023-11-01,DEPT,,667.0,,
IND-295,D57,2023-12-01,DEPT,,785.0,,
IND-295,D57,2024-01-01,DEPT,,807.0,,
IND-295,D57,2024-02-01,DEPT,,829.0,,
IND-295,D57,2024-03-01,DEPT,,873.0,,
IND-295,D57,2024-04-01,DEPT,,910.0,,
IND-295,D57,2024-05-01,DEPT,,1025.0,,
IND-295,D57,2024-06-01,DEPT,,1095.0,,
IND-295,D57,2024-08-01,DEPT,,1311.0,,
IND-295,D57,2024-09-01,DEPT,,1350.0,,
IND-295,D57,2024-10-01,DEPT,,1434.0,,
IND-295,D57,2024-11-01,DEPT,,1522.0,,38.43
IND-295,D57,2026-12-01,DEPT,,,3960.0,
IND-295,D58,2022-12-01,DEPT,0.0,,,
IND-295,D58,2023-01-01,DEPT,,15.0,,
IND-295,D58,2023-02-01,DEPT,,18.0,,
IND-295,D58,2023-03-01,DEPT,,26.0,,
IND-295,D58,2023-04-01,DEPT,,31.0,,
IND-295,D58,2023-05-01,DEPT,,42.0,,
IND-295,D58,2023-06-01,DEPT,,51.0,,
IND-295,D58,2023-07-01,DEPT,,79.0,,
IND-295,D58,2023-08-01,DEPT,,81.0,,
IND-295,D58,2023-09-01,DEPT,,88.0,,
IND-295,D58,2023-10-01,DEPT,,95.0,,
IND-295,D58,2023-11-01,DEPT,,103.0,,
IND-295,D58,2023-12-01,DEPT,,121.0,,
IND-295,D58,2024-01-01,DEPT,,130.0,,
IND-295,D58,2024-02-01,DEPT,,143.0,,
IND-295,D58,2024-03-01,DEPT,,163.0,,
IND-295,D58,2024-04-01,DEPT,,169.0,,
IND-295,D58,2024-05-01,DEPT,,200.0,,
IND-295,D58,2024-06-01,DEPT,,222.0,,
IND-295,D58,2024-08-01,DEPT,,238.0,,
IND-295,D58,2024-09-01,DEPT,,246.0,,
IND-295,D58,2024-10-01,DEPT,,275.0,,
IND-295,D58,2024-11-01,DEPT,,288.0,,51.15
IND-295,D58,2026-12-01,DEPT,,,563.0,
IND-295,D59,2022-12-01,DEPT,0.0,,,
IND-295,D59,2023-01-01,DEPT,,242.0,,
IND-295,D59,2023-02-01,DEPT,,471.0,,
IND-295,D59,2023-03-01,DEPT,,761.0,,
IND-295,D59,2023-04-01,DEPT,,1038.0,,
IND-295,D59,2023-05-01,DEPT,,1278.0,,
IND-295,D59,2023-06-01,DEPT,,1542.0,,
IND-295,D59,2023-07-01,DEPT,,1802.0,,
IND-295,D59,2023-08-01,DEPT,,2035.0,,
IND-295,D59,2023-09-01,DEPT,,2176.0,,
IND-295,D59,2023-10-01,DEPT,,2510.0,,
IND-295,D59,2023-11-01,DEPT,,2831.0,,
IND-295,D59,2023-12-01,DEPT,,3234.0,,
IND-295,D59,2024-01-01,DEPT,,3524.0,,
IND-295,D59,2024-02-01,DEPT,,3760.0,,
IND-295,D59,2024-03-01,DEPT,,4011.0,,
IND-295,D59,2024-04-01,DEPT,,4290.0,,
IND-295,D59,2024-05-01,DEPT,,4591.0,,
IND-295,D59,2024-06-01,DEPT,,4847.0,,
IND-295,D59,2024-08-01,DEPT,,5467.0,,
IND-295,D59,2024-09-01,DEPT,,5691.0,,
IND-295,D59,2024-10-01,DEPT,,6050.0,,
IND-295,D59,2024-11-01,DEPT,,6428.0,,43.35
IND-295,D59,2026-12-01,DEPT,,,14828.0,
IND-295,D60,2022-12-01,DEPT,0.0,,,
IND-295,D60,2023-01-01,DEPT,,46.0,,
IND-295,D60,2023-02-01,DEPT,,125.0,,
IND-295,D60,2023-03-01,DEPT,,240.0,,
IND-295,D60,2023-04-01,DEPT,,288.0,,
IND-295,D60,2023-05-01,DEPT,,339.0,,
IND-295,D60,2023-06-01,DEPT,,396.0,,
IND-295,D60,2023-07-01,DEPT,,429.0,,
IND-295,D60,2023-08-01,DEPT,,482.0,,
IND-295,D60,2023-09-01,DEPT,,548.0,,
IND-295,D60,2023-10-01,DEPT,,592.0,,
IND-295,D60,2023-11-01,DEPT,,689.0,,
IND-295,D60,2023-12-01,DEPT,,779.0,,
IND-295,D60,2024-01-01,DEPT,,816.0,,
IND-295,D60,2024-02-01,DEPT,,898.0,,
IND-295,D60,2024-03-01,DEPT,,981.0,,
IND-295,D60,2024-04-01,DEPT,,1019.0,,
IND-295,D60,2024-05-01,DEPT,,1069.0,,
IND-295,D60,2024-06-01,DEPT,,1133.0,,
IND-295,D60,2024-08-01,DEPT,,1267.0,,
IND-295,D60,2024-09-01,DEPT,,1292.0,,
IND-295,D60,2024-10-01,DEPT,,1347.0,,
IND-295,D60,2024-11-01,DEPT,,1419.0,,46.74
IND-295,D60,2026-12-01,DEPT,,,3036.0,
IND-295,D61,2022-12-01,DEPT,0.0,,,
IND-295,D61,2023-01-01,DEPT,,9.0,,
IND-295,D61,2023-02-01,DEPT,,62.0,,
IND-295,D61,2023-03-01,DEPT,,99.0,,
IND-295,D61,2023-04-01,DEPT,,119.0,,
IND-295,D61,2023-05-01,DEPT,,139.0,,
IND-295,D61,2023-06-01,DEPT,,178.0,,
IND-295,D61,2023-07-01,DEPT,,224.0,,
IND-295,D61,2023-08-01,DEPT,,242.0,,
IND-295,D61,2023-09-01,DEPT,,260.0,,
IND-295,D61,2023-10-01,DEPT,,268.0,,
IND-295,D61,2023-11-01,DEPT,,328.0,,
IND-295,D61,2023-12-01,DEPT,,365.0,,
IND-295,D61,2024-01-01,DEPT,,385.0,,
IND-295,D61,2024-02-01,DEPT,,411.0,,
IND-295,D61,2024-03-01,DEPT,,435.0,,
IND-295,D61,2024-04-01,DEPT,,477.0,,
IND-295,D61,2024-05-01,DEPT,,479.0,,
IND-295,D61,2024-06-01,DEPT,,504.0,,
IND-295,D61,2024-08-01,DEPT,,530.0,,
IND-295,D61,2024-09-01,DEPT,,534.0,,
IND-295,D61,2024-10-01,DEPT,,561.0,,
IND-295,D61,2024-11-01,DEPT,,600.0,,76.63
IND-295,D61,2026-12-01,DEPT,,,783.0,
IND-295,D62,2022-12-01,DEPT,0.0,,,
IND-295,D62,2023-01-01,DEPT,,68.0,,
IND-295,D62,2023-02-01,DEPT,,165.0,,
IND-295,D62,2023-03-01,DEPT,,345.0,,
IND-295,D62,2023-04-01,DEPT,,444.0,,
IND-295,D62,2023-05-01,DEPT,,563.0,,
IND-295,D62,2023-06-01,DEPT,,713.0,,
IND-295,D62,2023-07-01,DEPT,,834.0,,
IND-295,D62,2023-08-01,DEPT,,946.0,,
IND-295,D62,2023-09-01,DEPT,,1060.0,,
IND-295,D62,2023-10-01,DEPT,,1188.0,,
IND-295,D62,2023-11-01,DEPT,,1309.0,,
IND-295,D62,2023-12-01,DEPT,,1481.0,,
IND-295,D62,2024-01-01,DEPT,,1571.0,,
IND-295,D62,2024-02-01,DEPT,,1635.0,,
IND-295,D62,2024-03-01,DEPT,,1730.0,,
IND-295,D62,2024-04-01,DEPT,,1846.0,,
IND-295,D62,2024-05-01,DEPT,,2018.0,,
IND-295,D62,2024-06-01,DEPT,,2086.0,,
IND-295,D62,2024-08-01,DEPT,,2352.0,,
IND-295,D62,2024-09-01,DEPT,,2464.0,,
IND-295,D62,2024-10-01,DEPT,,2612.0,,
IND-295,D62,2024-11-01,DEPT,,2797.0,,52.54
IND-295,D62,2026-12-01,DEPT,,,5324.0,
IND-295,D63,2022-12-01,DEPT,0.0,,,
IND-295,D63,2023-01-01,DEPT,,24.0,,
IND-295,D63,2023-02-01,DEPT,,29.0,,
IND-295,D63,2023-03-01,DEPT,,66.0,,
IND-295,D63,2023-04-01,DEPT,,95.0,,
IND-295,D63,2023-05-01,DEPT,,117.0,,
IND-295,D63,2023-06-01,DEPT,,150.0,,
IND-295,D63,2023-07-01,DEPT,,152.0,,
IND-295,D63,2023-08-01,DEPT,,189.0,,
IND-295,D63,2023-09-01,DEPT,,222.0,,
IND-295,D63,2023-10-01,DEPT,,268.0,,
IND-295,D63,2023-11-01,DEPT,,295.0,,
IND-295,D63,2023-12-01,DEPT,,334.0,,
IND-295,D63,2024-01-01,DEPT,,371.0,,
IND-295,D63,2024-02-01,DEPT,,393.0,,
IND-295,D63,2024-03-01,DEPT,,413.0,,
IND-295,D63,2024-04-01,DEPT,,451.0,,
IND-295,D63,2024-05-01,DEPT,,479.0,,
IND-295,D63,2024-06-01,DEPT,,477.0,,
IND-295,D63,2024-08-01,DEPT,,477.0,,
IND-295,D63,2024-09-01,DEPT,,565.0,,
IND-295,D63,2024-10-01,DEPT,,609.0,,
IND-295,D63,2024-11-01,DEPT,,664.0,,37.35
IND-295,D63,2026-12-01,DEPT,,,1778.0,
IND-295,D64,2022-12-01,DEPT,0.0,,,
IND-295,D64,2023-01-01,DEPT,,35.0,,
IND-295,D64,2023-02-01,DEPT,,125.0,,
IND-295,D64,2023-03-01,DEPT,,139.0,,
IND-295,D64,2023-04-01,DEPT,,154.0,,
IND-295,D64,2023-05-01,DEPT,,169.0,,
IND-295,D64,2023-06-01,DEPT,,176.0,,
IND-295,D64,2023-07-01,DEPT,,200.0,,
IND-295,D64,2023-08-01,DEPT,,222.0,,
IND-295,D64,2023-09-01,DEPT,,251.0,,
IND-295,D64,2023-10-01,DEPT,,288.0,,
IND-295,D64,2023-11-01,DEPT,,317.0,,
IND-295,D64,2023-12-01,DEPT,,354.0,,
IND-295,D64,2024-01-01,DEPT,,365.0,,
IND-295,D64,2024-02-01,DEPT,,398.0,,
IND-295,D64,2024-03-01,DEPT,,438.0,,
IND-295,D64,2024-04-01,DEPT,,488.0,,
IND-295,D64,2024-05-01,DEPT,,504.0,,
IND-295,D64,2024-06-01,DEPT,,541.0,,
IND-295,D64,2024-08-01,DEPT,,583.0,,
IND-295,D64,2024-09-01,DEPT,,611.0,,
IND-295,D64,2024-10-01,DEPT,,691.0,,
IND-295,D64,2024-11-01,DEPT,,710.0,,36.67
IND-295,D64,2026-12-01,DEPT,,,1936.0,
IND-295,D65,2022-12-01,DEPT,0.0,,,
IND-295,D65,2023-01-01,DEPT,,4.0,,
IND-295,D65,2023-02-01,DEPT,,18.0,,
IND-295,D65,2023-03-01,DEPT,,22.0,,
IND-295,D65,2023-04-01,DEPT,,31.0,,
IND-295,D65,2023-05-01,DEPT,,42.0,,
IND-295,D65,2023-06-01,DEPT,,42.0,,
IND-295,D65,2023-07-01,DEPT,,53.0,,
IND-295,D65,2023-08-01,DEPT,,59.0,,
IND-295,D65,2023-09-01,DEPT,,70.0,,
IND-295,D65,2023-10-01,DEPT,,75.0,,
IND-295,D65,2023-11-01,DEPT,,95.0,,
IND-295,D65,2023-12-01,DEPT,,123.0,,
IND-295,D65,2024-01-01,DEPT,,136.0,,
IND-295,D65,2024-02-01,DEPT,,145.0,,
IND-295,D65,2024-03-01,DEPT,,149.0,,
IND-295,D65,2024-04-01,DEPT,,156.0,,
IND-295,D65,2024-05-01,DEPT,,185.0,,
IND-295,D65,2024-06-01,DEPT,,187.0,,
IND-295,D65,2024-08-01,DEPT,,209.0,,
IND-295,D65,2024-09-01,DEPT,,224.0,,
IND-295,D65,2024-10-01,DEPT,,246.0,,
IND-295,D65,2024-11-01,DEPT,,279.0,,58.74
IND-295,D65,2026-12-01,DEPT,,,475.0,
IND-295,D66,2022-12-01,DEPT,0.0,,,
IND-295,D66,2023-01-01,DEPT,,18.0,,
IND-295,D66,2023-02-01,DEPT,,42.0,,
IND-295,D66,2023-03-01,DEPT,,64.0,,
IND-295,D66,2023-04-01,DEPT,,90.0,,
IND-295,D66,2023-05-01,DEPT,,103.0,,
IND-295,D66,2023-06-01,DEPT,,117.0,,
IND-295,D66,2023-07-01,DEPT,,154.0,,
IND-295,D66,2023-08-01,DEPT,,180.0,,
IND-295,D66,2023-09-01,DEPT,,191.0,,
IND-295,D66,2023-10-01,DEPT,,218.0,,
IND-295,D66,2023-11-01,DEPT,,233.0,,
IND-295,D66,2023-12-01,DEPT,,244.0,,
IND-295,D66,2024-01-01,DEPT,,257.0,,
IND-295,D66,2024-02-01,DEPT,,286.0,,
IND-295,D66,2024-03-01,DEPT,,306.0,,
IND-295,D66,2024-04-01,DEPT,,330.0,,
IND-295,D66,2024-05-01,DEPT,,343.0,,
IND-295,D66,2024-06-01,DEPT,,363.0,,
IND-295,D66,2024-08-01,DEPT,,407.0,,
IND-295,D66,2024-09-01,DEPT,,429.0,,
IND-295,D66,2024-10-01,DEPT,,449.0,,
IND-295,D66,2024-11-01,DEPT,,477.0,,46.72
IND-295,D66,2026-12-01,DEPT,,,1021.0,
IND-295,D67,2022-12-01,DEPT,0.0,,,
IND-295,D67,2023-01-01,DEPT,,114.0,,
IND-295,D67,2023-02-01,DEPT,,194.0,,
IND-295,D67,2023-03-01,DEPT,,312.0,,
IND-295,D67,2023-04-01,DEPT,,433.0,,
IND-295,D67,2023-05-01,DEPT,,550.0,,
IND-295,D67,2023-06-01,DEPT,,649.0,,
IND-295,D67,2023-07-01,DEPT,,711.0,,
IND-295,D67,2023-08-01,DEPT,,799.0,,
IND-295,D67,2023-09-01,DEPT,,856.0,,
IND-295,D67,2023-10-01,DEPT,,961.0,,
IND-295,D67,2023-11-01,DEPT,,1109.0,,
IND-295,D67,2023-12-01,DEPT,,1219.0,,
IND-295,D67,2024-01-01,DEPT,,1309.0,,
IND-295,D67,2024-02-01,DEPT,,1408.0,,
IND-295,D67,2024-03-01,DEPT,,1516.0,,
IND-295,D67,2024-04-01,DEPT,,1622.0,,
IND-295,D67,2024-05-01,DEPT,,1758.0,,
IND-295,D67,2024-06-01,DEPT,,1890.0,,
IND-295,D67,2024-08-01,DEPT,,2112.0,,
IND-295,D67,2024-09-01,DEPT,,2169.0,,
IND-295,D67,2024-10-01,DEPT,,2361.0,,
IND-295,D67,2024-11-01,DEPT,,2504.0,,54.51
IND-295,D67,2026-12-01,DEPT,,,4594.0,
IND-295,D68,2022-12-01,DEPT,0.0,,,
IND-295,D68,2023-01-01,DEPT,,42.0,,
IND-295,D68,2023-02-01,DEPT,,112.0,,
IND-295,D68,2023-03-01,DEPT,,194.0,,
IND-295,D68,2023-04-01,DEPT,,275.0,,
IND-295,D68,2023-05-01,DEPT,,332.0,,
IND-295,D68,2023-06-01,DEPT,,394.0,,
IND-295,D68,2023-07-01,DEPT,,491.0,,
IND-295,D68,2023-08-01,DEPT,,576.0,,
IND-295,D68,2023-09-01,DEPT,,623.0,,
IND-295,D68,2023-10-01,DEPT,,673.0,,
IND-295,D68,2023-11-01,DEPT,,757.0,,
IND-295,D68,2023-12-01,DEPT,,801.0,,
IND-295,D68,2024-01-01,DEPT,,860.0,,
IND-295,D68,2024-02-01,DEPT,,926.0,,
IND-295,D68,2024-03-01,DEPT,,1019.0,,
IND-295,D68,2024-04-01,DEPT,,1094.0,,
IND-295,D68,2024-05-01,DEPT,,1153.0,,
IND-295,D68,2024-06-01,DEPT,,1230.0,,
IND-295,D68,2024-08-01,DEPT,,1399.0,,
IND-295,D68,2024-09-01,DEPT,,1441.0,,
IND-295,D68,2024-10-01,DEPT,,1514.0,,
IND-295,D68,2024-11-01,DEPT,,1637.0,,57.06
IND-295,D68,2026-12-01,DEPT,,,2869.0,
IND-295,D69,2022-12-01,DEPT,0.0,,,
IND-295,D69,2023-01-01,DEPT,,202.0,,
IND-295,D69,2023-02-01,DEPT,,359.0,,
IND-295,D69,2023-03-01,DEPT,,598.0,,
IND-295,D69,2023-04-01,DEPT,,796.0,,
IND-295,D69,2023-05-01,DEPT,,983.0,,
IND-295,D69,2023-06-01,DEPT,,1166.0,,
IND-295,D69,2023-07-01,DEPT,,1349.0,,
IND-295,D69,2023-08-01,DEPT,,1472.0,,
IND-295,D69,2023-09-01,DEPT,,1615.0,,
IND-295,D69,2023-10-01,DEPT,,1806.0,,
IND-295,D69,2023-11-01,DEPT,,2037.0,,
IND-295,D69,2023-12-01,DEPT,,2301.0,,
IND-295,D69,2024-01-01,DEPT,,2455.0,,
IND-295,D69,2024-02-01,DEPT,,2618.0,,
IND-295,D69,2024-03-01,DEPT,,2842.0,,
IND-295,D69,2024-04-01,DEPT,,3029.0,,
IND-295,D69,2024-05-01,DEPT,,3203.0,,
IND-295,D69,2024-06-01,DEPT,,3390.0,,
IND-295,D69,2024-08-01,DEPT,,3779.0,,
IND-295,D69,2024-09-01,DEPT,,3905.0,,
IND-295,D69,2024-10-01,DEPT,,4149.0,,
IND-295,D69,2024-11-01,DEPT,,4475.0,,49.56
IND-295,D69,2026-12-01,DEPT,,,9029.0,
IND-295,D70,2022-12-01,DEPT,0.0,,,
IND-295,D70,2023-01-01,DEPT,,9.0,,
IND-295,D70,2023-02-01,DEPT,,15.0,,
IND-295,D70,2023-03-01,DEPT,,20.0,,
IND-295,D70,2023-04-01,DEPT,,20.0,,
IND-295,D70,2023-05-01,DEPT,,37.0,,
IND-295,D70,2023-06-01,DEPT,,37.0,,
IND-295,D70,2023-07-01,DEPT,,37.0,,
IND-295,D70,2023-08-01,DEPT,,37.0,,
IND-295,D70,2023-09-01,DEPT,,51.0,,
IND-295,D70,2023-10-01,DEPT,,51.0,,
IND-295,D70,2023-11-01,DEPT,,75.0,,
IND-295,D70,2023-12-01,DEPT,,84.0,,
IND-295,D70,2024-01-01,DEPT,,86.0,,
IND-295,D70,2024-02-01,DEPT,,97.0,,
IND-295,D70,2024-03-01,DEPT,,113.0,,
IND-295,D70,2024-04-01,DEPT,,124.0,,
IND-295,D70,2024-05-01,DEPT,,132.0,,
IND-295,D70,2024-06-01,DEPT,,135.0,,
IND-295,D70,2024-08-01,DEPT,,154.0,,
IND-295,D70,2024-09-01,DEPT,,163.0,,
IND-295,D70,2024-10-01,DEPT,,187.0,,
IND-295,D70,2024-11-01,DEPT,,207.0,,48.03
IND-295,D70,2026-12-01,DEPT,,,431.0,
IND-295,D71,2022-12-01,DEPT,0.0,,,
IND-295,D71,2023-01-01,DEPT,,37.0,,
IND-295,D71,2023-02-01,DEPT,,70.0,,
IND-295,D71,2023-03-01,DEPT,,125.0,,
IND-295,D71,2023-04-01,DEPT,,161.0,,
IND-295,D71,2023-05-01,DEPT,,198.0,,
IND-295,D71,2023-06-01,DEPT,,224.0,,
IND-295,D71,2023-07-01,DEPT,,279.0,,
IND-295,D71,2023-08-01,DEPT,,299.0,,
IND-295,D71,2023-09-01,DEPT,,337.0,,
IND-295,D71,2023-10-01,DEPT,,376.0,,
IND-295,D71,2023-11-01,DEPT,,405.0,,
IND-295,D71,2023-12-01,DEPT,,458.0,,
IND-295,D71,2024-01-01,DEPT,,493.0,,
IND-295,D71,2024-02-01,DEPT,,526.0,,
IND-295,D71,2024-03-01,DEPT,,579.0,,
IND-295,D71,2024-04-01,DEPT,,616.0,,
IND-295,D71,2024-05-01,DEPT,,641.0,,
IND-295,D71,2024-06-01,DEPT,,687.0,,
IND-295,D71,2024-08-01,DEPT,,759.0,,
IND-295,D71,2024-09-01,DEPT,,775.0,,
IND-295,D71,2024-10-01,DEPT,,828.0,,
IND-295,D71,2024-11-01,DEPT,,872.0,,40.11
IND-295,D71,2026-12-01,DEPT,,,2174.0,
IND-295,D72,2022-12-01,DEPT,0.0,,,
IND-295,D72,2023-01-01,DEPT,,13.0,,
IND-295,D72,2023-02-01,DEPT,,42.0,,
IND-295,D72,2023-03-01,DEPT,,73.0,,
IND-295,D72,2023-04-01,DEPT,,117.0,,
IND-295,D72,2023-05-01,DEPT,,154.0,,
IND-295,D72,2023-06-01,DEPT,,205.0,,
IND-295,D72,2023-07-01,DEPT,,244.0,,
IND-295,D72,2023-08-01,DEPT,,284.0,,
IND-295,D72,2023-09-01,DEPT,,308.0,,
IND-295,D72,2023-10-01,DEPT,,361.0,,
IND-295,D72,2023-11-01,DEPT,,409.0,,
IND-295,D72,2023-12-01,DEPT,,442.0,,
IND-295,D72,2024-01-01,DEPT,,504.0,,
IND-295,D72,2024-02-01,DEPT,,543.0,,
IND-295,D72,2024-03-01,DEPT,,587.0,,
IND-295,D72,2024-04-01,DEPT,,627.0,,
IND-295,D72,2024-05-01,DEPT,,660.0,,
IND-295,D72,2024-06-01,DEPT,,702.0,,
IND-295,D72,2024-08-01,DEPT,,739.0,,
IND-295,D72,2024-09-01,DEPT,,765.0,,
IND-295,D72,2024-10-01,DEPT,,812.0,,
IND-295,D72,2024-11-01,DEPT,,882.0,,50.37
IND-295,D72,2026-12-01,DEPT,,,1751.0,
IND-295,D73,2022-12-01,DEPT,0.0,,,
IND-295,D73,2023-01-01,DEPT,,26.0,,
IND-295,D73,2023-02-01,DEPT,,42.0,,
IND-295,D73,2023-03-01,DEPT,,55.0,,
IND-295,D73,2023-04-01,DEPT,,70.0,,
IND-295,D73,2023-05-01,DEPT,,92.0,,
IND-295,D73,2023-06-01,DEPT,,117.0,,
IND-295,D73,2023-07-01,DEPT,,136.0,,
IND-295,D73,2023-08-01,DEPT,,150.0,,
IND-295,D73,2023-09-01,DEPT,,156.0,,
IND-295,D73,2023-10-01,DEPT,,187.0,,
IND-295,D73,2023-11-01,DEPT,,229.0,,
IND-295,D73,2023-12-01,DEPT,,257.0,,
IND-295,D73,2024-01-01,DEPT,,303.0,,
IND-295,D73,2024-02-01,DEPT,,330.0,,
IND-295,D73,2024-03-01,DEPT,,380.0,,
IND-295,D73,2024-04-01,DEPT,,411.0,,
IND-295,D73,2024-05-01,DEPT,,429.0,,
IND-295,D73,2024-06-01,DEPT,,448.0,,
IND-295,D73,2024-08-01,DEPT,,473.0,,
IND-295,D73,2024-09-01,DEPT,,492.0,,
IND-295,D73,2024-10-01,DEPT,,508.0,,
IND-295,D73,2024-11-01,DEPT,,534.0,,54.66
IND-295,D73,2026-12-01,DEPT,,,977.0,
IND-295,D74,2022-12-01,DEPT,0.0,,,
IND-295,D74,2023-01-01,DEPT,,55.0,,
IND-295,D74,2023-02-01,DEPT,,130.0,,
IND-295,D74,2023-03-01,DEPT,,194.0,,
IND-295,D74,2023-04-01,DEPT,,240.0,,
IND-295,D74,2023-05-01,DEPT,,330.0,,
IND-295,D74,2023-06-01,DEPT,,414.0,,
IND-295,D74,2023-07-01,DEPT,,491.0,,
IND-295,D74,2023-08-01,DEPT,,543.0,,
IND-295,D74,2023-09-01,DEPT,,605.0,,
IND-295,D74,2023-10-01,DEPT,,697.0,,
IND-295,D74,2023-11-01,DEPT,,757.0,,
IND-295,D74,2023-12-01,DEPT,,832.0,,
IND-295,D74,2024-01-01,DEPT,,913.0,,
IND-295,D74,2024-02-01,DEPT,,990.0,,
IND-295,D74,2024-03-01,DEPT,,1041.0,,
IND-295,D74,2024-04-01,DEPT,,1087.0,,
IND-295,D74,2024-05-01,DEPT,,1153.0,,
IND-295,D74,2024-06-01,DEPT,,1226.0,,
IND-295,D74,2024-08-01,DEPT,,1441.0,,
IND-295,D74,2024-09-01,DEPT,,1534.0,,
IND-295,D74,2024-10-01,DEPT,,1626.0,,
IND-295,D74,2024-11-01,DEPT,,1712.0,,53.6
IND-295,D74,2026-12-01,DEPT,,,3194.0,
IND-295,D75,2022-12-01,DEPT,0.0,,,
IND-295,D75,2023-01-01,DEPT,,299.0,,
IND-295,D75,2023-02-01,DEPT,,572.0,,
IND-295,D75,2023-03-01,DEPT,,904.0,,
IND-295,D75,2023-04-01,DEPT,,1210.0,,
IND-295,D75,2023-05-01,DEPT,,1452.0,,
IND-295,D75,2023-06-01,DEPT,,1874.0,,
IND-295,D75,2023-07-01,DEPT,,2101.0,,
IND-295,D75,2023-08-01,DEPT,,2358.0,,
IND-295,D75,2023-09-01,DEPT,,2594.0,,
IND-295,D75,2023-10-01,DEPT,,2886.0,,
IND-295,D75,2023-11-01,DEPT,,3168.0,,
IND-295,D75,2023-12-01,DEPT,,3465.0,,
IND-295,D75,2024-01-01,DEPT,,3824.0,,
IND-295,D75,2024-02-01,DEPT,,4112.0,,
IND-295,D75,2024-03-01,DEPT,,4336.0,,
IND-295,D75,2024-04-01,DEPT,,4556.0,,
IND-295,D75,2024-05-01,DEPT,,4792.0,,
IND-295,D75,2024-06-01,DEPT,,5111.0,,
IND-295,D75,2024-08-01,DEPT,,5636.0,,
IND-295,D75,2024-09-01,DEPT,,5845.0,,
IND-295,D75,2024-10-01,DEPT,,6127.0,,
IND-295,D75,2024-11-01,DEPT,,6437.0,,53.08
IND-295,D75,2026-12-01,DEPT,,,12126.0,
IND-295,D76,2022-12-01,DEPT,0.0,,,
IND-295,D76,2023-01-01,DEPT,,108.0,,
IND-295,D76,2023-02-01,DEPT,,229.0,,
IND-295,D76,2023-03-01,DEPT,,321.0,,
IND-295,D76,2023-04-01,DEPT,,438.0,,
IND-295,D76,2023-05-01,DEPT,,528.0,,
IND-295,D76,2023-06-01,DEPT,,658.0,,
IND-295,D76,2023-07-01,DEPT,,766.0,,
IND-295,D76,2023-08-01,DEPT,,884.0,,
IND-295,D76,2023-09-01,DEPT,,1034.0,,
IND-295,D76,2023-10-01,DEPT,,1164.0,,
IND-295,D76,2023-11-01,DEPT,,1283.0,,
IND-295,D76,2023-12-01,DEPT,,1450.0,,
IND-295,D76,2024-01-01,DEPT,,1564.0,,
IND-295,D76,2024-02-01,DEPT,,1644.0,,
IND-295,D76,2024-03-01,DEPT,,1758.0,,
IND-295,D76,2024-04-01,DEPT,,1894.0,,
IND-295,D76,2024-05-01,DEPT,,2011.0,,
IND-295,D76,2024-06-01,DEPT,,2130.0,,
IND-295,D76,2024-08-01,DEPT,,2337.0,,
IND-295,D76,2024-09-01,DEPT,,2416.0,,
IND-295,D76,2024-10-01,DEPT,,2541.0,,
IND-295,D76,2024-11-01,DEPT,,2656.0,,43.56
IND-295,D76,2026-12-01,DEPT,,,6098.0,
IND-295,D77,2022-12-01,DEPT,0.0,,,
IND-295,D77,2023-01-01,DEPT,,134.0,,
IND-295,D77,2023-02-01,DEPT,,251.0,,
IND-295,D77,2023-03-01,DEPT,,385.0,,
IND-295,D77,2023-04-01,DEPT,,568.0,,
IND-295,D77,2023-05-01,DEPT,,711.0,,
IND-295,D77,2023-06-01,DEPT,,832.0,,
IND-295,D77,2023-07-01,DEPT,,942.0,,
IND-295,D77,2023-08-01,DEPT,,1060.0,,
IND-295,D77,2023-09-01,DEPT,,1210.0,,
IND-295,D77,2023-10-01,DEPT,,1353.0,,
IND-295,D77,2023-11-01,DEPT,,1467.0,,
IND-295,D77,2023-12-01,DEPT,,1621.0,,
IND-295,D77,2024-01-01,DEPT,,1733.0,,
IND-295,D77,2024-02-01,DEPT,,1837.0,,
IND-295,D77,2024-03-01,DEPT,,1980.0,,
IND-295,D77,2024-04-01,DEPT,,2114.0,,
IND-295,D77,2024-05-01,DEPT,,2259.0,,
IND-295,D77,2024-06-01,DEPT,,2384.0,,
IND-295,D77,2024-08-01,DEPT,,2640.0,,
IND-295,D77,2024-09-01,DEPT,,2772.0,,
IND-295,D77,2024-10-01,DEPT,,2915.0,,
IND-295,D77,2024-11-01,DEPT,,3058.0,,43.71
IND-295,D77,2026-12-01,DEPT,,,6996.0,
IND-295,D78,2022-12-01,DEPT,0.0,,,
IND-295,D78,2023-01-01,DEPT,,119.0,,
IND-295,D78,2023-02-01,DEPT,,264.0,,
IND-295,D78,2023-03-01,DEPT,,394.0,,
IND-295,D78,2023-04-01,DEPT,,524.0,,
IND-295,D78,2023-05-01,DEPT,,642.0,,
IND-295,D78,2023-06-01,DEPT,,755.0,,
IND-295,D78,2023-07-01,DEPT,,849.0,,
IND-295,D78,2023-08-01,DEPT,,935.0,,
IND-295,D78,2023-09-01,DEPT,,1080.0,,
IND-295,D78,2023-10-01,DEPT,,1210.0,,
IND-295,D78,2023-11-01,DEPT,,1344.0,,
IND-295,D78,2023-12-01,DEPT,,1448.0,,
IND-295,D78,2024-01-01,DEPT,,1615.0,,
IND-295,D78,2024-02-01,DEPT,,1725.0,,
IND-295,D78,2024-03-01,DEPT,,1829.0,,
IND-295,D78,2024-04-01,DEPT,,1941.0,,
IND-295,D78,2024-05-01,DEPT,,2117.0,,
IND-295,D78,2024-06-01,DEPT,,2211.0,,
IND-295,D78,2024-08-01,DEPT,,2506.0,,
IND-295,D78,2024-09-01,DEPT,,2592.0,,
IND-295,D78,2024-10-01,DEPT,,2746.0,,
IND-295,D78,2024-11-01,DEPT,,2918.0,,41.19
IND-295,D78,2026-12-01,DEPT,,,7084.0,
IND-295,D79,2022-12-01,DEPT,0.0,,,
IND-295,D79,2023-01-01,DEPT,,9.0,,
IND-295,D79,2023-02-01,DEPT,,48.0,,
IND-295,D79,2023-03-01,DEPT,,70.0,,
IND-295,D79,2023-04-01,DEPT,,79.0,,
IND-295,D79,2023-05-01,DEPT,,103.0,,
IND-295,D79,2023-06-01,DEPT,,136.0,,
IND-295,D79,2023-07-01,DEPT,,152.0,,
IND-295,D79,2023-08-01,DEPT,,161.0,,
IND-295,D79,2023-09-01,DEPT,,172.0,,
IND-295,D79,2023-10-01,DEPT,,183.0,,
IND-295,D79,2023-11-01,DEPT,,207.0,,
IND-295,D79,2023-12-01,DEPT,,246.0,,
IND-295,D79,2024-01-01,DEPT,,264.0,,
IND-295,D79,2024-02-01,DEPT,,292.0,,
IND-295,D79,2024-03-01,DEPT,,327.0,,
IND-295,D79,2024-04-01,DEPT,,327.0,,
IND-295,D79,2024-05-01,DEPT,,374.0,,
IND-295,D79,2024-06-01,DEPT,,382.0,,
IND-295,D79,2024-08-01,DEPT,,455.0,,
IND-295,D79,2024-09-01,DEPT,,473.0,,
IND-295,D79,2024-10-01,DEPT,,501.0,,
IND-295,D79,2024-11-01,DEPT,,543.0,,73.48
IND-295,D79,2026-12-01,DEPT,,,739.0,
IND-295,D80,2022-12-01,DEPT,0.0,,,
IND-295,D80,2023-01-01,DEPT,,86.0,,
IND-295,D80,2023-02-01,DEPT,,145.0,,
IND-295,D80,2023-03-01,DEPT,,246.0,,
IND-295,D80,2023-04-01,DEPT,,326.0,,
IND-295,D80,2023-05-01,DEPT,,411.0,,
IND-295,D80,2023-06-01,DEPT,,506.0,,
IND-295,D80,2023-07-01,DEPT,,576.0,,
IND-295,D80,2023-08-01,DEPT,,653.0,,
IND-295,D80,2023-09-01,DEPT,,719.0,,
IND-295,D80,2023-10-01,DEPT,,816.0,,
IND-295,D80,2023-11-01,DEPT,,880.0,,
IND-295,D80,2023-12-01,DEPT,,959.0,,
IND-295,D80,2024-01-01,DEPT,,1040.0,,
IND-295,D80,2024-02-01,DEPT,,1100.0,,
IND-295,D80,2024-03-01,DEPT,,1190.0,,
IND-295,D80,2024-04-01,DEPT,,1232.0,,
IND-295,D80,2024-05-01,DEPT,,1298.0,,
IND-295,D80,2024-06-01,DEPT,,1368.0,,
IND-295,D80,2024-08-01,DEPT,,1500.0,,
IND-295,D80,2024-09-01,DEPT,,1555.0,,
IND-295,D80,2024-10-01,DEPT,,1659.0,,
IND-295,D80,2024-11-01,DEPT,,1760.0,,61.54
IND-295,D80,2026-12-01,DEPT,,,2860.0,
IND-295,D81,2022-12-01,DEPT,0.0,,,
IND-295,D81,2023-01-01,DEPT,,24.0,,
IND-295,D81,2023-02-01,DEPT,,35.0,,
IND-295,D81,2023-03-01,DEPT,,48.0,,
IND-295,D81,2023-04-01,DEPT,,73.0,,
IND-295,D81,2023-05-01,DEPT,,90.0,,
IND-295,D81,2023-06-01,DEPT,,114.0,,
IND-295,D81,2023-07-01,DEPT,,125.0,,
IND-295,D81,2023-08-01,DEPT,,145.0,,
IND-295,D81,2023-09-01,DEPT,,156.0,,
IND-295,D81,2023-10-01,DEPT,,172.0,,
IND-295,D81,2023-11-01,DEPT,,194.0,,
IND-295,D81,2023-12-01,DEPT,,202.0,,
IND-295,D81,2024-01-01,DEPT,,237.0,,
IND-295,D81,2024-02-01,DEPT,,270.0,,
IND-295,D81,2024-03-01,DEPT,,283.0,,
IND-295,D81,2024-04-01,DEPT,,294.0,,
IND-295,D81,2024-05-01,DEPT,,312.0,,
IND-295,D81,2024-06-01,DEPT,,332.0,,
IND-295,D81,2024-08-01,DEPT,,374.0,,
IND-295,D81,2024-09-01,DEPT,,389.0,,
IND-295,D81,2024-10-01,DEPT,,411.0,,
IND-295,D81,2024-11-01,DEPT,,435.0,,63.41
IND-295,D81,2026-12-01,DEPT,,,686.0,
IND-295,D82,2022-12-01,DEPT,0.0,,,
IND-295,D82,2023-01-01,DEPT,,15.0,,
IND-295,D82,2023-02-01,DEPT,,15.0,,
IND-295,D82,2023-03-01,DEPT,,33.0,,
IND-295,D82,2023-04-01,DEPT,,37.0,,
IND-295,D82,2023-05-01,DEPT,,40.0,,
IND-295,D82,2023-06-01,DEPT,,53.0,,
IND-295,D82,2023-07-01,DEPT,,66.0,,
IND-295,D82,2023-08-01,DEPT,,79.0,,
IND-295,D82,2023-09-01,DEPT,,92.0,,
IND-295,D82,2023-10-01,DEPT,,92.0,,
IND-295,D82,2023-11-01,DEPT,,97.0,,
IND-295,D82,2023-12-01,DEPT,,101.0,,
IND-295,D82,2024-01-01,DEPT,,105.0,,
IND-295,D82,2024-02-01,DEPT,,130.0,,
IND-295,D82,2024-03-01,DEPT,,132.0,,
IND-295,D82,2024-04-01,DEPT,,141.0,,
IND-295,D82,2024-05-01,DEPT,,176.0,,
IND-295,D82,2024-06-01,DEPT,,187.0,,
IND-295,D82,2024-08-01,DEPT,,204.0,,
IND-295,D82,2024-09-01,DEPT,,209.0,,
IND-295,D82,2024-10-01,DEPT,,218.0,,
IND-295,D82,2024-11-01,DEPT,,235.0,,47.67
IND-295,D82,2026-12-01,DEPT,,,493.0,
IND-295,D83,2022-12-01,DEPT,0.0,,,
IND-295,D83,2023-01-01,DEPT,,33.0,,
IND-295,D83,2023-02-01,DEPT,,130.0,,
IND-295,D83,2023-03-01,DEPT,,191.0,,
IND-295,D83,2023-04-01,DEPT,,262.0,,
IND-295,D83,2023-05-01,DEPT,,319.0,,
IND-295,D83,2023-06-01,DEPT,,389.0,,
IND-295,D83,2023-07-01,DEPT,,466.0,,
IND-295,D83,2023-08-01,DEPT,,504.0,,
IND-295,D83,2023-09-01,DEPT,,541.0,,
IND-295,D83,2023-10-01,DEPT,,528.0,,
IND-295,D83,2023-11-01,DEPT,,614.0,,
IND-295,D83,2023-12-01,DEPT,,671.0,,
IND-295,D83,2024-01-01,DEPT,,728.0,,
IND-295,D83,2024-02-01,DEPT,,788.0,,
IND-295,D83,2024-03-01,DEPT,,838.0,,
IND-295,D83,2024-04-01,DEPT,,880.0,,
IND-295,D83,2024-05-01,DEPT,,924.0,,
IND-295,D83,2024-06-01,DEPT,,957.0,,
IND-295,D83,2024-08-01,DEPT,,1063.0,,
IND-295,D83,2024-09-01,DEPT,,1098.0,,
IND-295,D83,2024-10-01,DEPT,,1166.0,,
IND-295,D83,2024-11-01,DEPT,,1221.0,,53.37
IND-295,D83,2026-12-01,DEPT,,,2288.0,
IND-295,D84,2022-12-01,DEPT,0.0,,,
IND-295,D84,2023-01-01,DEPT,,24.0,,
IND-295,D84,2023-02-01,DEPT,,40.0,,
IND-295,D84,2023-03-01,DEPT,,84.0,,
IND-295,D84,2023-04-01,DEPT,,95.0,,
IND-295,D84,2023-05-01,DEPT,,141.0,,
IND-295,D84,2023-06-01,DEPT,,163.0,,
IND-295,D84,2023-07-01,DEPT,,216.0,,
IND-295,D84,2023-08-01,DEPT,,242.0,,
IND-295,D84,2023-09-01,DEPT,,288.0,,
IND-295,D84,2023-10-01,DEPT,,328.0,,
IND-295,D84,2023-11-01,DEPT,,339.0,,
IND-295,D84,2023-12-01,DEPT,,420.0,,
IND-295,D84,2024-01-01,DEPT,,451.0,,
IND-295,D84,2024-02-01,DEPT,,497.0,,
IND-295,D84,2024-03-01,DEPT,,537.0,,
IND-295,D84,2024-04-01,DEPT,,545.0,,
IND-295,D84,2024-05-01,DEPT,,563.0,,
IND-295,D84,2024-06-01,DEPT,,592.0,,
IND-295,D84,2024-08-01,DEPT,,660.0,,
IND-295,D84,2024-09-01,DEPT,,682.0,,
IND-295,D84,2024-10-01,DEPT,,726.0,,
IND-295,D84,2024-11-01,DEPT,,774.0,,43.12
IND-295,D84,2026-12-01,DEPT,,,1795.0,
IND-295,D85,2022-12-01,DEPT,0.0,,,
IND-295,D85,2023-01-01,DEPT,,13.0,,
IND-295,D85,2023-02-01,DEPT,,26.0,,
IND-295,D85,2023-03-01,DEPT,,62.0,,
IND-295,D85,2023-04-01,DEPT,,77.0,,
IND-295,D85,2023-05-01,DEPT,,103.0,,
IND-295,D85,2023-06-01,DEPT,,121.0,,
IND-295,D85,2023-07-01,DEPT,,152.0,,
IND-295,D85,2023-08-01,DEPT,,167.0,,
IND-295,D85,2023-09-01,DEPT,,191.0,,
IND-295,D85,2023-10-01,DEPT,,196.0,,
IND-295,D85,2023-11-01,DEPT,,249.0,,
IND-295,D85,2023-12-01,DEPT,,288.0,,
IND-295,D85,2024-01-01,DEPT,,303.0,,
IND-295,D85,2024-02-01,DEPT,,330.0,,
IND-295,D85,2024-03-01,DEPT,,354.0,,
IND-295,D85,2024-04-01,DEPT,,356.0,,
IND-295,D85,2024-05-01,DEPT,,385.0,,
IND-295,D85,2024-06-01,DEPT,,413.0,,
IND-295,D85,2024-08-01,DEPT,,457.0,,
IND-295,D85,2024-09-01,DEPT,,482.0,,
IND-295,D85,2024-10-01,DEPT,,512.0,,
IND-295,D85,2024-11-01,DEPT,,554.0,,42.26
IND-295,D85,2026-12-01,DEPT,,,1311.0,
IND-295,D86,2022-12-01,DEPT,0.0,,,
IND-295,D86,2023-01-01,DEPT,,42.0,,
IND-295,D86,2023-02-01,DEPT,,92.0,,
IND-295,D86,2023-03-01,DEPT,,147.0,,
IND-295,D86,2023-04-01,DEPT,,187.0,,
IND-295,D86,2023-05-01,DEPT,,202.0,,
IND-295,D86,2023-06-01,DEPT,,264.0,,
IND-295,D86,2023-07-01,DEPT,,275.0,,
IND-295,D86,2023-08-01,DEPT,,297.0,,
IND-295,D86,2023-09-01,DEPT,,337.0,,
IND-295,D86,2023-10-01,DEPT,,385.0,,
IND-295,D86,2023-11-01,DEPT,,422.0,,
IND-295,D86,2023-12-01,DEPT,,466.0,,
IND-295,D86,2024-01-01,DEPT,,492.0,,
IND-295,D86,2024-02-01,DEPT,,525.0,,
IND-295,D86,2024-03-01,DEPT,,561.0,,
IND-295,D86,2024-04-01,DEPT,,594.0,,
IND-295,D86,2024-05-01,DEPT,,600.0,,
IND-295,D86,2024-06-01,DEPT,,633.0,,
IND-295,D86,2024-08-01,DEPT,,677.0,,
IND-295,D86,2024-09-01,DEPT,,715.0,,
IND-295,D86,2024-10-01,DEPT,,772.0,,
IND-295,D86,2024-11-01,DEPT,,800.0,,56.46
IND-295,D86,2026-12-01,DEPT,,,1417.0,
IND-295,D87,2022-12-01,DEPT,0.0,,,
IND-295,D87,2023-01-01,DEPT,,26.0,,
IND-295,D87,2023-02-01,DEPT,,62.0,,
IND-295,D87,2023-03-01,DEPT,,103.0,,
IND-295,D87,2023-04-01,DEPT,,128.0,,
IND-295,D87,2023-05-01,DEPT,,183.0,,
IND-295,D87,2023-06-01,DEPT,,218.0,,
IND-295,D87,2023-07-01,DEPT,,251.0,,
IND-295,D87,2023-08-01,DEPT,,277.0,,
IND-295,D87,2023-09-01,DEPT,,319.0,,
IND-295,D87,2023-10-01,DEPT,,328.0,,
IND-295,D87,2023-11-01,DEPT,,367.0,,
IND-295,D87,2023-12-01,DEPT,,411.0,,
IND-295,D87,2024-01-01,DEPT,,446.0,,
IND-295,D87,2024-02-01,DEPT,,475.0,,
IND-295,D87,2024-03-01,DEPT,,473.0,,
IND-295,D87,2024-04-01,DEPT,,512.0,,
IND-295,D87,2024-05-01,DEPT,,523.0,,
IND-295,D87,2024-06-01,DEPT,,545.0,,
IND-295,D87,2024-08-01,DEPT,,585.0,,
IND-295,D87,2024-09-01,DEPT,,622.0,,
IND-295,D87,2024-10-01,DEPT,,664.0,,
IND-295,D87,2024-11-01,DEPT,,706.0,,51.09
IND-295,D87,2026-12-01,DEPT,,,1382.0,
IND-295,D88,2022-12-01,DEPT,0.0,,,
IND-295,D88,2023-01-01,DEPT,,29.0,,
IND-295,D88,2023-02-01,DEPT,,42.0,,
IND-295,D88,2023-03-01,DEPT,,66.0,,
IND-295,D88,2023-04-01,DEPT,,92.0,,
IND-295,D88,2023-05-01,DEPT,,103.0,,
IND-295,D88,2023-06-01,DEPT,,106.0,,
IND-295,D88,2023-07-01,DEPT,,117.0,,
IND-295,D88,2023-08-01,DEPT,,152.0,,
IND-295,D88,2023-09-01,DEPT,,167.0,,
IND-295,D88,2023-10-01,DEPT,,167.0,,
IND-295,D88,2023-11-01,DEPT,,213.0,,
IND-295,D88,2023-12-01,DEPT,,229.0,,
IND-295,D88,2024-01-01,DEPT,,240.0,,
IND-295,D88,2024-02-01,DEPT,,255.0,,
IND-295,D88,2024-03-01,DEPT,,284.0,,
IND-295,D88,2024-04-01,DEPT,,308.0,,
IND-295,D88,2024-05-01,DEPT,,319.0,,
IND-295,D88,2024-06-01,DEPT,,332.0,,
IND-295,D88,2024-08-01,DEPT,,370.0,,
IND-295,D88,2024-09-01,DEPT,,372.0,,
IND-295,D88,2024-10-01,DEPT,,374.0,,
IND-295,D88,2024-11-01,DEPT,,398.0,,36.78
IND-295,D88,2026-12-01,DEPT,,,1082.0,
IND-295,D89,2022-12-01,DEPT,0.0,,,
IND-295,D89,2023-01-01,DEPT,,22.0,,
IND-295,D89,2023-02-01,DEPT,,40.0,,
IND-295,D89,2023-03-01,DEPT,,64.0,,
IND-295,D89,2023-04-01,DEPT,,79.0,,
IND-295,D89,2023-05-01,DEPT,,99.0,,
IND-295,D89,2023-06-01,DEPT,,123.0,,
IND-295,D89,2023-07-01,DEPT,,130.0,,
IND-295,D89,2023-08-01,DEPT,,143.0,,
IND-295,D89,2023-09-01,DEPT,,167.0,,
IND-295,D89,2023-10-01,DEPT,,189.0,,
IND-295,D89,2023-11-01,DEPT,,198.0,,
IND-295,D89,2023-12-01,DEPT,,218.0,,
IND-295,D89,2024-01-01,DEPT,,238.0,,
IND-295,D89,2024-02-01,DEPT,,262.0,,
IND-295,D89,2024-03-01,DEPT,,284.0,,
IND-295,D89,2024-04-01,DEPT,,291.0,,
IND-295,D89,2024-05-01,DEPT,,291.0,,
IND-295,D89,2024-06-01,DEPT,,295.0,,
IND-295,D89,2024-08-01,DEPT,,398.0,,
IND-295,D89,2024-09-01,DEPT,,423.0,,
IND-295,D89,2024-10-01,DEPT,,427.0,,
IND-295,D89,2024-11-01,DEPT,,453.0,,40.52
IND-295,D89,2026-12-01,DEPT,,,1118.0,
IND-295,D90,2022-12-01,DEPT,0.0,,,
IND-295,D90,2023-01-01,DEPT,,15.0,,
IND-295,D90,2023-02-01,DEPT,,33.0,,
IND-295,D90,2023-03-01,DEPT,,44.0,,
IND-295,D90,2023-04-01,DEPT,,57.0,,
IND-295,D90,2023-05-01,DEPT,,64.0,,
IND-295,D90,2023-06-01,DEPT,,86.0,,
IND-295,D90,2023-07-01,DEPT,,90.0,,
IND-295,D90,2023-08-01,DEPT,,95.0,,
IND-295,D90,2023-09-01,DEPT,,101.0,,
IND-295,D90,2023-10-01,DEPT,,101.0,,
IND-295,D90,2023-11-01,DEPT,,121.0,,
IND-295,D90,2023-12-01,DEPT,,139.0,,
IND-295,D90,2024-01-01,DEPT,,148.0,,
IND-295,D90,2024-02-01,DEPT,,154.0,,
IND-295,D90,2024-03-01,DEPT,,165.0,,
IND-295,D90,2024-04-01,DEPT,,168.0,,
IND-295,D90,2024-05-01,DEPT,,168.0,,
IND-295,D90,2024-06-01,DEPT,,194.0,,
IND-295,D90,2024-08-01,DEPT,,231.0,,
IND-295,D90,2024-09-01,DEPT,,231.0,,
IND-295,D90,2024-10-01,DEPT,,262.0,,
IND-295,D90,2024-11-01,DEPT,,278.0,,46.49
IND-295,D90,2026-12-01,DEPT,,,598.0,
IND-295,D91,2022-12-01,DEPT,0.0,,,
IND-295,D91,2023-01-01,DEPT,,152.0,,
IND-295,D91,2023-02-01,DEPT,,255.0,,
IND-295,D91,2023-03-01,DEPT,,418.0,,
IND-295,D91,2023-04-01,DEPT,,546.0,,
IND-295,D91,2023-05-01,DEPT,,693.0,,
IND-295,D91,2023-06-01,DEPT,,845.0,,
IND-295,D91,2023-07-01,DEPT,,944.0,,
IND-295,D91,2023-08-01,DEPT,,1078.0,,
IND-295,D91,2023-09-01,DEPT,,1181.0,,
IND-295,D91,2023-10-01,DEPT,,1263.0,,
IND-295,D91,2023-11-01,DEPT,,1382.0,,
IND-295,D91,2023-12-01,DEPT,,1527.0,,
IND-295,D91,2024-01-01,DEPT,,1641.0,,
IND-295,D91,2024-02-01,DEPT,,1795.0,,
IND-295,D91,2024-03-01,DEPT,,1945.0,,
IND-295,D91,2024-04-01,DEPT,,2081.0,,
IND-295,D91,2024-05-01,DEPT,,2231.0,,
IND-295,D91,2024-06-01,DEPT,,2323.0,,
IND-295,D91,2024-08-01,DEPT,,2649.0,,
IND-295,D91,2024-09-01,DEPT,,2774.0,,
IND-295,D91,2024-10-01,DEPT,,2931.0,,
IND-295,D91,2024-11-01,DEPT,,3065.0,,40.93
IND-295,D91,2026-12-01,DEPT,,,7489.0,
IND-295,D92,2022-12-01,DEPT,0.0,,,
IND-295,D92,2023-01-01,DEPT,,172.0,,
IND-295,D92,2023-02-01,DEPT,,337.0,,
IND-295,D92,2023-03-01,DEPT,,475.0,,
IND-295,D92,2023-04-01,DEPT,,623.0,,
IND-295,D92,2023-05-01,DEPT,,770.0,,
IND-295,D92,2023-06-01,DEPT,,966.0,,
IND-295,D92,2023-07-01,DEPT,,1113.0,,
IND-295,D92,2023-08-01,DEPT,,1287.0,,
IND-295,D92,2023-09-01,DEPT,,1467.0,,
IND-295,D92,2023-10-01,DEPT,,1727.0,,
IND-295,D92,2023-11-01,DEPT,,1951.0,,
IND-295,D92,2023-12-01,DEPT,,2145.0,,
IND-295,D92,2024-01-01,DEPT,,2336.0,,
IND-295,D92,2024-02-01,DEPT,,2479.0,,
IND-295,D92,2024-03-01,DEPT,,2609.0,,
IND-295,D92,2024-04-01,DEPT,,2721.0,,
IND-295,D92,2024-05-01,DEPT,,2895.0,,
IND-295,D92,2024-06-01,DEPT,,3005.0,,
IND-295,D92,2024-08-01,DEPT,,3302.0,,
IND-295,D92,2024-09-01,DEPT,,3428.0,,
IND-295,D92,2024-10-01,DEPT,,3630.0,,
IND-295,D92,2024-11-01,DEPT,,3859.0,,44.39
IND-295,D92,2026-12-01,DEPT,,,8694.0,
IND-295,D93,2022-12-01,DEPT,0.0,,,
IND-295,D93,2023-01-01,DEPT,,200.0,,
IND-295,D93,2023-02-01,DEPT,,420.0,,
IND-295,D93,2023-03-01,DEPT,,651.0,,
IND-295,D93,2023-04-01,DEPT,,788.0,,
IND-295,D93,2023-05-01,DEPT,,953.0,,
IND-295,D93,2023-06-01,DEPT,,1107.0,,
IND-295,D93,2023-07-01,DEPT,,1289.0,,
IND-295,D93,2023-08-01,DEPT,,1536.0,,
IND-295,D93,2023-09-01,DEPT,,1703.0,,
IND-295,D93,2023-10-01,DEPT,,1916.0,,
IND-295,D93,2023-11-01,DEPT,,2145.0,,
IND-295,D93,2023-12-01,DEPT,,2367.0,,
IND-295,D93,2024-01-01,DEPT,,2594.0,,
IND-295,D93,2024-02-01,DEPT,,2776.0,,
IND-295,D93,2024-03-01,DEPT,,2965.0,,
IND-295,D93,2024-04-01,DEPT,,3214.0,,
IND-295,D93,2024-05-01,DEPT,,3421.0,,
IND-295,D93,2024-06-01,DEPT,,3630.0,,
IND-295,D93,2024-08-01,DEPT,,4094.0,,
IND-295,D93,2024-09-01,DEPT,,4292.0,,
IND-295,D93,2024-10-01,DEPT,,4580.0,,
IND-295,D93,2024-11-01,DEPT,,4866.0,,46.7
IND-295,D93,2026-12-01,DEPT,,,10419.0,
IND-295,D94,2022-12-01,DEPT,0.0,,,
IND-295,D94,2023-01-01,DEPT,,128.0,,
IND-295,D94,2023-02-01,DEPT,,262.0,,
IND-295,D94,2023-03-01,DEPT,,458.0,,
IND-295,D94,2023-04-01,DEPT,,609.0,,
IND-295,D94,2023-05-01,DEPT,,733.0,,
IND-295,D94,2023-06-01,DEPT,,902.0,,
IND-295,D94,2023-07-01,DEPT,,986.0,,
IND-295,D94,2023-08-01,DEPT,,1129.0,,
IND-295,D94,2023-09-01,DEPT,,1247.0,,
IND-295,D94,2023-10-01,DEPT,,1404.0,,
IND-295,D94,2023-11-01,DEPT,,1571.0,,
IND-295,D94,2023-12-01,DEPT,,1791.0,,
IND-295,D94,2024-01-01,DEPT,,1923.0,,
IND-295,D94,2024-02-01,DEPT,,2161.0,,
IND-295,D94,2024-03-01,DEPT,,2306.0,,
IND-295,D94,2024-04-01,DEPT,,2433.0,,
IND-295,D94,2024-05-01,DEPT,,2581.0,,
IND-295,D94,2024-06-01,DEPT,,2748.0,,
IND-295,D94,2024-08-01,DEPT,,3054.0,,
IND-295,D94,2024-09-01,DEPT,,3142.0,,
IND-295,D94,2024-10-01,DEPT,,3340.0,,
IND-295,D94,2024-11-01,DEPT,,3540.0,,43.39
IND-295,D94,2026-12-01,DEPT,,,8158.0,
IND-295,D95,2022-12-01,DEPT,0.0,,,
IND-295,D95,2023-01-01,DEPT,,121.0,,
IND-295,D95,2023-02-01,DEPT,,238.0,,
IND-295,D95,2023-03-01,DEPT,,396.0,,
IND-295,D95,2023-04-01,DEPT,,497.0,,
IND-295,D95,2023-05-01,DEPT,,581.0,,
IND-295,D95,2023-06-01,DEPT,,700.0,,
IND-295,D95,2023-07-01,DEPT,,843.0,,
IND-295,D95,2023-08-01,DEPT,,970.0,,
IND-295,D95,2023-09-01,DEPT,,1104.0,,
IND-295,D95,2023-10-01,DEPT,,1208.0,,
IND-295,D95,2023-11-01,DEPT,,1357.0,,
IND-295,D95,2023-12-01,DEPT,,1500.0,,
IND-295,D95,2024-01-01,DEPT,,1667.0,,
IND-295,D95,2024-02-01,DEPT,,1804.0,,
IND-295,D95,2024-03-01,DEPT,,1940.0,,
IND-295,D95,2024-04-01,DEPT,,2050.0,,
IND-295,D95,2024-05-01,DEPT,,2186.0,,
IND-295,D95,2024-06-01,DEPT,,2301.0,,
IND-295,D95,2024-08-01,DEPT,,2574.0,,
IND-295,D95,2024-09-01,DEPT,,2697.0,,
IND-295,D95,2024-10-01,DEPT,,2846.0,,
IND-295,D95,2024-11-01,DEPT,,3033.0,,46.45
IND-295,D95,2026-12-01,DEPT,,,6530.0,
IND-295,D971,2022-12-01,DEPT,0.0,,,
IND-295,D971,2023-01-01,DEPT,,4.0,,
IND-295,D971,2023-02-01,DEPT,,9.0,,
IND-295,D971,2023-03-01,DEPT,,11.0,,
IND-295,D971,2023-04-01,DEPT,,20.0,,
IND-295,D971,2023-05-01,DEPT,,31.0,,
IND-295,D971,2023-06-01,DEPT,,40.0,,
IND-295,D971,2023-07-01,DEPT,,40.0,,
IND-295,D971,2023-08-01,DEPT,,46.0,,
IND-295,D971,2023-09-01,DEPT,,64.0,,
IND-295,D971,2023-10-01,DEPT,,79.0,,
IND-295,D971,2023-11-01,DEPT,,92.0,,
IND-295,D971,2023-12-01,DEPT,,112.0,,
IND-295,D971,2024-01-01,DEPT,,114.0,,
IND-295,D971,2024-02-01,DEPT,,116.0,,
IND-295,D971,2024-03-01,DEPT,,121.0,,
IND-295,D971,2024-04-01,DEPT,,130.0,,
IND-295,D971,2024-05-01,DEPT,,141.0,,
IND-295,D971,2024-06-01,DEPT,,154.0,,
IND-295,D971,2024-08-01,DEPT,,165.0,,
IND-295,D971,2024-09-01,DEPT,,171.0,,
IND-295,D971,2024-10-01,DEPT,,176.0,,
IND-295,D971,2024-11-01,DEPT,,185.0,,32.34
IND-295,D971,2026-12-01,DEPT,,,572.0,
IND-295,D972,2022-12-01,DEPT,0.0,,,
IND-295,D972,2023-01-01,DEPT,,0.0,,
IND-295,D972,2023-02-01,DEPT,,0.0,,
IND-295,D972,2023-03-01,DEPT,,11.0,,
IND-295,D972,2023-04-01,DEPT,,15.0,,
IND-295,D972,2023-05-01,DEPT,,20.0,,
IND-295,D972,2023-06-01,DEPT,,42.0,,
IND-295,D972,2023-07-01,DEPT,,29.0,,
IND-295,D972,2023-08-01,DEPT,,35.0,,
IND-295,D972,2023-09-01,DEPT,,35.0,,
IND-295,D972,2023-10-01,DEPT,,37.0,,
IND-295,D972,2023-11-01,DEPT,,44.0,,
IND-295,D972,2023-12-01,DEPT,,51.0,,
IND-295,D972,2024-01-01,DEPT,,55.0,,
IND-295,D972,2024-02-01,DEPT,,60.0,,
IND-295,D972,2024-03-01,DEPT,,64.0,,
IND-295,D972,2024-04-01,DEPT,,69.0,,
IND-295,D972,2024-05-01,DEPT,,73.0,,
IND-295,D972,2024-06-01,DEPT,,399.0,,
IND-295,D972,2024-08-01,DEPT,,88.0,,
IND-295,D972,2024-09-01,DEPT,,95.0,,
IND-295,D972,2024-10-01,DEPT,,97.0,,
IND-295,D972,2024-11-01,DEPT,,106.0,,30.11
IND-295,D972,2026-12-01,DEPT,,,352.0,
IND-295,D973,2022-12-01,DEPT,0.0,,,
IND-295,D973,2023-01-01,DEPT,,4.0,,
IND-295,D973,2023-02-01,DEPT,,7.0,,
IND-295,D973,2023-03-01,DEPT,,11.0,,
IND-295,D973,2023-04-01,DEPT,,22.0,,
IND-295,D973,2023-05-01,DEPT,,31.0,,
IND-295,D973,2023-06-01,DEPT,,24.0,,
IND-295,D973,2023-07-01,DEPT,,53.0,,
IND-295,D973,2023-08-01,DEPT,,62.0,,
IND-295,D973,2023-09-01,DEPT,,68.0,,
IND-295,D973,2023-10-01,DEPT,,84.0,,
IND-295,D973,2023-11-01,DEPT,,88.0,,
IND-295,D973,2023-12-01,DEPT,,101.0,,
IND-295,D973,2024-01-01,DEPT,,105.0,,
IND-295,D973,2024-02-01,DEPT,,110.0,,
IND-295,D973,2024-03-01,DEPT,,125.0,,
IND-295,D973,2024-04-01,DEPT,,130.0,,
IND-295,D973,2024-05-01,DEPT,,165.0,,
IND-295,D973,2024-06-01,DEPT,,182.0,,
IND-295,D973,2024-08-01,DEPT,,209.0,,
IND-295,D973,2024-09-01,DEPT,,224.0,,
IND-295,D973,2024-10-01,DEPT,,257.0,,
IND-295,D973,2024-11-01,DEPT,,268.0,,43.51
IND-295,D973,2026-12-01,DEPT,,,616.0,
IND-295,D974,2022-12-01,DEPT,0.0,,,
IND-295,D974,2023-01-01,DEPT,,29.0,,
IND-295,D974,2023-02-01,DEPT,,101.0,,
IND-295,D974,2023-03-01,DEPT,,169.0,,
IND-295,D974,2023-04-01,DEPT,,218.0,,
IND-295,D974,2023-05-01,DEPT,,284.0,,
IND-295,D974,2023-06-01,DEPT,,337.0,,
IND-295,D974,2023-07-01,DEPT,,383.0,,
IND-295,D974,2023-08-01,DEPT,,449.0,,
IND-295,D974,2023-09-01,DEPT,,515.0,,
IND-295,D974,2023-10-01,DEPT,,579.0,,
IND-295,D974,2023-11-01,DEPT,,645.0,,
IND-295,D974,2023-12-01,DEPT,,737.0,,
IND-295,D974,2024-01-01,DEPT,,807.0,,
IND-295,D974,2024-02-01,DEPT,,900.0,,
IND-295,D974,2024-03-01,DEPT,,979.0,,
IND-295,D974,2024-04-01,DEPT,,1065.0,,
IND-295,D974,2024-05-01,DEPT,,1166.0,,
IND-295,D974,2024-06-01,DEPT,,902.0,,
IND-295,D974,2024-08-01,DEPT,,1382.0,,
IND-295,D974,2024-09-01,DEPT,,1459.0,,
IND-295,D974,2024-10-01,DEPT,,1538.0,,
IND-295,D974,2024-11-01,DEPT,,1637.0,,50.28
IND-295,D974,2026-12-01,DEPT,,,3256.0,
IND-295,D976,2022-12-01,DEPT,0.0,,,
IND-295,D976,2023-01-01,DEPT,,7.0,,
IND-295,D976,2023-02-01,DEPT,,9.0,,
IND-295,D976,2023-03-01,DEPT,,13.0,,
IND-295,D976,2023-04-01,DEPT,,13.0,,
IND-295,D976,2023-05-01,DEPT,,13.0,,
IND-295,D976,2023-06-01,DEPT,,18.0,,
IND-295,D976,2023-07-01,DEPT,,18.0,,
IND-295,D976,2023-08-01,DEPT,,22.0,,
IND-295,D976,2023-09-01,DEPT,,22.0,,
IND-295,D976,2023-10-01,DEPT,,24.0,,
IND-295,D976,2023-11-01,DEPT,,35.0,,
IND-295,D976,2023-12-01,DEPT,,55.0,,
IND-295,D976,2024-01-01,DEPT,,57.0,,
IND-295,D976,2024-02-01,DEPT,,57.0,,
IND-295,D976,2024-03-01,DEPT,,57.0,,
IND-295,D976,2024-04-01,DEPT,,59.0,,
IND-295,D976,2024-05-01,DEPT,,59.0,,
IND-295,D976,2024-06-01,DEPT,,64.0,,
IND-295,D976,2024-08-01,DEPT,,68.0,,
IND-295,D976,2024-09-01,DEPT,,68.0,,
IND-295,D976,2024-10-01,DEPT,,70.0,,
IND-295,D976,2024-11-01,DEPT,,81.0,,100.0
IND-295,D976,2026-12-01,DEPT,,,0.0,
IND-295,FRANCE,2022-12-01,NAT,0.0,,,
IND-295,FRANCE,2023-01-01,NAT,,4809.0,,
IND-295,FRANCE,2023-02-01,NAT,,9666.0,,
IND-295,FRANCE,2023-03-01,NAT,,15470.0,,
IND-295,FRANCE,2023-04-01,NAT,,20378.0,,
IND-295,FRANCE,2023-05-01,NAT,,25131.0,,
IND-295,FRANCE,2023-06-01,NAT,,30827.0,,
IND-295,FRANCE,2023-07-01,NAT,,35440.0,,
IND-295,FRANCE,2023-08-01,NAT,,40133.0,,
IND-295,FRANCE,2023-09-01,NAT,,44672.0,,
IND-295,FRANCE,2023-10-01,NAT,,49923.0,,
IND-295,FRANCE,2023-11-01,NAT,,55964.0,,
IND-295,FRANCE,2023-12-01,NAT,,62460.0,,
IND-295,FRANCE,2024-01-01,NAT,,67429.0,,
IND-295,FRANCE,2024-02-01,NAT,,72371.0,,
IND-295,FRANCE,2024-03-01,NAT,,77507.0,,
IND-295,FRANCE,2024-04-01,NAT,,82363.0,,
IND-295,FRANCE,2024-05-01,NAT,,87802.0,,
IND-295,FRANCE,2024-06-01,NAT,,92878.0,,
IND-295,FRANCE,2024-08-01,NAT,,103472.0,,
IND-295,FRANCE,2024-09-01,NAT,,107634.0,,
IND-295,FRANCE,2024-10-01,NAT,,113981.0,,
IND-295,FRANCE,2024-11-01,NAT,,121008.0,,47.63
IND-295,FRANCE,2026-12-01,NAT,,,254058.0,
IND-295,R01,2022-12-01,REG,0.0,,,
IND-295,R01,2023-01-01,REG,,4.0,,
IND-295,R01,2023-02-01,REG,,9.0,,
IND-295,R01,2023-03-01,REG,,11.0,,
IND-295,R01,2023-04-01,REG,,20.0,,
IND-295,R01,2023-05-01,REG,,31.0,,
IND-295,R01,2023-06-01,REG,,40.0,,
IND-295,R01,2023-07-01,REG,,40.0,,
IND-295,R01,2023-08-01,REG,,46.0,,
IND-295,R01,2023-09-01,REG,,64.0,,
IND-295,R01,2023-10-01,REG,,79.0,,
IND-295,R01,2023-11-01,REG,,92.0,,
IND-295,R01,2023-12-01,REG,,112.0,,
IND-295,R01,2024-01-01,REG,,114.0,,
IND-295,R01,2024-02-01,REG,,116.0,,
IND-295,R01,2024-03-01,REG,,121.0,,
IND-295,R01,2024-04-01,REG,,130.0,,
IND-295,R01,2024-05-01,REG,,141.0,,
IND-295,R01,2024-06-01,REG,,154.0,,
IND-295,R01,2024-08-01,REG,,165.0,,
IND-295,R01,2024-09-01,REG,,171.0,,
IND-295,R01,2024-10-01,REG,,176.0,,
IND-295,R01,2024-11-01,REG,,185.0,,32.34
IND-295,R01,2026-12-01,REG,,,572.0,
IND-295,R02,2022-12-01,REG,0.0,,,
IND-295,R02,2023-01-01,REG,,0.0,,
IND-295,R02,2023-02-01,REG,,0.0,,
IND-295,R02,2023-03-01,REG,,11.0,,
IND-295,R02,2023-04-01,REG,,15.0,,
IND-295,R02,2023-05-01,REG,,20.0,,
IND-295,R02,2023-06-01,REG,,42.0,,
IND-295,R02,2023-07-01,REG,,29.0,,
IND-295,R02,2023-08-01,REG,,35.0,,
IND-295,R02,2023-09-01,REG,,35.0,,
IND-295,R02,2023-10-01,REG,,37.0,,
IND-295,R02,2023-11-01,REG,,44.0,,
IND-295,R02,2023-12-01,REG,,51.0,,
IND-295,R02,2024-01-01,REG,,55.0,,
IND-295,R02,2024-02-01,REG,,60.0,,
IND-295,R02,2024-03-01,REG,,64.0,,
IND-295,R02,2024-04-01,REG,,69.0,,
IND-295,R02,2024-05-01,REG,,73.0,,
IND-295,R02,2024-06-01,REG,,399.0,,
IND-295,R02,2024-08-01,REG,,88.0,,
IND-295,R02,2024-09-01,REG,,95.0,,
IND-295,R02,2024-10-01,REG,,97.0,,
IND-295,R02,2024-11-01,REG,,106.0,,30.11
IND-295,R02,2026-12-01,REG,,,352.0,
IND-295,R03,2022-12-01,REG,0.0,,,
IND-295,R03,2023-01-01,REG,,4.0,,
IND-295,R03,2023-02-01,REG,,7.0,,
IND-295,R03,2023-03-01,REG,,11.0,,
IND-295,R03,2023-04-01,REG,,22.0,,
IND-295,R03,2023-05-01,REG,,31.0,,
IND-295,R03,2023-06-01,REG,,24.0,,
IND-295,R03,2023-07-01,REG,,53.0,,
IND-295,R03,2023-08-01,REG,,62.0,,
IND-295,R03,2023-09-01,REG,,68.0,,
IND-295,R03,2023-10-01,REG,,84.0,,
IND-295,R03,2023-11-01,REG,,88.0,,
IND-295,R03,2023-12-01,REG,,101.0,,
IND-295,R03,2024-01-01,REG,,105.0,,
IND-295,R03,2024-02-01,REG,,110.0,,
IND-295,R03,2024-03-01,REG,,125.0,,
IND-295,R03,2024-04-01,REG,,130.0,,
IND-295,R03,2024-05-01,REG,,165.0,,
IND-295,R03,2024-06-01,REG,,182.0,,
IND-295,R03,2024-08-01,REG,,209.0,,
IND-295,R03,2024-09-01,REG,,224.0,,
IND-295,R03,2024-10-01,REG,,257.0,,
IND-295,R03,2024-11-01,REG,,268.0,,43.51
IND-295,R03,2026-12-01,REG,,,616.0,
IND-295,R04,2022-12-01,REG,0.0,,,
IND-295,R04,2023-01-01,REG,,29.0,,
IND-295,R04,2023-02-01,REG,,101.0,,
IND-295,R04,2023-03-01,REG,,169.0,,
IND-295,R04,2023-04-01,REG,,218.0,,
IND-295,R04,2023-05-01,REG,,284.0,,
IND-295,R04,2023-06-01,REG,,337.0,,
IND-295,R04,2023-07-01,REG,,383.0,,
IND-295,R04,2023-08-01,REG,,449.0,,
IND-295,R04,2023-09-01,REG,,515.0,,
IND-295,R04,2023-10-01,REG,,579.0,,
IND-295,R04,2023-11-01,REG,,645.0,,
IND-295,R04,2023-12-01,REG,,737.0,,
IND-295,R04,2024-01-01,REG,,807.0,,
IND-295,R04,2024-02-01,REG,,900.0,,
IND-295,R04,2024-03-01,REG,,979.0,,
IND-295,R04,2024-04-01,REG,,1065.0,,
IND-295,R04,2024-05-01,REG,,1166.0,,
IND-295,R04,2024-06-01,REG,,902.0,,
IND-295,R04,2024-08-01,REG,,1382.0,,
IND-295,R04,2024-09-01,REG,,1459.0,,
IND-295,R04,2024-10-01,REG,,1538.0,,
IND-295,R04,2024-11-01,REG,,1637.0,,50.28
IND-295,R04,2026-12-01,REG,,,3256.0,
IND-295,R06,2022-12-01,REG,0.0,,,
IND-295,R06,2023-01-01,REG,,7.0,,
IND-295,R06,2023-02-01,REG,,9.0,,
IND-295,R06,2023-03-01,REG,,13.0,,
IND-295,R06,2023-04-01,REG,,13.0,,
IND-295,R06,2023-05-01,REG,,13.0,,
IND-295,R06,2023-06-01,REG,,18.0,,
IND-295,R06,2023-07-01,REG,,18.0,,
IND-295,R06,2023-08-01,REG,,22.0,,
IND-295,R06,2023-09-01,REG,,22.0,,
IND-295,R06,2023-10-01,REG,,24.0,,
IND-295,R06,2023-11-01,REG,,35.0,,
IND-295,R06,2023-12-01,REG,,55.0,,
IND-295,R06,2024-01-01,REG,,57.0,,
IND-295,R06,2024-02-01,REG,,57.0,,
IND-295,R06,2024-03-01,REG,,57.0,,
IND-295,R06,2024-04-01,REG,,59.0,,
IND-295,R06,2024-05-01,REG,,59.0,,
IND-295,R06,2024-06-01,REG,,64.0,,
IND-295,R06,2024-08-01,REG,,68.0,,
IND-295,R06,2024-09-01,REG,,68.0,,
IND-295,R06,2024-10-01,REG,,70.0,,
IND-295,R06,2024-11-01,REG,,81.0,,100.0
IND-295,R06,2026-12-01,REG,,,0.0,
IND-295,R11,2022-12-01,REG,0.0,,,
IND-295,R11,2023-01-01,REG,,1325.0,,
IND-295,R11,2023-02-01,REG,,2599.0,,
IND-295,R11,2023-03-01,REG,,4081.0,,
IND-295,R11,2023-04-01,REG,,5365.0,,
IND-295,R11,2023-05-01,REG,,6535.0,,
IND-295,R11,2023-06-01,REG,,7981.0,,
IND-295,R11,2023-07-01,REG,,9067.0,,
IND-295,R11,2023-08-01,REG,,10353.0,,
IND-295,R11,2023-09-01,REG,,11586.0,,
IND-295,R11,2023-10-01,REG,,12967.0,,
IND-295,R11,2023-11-01,REG,,14385.0,,
IND-295,R11,2023-12-01,REG,,15864.0,,
IND-295,R11,2024-01-01,REG,,17333.0,,
IND-295,R11,2024-02-01,REG,,18689.0,,
IND-295,R11,2024-03-01,REG,,19910.0,,
IND-295,R11,2024-04-01,REG,,21110.0,,
IND-295,R11,2024-05-01,REG,,22482.0,,
IND-295,R11,2024-06-01,REG,,23713.0,,
IND-295,R11,2024-08-01,REG,,26455.0,,
IND-295,R11,2024-09-01,REG,,27542.0,,
IND-295,R11,2024-10-01,REG,,29115.0,,
IND-295,R11,2024-11-01,REG,,30776.0,,45.6
IND-295,R11,2026-12-01,REG,,,67496.0,
IND-295,R24,2022-12-01,REG,0.0,,,
IND-295,R24,2023-01-01,REG,,230.0,,
IND-295,R24,2023-02-01,REG,,387.0,,
IND-295,R24,2023-03-01,REG,,608.0,,
IND-295,R24,2023-04-01,REG,,769.0,,
IND-295,R24,2023-05-01,REG,,884.0,,
IND-295,R24,2023-06-01,REG,,1146.0,,
IND-295,R24,2023-07-01,REG,,1309.0,,
IND-295,R24,2023-08-01,REG,,1477.0,,
IND-295,R24,2023-09-01,REG,,1603.0,,
IND-295,R24,2023-10-01,REG,,1815.0,,
IND-295,R24,2023-11-01,REG,,2016.0,,
IND-295,R24,2023-12-01,REG,,2247.0,,
IND-295,R24,2024-01-01,REG,,2390.0,,
IND-295,R24,2024-02-01,REG,,2522.0,,
IND-295,R24,2024-03-01,REG,,2720.0,,
IND-295,R24,2024-04-01,REG,,2911.0,,
IND-295,R24,2024-05-01,REG,,3137.0,,
IND-295,R24,2024-06-01,REG,,3331.0,,
IND-295,R24,2024-08-01,REG,,3708.0,,
IND-295,R24,2024-09-01,REG,,3882.0,,
IND-295,R24,2024-10-01,REG,,4083.0,,
IND-295,R24,2024-11-01,REG,,4319.0,,47.88
IND-295,R24,2026-12-01,REG,,,9021.0,
IND-295,R27,2022-12-01,REG,0.0,,,
IND-295,R27,2023-01-01,REG,,197.0,,
IND-295,R27,2023-02-01,REG,,390.0,,
IND-295,R27,2023-03-01,REG,,603.0,,
IND-295,R27,2023-04-01,REG,,773.0,,
IND-295,R27,2023-05-01,REG,,981.0,,
IND-295,R27,2023-06-01,REG,,1160.0,,
IND-295,R27,2023-07-01,REG,,1332.0,,
IND-295,R27,2023-08-01,REG,,1462.0,,
IND-295,R27,2023-09-01,REG,,1637.0,,
IND-295,R27,2023-10-01,REG,,1898.0,,
IND-295,R27,2023-11-01,REG,,2138.0,,
IND-295,R27,2023-12-01,REG,,2329.0,,
IND-295,R27,2024-01-01,REG,,2490.0,,
IND-295,R27,2024-02-01,REG,,2681.0,,
IND-295,R27,2024-03-01,REG,,2909.0,,
IND-295,R27,2024-04-01,REG,,3050.0,,
IND-295,R27,2024-05-01,REG,,3190.0,,
IND-295,R27,2024-06-01,REG,,3410.0,,
IND-295,R27,2024-08-01,REG,,3863.0,,
IND-295,R27,2024-09-01,REG,,3963.0,,
IND-295,R27,2024-10-01,REG,,4208.0,,
IND-295,R27,2024-11-01,REG,,4491.0,,48.6
IND-295,R27,2026-12-01,REG,,,9240.0,
IND-295,R28,2022-12-01,REG,0.0,,,
IND-295,R28,2023-01-01,REG,,168.0,,
IND-295,R28,2023-02-01,REG,,447.0,,
IND-295,R28,2023-03-01,REG,,715.0,,
IND-295,R28,2023-04-01,REG,,983.0,,
IND-295,R28,2023-05-01,REG,,1178.0,,
IND-295,R28,2023-06-01,REG,,1467.0,,
IND-295,R28,2023-07-01,REG,,1736.0,,
IND-295,R28,2023-08-01,REG,,2042.0,,
IND-295,R28,2023-09-01,REG,,2292.0,,
IND-295,R28,2023-10-01,REG,,2481.0,,
IND-295,R28,2023-11-01,REG,,2830.0,,
IND-295,R28,2023-12-01,REG,,3219.0,,
IND-295,R28,2024-01-01,REG,,3474.0,,
IND-295,R28,2024-02-01,REG,,3710.0,,
IND-295,R28,2024-03-01,REG,,3969.0,,
IND-295,R28,2024-04-01,REG,,4253.0,,
IND-295,R28,2024-05-01,REG,,4499.0,,
IND-295,R28,2024-06-01,REG,,4725.0,,
IND-295,R28,2024-08-01,REG,,5224.0,,
IND-295,R28,2024-09-01,REG,,5377.0,,
IND-295,R28,2024-10-01,REG,,5639.0,,
IND-295,R28,2024-11-01,REG,,5943.0,,46.26
IND-295,R28,2026-12-01,REG,,,12847.0,
IND-295,R32,2022-12-01,REG,0.0,,,
IND-295,R32,2023-01-01,REG,,471.0,,
IND-295,R32,2023-02-01,REG,,963.0,,
IND-295,R32,2023-03-01,REG,,1682.0,,
IND-295,R32,2023-04-01,REG,,2210.0,,
IND-295,R32,2023-05-01,REG,,2732.0,,
IND-295,R32,2023-06-01,REG,,3320.0,,
IND-295,R32,2023-07-01,REG,,3824.0,,
IND-295,R32,2023-08-01,REG,,4312.0,,
IND-295,R32,2023-09-01,REG,,4730.0,,
IND-295,R32,2023-10-01,REG,,5363.0,,
IND-295,R32,2023-11-01,REG,,6021.0,,
IND-295,R32,2023-12-01,REG,,6803.0,,
IND-295,R32,2024-01-01,REG,,7327.0,,
IND-295,R32,2024-02-01,REG,,7807.0,,
IND-295,R32,2024-03-01,REG,,8359.0,,
IND-295,R32,2024-04-01,REG,,8876.0,,
IND-295,R32,2024-05-01,REG,,9491.0,,
IND-295,R32,2024-06-01,REG,,9973.0,,
IND-295,R32,2024-08-01,REG,,11198.0,,
IND-295,R32,2024-09-01,REG,,11651.0,,
IND-295,R32,2024-10-01,REG,,12372.0,,
IND-295,R32,2024-11-01,REG,,13148.0,,48.2
IND-295,R32,2026-12-01,REG,,,27280.0,
IND-295,R44,2022-12-01,REG,0.0,,,
IND-295,R44,2023-01-01,REG,,383.0,,
IND-295,R44,2023-02-01,REG,,762.0,,
IND-295,R44,2023-03-01,REG,,1260.0,,
IND-295,R44,2023-04-01,REG,,1695.0,,
IND-295,R44,2023-05-01,REG,,2095.0,,
IND-295,R44,2023-06-01,REG,,2502.0,,
IND-295,R44,2023-07-01,REG,,2806.0,,
IND-295,R44,2023-08-01,REG,,3197.0,,
IND-295,R44,2023-09-01,REG,,3573.0,,
IND-295,R44,2023-10-01,REG,,3966.0,,
IND-295,R44,2023-11-01,REG,,4470.0,,
IND-295,R44,2023-12-01,REG,,4940.0,,
IND-295,R44,2024-01-01,REG,,5256.0,,
IND-295,R44,2024-02-01,REG,,5595.0,,
IND-295,R44,2024-03-01,REG,,6075.0,,
IND-295,R44,2024-04-01,REG,,6482.0,,
IND-295,R44,2024-05-01,REG,,7023.0,,
IND-295,R44,2024-06-01,REG,,7494.0,,
IND-295,R44,2024-08-01,REG,,8466.0,,
IND-295,R44,2024-09-01,REG,,8749.0,,
IND-295,R44,2024-10-01,REG,,9312.0,,
IND-295,R44,2024-11-01,REG,,9945.0,,50.22
IND-295,R44,2026-12-01,REG,,,19801.0,
IND-295,R52,2022-12-01,REG,0.0,,,
IND-295,R52,2023-01-01,REG,,271.0,,
IND-295,R52,2023-02-01,REG,,497.0,,
IND-295,R52,2023-03-01,REG,,808.0,,
IND-295,R52,2023-04-01,REG,,1078.0,,
IND-295,R52,2023-05-01,REG,,1387.0,,
IND-295,R52,2023-06-01,REG,,1743.0,,
IND-295,R52,2023-07-01,REG,,2022.0,,
IND-295,R52,2023-08-01,REG,,2301.0,,
IND-295,R52,2023-09-01,REG,,2548.0,,
IND-295,R52,2023-10-01,REG,,2840.0,,
IND-295,R52,2023-11-01,REG,,3228.0,,
IND-295,R52,2023-12-01,REG,,3577.0,,
IND-295,R52,2024-01-01,REG,,3860.0,,
IND-295,R52,2024-02-01,REG,,4160.0,,
IND-295,R52,2024-03-01,REG,,4466.0,,
IND-295,R52,2024-04-01,REG,,4703.0,,
IND-295,R52,2024-05-01,REG,,5019.0,,
IND-295,R52,2024-06-01,REG,,5365.0,,
IND-295,R52,2024-08-01,REG,,5814.0,,
IND-295,R52,2024-09-01,REG,,6019.0,,
IND-295,R52,2024-10-01,REG,,6350.0,,
IND-295,R52,2024-11-01,REG,,6776.0,,48.13
IND-295,R52,2026-12-01,REG,,,14079.0,
IND-295,R53,2022-12-01,REG,0.0,,,
IND-295,R53,2023-01-01,REG,,184.0,,
IND-295,R53,2023-02-01,REG,,352.0,,
IND-295,R53,2023-03-01,REG,,546.0,,
IND-295,R53,2023-04-01,REG,,715.0,,
IND-295,R53,2023-05-01,REG,,888.0,,
IND-295,R53,2023-06-01,REG,,1104.0,,
IND-295,R53,2023-07-01,REG,,1261.0,,
IND-295,R53,2023-08-01,REG,,1408.0,,
IND-295,R53,2023-09-01,REG,,1551.0,,
IND-295,R53,2023-10-01,REG,,1811.0,,
IND-295,R53,2023-11-01,REG,,2044.0,,
IND-295,R53,2023-12-01,REG,,2336.0,,
IND-295,R53,2024-01-01,REG,,2481.0,,
IND-295,R53,2024-02-01,REG,,2659.0,,
IND-295,R53,2024-03-01,REG,,2850.0,,
IND-295,R53,2024-04-01,REG,,2945.0,,
IND-295,R53,2024-05-01,REG,,3145.0,,
IND-295,R53,2024-06-01,REG,,3403.0,,
IND-295,R53,2024-08-01,REG,,3878.0,,
IND-295,R53,2024-09-01,REG,,3999.0,,
IND-295,R53,2024-10-01,REG,,4212.0,,
IND-295,R53,2024-11-01,REG,,4500.0,,47.35
IND-295,R53,2026-12-01,REG,,,9504.0,
IND-295,R75,2022-12-01,REG,0.0,,,
IND-295,R75,2023-01-01,REG,,427.0,,
IND-295,R75,2023-02-01,REG,,883.0,,
IND-295,R75,2023-03-01,REG,,1280.0,,
IND-295,R75,2023-04-01,REG,,1675.0,,
IND-295,R75,2023-05-01,REG,,2028.0,,
IND-295,R75,2023-06-01,REG,,2423.0,,
IND-295,R75,2023-07-01,REG,,2842.0,,
IND-295,R75,2023-08-01,REG,,3146.0,,
IND-295,R75,2023-09-01,REG,,3526.0,,
IND-295,R75,2023-10-01,REG,,3881.0,,
IND-295,R75,2023-11-01,REG,,4332.0,,
IND-295,R75,2023-12-01,REG,,4761.0,,
IND-295,R75,2024-01-01,REG,,5117.0,,
IND-295,R75,2024-02-01,REG,,5467.0,,
IND-295,R75,2024-03-01,REG,,5811.0,,
IND-295,R75,2024-04-01,REG,,6177.0,,
IND-295,R75,2024-05-01,REG,,6507.0,,
IND-295,R75,2024-06-01,REG,,6856.0,,
IND-295,R75,2024-08-01,REG,,7656.0,,
IND-295,R75,2024-09-01,REG,,7985.0,,
IND-295,R75,2024-10-01,REG,,8538.0,,
IND-295,R75,2024-11-01,REG,,9035.0,,48.2
IND-295,R75,2026-12-01,REG,,,18746.0,
IND-295,R76,2022-12-01,REG,0.0,,,
IND-295,R76,2023-01-01,REG,,349.0,,
IND-295,R76,2023-02-01,REG,,735.0,,
IND-295,R76,2023-03-01,REG,,1133.0,,
IND-295,R76,2023-04-01,REG,,1486.0,,
IND-295,R76,2023-05-01,REG,,1850.0,,
IND-295,R76,2023-06-01,REG,,2383.0,,
IND-295,R76,2023-07-01,REG,,2747.0,,
IND-295,R76,2023-08-01,REG,,3071.0,,
IND-295,R76,2023-09-01,REG,,3439.0,,
IND-295,R76,2023-10-01,REG,,3742.0,,
IND-295,R76,2023-11-01,REG,,4184.0,,
IND-295,R76,2023-12-01,REG,,4663.0,,
IND-295,R76,2024-01-01,REG,,5052.0,,
IND-295,R76,2024-02-01,REG,,5460.0,,
IND-295,R76,2024-03-01,REG,,5815.0,,
IND-295,R76,2024-04-01,REG,,6259.0,,
IND-295,R76,2024-05-01,REG,,6705.0,,
IND-295,R76,2024-06-01,REG,,7067.0,,
IND-295,R76,2024-08-01,REG,,7737.0,,
IND-295,R76,2024-09-01,REG,,8067.0,,
IND-295,R76,2024-10-01,REG,,8469.0,,
IND-295,R76,2024-11-01,REG,,8991.0,,47.74
IND-295,R76,2026-12-01,REG,,,18832.0,
IND-295,R84,2022-12-01,REG,0.0,,,
IND-295,R84,2023-01-01,REG,,499.0,,
IND-295,R84,2023-02-01,REG,,948.0,,
IND-295,R84,2023-03-01,REG,,1590.0,,
IND-295,R84,2023-04-01,REG,,2089.0,,
IND-295,R84,2023-05-01,REG,,2662.0,,
IND-295,R84,2023-06-01,REG,,3285.0,,
IND-295,R84,2023-07-01,REG,,3763.0,,
IND-295,R84,2023-08-01,REG,,4246.0,,
IND-295,R84,2023-09-01,REG,,4713.0,,
IND-295,R84,2023-10-01,REG,,5305.0,,
IND-295,R84,2023-11-01,REG,,5969.0,,
IND-295,R84,2023-12-01,REG,,6693.0,,
IND-295,R84,2024-01-01,REG,,7260.0,,
IND-295,R84,2024-02-01,REG,,7808.0,,
IND-295,R84,2024-03-01,REG,,8400.0,,
IND-295,R84,2024-04-01,REG,,8977.0,,
IND-295,R84,2024-05-01,REG,,9563.0,,
IND-295,R84,2024-06-01,REG,,10054.0,,
IND-295,R84,2024-08-01,REG,,11166.0,,
IND-295,R84,2024-09-01,REG,,11733.0,,
IND-295,R84,2024-10-01,REG,,12430.0,,
IND-295,R84,2024-11-01,REG,,13308.0,,46.82
IND-295,R84,2026-12-01,REG,,,28424.0,
IND-295,R93,2022-12-01,REG,0.0,,,
IND-295,R93,2023-01-01,REG,,250.0,,
IND-295,R93,2023-02-01,REG,,551.0,,
IND-295,R93,2023-03-01,REG,,909.0,,
IND-295,R93,2023-04-01,REG,,1195.0,,
IND-295,R93,2023-05-01,REG,,1464.0,,
IND-295,R93,2023-06-01,REG,,1762.0,,
IND-295,R93,2023-07-01,REG,,2105.0,,
IND-295,R93,2023-08-01,REG,,2392.0,,
IND-295,R93,2023-09-01,REG,,2655.0,,
IND-295,R93,2023-10-01,REG,,2924.0,,
IND-295,R93,2023-11-01,REG,,3309.0,,
IND-295,R93,2023-12-01,REG,,3827.0,,
IND-295,R93,2024-01-01,REG,,4095.0,,
IND-295,R93,2024-02-01,REG,,4409.0,,
IND-295,R93,2024-03-01,REG,,4710.0,,
IND-295,R93,2024-04-01,REG,,4984.0,,
IND-295,R93,2024-05-01,REG,,5246.0,,
IND-295,R93,2024-06-01,REG,,5586.0,,
IND-295,R93,2024-08-01,REG,,6186.0,,
IND-295,R93,2024-09-01,REG,,6435.0,,
IND-295,R93,2024-10-01,REG,,6893.0,,
IND-295,R93,2024-11-01,REG,,7264.0,,54.13
IND-295,R93,2026-12-01,REG,,,13420.0,
IND-295,R94,2022-12-01,REG,0.0,,,
IND-295,R94,2023-01-01,REG,,11.0,,
IND-295,R94,2023-02-01,REG,,26.0,,
IND-295,R94,2023-03-01,REG,,40.0,,
IND-295,R94,2023-04-01,REG,,57.0,,
IND-295,R94,2023-05-01,REG,,68.0,,
IND-295,R94,2023-06-01,REG,,90.0,,
IND-295,R94,2023-07-01,REG,,103.0,,
IND-295,R94,2023-08-01,REG,,112.0,,
IND-295,R94,2023-09-01,REG,,115.0,,
IND-295,R94,2023-10-01,REG,,127.0,,
IND-295,R94,2023-11-01,REG,,134.0,,
IND-295,R94,2023-12-01,REG,,145.0,,
IND-295,R94,2024-01-01,REG,,156.0,,
IND-295,R94,2024-02-01,REG,,161.0,,
IND-295,R94,2024-03-01,REG,,167.0,,
IND-295,R94,2024-04-01,REG,,183.0,,
IND-295,R94,2024-05-01,REG,,191.0,,
IND-295,R94,2024-06-01,REG,,200.0,,
IND-295,R94,2024-08-01,REG,,209.0,,
IND-295,R94,2024-09-01,REG,,215.0,,
IND-295,R94,2024-10-01,REG,,222.0,,
IND-295,R94,2024-11-01,REG,,235.0,,41.08
IND-295,R94,2026-12-01,REG,,,572.0,
