indic_id,enforce_zone_id,metric_enforce_date,maille,indic_vi,indic_va,indic_vc,indic_ta
IND-304,D01,2021-12-01,DEPT,556124.0,556124.0,,
IND-304,D01,2022-01-01,DEPT,,540982.0,,
IND-304,D01,2022-02-01,DEPT,,536489.0,,
IND-304,D01,2022-03-01,DEPT,,532570.0,,
IND-304,D01,2022-04-01,DEPT,,533155.0,,
IND-304,D01,2022-05-01,DEPT,,532491.0,,
IND-304,D01,2022-06-01,DEPT,,533714.0,,
IND-304,D01,2022-07-01,DEPT,,533878.0,,
IND-304,D01,2022-08-01,DEPT,,537802.0,,
IND-304,D01,2022-09-01,DEPT,,544167.0,,
IND-304,D01,2022-10-01,DEPT,,552330.0,,
IND-304,D01,2022-11-01,DEPT,,560210.0,,
IND-304,D01,2022-12-01,DEPT,,568001.0,,
IND-304,D01,2023-01-01,DEPT,,575713.0,,
IND-304,D01,2023-02-01,DEPT,,578368.0,,
IND-304,D01,2023-03-01,DEPT,,580221.0,,
IND-304,D01,2023-04-01,DEPT,,581819.0,,
IND-304,D01,2023-05-01,DEPT,,582619.0,,
IND-304,D01,2023-06-01,DEPT,,587784.0,,
IND-304,D01,2023-07-01,DEPT,,595185.0,,
IND-304,D01,2023-08-01,DEPT,,597118.0,,
IND-304,D01,2023-09-01,DEPT,,598926.0,,
IND-304,D01,2023-10-01,DEPT,,600007.0,,
IND-304,D01,2023-11-01,DEPT,,599372.0,,
IND-304,D01,2023-12-01,DEPT,,599989.0,,
IND-304,D01,2024-01-01,DEPT,,599535.0,,
IND-304,D01,2024-02-01,DEPT,,601285.0,,
IND-304,D01,2024-03-01,DEPT,,601372.0,,
IND-304,D01,2024-04-01,DEPT,,605577.0,,
IND-304,D01,2024-05-01,DEPT,,606774.0,,
IND-304,D01,2024-06-01,DEPT,,607367.0,,
IND-304,D01,2024-07-01,DEPT,,613120.0,,
IND-304,D01,2024-08-01,DEPT,,621392.0,,
IND-304,D01,2024-09-01,DEPT,,624470.0,,
IND-304,D01,2024-10-01,DEPT,,625433.0,,
IND-304,D01,2024-11-01,DEPT,,627209.0,,
IND-304,D01,2024-12-01,DEPT,,629237.0,,
IND-304,D01,2025-01-01,DEPT,,632034.0,,
IND-304,D01,2025-02-01,DEPT,,631862.0,,
IND-304,D01,2025-03-01,DEPT,,632335.0,,
IND-304,D01,2025-04-01,DEPT,,634000.0,,
IND-304,D01,2025-05-01,DEPT,,639980.0,,
IND-304,D01,2025-06-01,DEPT,,642843.0,,
IND-304,D01,2025-07-01,DEPT,,635210.0,,28.44
IND-304,D02,2021-12-01,DEPT,531422.0,531422.0,,
IND-304,D02,2022-01-01,DEPT,,536659.0,,
IND-304,D02,2022-02-01,DEPT,,537946.0,,
IND-304,D02,2022-03-01,DEPT,,541493.0,,
IND-304,D02,2022-04-01,DEPT,,538752.0,,
IND-304,D02,2022-05-01,DEPT,,540310.0,,
IND-304,D02,2022-06-01,DEPT,,541682.0,,
IND-304,D02,2022-07-01,DEPT,,543654.0,,
IND-304,D02,2022-08-01,DEPT,,546011.0,,
IND-304,D02,2022-09-01,DEPT,,552894.0,,
IND-304,D02,2022-10-01,DEPT,,557076.0,,
IND-304,D02,2022-11-01,DEPT,,562974.0,,
IND-304,D02,2022-12-01,DEPT,,568911.0,,
IND-304,D02,2023-01-01,DEPT,,575351.0,,
IND-304,D02,2023-02-01,DEPT,,576766.0,,
IND-304,D02,2023-03-01,DEPT,,577854.0,,
IND-304,D02,2023-04-01,DEPT,,579151.0,,
IND-304,D02,2023-05-01,DEPT,,579546.0,,
IND-304,D02,2023-06-01,DEPT,,580776.0,,
IND-304,D02,2023-07-01,DEPT,,583772.0,,
IND-304,D02,2023-08-01,DEPT,,583322.0,,
IND-304,D02,2023-09-01,DEPT,,584208.0,,
IND-304,D02,2023-10-01,DEPT,,587713.0,,
IND-304,D02,2023-11-01,DEPT,,585495.0,,
IND-304,D02,2023-12-01,DEPT,,584916.0,,
IND-304,D02,2024-01-01,DEPT,,582383.0,,
IND-304,D02,2024-02-01,DEPT,,586604.0,,
IND-304,D02,2024-03-01,DEPT,,584210.0,,
IND-304,D02,2024-04-01,DEPT,,585124.0,,
IND-304,D02,2024-05-01,DEPT,,581587.0,,
IND-304,D02,2024-06-01,DEPT,,582062.0,,
IND-304,D02,2024-07-01,DEPT,,595135.0,,
IND-304,D02,2024-08-01,DEPT,,606116.0,,
IND-304,D02,2024-09-01,DEPT,,607721.0,,
IND-304,D02,2024-10-01,DEPT,,609766.0,,
IND-304,D02,2024-11-01,DEPT,,612108.0,,
IND-304,D02,2024-12-01,DEPT,,613692.0,,
IND-304,D02,2025-01-01,DEPT,,614824.0,,
IND-304,D02,2025-02-01,DEPT,,610274.0,,
IND-304,D02,2025-03-01,DEPT,,611892.0,,
IND-304,D02,2025-04-01,DEPT,,614896.0,,
IND-304,D02,2025-05-01,DEPT,,621632.0,,
IND-304,D02,2025-06-01,DEPT,,623044.0,,
IND-304,D02,2025-07-01,DEPT,,614531.0,,31.28
IND-304,D03,2021-12-01,DEPT,386860.0,386860.0,,
IND-304,D03,2022-01-01,DEPT,,380470.0,,
IND-304,D03,2022-02-01,DEPT,,375142.0,,
IND-304,D03,2022-03-01,DEPT,,373954.0,,
IND-304,D03,2022-04-01,DEPT,,371906.0,,
IND-304,D03,2022-05-01,DEPT,,373227.0,,
IND-304,D03,2022-06-01,DEPT,,370268.0,,
IND-304,D03,2022-07-01,DEPT,,371318.0,,
IND-304,D03,2022-08-01,DEPT,,372387.0,,
IND-304,D03,2022-09-01,DEPT,,374239.0,,
IND-304,D03,2022-10-01,DEPT,,377298.0,,
IND-304,D03,2022-11-01,DEPT,,379326.0,,
IND-304,D03,2022-12-01,DEPT,,380226.0,,
IND-304,D03,2023-01-01,DEPT,,382403.0,,
IND-304,D03,2023-02-01,DEPT,,384539.0,,
IND-304,D03,2023-03-01,DEPT,,386305.0,,
IND-304,D03,2023-04-01,DEPT,,387277.0,,
IND-304,D03,2023-05-01,DEPT,,386608.0,,
IND-304,D03,2023-06-01,DEPT,,389467.0,,
IND-304,D03,2023-07-01,DEPT,,389893.0,,
IND-304,D03,2023-08-01,DEPT,,390022.0,,
IND-304,D03,2023-09-01,DEPT,,391471.0,,
IND-304,D03,2023-10-01,DEPT,,394756.0,,
IND-304,D03,2023-11-01,DEPT,,397033.0,,
IND-304,D03,2023-12-01,DEPT,,398707.0,,
IND-304,D03,2024-01-01,DEPT,,400749.0,,
IND-304,D03,2024-02-01,DEPT,,402671.0,,
IND-304,D03,2024-03-01,DEPT,,399741.0,,
IND-304,D03,2024-04-01,DEPT,,400174.0,,
IND-304,D03,2024-05-01,DEPT,,398715.0,,
IND-304,D03,2024-06-01,DEPT,,399882.0,,
IND-304,D03,2024-07-01,DEPT,,404371.0,,
IND-304,D03,2024-08-01,DEPT,,408881.0,,
IND-304,D03,2024-09-01,DEPT,,409296.0,,
IND-304,D03,2024-10-01,DEPT,,406294.0,,
IND-304,D03,2024-11-01,DEPT,,403900.0,,
IND-304,D03,2024-12-01,DEPT,,405402.0,,
IND-304,D03,2025-01-01,DEPT,,404182.0,,
IND-304,D03,2025-02-01,DEPT,,405428.0,,
IND-304,D03,2025-03-01,DEPT,,407743.0,,
IND-304,D03,2025-04-01,DEPT,,411634.0,,
IND-304,D03,2025-05-01,DEPT,,416812.0,,
IND-304,D03,2025-06-01,DEPT,,417818.0,,
IND-304,D03,2025-07-01,DEPT,,417532.0,,15.86
IND-304,D04,2021-12-01,DEPT,298564.0,298564.0,,
IND-304,D04,2022-01-01,DEPT,,295723.0,,
IND-304,D04,2022-02-01,DEPT,,292047.0,,
IND-304,D04,2022-03-01,DEPT,,289569.0,,
IND-304,D04,2022-04-01,DEPT,,289408.0,,
IND-304,D04,2022-05-01,DEPT,,288530.0,,
IND-304,D04,2022-06-01,DEPT,,290678.0,,
IND-304,D04,2022-07-01,DEPT,,290999.0,,
IND-304,D04,2022-08-01,DEPT,,291161.0,,
IND-304,D04,2022-09-01,DEPT,,292596.0,,
IND-304,D04,2022-10-01,DEPT,,294632.0,,
IND-304,D04,2022-11-01,DEPT,,298496.0,,
IND-304,D04,2022-12-01,DEPT,,302834.0,,
IND-304,D04,2023-01-01,DEPT,,306827.0,,
IND-304,D04,2023-02-01,DEPT,,310136.0,,
IND-304,D04,2023-03-01,DEPT,,310836.0,,
IND-304,D04,2023-04-01,DEPT,,309950.0,,
IND-304,D04,2023-05-01,DEPT,,309977.0,,
IND-304,D04,2023-06-01,DEPT,,309847.0,,
IND-304,D04,2023-07-01,DEPT,,311168.0,,
IND-304,D04,2023-08-01,DEPT,,314320.0,,
IND-304,D04,2023-09-01,DEPT,,317498.0,,
IND-304,D04,2023-10-01,DEPT,,320679.0,,
IND-304,D04,2023-11-01,DEPT,,322761.0,,
IND-304,D04,2023-12-01,DEPT,,322160.0,,
IND-304,D04,2024-01-01,DEPT,,322241.0,,
IND-304,D04,2024-02-01,DEPT,,324581.0,,
IND-304,D04,2024-03-01,DEPT,,326778.0,,
IND-304,D04,2024-04-01,DEPT,,328620.0,,
IND-304,D04,2024-05-01,DEPT,,331381.0,,
IND-304,D04,2024-06-01,DEPT,,332580.0,,
IND-304,D04,2024-07-01,DEPT,,338537.0,,
IND-304,D04,2024-08-01,DEPT,,340508.0,,
IND-304,D04,2024-09-01,DEPT,,338025.0,,
IND-304,D04,2024-10-01,DEPT,,335416.0,,
IND-304,D04,2024-11-01,DEPT,,332914.0,,
IND-304,D04,2024-12-01,DEPT,,333905.0,,
IND-304,D04,2025-01-01,DEPT,,335942.0,,
IND-304,D04,2025-02-01,DEPT,,336028.0,,
IND-304,D04,2025-03-01,DEPT,,337591.0,,
IND-304,D04,2025-04-01,DEPT,,340652.0,,
IND-304,D04,2025-05-01,DEPT,,341678.0,,
IND-304,D04,2025-06-01,DEPT,,341470.0,,
IND-304,D04,2025-07-01,DEPT,,339310.0,,27.29
IND-304,D05,2021-12-01,DEPT,240292.0,240292.0,,
IND-304,D05,2022-01-01,DEPT,,240671.0,,
IND-304,D05,2022-02-01,DEPT,,240045.0,,
IND-304,D05,2022-03-01,DEPT,,238846.0,,
IND-304,D05,2022-04-01,DEPT,,237819.0,,
IND-304,D05,2022-05-01,DEPT,,236851.0,,
IND-304,D05,2022-06-01,DEPT,,235787.0,,
IND-304,D05,2022-07-01,DEPT,,236044.0,,
IND-304,D05,2022-08-01,DEPT,,235215.0,,
IND-304,D05,2022-09-01,DEPT,,236903.0,,
IND-304,D05,2022-10-01,DEPT,,237764.0,,
IND-304,D05,2022-11-01,DEPT,,240427.0,,
IND-304,D05,2022-12-01,DEPT,,243256.0,,
IND-304,D05,2023-01-01,DEPT,,245949.0,,
IND-304,D05,2023-02-01,DEPT,,248249.0,,
IND-304,D05,2023-03-01,DEPT,,248842.0,,
IND-304,D05,2023-04-01,DEPT,,248223.0,,
IND-304,D05,2023-05-01,DEPT,,249109.0,,
IND-304,D05,2023-06-01,DEPT,,250594.0,,
IND-304,D05,2023-07-01,DEPT,,251551.0,,
IND-304,D05,2023-08-01,DEPT,,254782.0,,
IND-304,D05,2023-09-01,DEPT,,258304.0,,
IND-304,D05,2023-10-01,DEPT,,264585.0,,
IND-304,D05,2023-11-01,DEPT,,271303.0,,
IND-304,D05,2023-12-01,DEPT,,275289.0,,
IND-304,D05,2024-01-01,DEPT,,278883.0,,
IND-304,D05,2024-02-01,DEPT,,279712.0,,
IND-304,D05,2024-03-01,DEPT,,281959.0,,
IND-304,D05,2024-04-01,DEPT,,288108.0,,
IND-304,D05,2024-05-01,DEPT,,293040.0,,
IND-304,D05,2024-06-01,DEPT,,300341.0,,
IND-304,D05,2024-07-01,DEPT,,313438.0,,
IND-304,D05,2024-08-01,DEPT,,324102.0,,
IND-304,D05,2024-09-01,DEPT,,329568.0,,
IND-304,D05,2024-10-01,DEPT,,327284.0,,
IND-304,D05,2024-11-01,DEPT,,326214.0,,
IND-304,D05,2024-12-01,DEPT,,328064.0,,
IND-304,D05,2025-01-01,DEPT,,334231.0,,
IND-304,D05,2025-02-01,DEPT,,340360.0,,
IND-304,D05,2025-03-01,DEPT,,348986.0,,
IND-304,D05,2025-04-01,DEPT,,350805.0,,
IND-304,D05,2025-05-01,DEPT,,350431.0,,
IND-304,D05,2025-06-01,DEPT,,347660.0,,
IND-304,D05,2025-07-01,DEPT,,339076.0,,82.22
IND-304,D06,2021-12-01,DEPT,1040492.0,1040492.0,,
IND-304,D06,2022-01-01,DEPT,,1032177.0,,
IND-304,D06,2022-02-01,DEPT,,1032834.0,,
IND-304,D06,2022-03-01,DEPT,,1033541.0,,
IND-304,D06,2022-04-01,DEPT,,1034985.0,,
IND-304,D06,2022-05-01,DEPT,,1037927.0,,
IND-304,D06,2022-06-01,DEPT,,1039619.0,,
IND-304,D06,2022-07-01,DEPT,,1043614.0,,
IND-304,D06,2022-08-01,DEPT,,1052009.0,,
IND-304,D06,2022-09-01,DEPT,,1055898.0,,
IND-304,D06,2022-10-01,DEPT,,1064747.0,,
IND-304,D06,2022-11-01,DEPT,,1071565.0,,
IND-304,D06,2022-12-01,DEPT,,1075686.0,,
IND-304,D06,2023-01-01,DEPT,,1089156.0,,
IND-304,D06,2023-02-01,DEPT,,1091615.0,,
IND-304,D06,2023-03-01,DEPT,,1091312.0,,
IND-304,D06,2023-04-01,DEPT,,1092880.0,,
IND-304,D06,2023-05-01,DEPT,,1110356.0,,
IND-304,D06,2023-06-01,DEPT,,1117418.0,,
IND-304,D06,2023-07-01,DEPT,,1116407.0,,
IND-304,D06,2023-08-01,DEPT,,1110463.0,,
IND-304,D06,2023-09-01,DEPT,,1125820.0,,
IND-304,D06,2023-10-01,DEPT,,1134380.0,,
IND-304,D06,2023-11-01,DEPT,,1147644.0,,
IND-304,D06,2023-12-01,DEPT,,1158270.0,,
IND-304,D06,2024-01-01,DEPT,,1159408.0,,
IND-304,D06,2024-02-01,DEPT,,1165085.0,,
IND-304,D06,2024-03-01,DEPT,,1165672.0,,
IND-304,D06,2024-04-01,DEPT,,1174397.0,,
IND-304,D06,2024-05-01,DEPT,,1180573.0,,
IND-304,D06,2024-06-01,DEPT,,1193720.0,,
IND-304,D06,2024-07-01,DEPT,,1240943.0,,
IND-304,D06,2024-08-01,DEPT,,1290075.0,,
IND-304,D06,2024-09-01,DEPT,,1286702.0,,
IND-304,D06,2024-10-01,DEPT,,1287511.0,,
IND-304,D06,2024-11-01,DEPT,,1291230.0,,
IND-304,D06,2024-12-01,DEPT,,1299182.0,,
IND-304,D06,2025-01-01,DEPT,,1313485.0,,
IND-304,D06,2025-02-01,DEPT,,1323813.0,,
IND-304,D06,2025-03-01,DEPT,,1345351.0,,
IND-304,D06,2025-04-01,DEPT,,1354619.0,,
IND-304,D06,2025-05-01,DEPT,,1360969.0,,
IND-304,D06,2025-06-01,DEPT,,1410536.0,,
IND-304,D06,2025-07-01,DEPT,,1389845.0,,67.15
IND-304,D07,2021-12-01,DEPT,388314.0,388314.0,,
IND-304,D07,2022-01-01,DEPT,,386204.0,,
IND-304,D07,2022-02-01,DEPT,,387667.0,,
IND-304,D07,2022-03-01,DEPT,,389128.0,,
IND-304,D07,2022-04-01,DEPT,,390590.0,,
IND-304,D07,2022-05-01,DEPT,,392043.0,,
IND-304,D07,2022-06-01,DEPT,,393174.0,,
IND-304,D07,2022-07-01,DEPT,,395786.0,,
IND-304,D07,2022-08-01,DEPT,,398941.0,,
IND-304,D07,2022-09-01,DEPT,,402281.0,,
IND-304,D07,2022-10-01,DEPT,,406026.0,,
IND-304,D07,2022-11-01,DEPT,,408487.0,,
IND-304,D07,2022-12-01,DEPT,,411058.0,,
IND-304,D07,2023-01-01,DEPT,,412620.0,,
IND-304,D07,2023-02-01,DEPT,,413162.0,,
IND-304,D07,2023-03-01,DEPT,,414634.0,,
IND-304,D07,2023-04-01,DEPT,,414378.0,,
IND-304,D07,2023-05-01,DEPT,,415161.0,,
IND-304,D07,2023-06-01,DEPT,,417552.0,,
IND-304,D07,2023-07-01,DEPT,,416256.0,,
IND-304,D07,2023-08-01,DEPT,,416038.0,,
IND-304,D07,2023-09-01,DEPT,,417344.0,,
IND-304,D07,2023-10-01,DEPT,,417742.0,,
IND-304,D07,2023-11-01,DEPT,,419808.0,,
IND-304,D07,2023-12-01,DEPT,,420019.0,,
IND-304,D07,2024-01-01,DEPT,,422488.0,,
IND-304,D07,2024-02-01,DEPT,,427991.0,,
IND-304,D07,2024-03-01,DEPT,,430246.0,,
IND-304,D07,2024-04-01,DEPT,,432789.0,,
IND-304,D07,2024-05-01,DEPT,,433204.0,,
IND-304,D07,2024-06-01,DEPT,,433967.0,,
IND-304,D07,2024-07-01,DEPT,,443420.0,,
IND-304,D07,2024-08-01,DEPT,,452570.0,,
IND-304,D07,2024-09-01,DEPT,,453519.0,,
IND-304,D07,2024-10-01,DEPT,,453097.0,,
IND-304,D07,2024-11-01,DEPT,,453372.0,,
IND-304,D07,2024-12-01,DEPT,,454322.0,,
IND-304,D07,2025-01-01,DEPT,,453928.0,,
IND-304,D07,2025-02-01,DEPT,,452887.0,,
IND-304,D07,2025-03-01,DEPT,,450229.0,,
IND-304,D07,2025-04-01,DEPT,,450804.0,,
IND-304,D07,2025-05-01,DEPT,,452611.0,,
IND-304,D07,2025-06-01,DEPT,,453428.0,,
IND-304,D07,2025-07-01,DEPT,,447671.0,,30.57
IND-304,D08,2021-12-01,DEPT,333327.0,333327.0,,
IND-304,D08,2022-01-01,DEPT,,335784.0,,
IND-304,D08,2022-02-01,DEPT,,338452.0,,
IND-304,D08,2022-03-01,DEPT,,345333.0,,
IND-304,D08,2022-04-01,DEPT,,352236.0,,
IND-304,D08,2022-05-01,DEPT,,359252.0,,
IND-304,D08,2022-06-01,DEPT,,364932.0,,
IND-304,D08,2022-07-01,DEPT,,369382.0,,
IND-304,D08,2022-08-01,DEPT,,373726.0,,
IND-304,D08,2022-09-01,DEPT,,378046.0,,
IND-304,D08,2022-10-01,DEPT,,383881.0,,
IND-304,D08,2022-11-01,DEPT,,388437.0,,
IND-304,D08,2022-12-01,DEPT,,391378.0,,
IND-304,D08,2023-01-01,DEPT,,394668.0,,
IND-304,D08,2023-02-01,DEPT,,393910.0,,
IND-304,D08,2023-03-01,DEPT,,390996.0,,
IND-304,D08,2023-04-01,DEPT,,386820.0,,
IND-304,D08,2023-05-01,DEPT,,384566.0,,
IND-304,D08,2023-06-01,DEPT,,383118.0,,
IND-304,D08,2023-07-01,DEPT,,385327.0,,
IND-304,D08,2023-08-01,DEPT,,386246.0,,
IND-304,D08,2023-09-01,DEPT,,387343.0,,
IND-304,D08,2023-10-01,DEPT,,388076.0,,
IND-304,D08,2023-11-01,DEPT,,391866.0,,
IND-304,D08,2023-12-01,DEPT,,396570.0,,
IND-304,D08,2024-01-01,DEPT,,401381.0,,
IND-304,D08,2024-02-01,DEPT,,406615.0,,
IND-304,D08,2024-03-01,DEPT,,411067.0,,
IND-304,D08,2024-04-01,DEPT,,419059.0,,
IND-304,D08,2024-05-01,DEPT,,423119.0,,
IND-304,D08,2024-06-01,DEPT,,427422.0,,
IND-304,D08,2024-07-01,DEPT,,432921.0,,
IND-304,D08,2024-08-01,DEPT,,438412.0,,
IND-304,D08,2024-09-01,DEPT,,441016.0,,
IND-304,D08,2024-10-01,DEPT,,442778.0,,
IND-304,D08,2024-11-01,DEPT,,441188.0,,
IND-304,D08,2024-12-01,DEPT,,439772.0,,
IND-304,D08,2025-01-01,DEPT,,438739.0,,
IND-304,D08,2025-02-01,DEPT,,437749.0,,
IND-304,D08,2025-03-01,DEPT,,438724.0,,
IND-304,D08,2025-04-01,DEPT,,438236.0,,
IND-304,D08,2025-05-01,DEPT,,439658.0,,
IND-304,D08,2025-06-01,DEPT,,439405.0,,
IND-304,D08,2025-07-01,DEPT,,437662.0,,62.6
IND-304,D09,2021-12-01,DEPT,268355.0,268355.0,,
IND-304,D09,2022-01-01,DEPT,,263714.0,,
IND-304,D09,2022-02-01,DEPT,,262929.0,,
IND-304,D09,2022-03-01,DEPT,,261412.0,,
IND-304,D09,2022-04-01,DEPT,,263269.0,,
IND-304,D09,2022-05-01,DEPT,,265988.0,,
IND-304,D09,2022-06-01,DEPT,,269597.0,,
IND-304,D09,2022-07-01,DEPT,,272367.0,,
IND-304,D09,2022-08-01,DEPT,,274675.0,,
IND-304,D09,2022-09-01,DEPT,,275510.0,,
IND-304,D09,2022-10-01,DEPT,,275977.0,,
IND-304,D09,2022-11-01,DEPT,,276858.0,,
IND-304,D09,2022-12-01,DEPT,,277828.0,,
IND-304,D09,2023-01-01,DEPT,,278655.0,,
IND-304,D09,2023-02-01,DEPT,,279288.0,,
IND-304,D09,2023-03-01,DEPT,,277898.0,,
IND-304,D09,2023-04-01,DEPT,,276178.0,,
IND-304,D09,2023-05-01,DEPT,,272366.0,,
IND-304,D09,2023-06-01,DEPT,,272167.0,,
IND-304,D09,2023-07-01,DEPT,,270412.0,,
IND-304,D09,2023-08-01,DEPT,,267892.0,,
IND-304,D09,2023-09-01,DEPT,,267172.0,,
IND-304,D09,2023-10-01,DEPT,,266496.0,,
IND-304,D09,2023-11-01,DEPT,,266970.0,,
IND-304,D09,2023-12-01,DEPT,,267868.0,,
IND-304,D09,2024-01-01,DEPT,,269083.0,,
IND-304,D09,2024-02-01,DEPT,,269854.0,,
IND-304,D09,2024-03-01,DEPT,,272314.0,,
IND-304,D09,2024-04-01,DEPT,,273976.0,,
IND-304,D09,2024-05-01,DEPT,,275063.0,,
IND-304,D09,2024-06-01,DEPT,,275209.0,,
IND-304,D09,2024-07-01,DEPT,,277968.0,,
IND-304,D09,2024-08-01,DEPT,,282720.0,,
IND-304,D09,2024-09-01,DEPT,,283506.0,,
IND-304,D09,2024-10-01,DEPT,,281859.0,,
IND-304,D09,2024-11-01,DEPT,,279789.0,,
IND-304,D09,2024-12-01,DEPT,,279608.0,,
IND-304,D09,2025-01-01,DEPT,,277497.0,,
IND-304,D09,2025-02-01,DEPT,,274894.0,,
IND-304,D09,2025-03-01,DEPT,,272680.0,,
IND-304,D09,2025-04-01,DEPT,,270517.0,,
IND-304,D09,2025-05-01,DEPT,,269589.0,,
IND-304,D09,2025-06-01,DEPT,,269055.0,,
IND-304,D09,2025-07-01,DEPT,,266363.0,,0.0
IND-304,D10,2021-12-01,DEPT,298344.0,298344.0,,
IND-304,D10,2022-01-01,DEPT,,297156.0,,
IND-304,D10,2022-02-01,DEPT,,295288.0,,
IND-304,D10,2022-03-01,DEPT,,299498.0,,
IND-304,D10,2022-04-01,DEPT,,299244.0,,
IND-304,D10,2022-05-01,DEPT,,303102.0,,
IND-304,D10,2022-06-01,DEPT,,308212.0,,
IND-304,D10,2022-07-01,DEPT,,312414.0,,
IND-304,D10,2022-08-01,DEPT,,318575.0,,
IND-304,D10,2022-09-01,DEPT,,325921.0,,
IND-304,D10,2022-10-01,DEPT,,332706.0,,
IND-304,D10,2022-11-01,DEPT,,337328.0,,
IND-304,D10,2022-12-01,DEPT,,342856.0,,
IND-304,D10,2023-01-01,DEPT,,351133.0,,
IND-304,D10,2023-02-01,DEPT,,355264.0,,
IND-304,D10,2023-03-01,DEPT,,356488.0,,
IND-304,D10,2023-04-01,DEPT,,359313.0,,
IND-304,D10,2023-05-01,DEPT,,361167.0,,
IND-304,D10,2023-06-01,DEPT,,361262.0,,
IND-304,D10,2023-07-01,DEPT,,361579.0,,
IND-304,D10,2023-08-01,DEPT,,357180.0,,
IND-304,D10,2023-09-01,DEPT,,358206.0,,
IND-304,D10,2023-10-01,DEPT,,361142.0,,
IND-304,D10,2023-11-01,DEPT,,362961.0,,
IND-304,D10,2023-12-01,DEPT,,366060.0,,
IND-304,D10,2024-01-01,DEPT,,366830.0,,
IND-304,D10,2024-02-01,DEPT,,370136.0,,
IND-304,D10,2024-03-01,DEPT,,370704.0,,
IND-304,D10,2024-04-01,DEPT,,371407.0,,
IND-304,D10,2024-05-01,DEPT,,369856.0,,
IND-304,D10,2024-06-01,DEPT,,369641.0,,
IND-304,D10,2024-07-01,DEPT,,376262.0,,
IND-304,D10,2024-08-01,DEPT,,382649.0,,
IND-304,D10,2024-09-01,DEPT,,380883.0,,
IND-304,D10,2024-10-01,DEPT,,376872.0,,
IND-304,D10,2024-11-01,DEPT,,375593.0,,
IND-304,D10,2024-12-01,DEPT,,375948.0,,
IND-304,D10,2025-01-01,DEPT,,374884.0,,
IND-304,D10,2025-02-01,DEPT,,374286.0,,
IND-304,D10,2025-03-01,DEPT,,376244.0,,
IND-304,D10,2025-04-01,DEPT,,377019.0,,
IND-304,D10,2025-05-01,DEPT,,379508.0,,
IND-304,D10,2025-06-01,DEPT,,382009.0,,
IND-304,D10,2025-07-01,DEPT,,379044.0,,54.1
IND-304,D11,2021-12-01,DEPT,472237.0,472237.0,,
IND-304,D11,2022-01-01,DEPT,,471504.0,,
IND-304,D11,2022-02-01,DEPT,,473762.0,,
IND-304,D11,2022-03-01,DEPT,,478000.0,,
IND-304,D11,2022-04-01,DEPT,,480722.0,,
IND-304,D11,2022-05-01,DEPT,,483680.0,,
IND-304,D11,2022-06-01,DEPT,,487712.0,,
IND-304,D11,2022-07-01,DEPT,,496687.0,,
IND-304,D11,2022-08-01,DEPT,,505390.0,,
IND-304,D11,2022-09-01,DEPT,,513878.0,,
IND-304,D11,2022-10-01,DEPT,,518629.0,,
IND-304,D11,2022-11-01,DEPT,,523456.0,,
IND-304,D11,2022-12-01,DEPT,,529602.0,,
IND-304,D11,2023-01-01,DEPT,,535320.0,,
IND-304,D11,2023-02-01,DEPT,,538433.0,,
IND-304,D11,2023-03-01,DEPT,,539154.0,,
IND-304,D11,2023-04-01,DEPT,,540150.0,,
IND-304,D11,2023-05-01,DEPT,,539676.0,,
IND-304,D11,2023-06-01,DEPT,,540842.0,,
IND-304,D11,2023-07-01,DEPT,,546855.0,,
IND-304,D11,2023-08-01,DEPT,,553794.0,,
IND-304,D11,2023-09-01,DEPT,,555924.0,,
IND-304,D11,2023-10-01,DEPT,,560551.0,,
IND-304,D11,2023-11-01,DEPT,,565210.0,,
IND-304,D11,2023-12-01,DEPT,,565301.0,,
IND-304,D11,2024-01-01,DEPT,,563174.0,,
IND-304,D11,2024-02-01,DEPT,,568311.0,,
IND-304,D11,2024-03-01,DEPT,,569076.0,,
IND-304,D11,2024-04-01,DEPT,,569528.0,,
IND-304,D11,2024-05-01,DEPT,,570646.0,,
IND-304,D11,2024-06-01,DEPT,,571007.0,,
IND-304,D11,2024-07-01,DEPT,,576744.0,,
IND-304,D11,2024-08-01,DEPT,,582089.0,,
IND-304,D11,2024-09-01,DEPT,,580428.0,,
IND-304,D11,2024-10-01,DEPT,,576501.0,,
IND-304,D11,2024-11-01,DEPT,,573833.0,,
IND-304,D11,2024-12-01,DEPT,,573274.0,,
IND-304,D11,2025-01-01,DEPT,,573876.0,,
IND-304,D11,2025-02-01,DEPT,,566274.0,,
IND-304,D11,2025-03-01,DEPT,,565446.0,,
IND-304,D11,2025-04-01,DEPT,,564612.0,,
IND-304,D11,2025-05-01,DEPT,,564602.0,,
IND-304,D11,2025-06-01,DEPT,,564901.0,,
IND-304,D11,2025-07-01,DEPT,,556572.0,,35.72
IND-304,D12,2021-12-01,DEPT,383572.0,383572.0,,
IND-304,D12,2022-01-01,DEPT,,380988.0,,
IND-304,D12,2022-02-01,DEPT,,380109.0,,
IND-304,D12,2022-03-01,DEPT,,377678.0,,
IND-304,D12,2022-04-01,DEPT,,378343.0,,
IND-304,D12,2022-05-01,DEPT,,380729.0,,
IND-304,D12,2022-06-01,DEPT,,383807.0,,
IND-304,D12,2022-07-01,DEPT,,388368.0,,
IND-304,D12,2022-08-01,DEPT,,389721.0,,
IND-304,D12,2022-09-01,DEPT,,392726.0,,
IND-304,D12,2022-10-01,DEPT,,395998.0,,
IND-304,D12,2022-11-01,DEPT,,399218.0,,
IND-304,D12,2022-12-01,DEPT,,402638.0,,
IND-304,D12,2023-01-01,DEPT,,406810.0,,
IND-304,D12,2023-02-01,DEPT,,409034.0,,
IND-304,D12,2023-03-01,DEPT,,411756.0,,
IND-304,D12,2023-04-01,DEPT,,413765.0,,
IND-304,D12,2023-05-01,DEPT,,414688.0,,
IND-304,D12,2023-06-01,DEPT,,416126.0,,
IND-304,D12,2023-07-01,DEPT,,414721.0,,
IND-304,D12,2023-08-01,DEPT,,415979.0,,
IND-304,D12,2023-09-01,DEPT,,415376.0,,
IND-304,D12,2023-10-01,DEPT,,417581.0,,
IND-304,D12,2023-11-01,DEPT,,419925.0,,
IND-304,D12,2023-12-01,DEPT,,421256.0,,
IND-304,D12,2024-01-01,DEPT,,420496.0,,
IND-304,D12,2024-02-01,DEPT,,419603.0,,
IND-304,D12,2024-03-01,DEPT,,417842.0,,
IND-304,D12,2024-04-01,DEPT,,414073.0,,
IND-304,D12,2024-05-01,DEPT,,412068.0,,
IND-304,D12,2024-06-01,DEPT,,407347.0,,
IND-304,D12,2024-07-01,DEPT,,412210.0,,
IND-304,D12,2024-08-01,DEPT,,417013.0,,
IND-304,D12,2024-09-01,DEPT,,415716.0,,
IND-304,D12,2024-10-01,DEPT,,410530.0,,
IND-304,D12,2024-11-01,DEPT,,407776.0,,
IND-304,D12,2024-12-01,DEPT,,406678.0,,
IND-304,D12,2025-01-01,DEPT,,407450.0,,
IND-304,D12,2025-02-01,DEPT,,408345.0,,
IND-304,D12,2025-03-01,DEPT,,412859.0,,
IND-304,D12,2025-04-01,DEPT,,418449.0,,
IND-304,D12,2025-05-01,DEPT,,423707.0,,
IND-304,D12,2025-06-01,DEPT,,427662.0,,
IND-304,D12,2025-07-01,DEPT,,426902.0,,22.59
IND-304,D13,2021-12-01,DEPT,1888808.0,1888808.0,,
IND-304,D13,2022-01-01,DEPT,,1882252.0,,
IND-304,D13,2022-02-01,DEPT,,1881243.0,,
IND-304,D13,2022-03-01,DEPT,,1889823.0,,
IND-304,D13,2022-04-01,DEPT,,1886554.0,,
IND-304,D13,2022-05-01,DEPT,,1886594.0,,
IND-304,D13,2022-06-01,DEPT,,1889084.0,,
IND-304,D13,2022-07-01,DEPT,,1896838.0,,
IND-304,D13,2022-08-01,DEPT,,1909622.0,,
IND-304,D13,2022-09-01,DEPT,,1927983.0,,
IND-304,D13,2022-10-01,DEPT,,1938381.0,,
IND-304,D13,2022-11-01,DEPT,,1966835.0,,
IND-304,D13,2022-12-01,DEPT,,1979783.0,,
IND-304,D13,2023-01-01,DEPT,,2001883.0,,
IND-304,D13,2023-02-01,DEPT,,2007120.0,,
IND-304,D13,2023-03-01,DEPT,,2001439.0,,
IND-304,D13,2023-04-01,DEPT,,2004806.0,,
IND-304,D13,2023-05-01,DEPT,,2025194.0,,
IND-304,D13,2023-06-01,DEPT,,2039842.0,,
IND-304,D13,2023-07-01,DEPT,,2035464.0,,
IND-304,D13,2023-08-01,DEPT,,2021707.0,,
IND-304,D13,2023-09-01,DEPT,,2046619.0,,
IND-304,D13,2023-10-01,DEPT,,2071702.0,,
IND-304,D13,2023-11-01,DEPT,,2074646.0,,
IND-304,D13,2023-12-01,DEPT,,2083608.0,,
IND-304,D13,2024-01-01,DEPT,,2083679.0,,
IND-304,D13,2024-02-01,DEPT,,2105033.0,,
IND-304,D13,2024-03-01,DEPT,,2114188.0,,
IND-304,D13,2024-04-01,DEPT,,2137404.0,,
IND-304,D13,2024-05-01,DEPT,,2156553.0,,
IND-304,D13,2024-06-01,DEPT,,2164331.0,,
IND-304,D13,2024-07-01,DEPT,,2247460.0,,
IND-304,D13,2024-08-01,DEPT,,2339742.0,,
IND-304,D13,2024-09-01,DEPT,,2326569.0,,
IND-304,D13,2024-10-01,DEPT,,2319694.0,,
IND-304,D13,2024-11-01,DEPT,,2322738.0,,
IND-304,D13,2024-12-01,DEPT,,2333821.0,,
IND-304,D13,2025-01-01,DEPT,,2344788.0,,
IND-304,D13,2025-02-01,DEPT,,2341779.0,,
IND-304,D13,2025-03-01,DEPT,,2362122.0,,
IND-304,D13,2025-04-01,DEPT,,2363587.0,,
IND-304,D13,2025-05-01,DEPT,,2354140.0,,
IND-304,D13,2025-06-01,DEPT,,2354080.0,,
IND-304,D13,2025-07-01,DEPT,,2300902.0,,43.64
IND-304,D14,2021-12-01,DEPT,806516.0,806516.0,,
IND-304,D14,2022-01-01,DEPT,,795884.0,,
IND-304,D14,2022-02-01,DEPT,,785964.0,,
IND-304,D14,2022-03-01,DEPT,,782802.0,,
IND-304,D14,2022-04-01,DEPT,,778474.0,,
IND-304,D14,2022-05-01,DEPT,,779786.0,,
IND-304,D14,2022-06-01,DEPT,,781170.0,,
IND-304,D14,2022-07-01,DEPT,,780513.0,,
IND-304,D14,2022-08-01,DEPT,,785052.0,,
IND-304,D14,2022-09-01,DEPT,,797436.0,,
IND-304,D14,2022-10-01,DEPT,,810628.0,,
IND-304,D14,2022-11-01,DEPT,,821534.0,,
IND-304,D14,2022-12-01,DEPT,,828694.0,,
IND-304,D14,2023-01-01,DEPT,,842812.0,,
IND-304,D14,2023-02-01,DEPT,,850330.0,,
IND-304,D14,2023-03-01,DEPT,,856098.0,,
IND-304,D14,2023-04-01,DEPT,,861648.0,,
IND-304,D14,2023-05-01,DEPT,,866492.0,,
IND-304,D14,2023-06-01,DEPT,,876527.0,,
IND-304,D14,2023-07-01,DEPT,,883376.0,,
IND-304,D14,2023-08-01,DEPT,,884500.0,,
IND-304,D14,2023-09-01,DEPT,,886687.0,,
IND-304,D14,2023-10-01,DEPT,,885056.0,,
IND-304,D14,2023-11-01,DEPT,,885193.0,,
IND-304,D14,2023-12-01,DEPT,,890257.0,,
IND-304,D14,2024-01-01,DEPT,,891398.0,,
IND-304,D14,2024-02-01,DEPT,,903582.0,,
IND-304,D14,2024-03-01,DEPT,,909148.0,,
IND-304,D14,2024-04-01,DEPT,,915842.0,,
IND-304,D14,2024-05-01,DEPT,,917727.0,,
IND-304,D14,2024-06-01,DEPT,,935366.0,,
IND-304,D14,2024-07-01,DEPT,,951673.0,,
IND-304,D14,2024-08-01,DEPT,,968015.0,,
IND-304,D14,2024-09-01,DEPT,,971047.0,,
IND-304,D14,2024-10-01,DEPT,,967816.0,,
IND-304,D14,2024-11-01,DEPT,,967124.0,,
IND-304,D14,2024-12-01,DEPT,,964846.0,,
IND-304,D14,2025-01-01,DEPT,,963336.0,,
IND-304,D14,2025-02-01,DEPT,,953597.0,,
IND-304,D14,2025-03-01,DEPT,,950191.0,,
IND-304,D14,2025-04-01,DEPT,,949753.0,,
IND-304,D14,2025-05-01,DEPT,,951487.0,,
IND-304,D14,2025-06-01,DEPT,,932088.0,,
IND-304,D14,2025-07-01,DEPT,,925852.0,,29.59
IND-304,D15,2021-12-01,DEPT,243808.0,243808.0,,
IND-304,D15,2022-01-01,DEPT,,242441.0,,
IND-304,D15,2022-02-01,DEPT,,240104.0,,
IND-304,D15,2022-03-01,DEPT,,238862.0,,
IND-304,D15,2022-04-01,DEPT,,236659.0,,
IND-304,D15,2022-05-01,DEPT,,236527.0,,
IND-304,D15,2022-06-01,DEPT,,236654.0,,
IND-304,D15,2022-07-01,DEPT,,238080.0,,
IND-304,D15,2022-08-01,DEPT,,239218.0,,
IND-304,D15,2022-09-01,DEPT,,240098.0,,
IND-304,D15,2022-10-01,DEPT,,240076.0,,
IND-304,D15,2022-11-01,DEPT,,241114.0,,
IND-304,D15,2022-12-01,DEPT,,241844.0,,
IND-304,D15,2023-01-01,DEPT,,243247.0,,
IND-304,D15,2023-02-01,DEPT,,244812.0,,
IND-304,D15,2023-03-01,DEPT,,246490.0,,
IND-304,D15,2023-04-01,DEPT,,247589.0,,
IND-304,D15,2023-05-01,DEPT,,248115.0,,
IND-304,D15,2023-06-01,DEPT,,250078.0,,
IND-304,D15,2023-07-01,DEPT,,251188.0,,
IND-304,D15,2023-08-01,DEPT,,253911.0,,
IND-304,D15,2023-09-01,DEPT,,255255.0,,
IND-304,D15,2023-10-01,DEPT,,257440.0,,
IND-304,D15,2023-11-01,DEPT,,259827.0,,
IND-304,D15,2023-12-01,DEPT,,263933.0,,
IND-304,D15,2024-01-01,DEPT,,266074.0,,
IND-304,D15,2024-02-01,DEPT,,267836.0,,
IND-304,D15,2024-03-01,DEPT,,269908.0,,
IND-304,D15,2024-04-01,DEPT,,272499.0,,
IND-304,D15,2024-05-01,DEPT,,272931.0,,
IND-304,D15,2024-06-01,DEPT,,275670.0,,
IND-304,D15,2024-07-01,DEPT,,284233.0,,
IND-304,D15,2024-08-01,DEPT,,289464.0,,
IND-304,D15,2024-09-01,DEPT,,292561.0,,
IND-304,D15,2024-10-01,DEPT,,292580.0,,
IND-304,D15,2024-11-01,DEPT,,293047.0,,
IND-304,D15,2024-12-01,DEPT,,290432.0,,
IND-304,D15,2025-01-01,DEPT,,290050.0,,
IND-304,D15,2025-02-01,DEPT,,288898.0,,
IND-304,D15,2025-03-01,DEPT,,287290.0,,
IND-304,D15,2025-04-01,DEPT,,287467.0,,
IND-304,D15,2025-05-01,DEPT,,289272.0,,
IND-304,D15,2025-06-01,DEPT,,288184.0,,
IND-304,D15,2025-07-01,DEPT,,281082.0,,30.58
IND-304,D16,2021-12-01,DEPT,354272.0,354272.0,,
IND-304,D16,2022-01-01,DEPT,,351849.0,,
IND-304,D16,2022-02-01,DEPT,,346835.0,,
IND-304,D16,2022-03-01,DEPT,,347792.0,,
IND-304,D16,2022-04-01,DEPT,,347048.0,,
IND-304,D16,2022-05-01,DEPT,,350221.0,,
IND-304,D16,2022-06-01,DEPT,,352320.0,,
IND-304,D16,2022-07-01,DEPT,,356822.0,,
IND-304,D16,2022-08-01,DEPT,,364488.0,,
IND-304,D16,2022-09-01,DEPT,,370904.0,,
IND-304,D16,2022-10-01,DEPT,,378306.0,,
IND-304,D16,2022-11-01,DEPT,,387503.0,,
IND-304,D16,2022-12-01,DEPT,,394054.0,,
IND-304,D16,2023-01-01,DEPT,,400228.0,,
IND-304,D16,2023-02-01,DEPT,,404142.0,,
IND-304,D16,2023-03-01,DEPT,,404266.0,,
IND-304,D16,2023-04-01,DEPT,,404496.0,,
IND-304,D16,2023-05-01,DEPT,,401714.0,,
IND-304,D16,2023-06-01,DEPT,,401764.0,,
IND-304,D16,2023-07-01,DEPT,,402233.0,,
IND-304,D16,2023-08-01,DEPT,,398784.0,,
IND-304,D16,2023-09-01,DEPT,,398972.0,,
IND-304,D16,2023-10-01,DEPT,,397436.0,,
IND-304,D16,2023-11-01,DEPT,,394102.0,,
IND-304,D16,2023-12-01,DEPT,,393826.0,,
IND-304,D16,2024-01-01,DEPT,,389965.0,,
IND-304,D16,2024-02-01,DEPT,,390544.0,,
IND-304,D16,2024-03-01,DEPT,,389020.0,,
IND-304,D16,2024-04-01,DEPT,,387112.0,,
IND-304,D16,2024-05-01,DEPT,,385798.0,,
IND-304,D16,2024-06-01,DEPT,,382496.0,,
IND-304,D16,2024-07-01,DEPT,,386558.0,,
IND-304,D16,2024-08-01,DEPT,,389904.0,,
IND-304,D16,2024-09-01,DEPT,,388630.0,,
IND-304,D16,2024-10-01,DEPT,,384812.0,,
IND-304,D16,2024-11-01,DEPT,,383524.0,,
IND-304,D16,2024-12-01,DEPT,,382118.0,,
IND-304,D16,2025-01-01,DEPT,,382257.0,,
IND-304,D16,2025-02-01,DEPT,,380207.0,,
IND-304,D16,2025-03-01,DEPT,,379403.0,,
IND-304,D16,2025-04-01,DEPT,,381763.0,,
IND-304,D16,2025-05-01,DEPT,,383742.0,,
IND-304,D16,2025-06-01,DEPT,,385972.0,,
IND-304,D16,2025-07-01,DEPT,,382556.0,,15.97
IND-304,D17,2021-12-01,DEPT,676412.0,676412.0,,
IND-304,D17,2022-01-01,DEPT,,674340.0,,
IND-304,D17,2022-02-01,DEPT,,672782.0,,
IND-304,D17,2022-03-01,DEPT,,676094.0,,
IND-304,D17,2022-04-01,DEPT,,670440.0,,
IND-304,D17,2022-05-01,DEPT,,663730.0,,
IND-304,D17,2022-06-01,DEPT,,659378.0,,
IND-304,D17,2022-07-01,DEPT,,661405.0,,
IND-304,D17,2022-08-01,DEPT,,665859.0,,
IND-304,D17,2022-09-01,DEPT,,671574.0,,
IND-304,D17,2022-10-01,DEPT,,675082.0,,
IND-304,D17,2022-11-01,DEPT,,675500.0,,
IND-304,D17,2022-12-01,DEPT,,675078.0,,
IND-304,D17,2023-01-01,DEPT,,675664.0,,
IND-304,D17,2023-02-01,DEPT,,678317.0,,
IND-304,D17,2023-03-01,DEPT,,680905.0,,
IND-304,D17,2023-04-01,DEPT,,679856.0,,
IND-304,D17,2023-05-01,DEPT,,683794.0,,
IND-304,D17,2023-06-01,DEPT,,693069.0,,
IND-304,D17,2023-07-01,DEPT,,698888.0,,
IND-304,D17,2023-08-01,DEPT,,702064.0,,
IND-304,D17,2023-09-01,DEPT,,703640.0,,
IND-304,D17,2023-10-01,DEPT,,710128.0,,
IND-304,D17,2023-11-01,DEPT,,715270.0,,
IND-304,D17,2023-12-01,DEPT,,719183.0,,
IND-304,D17,2024-01-01,DEPT,,721067.0,,
IND-304,D17,2024-02-01,DEPT,,726879.0,,
IND-304,D17,2024-03-01,DEPT,,722882.0,,
IND-304,D17,2024-04-01,DEPT,,725039.0,,
IND-304,D17,2024-05-01,DEPT,,722130.0,,
IND-304,D17,2024-06-01,DEPT,,714370.0,,
IND-304,D17,2024-07-01,DEPT,,721780.0,,
IND-304,D17,2024-08-01,DEPT,,723172.0,,
IND-304,D17,2024-09-01,DEPT,,722325.0,,
IND-304,D17,2024-10-01,DEPT,,715891.0,,
IND-304,D17,2024-11-01,DEPT,,716173.0,,
IND-304,D17,2024-12-01,DEPT,,723974.0,,
IND-304,D17,2025-01-01,DEPT,,727022.0,,
IND-304,D17,2025-02-01,DEPT,,726047.0,,
IND-304,D17,2025-03-01,DEPT,,726891.0,,
IND-304,D17,2025-04-01,DEPT,,732151.0,,
IND-304,D17,2025-05-01,DEPT,,739894.0,,
IND-304,D17,2025-06-01,DEPT,,745575.0,,
IND-304,D17,2025-07-01,DEPT,,747292.0,,20.96
IND-304,D18,2021-12-01,DEPT,360102.0,360102.0,,
IND-304,D18,2022-01-01,DEPT,,359524.0,,
IND-304,D18,2022-02-01,DEPT,,359440.0,,
IND-304,D18,2022-03-01,DEPT,,359422.0,,
IND-304,D18,2022-04-01,DEPT,,358709.0,,
IND-304,D18,2022-05-01,DEPT,,360898.0,,
IND-304,D18,2022-06-01,DEPT,,360626.0,,
IND-304,D18,2022-07-01,DEPT,,361483.0,,
IND-304,D18,2022-08-01,DEPT,,362298.0,,
IND-304,D18,2022-09-01,DEPT,,362714.0,,
IND-304,D18,2022-10-01,DEPT,,363411.0,,
IND-304,D18,2022-11-01,DEPT,,362950.0,,
IND-304,D18,2022-12-01,DEPT,,363890.0,,
IND-304,D18,2023-01-01,DEPT,,366060.0,,
IND-304,D18,2023-02-01,DEPT,,366547.0,,
IND-304,D18,2023-03-01,DEPT,,366207.0,,
IND-304,D18,2023-04-01,DEPT,,365366.0,,
IND-304,D18,2023-05-01,DEPT,,363119.0,,
IND-304,D18,2023-06-01,DEPT,,361758.0,,
IND-304,D18,2023-07-01,DEPT,,361954.0,,
IND-304,D18,2023-08-01,DEPT,,363982.0,,
IND-304,D18,2023-09-01,DEPT,,365604.0,,
IND-304,D18,2023-10-01,DEPT,,368964.0,,
IND-304,D18,2023-11-01,DEPT,,372673.0,,
IND-304,D18,2023-12-01,DEPT,,375630.0,,
IND-304,D18,2024-01-01,DEPT,,379901.0,,
IND-304,D18,2024-02-01,DEPT,,385104.0,,
IND-304,D18,2024-03-01,DEPT,,386563.0,,
IND-304,D18,2024-04-01,DEPT,,388787.0,,
IND-304,D18,2024-05-01,DEPT,,387905.0,,
IND-304,D18,2024-06-01,DEPT,,390655.0,,
IND-304,D18,2024-07-01,DEPT,,397046.0,,
IND-304,D18,2024-08-01,DEPT,,402096.0,,
IND-304,D18,2024-09-01,DEPT,,402939.0,,
IND-304,D18,2024-10-01,DEPT,,401732.0,,
IND-304,D18,2024-11-01,DEPT,,402132.0,,
IND-304,D18,2024-12-01,DEPT,,402167.0,,
IND-304,D18,2025-01-01,DEPT,,400122.0,,
IND-304,D18,2025-02-01,DEPT,,396403.0,,
IND-304,D18,2025-03-01,DEPT,,394653.0,,
IND-304,D18,2025-04-01,DEPT,,394362.0,,
IND-304,D18,2025-05-01,DEPT,,397056.0,,
IND-304,D18,2025-06-01,DEPT,,396366.0,,
IND-304,D18,2025-07-01,DEPT,,394040.0,,18.85
IND-304,D19,2021-12-01,DEPT,396126.0,396126.0,,
IND-304,D19,2022-01-01,DEPT,,390542.0,,
IND-304,D19,2022-02-01,DEPT,,386396.0,,
IND-304,D19,2022-03-01,DEPT,,381237.0,,
IND-304,D19,2022-04-01,DEPT,,376816.0,,
IND-304,D19,2022-05-01,DEPT,,373351.0,,
IND-304,D19,2022-06-01,DEPT,,369390.0,,
IND-304,D19,2022-07-01,DEPT,,364822.0,,
IND-304,D19,2022-08-01,DEPT,,361310.0,,
IND-304,D19,2022-09-01,DEPT,,358306.0,,
IND-304,D19,2022-10-01,DEPT,,354738.0,,
IND-304,D19,2022-11-01,DEPT,,353126.0,,
IND-304,D19,2022-12-01,DEPT,,349884.0,,
IND-304,D19,2023-01-01,DEPT,,348494.0,,
IND-304,D19,2023-02-01,DEPT,,347728.0,,
IND-304,D19,2023-03-01,DEPT,,347931.0,,
IND-304,D19,2023-04-01,DEPT,,349681.0,,
IND-304,D19,2023-05-01,DEPT,,350944.0,,
IND-304,D19,2023-06-01,DEPT,,353747.0,,
IND-304,D19,2023-07-01,DEPT,,358273.0,,
IND-304,D19,2023-08-01,DEPT,,360050.0,,
IND-304,D19,2023-09-01,DEPT,,364526.0,,
IND-304,D19,2023-10-01,DEPT,,368814.0,,
IND-304,D19,2023-11-01,DEPT,,374029.0,,
IND-304,D19,2023-12-01,DEPT,,379740.0,,
IND-304,D19,2024-01-01,DEPT,,381731.0,,
IND-304,D19,2024-02-01,DEPT,,383225.0,,
IND-304,D19,2024-03-01,DEPT,,382793.0,,
IND-304,D19,2024-04-01,DEPT,,380418.0,,
IND-304,D19,2024-05-01,DEPT,,378777.0,,
IND-304,D19,2024-06-01,DEPT,,378746.0,,
IND-304,D19,2024-07-01,DEPT,,382190.0,,
IND-304,D19,2024-08-01,DEPT,,387188.0,,
IND-304,D19,2024-09-01,DEPT,,383461.0,,
IND-304,D19,2024-10-01,DEPT,,379792.0,,
IND-304,D19,2024-11-01,DEPT,,379664.0,,
IND-304,D19,2024-12-01,DEPT,,380536.0,,
IND-304,D19,2025-01-01,DEPT,,385119.0,,
IND-304,D19,2025-02-01,DEPT,,387568.0,,
IND-304,D19,2025-03-01,DEPT,,389028.0,,
IND-304,D19,2025-04-01,DEPT,,391459.0,,
IND-304,D19,2025-05-01,DEPT,,391618.0,,
IND-304,D19,2025-06-01,DEPT,,389049.0,,
IND-304,D19,2025-07-01,DEPT,,384788.0,,0.0
IND-304,D21,2021-12-01,DEPT,571232.0,571232.0,,
IND-304,D21,2022-01-01,DEPT,,563652.0,,
IND-304,D21,2022-02-01,DEPT,,559346.0,,
IND-304,D21,2022-03-01,DEPT,,555764.0,,
IND-304,D21,2022-04-01,DEPT,,552163.0,,
IND-304,D21,2022-05-01,DEPT,,558749.0,,
IND-304,D21,2022-06-01,DEPT,,561518.0,,
IND-304,D21,2022-07-01,DEPT,,567930.0,,
IND-304,D21,2022-08-01,DEPT,,575239.0,,
IND-304,D21,2022-09-01,DEPT,,584968.0,,
IND-304,D21,2022-10-01,DEPT,,597106.0,,
IND-304,D21,2022-11-01,DEPT,,610030.0,,
IND-304,D21,2022-12-01,DEPT,,618552.0,,
IND-304,D21,2023-01-01,DEPT,,627708.0,,
IND-304,D21,2023-02-01,DEPT,,634095.0,,
IND-304,D21,2023-03-01,DEPT,,637834.0,,
IND-304,D21,2023-04-01,DEPT,,640516.0,,
IND-304,D21,2023-05-01,DEPT,,642259.0,,
IND-304,D21,2023-06-01,DEPT,,646023.0,,
IND-304,D21,2023-07-01,DEPT,,646654.0,,
IND-304,D21,2023-08-01,DEPT,,645504.0,,
IND-304,D21,2023-09-01,DEPT,,649086.0,,
IND-304,D21,2023-10-01,DEPT,,648533.0,,
IND-304,D21,2023-11-01,DEPT,,647058.0,,
IND-304,D21,2023-12-01,DEPT,,647903.0,,
IND-304,D21,2024-01-01,DEPT,,648136.0,,
IND-304,D21,2024-02-01,DEPT,,648790.0,,
IND-304,D21,2024-03-01,DEPT,,648839.0,,
IND-304,D21,2024-04-01,DEPT,,651772.0,,
IND-304,D21,2024-05-01,DEPT,,646508.0,,
IND-304,D21,2024-06-01,DEPT,,643976.0,,
IND-304,D21,2024-07-01,DEPT,,668689.0,,
IND-304,D21,2024-08-01,DEPT,,685208.0,,
IND-304,D21,2024-09-01,DEPT,,684879.0,,
IND-304,D21,2024-10-01,DEPT,,686494.0,,
IND-304,D21,2024-11-01,DEPT,,687402.0,,
IND-304,D21,2024-12-01,DEPT,,688170.0,,
IND-304,D21,2025-01-01,DEPT,,688441.0,,
IND-304,D21,2025-02-01,DEPT,,688289.0,,
IND-304,D21,2025-03-01,DEPT,,684896.0,,
IND-304,D21,2025-04-01,DEPT,,685938.0,,
IND-304,D21,2025-05-01,DEPT,,689076.0,,
IND-304,D21,2025-06-01,DEPT,,687472.0,,
IND-304,D21,2025-07-01,DEPT,,668668.0,,34.11
IND-304,D22,2021-12-01,DEPT,540539.0,540539.0,,
IND-304,D22,2022-01-01,DEPT,,535190.0,,
IND-304,D22,2022-02-01,DEPT,,528417.0,,
IND-304,D22,2022-03-01,DEPT,,527605.0,,
IND-304,D22,2022-04-01,DEPT,,520247.0,,
IND-304,D22,2022-05-01,DEPT,,520924.0,,
IND-304,D22,2022-06-01,DEPT,,519914.0,,
IND-304,D22,2022-07-01,DEPT,,522399.0,,
IND-304,D22,2022-08-01,DEPT,,522526.0,,
IND-304,D22,2022-09-01,DEPT,,524287.0,,
IND-304,D22,2022-10-01,DEPT,,528463.0,,
IND-304,D22,2022-11-01,DEPT,,534900.0,,
IND-304,D22,2022-12-01,DEPT,,539356.0,,
IND-304,D22,2023-01-01,DEPT,,547194.0,,
IND-304,D22,2023-02-01,DEPT,,552819.0,,
IND-304,D22,2023-03-01,DEPT,,555287.0,,
IND-304,D22,2023-04-01,DEPT,,559676.0,,
IND-304,D22,2023-05-01,DEPT,,559025.0,,
IND-304,D22,2023-06-01,DEPT,,562363.0,,
IND-304,D22,2023-07-01,DEPT,,565414.0,,
IND-304,D22,2023-08-01,DEPT,,566682.0,,
IND-304,D22,2023-09-01,DEPT,,567774.0,,
IND-304,D22,2023-10-01,DEPT,,568073.0,,
IND-304,D22,2023-11-01,DEPT,,569583.0,,
IND-304,D22,2023-12-01,DEPT,,572195.0,,
IND-304,D22,2024-01-01,DEPT,,571007.0,,
IND-304,D22,2024-02-01,DEPT,,573748.0,,
IND-304,D22,2024-03-01,DEPT,,569284.0,,
IND-304,D22,2024-04-01,DEPT,,570109.0,,
IND-304,D22,2024-05-01,DEPT,,569954.0,,
IND-304,D22,2024-06-01,DEPT,,566212.0,,
IND-304,D22,2024-07-01,DEPT,,571580.0,,
IND-304,D22,2024-08-01,DEPT,,579274.0,,
IND-304,D22,2024-09-01,DEPT,,579187.0,,
IND-304,D22,2024-10-01,DEPT,,574396.0,,
IND-304,D22,2024-11-01,DEPT,,572196.0,,
IND-304,D22,2024-12-01,DEPT,,569418.0,,
IND-304,D22,2025-01-01,DEPT,,570272.0,,
IND-304,D22,2025-02-01,DEPT,,567523.0,,
IND-304,D22,2025-03-01,DEPT,,567534.0,,
IND-304,D22,2025-04-01,DEPT,,565784.0,,
IND-304,D22,2025-05-01,DEPT,,566946.0,,
IND-304,D22,2025-06-01,DEPT,,572089.0,,
IND-304,D22,2025-07-01,DEPT,,571043.0,,11.29
IND-304,D23,2021-12-01,DEPT,216113.0,216113.0,,
IND-304,D23,2022-01-01,DEPT,,217765.0,,
IND-304,D23,2022-02-01,DEPT,,218466.0,,
IND-304,D23,2022-03-01,DEPT,,218447.0,,
IND-304,D23,2022-04-01,DEPT,,218471.0,,
IND-304,D23,2022-05-01,DEPT,,219944.0,,
IND-304,D23,2022-06-01,DEPT,,219934.0,,
IND-304,D23,2022-07-01,DEPT,,220434.0,,
IND-304,D23,2022-08-01,DEPT,,218896.0,,
IND-304,D23,2022-09-01,DEPT,,218975.0,,
IND-304,D23,2022-10-01,DEPT,,219436.0,,
IND-304,D23,2022-11-01,DEPT,,220946.0,,
IND-304,D23,2022-12-01,DEPT,,221328.0,,
IND-304,D23,2023-01-01,DEPT,,222314.0,,
IND-304,D23,2023-02-01,DEPT,,222833.0,,
IND-304,D23,2023-03-01,DEPT,,224268.0,,
IND-304,D23,2023-04-01,DEPT,,224925.0,,
IND-304,D23,2023-05-01,DEPT,,224706.0,,
IND-304,D23,2023-06-01,DEPT,,227078.0,,
IND-304,D23,2023-07-01,DEPT,,227313.0,,
IND-304,D23,2023-08-01,DEPT,,229396.0,,
IND-304,D23,2023-09-01,DEPT,,230484.0,,
IND-304,D23,2023-10-01,DEPT,,230661.0,,
IND-304,D23,2023-11-01,DEPT,,230902.0,,
IND-304,D23,2023-12-01,DEPT,,232388.0,,
IND-304,D23,2024-01-01,DEPT,,231662.0,,
IND-304,D23,2024-02-01,DEPT,,231313.0,,
IND-304,D23,2024-03-01,DEPT,,229046.0,,
IND-304,D23,2024-04-01,DEPT,,229856.0,,
IND-304,D23,2024-05-01,DEPT,,229956.0,,
IND-304,D23,2024-06-01,DEPT,,230859.0,,
IND-304,D23,2024-07-01,DEPT,,237174.0,,
IND-304,D23,2024-08-01,DEPT,,240179.0,,
IND-304,D23,2024-09-01,DEPT,,241708.0,,
IND-304,D23,2024-10-01,DEPT,,243028.0,,
IND-304,D23,2024-11-01,DEPT,,241472.0,,
IND-304,D23,2024-12-01,DEPT,,241176.0,,
IND-304,D23,2025-01-01,DEPT,,242094.0,,
IND-304,D23,2025-02-01,DEPT,,242366.0,,
IND-304,D23,2025-03-01,DEPT,,243038.0,,
IND-304,D23,2025-04-01,DEPT,,242240.0,,
IND-304,D23,2025-05-01,DEPT,,243192.0,,
IND-304,D23,2025-06-01,DEPT,,242570.0,,
IND-304,D23,2025-07-01,DEPT,,240030.0,,22.13
IND-304,D24,2021-12-01,DEPT,447840.0,447840.0,,
IND-304,D24,2022-01-01,DEPT,,442501.0,,
IND-304,D24,2022-02-01,DEPT,,439275.0,,
IND-304,D24,2022-03-01,DEPT,,432163.0,,
IND-304,D24,2022-04-01,DEPT,,431552.0,,
IND-304,D24,2022-05-01,DEPT,,433244.0,,
IND-304,D24,2022-06-01,DEPT,,432276.0,,
IND-304,D24,2022-07-01,DEPT,,432514.0,,
IND-304,D24,2022-08-01,DEPT,,432672.0,,
IND-304,D24,2022-09-01,DEPT,,435159.0,,
IND-304,D24,2022-10-01,DEPT,,441817.0,,
IND-304,D24,2022-11-01,DEPT,,447048.0,,
IND-304,D24,2022-12-01,DEPT,,453782.0,,
IND-304,D24,2023-01-01,DEPT,,467451.0,,
IND-304,D24,2023-02-01,DEPT,,476988.0,,
IND-304,D24,2023-03-01,DEPT,,488514.0,,
IND-304,D24,2023-04-01,DEPT,,495849.0,,
IND-304,D24,2023-05-01,DEPT,,503139.0,,
IND-304,D24,2023-06-01,DEPT,,513168.0,,
IND-304,D24,2023-07-01,DEPT,,521112.0,,
IND-304,D24,2023-08-01,DEPT,,528366.0,,
IND-304,D24,2023-09-01,DEPT,,533911.0,,
IND-304,D24,2023-10-01,DEPT,,536965.0,,
IND-304,D24,2023-11-01,DEPT,,540864.0,,
IND-304,D24,2023-12-01,DEPT,,544376.0,,
IND-304,D24,2024-01-01,DEPT,,544278.0,,
IND-304,D24,2024-02-01,DEPT,,545696.0,,
IND-304,D24,2024-03-01,DEPT,,544646.0,,
IND-304,D24,2024-04-01,DEPT,,544944.0,,
IND-304,D24,2024-05-01,DEPT,,544698.0,,
IND-304,D24,2024-06-01,DEPT,,545684.0,,
IND-304,D24,2024-07-01,DEPT,,551285.0,,
IND-304,D24,2024-08-01,DEPT,,556592.0,,
IND-304,D24,2024-09-01,DEPT,,557860.0,,
IND-304,D24,2024-10-01,DEPT,,558012.0,,
IND-304,D24,2024-11-01,DEPT,,555501.0,,
IND-304,D24,2024-12-01,DEPT,,557762.0,,
IND-304,D24,2025-01-01,DEPT,,555738.0,,
IND-304,D24,2025-02-01,DEPT,,555196.0,,
IND-304,D24,2025-03-01,DEPT,,555009.0,,
IND-304,D24,2025-04-01,DEPT,,559110.0,,
IND-304,D24,2025-05-01,DEPT,,559410.0,,
IND-304,D24,2025-06-01,DEPT,,561246.0,,
IND-304,D24,2025-07-01,DEPT,,559663.0,,49.94
IND-304,D25,2021-12-01,DEPT,596388.0,596388.0,,
IND-304,D25,2022-01-01,DEPT,,593450.0,,
IND-304,D25,2022-02-01,DEPT,,592937.0,,
IND-304,D25,2022-03-01,DEPT,,592017.0,,
IND-304,D25,2022-04-01,DEPT,,594494.0,,
IND-304,D25,2022-05-01,DEPT,,598480.0,,
IND-304,D25,2022-06-01,DEPT,,600641.0,,
IND-304,D25,2022-07-01,DEPT,,604008.0,,
IND-304,D25,2022-08-01,DEPT,,604372.0,,
IND-304,D25,2022-09-01,DEPT,,605392.0,,
IND-304,D25,2022-10-01,DEPT,,607125.0,,
IND-304,D25,2022-11-01,DEPT,,610074.0,,
IND-304,D25,2022-12-01,DEPT,,617153.0,,
IND-304,D25,2023-01-01,DEPT,,621008.0,,
IND-304,D25,2023-02-01,DEPT,,621352.0,,
IND-304,D25,2023-03-01,DEPT,,622694.0,,
IND-304,D25,2023-04-01,DEPT,,620069.0,,
IND-304,D25,2023-05-01,DEPT,,617656.0,,
IND-304,D25,2023-06-01,DEPT,,617377.0,,
IND-304,D25,2023-07-01,DEPT,,619111.0,,
IND-304,D25,2023-08-01,DEPT,,619248.0,,
IND-304,D25,2023-09-01,DEPT,,622981.0,,
IND-304,D25,2023-10-01,DEPT,,626868.0,,
IND-304,D25,2023-11-01,DEPT,,627468.0,,
IND-304,D25,2023-12-01,DEPT,,626488.0,,
IND-304,D25,2024-01-01,DEPT,,627456.0,,
IND-304,D25,2024-02-01,DEPT,,631362.0,,
IND-304,D25,2024-03-01,DEPT,,632209.0,,
IND-304,D25,2024-04-01,DEPT,,638068.0,,
IND-304,D25,2024-05-01,DEPT,,639345.0,,
IND-304,D25,2024-06-01,DEPT,,646386.0,,
IND-304,D25,2024-07-01,DEPT,,658955.0,,
IND-304,D25,2024-08-01,DEPT,,676114.0,,
IND-304,D25,2024-09-01,DEPT,,684038.0,,
IND-304,D25,2024-10-01,DEPT,,684634.0,,
IND-304,D25,2024-11-01,DEPT,,686971.0,,
IND-304,D25,2024-12-01,DEPT,,687858.0,,
IND-304,D25,2025-01-01,DEPT,,689010.0,,
IND-304,D25,2025-02-01,DEPT,,690194.0,,
IND-304,D25,2025-03-01,DEPT,,691620.0,,
IND-304,D25,2025-04-01,DEPT,,692701.0,,
IND-304,D25,2025-05-01,DEPT,,694535.0,,
IND-304,D25,2025-06-01,DEPT,,692204.0,,
IND-304,D25,2025-07-01,DEPT,,689236.0,,31.14
IND-304,D26,2021-12-01,DEPT,603044.0,603044.0,,
IND-304,D26,2022-01-01,DEPT,,598262.0,,
IND-304,D26,2022-02-01,DEPT,,602159.0,,
IND-304,D26,2022-03-01,DEPT,,603198.0,,
IND-304,D26,2022-04-01,DEPT,,612109.0,,
IND-304,D26,2022-05-01,DEPT,,618600.0,,
IND-304,D26,2022-06-01,DEPT,,623064.0,,
IND-304,D26,2022-07-01,DEPT,,629528.0,,
IND-304,D26,2022-08-01,DEPT,,637923.0,,
IND-304,D26,2022-09-01,DEPT,,644040.0,,
IND-304,D26,2022-10-01,DEPT,,647928.0,,
IND-304,D26,2022-11-01,DEPT,,654034.0,,
IND-304,D26,2022-12-01,DEPT,,661851.0,,
IND-304,D26,2023-01-01,DEPT,,668106.0,,
IND-304,D26,2023-02-01,DEPT,,666119.0,,
IND-304,D26,2023-03-01,DEPT,,666524.0,,
IND-304,D26,2023-04-01,DEPT,,662960.0,,
IND-304,D26,2023-05-01,DEPT,,659632.0,,
IND-304,D26,2023-06-01,DEPT,,660330.0,,
IND-304,D26,2023-07-01,DEPT,,657159.0,,
IND-304,D26,2023-08-01,DEPT,,655130.0,,
IND-304,D26,2023-09-01,DEPT,,657477.0,,
IND-304,D26,2023-10-01,DEPT,,660576.0,,
IND-304,D26,2023-11-01,DEPT,,660040.0,,
IND-304,D26,2023-12-01,DEPT,,660667.0,,
IND-304,D26,2024-01-01,DEPT,,659816.0,,
IND-304,D26,2024-02-01,DEPT,,660613.0,,
IND-304,D26,2024-03-01,DEPT,,656085.0,,
IND-304,D26,2024-04-01,DEPT,,656283.0,,
IND-304,D26,2024-05-01,DEPT,,656656.0,,
IND-304,D26,2024-06-01,DEPT,,653765.0,,
IND-304,D26,2024-07-01,DEPT,,666408.0,,
IND-304,D26,2024-08-01,DEPT,,675698.0,,
IND-304,D26,2024-09-01,DEPT,,673213.0,,
IND-304,D26,2024-10-01,DEPT,,671214.0,,
IND-304,D26,2024-11-01,DEPT,,673359.0,,
IND-304,D26,2024-12-01,DEPT,,671289.0,,
IND-304,D26,2025-01-01,DEPT,,670883.0,,
IND-304,D26,2025-02-01,DEPT,,673692.0,,
IND-304,D26,2025-03-01,DEPT,,676336.0,,
IND-304,D26,2025-04-01,DEPT,,678389.0,,
IND-304,D26,2025-05-01,DEPT,,681338.0,,
IND-304,D26,2025-06-01,DEPT,,685688.0,,
IND-304,D26,2025-07-01,DEPT,,681680.0,,26.08
IND-304,D27,2021-12-01,DEPT,610021.0,610021.0,,
IND-304,D27,2022-01-01,DEPT,,609582.0,,
IND-304,D27,2022-02-01,DEPT,,613172.0,,
IND-304,D27,2022-03-01,DEPT,,621234.0,,
IND-304,D27,2022-04-01,DEPT,,624232.0,,
IND-304,D27,2022-05-01,DEPT,,632194.0,,
IND-304,D27,2022-06-01,DEPT,,635754.0,,
IND-304,D27,2022-07-01,DEPT,,638459.0,,
IND-304,D27,2022-08-01,DEPT,,639164.0,,
IND-304,D27,2022-09-01,DEPT,,639139.0,,
IND-304,D27,2022-10-01,DEPT,,639119.0,,
IND-304,D27,2022-11-01,DEPT,,640458.0,,
IND-304,D27,2022-12-01,DEPT,,642694.0,,
IND-304,D27,2023-01-01,DEPT,,645010.0,,
IND-304,D27,2023-02-01,DEPT,,646578.0,,
IND-304,D27,2023-03-01,DEPT,,647920.0,,
IND-304,D27,2023-04-01,DEPT,,652651.0,,
IND-304,D27,2023-05-01,DEPT,,655533.0,,
IND-304,D27,2023-06-01,DEPT,,661637.0,,
IND-304,D27,2023-07-01,DEPT,,665605.0,,
IND-304,D27,2023-08-01,DEPT,,668544.0,,
IND-304,D27,2023-09-01,DEPT,,675352.0,,
IND-304,D27,2023-10-01,DEPT,,688319.0,,
IND-304,D27,2023-11-01,DEPT,,696810.0,,
IND-304,D27,2023-12-01,DEPT,,703776.0,,
IND-304,D27,2024-01-01,DEPT,,706247.0,,
IND-304,D27,2024-02-01,DEPT,,711798.0,,
IND-304,D27,2024-03-01,DEPT,,709468.0,,
IND-304,D27,2024-04-01,DEPT,,707926.0,,
IND-304,D27,2024-05-01,DEPT,,703547.0,,
IND-304,D27,2024-06-01,DEPT,,703421.0,,
IND-304,D27,2024-07-01,DEPT,,716879.0,,
IND-304,D27,2024-08-01,DEPT,,730106.0,,
IND-304,D27,2024-09-01,DEPT,,729058.0,,
IND-304,D27,2024-10-01,DEPT,,721858.0,,
IND-304,D27,2024-11-01,DEPT,,723452.0,,
IND-304,D27,2024-12-01,DEPT,,721940.0,,
IND-304,D27,2025-01-01,DEPT,,725112.0,,
IND-304,D27,2025-02-01,DEPT,,719138.0,,
IND-304,D27,2025-03-01,DEPT,,720790.0,,
IND-304,D27,2025-04-01,DEPT,,720189.0,,
IND-304,D27,2025-05-01,DEPT,,724419.0,,
IND-304,D27,2025-06-01,DEPT,,725879.0,,
IND-304,D27,2025-07-01,DEPT,,718554.0,,35.58
IND-304,D28,2021-12-01,DEPT,443965.0,443965.0,,
IND-304,D28,2022-01-01,DEPT,,442249.0,,
IND-304,D28,2022-02-01,DEPT,,445245.0,,
IND-304,D28,2022-03-01,DEPT,,449019.0,,
IND-304,D28,2022-04-01,DEPT,,449154.0,,
IND-304,D28,2022-05-01,DEPT,,451195.0,,
IND-304,D28,2022-06-01,DEPT,,452329.0,,
IND-304,D28,2022-07-01,DEPT,,449831.0,,
IND-304,D28,2022-08-01,DEPT,,451636.0,,
IND-304,D28,2022-09-01,DEPT,,454233.0,,
IND-304,D28,2022-10-01,DEPT,,457220.0,,
IND-304,D28,2022-11-01,DEPT,,458489.0,,
IND-304,D28,2022-12-01,DEPT,,459583.0,,
IND-304,D28,2023-01-01,DEPT,,463288.0,,
IND-304,D28,2023-02-01,DEPT,,461744.0,,
IND-304,D28,2023-03-01,DEPT,,461603.0,,
IND-304,D28,2023-04-01,DEPT,,461898.0,,
IND-304,D28,2023-05-01,DEPT,,461777.0,,
IND-304,D28,2023-06-01,DEPT,,462014.0,,
IND-304,D28,2023-07-01,DEPT,,466052.0,,
IND-304,D28,2023-08-01,DEPT,,468410.0,,
IND-304,D28,2023-09-01,DEPT,,470738.0,,
IND-304,D28,2023-10-01,DEPT,,472792.0,,
IND-304,D28,2023-11-01,DEPT,,474757.0,,
IND-304,D28,2023-12-01,DEPT,,475938.0,,
IND-304,D28,2024-01-01,DEPT,,476352.0,,
IND-304,D28,2024-02-01,DEPT,,480389.0,,
IND-304,D28,2024-03-01,DEPT,,476714.0,,
IND-304,D28,2024-04-01,DEPT,,477270.0,,
IND-304,D28,2024-05-01,DEPT,,473770.0,,
IND-304,D28,2024-06-01,DEPT,,473250.0,,
IND-304,D28,2024-07-01,DEPT,,480874.0,,
IND-304,D28,2024-08-01,DEPT,,483750.0,,
IND-304,D28,2024-09-01,DEPT,,480217.0,,
IND-304,D28,2024-10-01,DEPT,,475110.0,,
IND-304,D28,2024-11-01,DEPT,,472281.0,,
IND-304,D28,2024-12-01,DEPT,,470347.0,,
IND-304,D28,2025-01-01,DEPT,,468134.0,,
IND-304,D28,2025-02-01,DEPT,,463301.0,,
IND-304,D28,2025-03-01,DEPT,,461478.0,,
IND-304,D28,2025-04-01,DEPT,,458142.0,,
IND-304,D28,2025-05-01,DEPT,,456620.0,,
IND-304,D28,2025-06-01,DEPT,,453824.0,,
IND-304,D28,2025-07-01,DEPT,,446839.0,,1.29
IND-304,D29,2021-12-01,DEPT,755363.0,755363.0,,
IND-304,D29,2022-01-01,DEPT,,764283.0,,
IND-304,D29,2022-02-01,DEPT,,766864.0,,
IND-304,D29,2022-03-01,DEPT,,767612.0,,
IND-304,D29,2022-04-01,DEPT,,768336.0,,
IND-304,D29,2022-05-01,DEPT,,777623.0,,
IND-304,D29,2022-06-01,DEPT,,787434.0,,
IND-304,D29,2022-07-01,DEPT,,799018.0,,
IND-304,D29,2022-08-01,DEPT,,813904.0,,
IND-304,D29,2022-09-01,DEPT,,832098.0,,
IND-304,D29,2022-10-01,DEPT,,847831.0,,
IND-304,D29,2022-11-01,DEPT,,861991.0,,
IND-304,D29,2022-12-01,DEPT,,876105.0,,
IND-304,D29,2023-01-01,DEPT,,887670.0,,
IND-304,D29,2023-02-01,DEPT,,893105.0,,
IND-304,D29,2023-03-01,DEPT,,901344.0,,
IND-304,D29,2023-04-01,DEPT,,904180.0,,
IND-304,D29,2023-05-01,DEPT,,905661.0,,
IND-304,D29,2023-06-01,DEPT,,907460.0,,
IND-304,D29,2023-07-01,DEPT,,903854.0,,
IND-304,D29,2023-08-01,DEPT,,896380.0,,
IND-304,D29,2023-09-01,DEPT,,889720.0,,
IND-304,D29,2023-10-01,DEPT,,888286.0,,
IND-304,D29,2023-11-01,DEPT,,890812.0,,
IND-304,D29,2023-12-01,DEPT,,889388.0,,
IND-304,D29,2024-01-01,DEPT,,887298.0,,
IND-304,D29,2024-02-01,DEPT,,891118.0,,
IND-304,D29,2024-03-01,DEPT,,887224.0,,
IND-304,D29,2024-04-01,DEPT,,890391.0,,
IND-304,D29,2024-05-01,DEPT,,881980.0,,
IND-304,D29,2024-06-01,DEPT,,877894.0,,
IND-304,D29,2024-07-01,DEPT,,894115.0,,
IND-304,D29,2024-08-01,DEPT,,908522.0,,
IND-304,D29,2024-09-01,DEPT,,908982.0,,
IND-304,D29,2024-10-01,DEPT,,901475.0,,
IND-304,D29,2024-11-01,DEPT,,892881.0,,
IND-304,D29,2024-12-01,DEPT,,883828.0,,
IND-304,D29,2025-01-01,DEPT,,879010.0,,
IND-304,D29,2025-02-01,DEPT,,872305.0,,
IND-304,D29,2025-03-01,DEPT,,875618.0,,
IND-304,D29,2025-04-01,DEPT,,875994.0,,
IND-304,D29,2025-05-01,DEPT,,887189.0,,
IND-304,D29,2025-06-01,DEPT,,886720.0,,
IND-304,D29,2025-07-01,DEPT,,880910.0,,33.24
IND-304,D2A,2021-12-01,DEPT,268390.0,268390.0,,
IND-304,D2A,2022-01-01,DEPT,,260882.0,,
IND-304,D2A,2022-02-01,DEPT,,256109.0,,
IND-304,D2A,2022-03-01,DEPT,,252760.0,,
IND-304,D2A,2022-04-01,DEPT,,251736.0,,
IND-304,D2A,2022-05-01,DEPT,,252569.0,,
IND-304,D2A,2022-06-01,DEPT,,257447.0,,
IND-304,D2A,2022-07-01,DEPT,,260115.0,,
IND-304,D2A,2022-08-01,DEPT,,267510.0,,
IND-304,D2A,2022-09-01,DEPT,,273758.0,,
IND-304,D2A,2022-10-01,DEPT,,280314.0,,
IND-304,D2A,2022-11-01,DEPT,,286750.0,,
IND-304,D2A,2022-12-01,DEPT,,294300.0,,
IND-304,D2A,2023-01-01,DEPT,,300536.0,,
IND-304,D2A,2023-02-01,DEPT,,306616.0,,
IND-304,D2A,2023-03-01,DEPT,,310680.0,,
IND-304,D2A,2023-04-01,DEPT,,310964.0,,
IND-304,D2A,2023-05-01,DEPT,,314740.0,,
IND-304,D2A,2023-06-01,DEPT,,315883.0,,
IND-304,D2A,2023-07-01,DEPT,,316582.0,,
IND-304,D2A,2023-08-01,DEPT,,316202.0,,
IND-304,D2A,2023-09-01,DEPT,,317809.0,,
IND-304,D2A,2023-10-01,DEPT,,320507.0,,
IND-304,D2A,2023-11-01,DEPT,,324102.0,,
IND-304,D2A,2023-12-01,DEPT,,327570.0,,
IND-304,D2A,2024-01-01,DEPT,,332516.0,,
IND-304,D2A,2024-02-01,DEPT,,339669.0,,
IND-304,D2A,2024-03-01,DEPT,,344446.0,,
IND-304,D2A,2024-04-01,DEPT,,348096.0,,
IND-304,D2A,2024-05-01,DEPT,,347606.0,,
IND-304,D2A,2024-06-01,DEPT,,349552.0,,
IND-304,D2A,2024-07-01,DEPT,,363187.0,,
IND-304,D2A,2024-08-01,DEPT,,374842.0,,
IND-304,D2A,2024-09-01,DEPT,,380812.0,,
IND-304,D2A,2024-10-01,DEPT,,384698.0,,
IND-304,D2A,2024-11-01,DEPT,,387303.0,,
IND-304,D2A,2024-12-01,DEPT,,389399.0,,
IND-304,D2A,2025-01-01,DEPT,,390213.0,,
IND-304,D2A,2025-02-01,DEPT,,388115.0,,
IND-304,D2A,2025-03-01,DEPT,,389854.0,,
IND-304,D2A,2025-04-01,DEPT,,391674.0,,
IND-304,D2A,2025-05-01,DEPT,,394517.0,,
IND-304,D2A,2025-06-01,DEPT,,392934.0,,
IND-304,D2A,2025-07-01,DEPT,,387749.0,,88.95
IND-304,D2B,2021-12-01,DEPT,258898.0,258898.0,,
IND-304,D2B,2022-01-01,DEPT,,257177.0,,
IND-304,D2B,2022-02-01,DEPT,,257250.0,,
IND-304,D2B,2022-03-01,DEPT,,257132.0,,
IND-304,D2B,2022-04-01,DEPT,,256825.0,,
IND-304,D2B,2022-05-01,DEPT,,258386.0,,
IND-304,D2B,2022-06-01,DEPT,,261614.0,,
IND-304,D2B,2022-07-01,DEPT,,264736.0,,
IND-304,D2B,2022-08-01,DEPT,,269465.0,,
IND-304,D2B,2022-09-01,DEPT,,271742.0,,
IND-304,D2B,2022-10-01,DEPT,,272428.0,,
IND-304,D2B,2022-11-01,DEPT,,275096.0,,
IND-304,D2B,2022-12-01,DEPT,,280537.0,,
IND-304,D2B,2023-01-01,DEPT,,285724.0,,
IND-304,D2B,2023-02-01,DEPT,,290288.0,,
IND-304,D2B,2023-03-01,DEPT,,293616.0,,
IND-304,D2B,2023-04-01,DEPT,,295789.0,,
IND-304,D2B,2023-05-01,DEPT,,299742.0,,
IND-304,D2B,2023-06-01,DEPT,,306271.0,,
IND-304,D2B,2023-07-01,DEPT,,310364.0,,
IND-304,D2B,2023-08-01,DEPT,,311632.0,,
IND-304,D2B,2023-09-01,DEPT,,317041.0,,
IND-304,D2B,2023-10-01,DEPT,,322462.0,,
IND-304,D2B,2023-11-01,DEPT,,326768.0,,
IND-304,D2B,2023-12-01,DEPT,,330378.0,,
IND-304,D2B,2024-01-01,DEPT,,332574.0,,
IND-304,D2B,2024-02-01,DEPT,,337158.0,,
IND-304,D2B,2024-03-01,DEPT,,338225.0,,
IND-304,D2B,2024-04-01,DEPT,,342598.0,,
IND-304,D2B,2024-05-01,DEPT,,344451.0,,
IND-304,D2B,2024-06-01,DEPT,,345714.0,,
IND-304,D2B,2024-07-01,DEPT,,354760.0,,
IND-304,D2B,2024-08-01,DEPT,,363654.0,,
IND-304,D2B,2024-09-01,DEPT,,363926.0,,
IND-304,D2B,2024-10-01,DEPT,,364086.0,,
IND-304,D2B,2024-11-01,DEPT,,363059.0,,
IND-304,D2B,2024-12-01,DEPT,,362320.0,,
IND-304,D2B,2025-01-01,DEPT,,362434.0,,
IND-304,D2B,2025-02-01,DEPT,,359831.0,,
IND-304,D2B,2025-03-01,DEPT,,361303.0,,
IND-304,D2B,2025-04-01,DEPT,,361092.0,,
IND-304,D2B,2025-05-01,DEPT,,361214.0,,
IND-304,D2B,2025-06-01,DEPT,,359404.0,,
IND-304,D2B,2025-07-01,DEPT,,354516.0,,73.87
IND-304,D30,2021-12-01,DEPT,839560.0,839560.0,,
IND-304,D30,2022-01-01,DEPT,,828796.0,,
IND-304,D30,2022-02-01,DEPT,,824872.0,,
IND-304,D30,2022-03-01,DEPT,,815410.0,,
IND-304,D30,2022-04-01,DEPT,,805248.0,,
IND-304,D30,2022-05-01,DEPT,,795488.0,,
IND-304,D30,2022-06-01,DEPT,,791131.0,,
IND-304,D30,2022-07-01,DEPT,,789712.0,,
IND-304,D30,2022-08-01,DEPT,,792845.0,,
IND-304,D30,2022-09-01,DEPT,,800653.0,,
IND-304,D30,2022-10-01,DEPT,,805478.0,,
IND-304,D30,2022-11-01,DEPT,,806868.0,,
IND-304,D30,2022-12-01,DEPT,,805942.0,,
IND-304,D30,2023-01-01,DEPT,,808643.0,,
IND-304,D30,2023-02-01,DEPT,,807738.0,,
IND-304,D30,2023-03-01,DEPT,,803960.0,,
IND-304,D30,2023-04-01,DEPT,,808123.0,,
IND-304,D30,2023-05-01,DEPT,,810973.0,,
IND-304,D30,2023-06-01,DEPT,,815078.0,,
IND-304,D30,2023-07-01,DEPT,,816214.0,,
IND-304,D30,2023-08-01,DEPT,,812090.0,,
IND-304,D30,2023-09-01,DEPT,,810970.0,,
IND-304,D30,2023-10-01,DEPT,,813976.0,,
IND-304,D30,2023-11-01,DEPT,,822761.0,,
IND-304,D30,2023-12-01,DEPT,,829939.0,,
IND-304,D30,2024-01-01,DEPT,,835222.0,,
IND-304,D30,2024-02-01,DEPT,,841068.0,,
IND-304,D30,2024-03-01,DEPT,,847855.0,,
IND-304,D30,2024-04-01,DEPT,,849847.0,,
IND-304,D30,2024-05-01,DEPT,,845852.0,,
IND-304,D30,2024-06-01,DEPT,,840759.0,,
IND-304,D30,2024-07-01,DEPT,,862137.0,,
IND-304,D30,2024-08-01,DEPT,,885801.0,,
IND-304,D30,2024-09-01,DEPT,,887912.0,,
IND-304,D30,2024-10-01,DEPT,,886084.0,,
IND-304,D30,2024-11-01,DEPT,,882697.0,,
IND-304,D30,2024-12-01,DEPT,,877054.0,,
IND-304,D30,2025-01-01,DEPT,,876891.0,,
IND-304,D30,2025-02-01,DEPT,,873707.0,,
IND-304,D30,2025-03-01,DEPT,,873252.0,,
IND-304,D30,2025-04-01,DEPT,,871721.0,,
IND-304,D30,2025-05-01,DEPT,,873926.0,,
IND-304,D30,2025-06-01,DEPT,,878515.0,,
IND-304,D30,2025-07-01,DEPT,,872708.0,,7.9
IND-304,D31,2021-12-01,DEPT,1123847.0,1123847.0,,
IND-304,D31,2022-01-01,DEPT,,1105177.0,,
IND-304,D31,2022-02-01,DEPT,,1105631.0,,
IND-304,D31,2022-03-01,DEPT,,1114973.0,,
IND-304,D31,2022-04-01,DEPT,,1121748.0,,
IND-304,D31,2022-05-01,DEPT,,1128786.0,,
IND-304,D31,2022-06-01,DEPT,,1139266.0,,
IND-304,D31,2022-07-01,DEPT,,1147633.0,,
IND-304,D31,2022-08-01,DEPT,,1160053.0,,
IND-304,D31,2022-09-01,DEPT,,1174685.0,,
IND-304,D31,2022-10-01,DEPT,,1196829.0,,
IND-304,D31,2022-11-01,DEPT,,1224799.0,,
IND-304,D31,2022-12-01,DEPT,,1246296.0,,
IND-304,D31,2023-01-01,DEPT,,1270940.0,,
IND-304,D31,2023-02-01,DEPT,,1281163.0,,
IND-304,D31,2023-03-01,DEPT,,1289214.0,,
IND-304,D31,2023-04-01,DEPT,,1299362.0,,
IND-304,D31,2023-05-01,DEPT,,1304059.0,,
IND-304,D31,2023-06-01,DEPT,,1305183.0,,
IND-304,D31,2023-07-01,DEPT,,1306330.0,,
IND-304,D31,2023-08-01,DEPT,,1304238.0,,
IND-304,D31,2023-09-01,DEPT,,1330439.0,,
IND-304,D31,2023-10-01,DEPT,,1345534.0,,
IND-304,D31,2023-11-01,DEPT,,1344664.0,,
IND-304,D31,2023-12-01,DEPT,,1354224.0,,
IND-304,D31,2024-01-01,DEPT,,1353699.0,,
IND-304,D31,2024-02-01,DEPT,,1358870.0,,
IND-304,D31,2024-03-01,DEPT,,1356170.0,,
IND-304,D31,2024-04-01,DEPT,,1356292.0,,
IND-304,D31,2024-05-01,DEPT,,1360357.0,,
IND-304,D31,2024-06-01,DEPT,,1368320.0,,
IND-304,D31,2024-07-01,DEPT,,1406260.0,,
IND-304,D31,2024-08-01,DEPT,,1448308.0,,
IND-304,D31,2024-09-01,DEPT,,1433623.0,,
IND-304,D31,2024-10-01,DEPT,,1426380.0,,
IND-304,D31,2024-11-01,DEPT,,1425446.0,,
IND-304,D31,2024-12-01,DEPT,,1421256.0,,
IND-304,D31,2025-01-01,DEPT,,1422884.0,,
IND-304,D31,2025-02-01,DEPT,,1419015.0,,
IND-304,D31,2025-03-01,DEPT,,1426218.0,,
IND-304,D31,2025-04-01,DEPT,,1428214.0,,
IND-304,D31,2025-05-01,DEPT,,1432996.0,,
IND-304,D31,2025-06-01,DEPT,,1430460.0,,
IND-304,D31,2025-07-01,DEPT,,1420693.0,,52.83
IND-304,D32,2021-12-01,DEPT,211528.0,211528.0,,
IND-304,D32,2022-01-01,DEPT,,207956.0,,
IND-304,D32,2022-02-01,DEPT,,207139.0,,
IND-304,D32,2022-03-01,DEPT,,205927.0,,
IND-304,D32,2022-04-01,DEPT,,206055.0,,
IND-304,D32,2022-05-01,DEPT,,206630.0,,
IND-304,D32,2022-06-01,DEPT,,208030.0,,
IND-304,D32,2022-07-01,DEPT,,208851.0,,
IND-304,D32,2022-08-01,DEPT,,210132.0,,
IND-304,D32,2022-09-01,DEPT,,212235.0,,
IND-304,D32,2022-10-01,DEPT,,214316.0,,
IND-304,D32,2022-11-01,DEPT,,217525.0,,
IND-304,D32,2022-12-01,DEPT,,220812.0,,
IND-304,D32,2023-01-01,DEPT,,225385.0,,
IND-304,D32,2023-02-01,DEPT,,228511.0,,
IND-304,D32,2023-03-01,DEPT,,230374.0,,
IND-304,D32,2023-04-01,DEPT,,231024.0,,
IND-304,D32,2023-05-01,DEPT,,232717.0,,
IND-304,D32,2023-06-01,DEPT,,233211.0,,
IND-304,D32,2023-07-01,DEPT,,233431.0,,
IND-304,D32,2023-08-01,DEPT,,231052.0,,
IND-304,D32,2023-09-01,DEPT,,230434.0,,
IND-304,D32,2023-10-01,DEPT,,231304.0,,
IND-304,D32,2023-11-01,DEPT,,232795.0,,
IND-304,D32,2023-12-01,DEPT,,232440.0,,
IND-304,D32,2024-01-01,DEPT,,230173.0,,
IND-304,D32,2024-02-01,DEPT,,229319.0,,
IND-304,D32,2024-03-01,DEPT,,229604.0,,
IND-304,D32,2024-04-01,DEPT,,227638.0,,
IND-304,D32,2024-05-01,DEPT,,229131.0,,
IND-304,D32,2024-06-01,DEPT,,229776.0,,
IND-304,D32,2024-07-01,DEPT,,234064.0,,
IND-304,D32,2024-08-01,DEPT,,239542.0,,
IND-304,D32,2024-09-01,DEPT,,241248.0,,
IND-304,D32,2024-10-01,DEPT,,238672.0,,
IND-304,D32,2024-11-01,DEPT,,236625.0,,
IND-304,D32,2024-12-01,DEPT,,234357.0,,
IND-304,D32,2025-01-01,DEPT,,233541.0,,
IND-304,D32,2025-02-01,DEPT,,231352.0,,
IND-304,D32,2025-03-01,DEPT,,229713.0,,
IND-304,D32,2025-04-01,DEPT,,231349.0,,
IND-304,D32,2025-05-01,DEPT,,228823.0,,
IND-304,D32,2025-06-01,DEPT,,229742.0,,
IND-304,D32,2025-07-01,DEPT,,227781.0,,15.37
IND-304,D33,2021-12-01,DEPT,1293854.0,1293854.0,,
IND-304,D33,2022-01-01,DEPT,,1286847.0,,
IND-304,D33,2022-02-01,DEPT,,1286107.0,,
IND-304,D33,2022-03-01,DEPT,,1266673.0,,
IND-304,D33,2022-04-01,DEPT,,1262410.0,,
IND-304,D33,2022-05-01,DEPT,,1272488.0,,
IND-304,D33,2022-06-01,DEPT,,1275964.0,,
IND-304,D33,2022-07-01,DEPT,,1280574.0,,
IND-304,D33,2022-08-01,DEPT,,1288121.0,,
IND-304,D33,2022-09-01,DEPT,,1294908.0,,
IND-304,D33,2022-10-01,DEPT,,1309038.0,,
IND-304,D33,2022-11-01,DEPT,,1319872.0,,
IND-304,D33,2022-12-01,DEPT,,1329138.0,,
IND-304,D33,2023-01-01,DEPT,,1352363.0,,
IND-304,D33,2023-02-01,DEPT,,1362768.0,,
IND-304,D33,2023-03-01,DEPT,,1393306.0,,
IND-304,D33,2023-04-01,DEPT,,1405296.0,,
IND-304,D33,2023-05-01,DEPT,,1412502.0,,
IND-304,D33,2023-06-01,DEPT,,1423849.0,,
IND-304,D33,2023-07-01,DEPT,,1438266.0,,
IND-304,D33,2023-08-01,DEPT,,1448707.0,,
IND-304,D33,2023-09-01,DEPT,,1475338.0,,
IND-304,D33,2023-10-01,DEPT,,1484467.0,,
IND-304,D33,2023-11-01,DEPT,,1489756.0,,
IND-304,D33,2023-12-01,DEPT,,1491676.0,,
IND-304,D33,2024-01-01,DEPT,,1490672.0,,
IND-304,D33,2024-02-01,DEPT,,1498380.0,,
IND-304,D33,2024-03-01,DEPT,,1499617.0,,
IND-304,D33,2024-04-01,DEPT,,1502946.0,,
IND-304,D33,2024-05-01,DEPT,,1506550.0,,
IND-304,D33,2024-06-01,DEPT,,1505144.0,,
IND-304,D33,2024-07-01,DEPT,,1531126.0,,
IND-304,D33,2024-08-01,DEPT,,1552710.0,,
IND-304,D33,2024-09-01,DEPT,,1533784.0,,
IND-304,D33,2024-10-01,DEPT,,1532788.0,,
IND-304,D33,2024-11-01,DEPT,,1533147.0,,
IND-304,D33,2024-12-01,DEPT,,1537354.0,,
IND-304,D33,2025-01-01,DEPT,,1534130.0,,
IND-304,D33,2025-02-01,DEPT,,1532521.0,,
IND-304,D33,2025-03-01,DEPT,,1528454.0,,
IND-304,D33,2025-04-01,DEPT,,1535562.0,,
IND-304,D33,2025-05-01,DEPT,,1532075.0,,
IND-304,D33,2025-06-01,DEPT,,1535924.0,,
IND-304,D33,2025-07-01,DEPT,,1522788.0,,35.39
IND-304,D34,2021-12-01,DEPT,1150110.0,1150110.0,,
IND-304,D34,2022-01-01,DEPT,,1145879.0,,
IND-304,D34,2022-02-01,DEPT,,1153527.0,,
IND-304,D34,2022-03-01,DEPT,,1154416.0,,
IND-304,D34,2022-04-01,DEPT,,1163158.0,,
IND-304,D34,2022-05-01,DEPT,,1168810.0,,
IND-304,D34,2022-06-01,DEPT,,1173004.0,,
IND-304,D34,2022-07-01,DEPT,,1176014.0,,
IND-304,D34,2022-08-01,DEPT,,1185518.0,,
IND-304,D34,2022-09-01,DEPT,,1193121.0,,
IND-304,D34,2022-10-01,DEPT,,1208539.0,,
IND-304,D34,2022-11-01,DEPT,,1223138.0,,
IND-304,D34,2022-12-01,DEPT,,1230906.0,,
IND-304,D34,2023-01-01,DEPT,,1251082.0,,
IND-304,D34,2023-02-01,DEPT,,1253842.0,,
IND-304,D34,2023-03-01,DEPT,,1252777.0,,
IND-304,D34,2023-04-01,DEPT,,1258875.0,,
IND-304,D34,2023-05-01,DEPT,,1263440.0,,
IND-304,D34,2023-06-01,DEPT,,1269898.0,,
IND-304,D34,2023-07-01,DEPT,,1272653.0,,
IND-304,D34,2023-08-01,DEPT,,1267562.0,,
IND-304,D34,2023-09-01,DEPT,,1271605.0,,
IND-304,D34,2023-10-01,DEPT,,1273660.0,,
IND-304,D34,2023-11-01,DEPT,,1278872.0,,
IND-304,D34,2023-12-01,DEPT,,1287202.0,,
IND-304,D34,2024-01-01,DEPT,,1280644.0,,
IND-304,D34,2024-02-01,DEPT,,1285179.0,,
IND-304,D34,2024-03-01,DEPT,,1291548.0,,
IND-304,D34,2024-04-01,DEPT,,1288307.0,,
IND-304,D34,2024-05-01,DEPT,,1290630.0,,
IND-304,D34,2024-06-01,DEPT,,1289946.0,,
IND-304,D34,2024-07-01,DEPT,,1325785.0,,
IND-304,D34,2024-08-01,DEPT,,1361568.0,,
IND-304,D34,2024-09-01,DEPT,,1359874.0,,
IND-304,D34,2024-10-01,DEPT,,1356622.0,,
IND-304,D34,2024-11-01,DEPT,,1351289.0,,
IND-304,D34,2024-12-01,DEPT,,1348134.0,,
IND-304,D34,2025-01-01,DEPT,,1349930.0,,
IND-304,D34,2025-02-01,DEPT,,1346008.0,,
IND-304,D34,2025-03-01,DEPT,,1345161.0,,
IND-304,D34,2025-04-01,DEPT,,1348646.0,,
IND-304,D34,2025-05-01,DEPT,,1353532.0,,
IND-304,D34,2025-06-01,DEPT,,1355828.0,,
IND-304,D34,2025-07-01,DEPT,,1343056.0,,33.55
IND-304,D35,2021-12-01,DEPT,830387.0,830387.0,,
IND-304,D35,2022-01-01,DEPT,,831827.0,,
IND-304,D35,2022-02-01,DEPT,,839746.0,,
IND-304,D35,2022-03-01,DEPT,,843796.0,,
IND-304,D35,2022-04-01,DEPT,,844698.0,,
IND-304,D35,2022-05-01,DEPT,,853478.0,,
IND-304,D35,2022-06-01,DEPT,,851132.0,,
IND-304,D35,2022-07-01,DEPT,,853096.0,,
IND-304,D35,2022-08-01,DEPT,,859678.0,,
IND-304,D35,2022-09-01,DEPT,,863940.0,,
IND-304,D35,2022-10-01,DEPT,,873048.0,,
IND-304,D35,2022-11-01,DEPT,,875952.0,,
IND-304,D35,2022-12-01,DEPT,,878393.0,,
IND-304,D35,2023-01-01,DEPT,,883726.0,,
IND-304,D35,2023-02-01,DEPT,,882773.0,,
IND-304,D35,2023-03-01,DEPT,,873305.0,,
IND-304,D35,2023-04-01,DEPT,,870072.0,,
IND-304,D35,2023-05-01,DEPT,,860839.0,,
IND-304,D35,2023-06-01,DEPT,,858047.0,,
IND-304,D35,2023-07-01,DEPT,,858563.0,,
IND-304,D35,2023-08-01,DEPT,,854138.0,,
IND-304,D35,2023-09-01,DEPT,,850887.0,,
IND-304,D35,2023-10-01,DEPT,,845424.0,,
IND-304,D35,2023-11-01,DEPT,,849132.0,,
IND-304,D35,2023-12-01,DEPT,,850598.0,,
IND-304,D35,2024-01-01,DEPT,,848976.0,,
IND-304,D35,2024-02-01,DEPT,,853670.0,,
IND-304,D35,2024-03-01,DEPT,,859608.0,,
IND-304,D35,2024-04-01,DEPT,,866582.0,,
IND-304,D35,2024-05-01,DEPT,,864023.0,,
IND-304,D35,2024-06-01,DEPT,,871575.0,,
IND-304,D35,2024-07-01,DEPT,,886786.0,,
IND-304,D35,2024-08-01,DEPT,,902363.0,,
IND-304,D35,2024-09-01,DEPT,,899090.0,,
IND-304,D35,2024-10-01,DEPT,,892780.0,,
IND-304,D35,2024-11-01,DEPT,,887328.0,,
IND-304,D35,2024-12-01,DEPT,,885600.0,,
IND-304,D35,2025-01-01,DEPT,,885946.0,,
IND-304,D35,2025-02-01,DEPT,,878728.0,,
IND-304,D35,2025-03-01,DEPT,,876760.0,,
IND-304,D35,2025-04-01,DEPT,,875523.0,,
IND-304,D35,2025-05-01,DEPT,,883470.0,,
IND-304,D35,2025-06-01,DEPT,,880657.0,,
IND-304,D35,2025-07-01,DEPT,,876723.0,,11.16
IND-304,D36,2021-12-01,DEPT,262384.0,262384.0,,
IND-304,D36,2022-01-01,DEPT,,262340.0,,
IND-304,D36,2022-02-01,DEPT,,263406.0,,
IND-304,D36,2022-03-01,DEPT,,265141.0,,
IND-304,D36,2022-04-01,DEPT,,263339.0,,
IND-304,D36,2022-05-01,DEPT,,265177.0,,
IND-304,D36,2022-06-01,DEPT,,266290.0,,
IND-304,D36,2022-07-01,DEPT,,266498.0,,
IND-304,D36,2022-08-01,DEPT,,268698.0,,
IND-304,D36,2022-09-01,DEPT,,272252.0,,
IND-304,D36,2022-10-01,DEPT,,274511.0,,
IND-304,D36,2022-11-01,DEPT,,279537.0,,
IND-304,D36,2022-12-01,DEPT,,282242.0,,
IND-304,D36,2023-01-01,DEPT,,284139.0,,
IND-304,D36,2023-02-01,DEPT,,285534.0,,
IND-304,D36,2023-03-01,DEPT,,287988.0,,
IND-304,D36,2023-04-01,DEPT,,288583.0,,
IND-304,D36,2023-05-01,DEPT,,292413.0,,
IND-304,D36,2023-06-01,DEPT,,294365.0,,
IND-304,D36,2023-07-01,DEPT,,294818.0,,
IND-304,D36,2023-08-01,DEPT,,294826.0,,
IND-304,D36,2023-09-01,DEPT,,297074.0,,
IND-304,D36,2023-10-01,DEPT,,299696.0,,
IND-304,D36,2023-11-01,DEPT,,298068.0,,
IND-304,D36,2023-12-01,DEPT,,298317.0,,
IND-304,D36,2024-01-01,DEPT,,298915.0,,
IND-304,D36,2024-02-01,DEPT,,298739.0,,
IND-304,D36,2024-03-01,DEPT,,295006.0,,
IND-304,D36,2024-04-01,DEPT,,296389.0,,
IND-304,D36,2024-05-01,DEPT,,294208.0,,
IND-304,D36,2024-06-01,DEPT,,295474.0,,
IND-304,D36,2024-07-01,DEPT,,314764.0,,
IND-304,D36,2024-08-01,DEPT,,337608.0,,
IND-304,D36,2024-09-01,DEPT,,342921.0,,
IND-304,D36,2024-10-01,DEPT,,339796.0,,
IND-304,D36,2024-11-01,DEPT,,339020.0,,
IND-304,D36,2024-12-01,DEPT,,339206.0,,
IND-304,D36,2025-01-01,DEPT,,340332.0,,
IND-304,D36,2025-02-01,DEPT,,341242.0,,
IND-304,D36,2025-03-01,DEPT,,345143.0,,
IND-304,D36,2025-04-01,DEPT,,345007.0,,
IND-304,D36,2025-05-01,DEPT,,343900.0,,
IND-304,D36,2025-06-01,DEPT,,342749.0,,
IND-304,D36,2025-07-01,DEPT,,326504.0,,48.87
IND-304,D37,2021-12-01,DEPT,496586.0,496586.0,,
IND-304,D37,2022-01-01,DEPT,,498255.0,,
IND-304,D37,2022-02-01,DEPT,,501726.0,,
IND-304,D37,2022-03-01,DEPT,,509008.0,,
IND-304,D37,2022-04-01,DEPT,,511579.0,,
IND-304,D37,2022-05-01,DEPT,,516778.0,,
IND-304,D37,2022-06-01,DEPT,,516851.0,,
IND-304,D37,2022-07-01,DEPT,,520464.0,,
IND-304,D37,2022-08-01,DEPT,,528472.0,,
IND-304,D37,2022-09-01,DEPT,,533501.0,,
IND-304,D37,2022-10-01,DEPT,,538096.0,,
IND-304,D37,2022-11-01,DEPT,,543316.0,,
IND-304,D37,2022-12-01,DEPT,,546649.0,,
IND-304,D37,2023-01-01,DEPT,,553966.0,,
IND-304,D37,2023-02-01,DEPT,,556189.0,,
IND-304,D37,2023-03-01,DEPT,,557942.0,,
IND-304,D37,2023-04-01,DEPT,,557919.0,,
IND-304,D37,2023-05-01,DEPT,,556908.0,,
IND-304,D37,2023-06-01,DEPT,,556472.0,,
IND-304,D37,2023-07-01,DEPT,,555009.0,,
IND-304,D37,2023-08-01,DEPT,,553051.0,,
IND-304,D37,2023-09-01,DEPT,,557169.0,,
IND-304,D37,2023-10-01,DEPT,,560006.0,,
IND-304,D37,2023-11-01,DEPT,,563993.0,,
IND-304,D37,2023-12-01,DEPT,,567979.0,,
IND-304,D37,2024-01-01,DEPT,,567201.0,,
IND-304,D37,2024-02-01,DEPT,,572247.0,,
IND-304,D37,2024-03-01,DEPT,,574244.0,,
IND-304,D37,2024-04-01,DEPT,,578965.0,,
IND-304,D37,2024-05-01,DEPT,,578157.0,,
IND-304,D37,2024-06-01,DEPT,,582439.0,,
IND-304,D37,2024-07-01,DEPT,,593544.0,,
IND-304,D37,2024-08-01,DEPT,,604245.0,,
IND-304,D37,2024-09-01,DEPT,,601623.0,,
IND-304,D37,2024-10-01,DEPT,,600720.0,,
IND-304,D37,2024-11-01,DEPT,,596521.0,,
IND-304,D37,2024-12-01,DEPT,,592163.0,,
IND-304,D37,2025-01-01,DEPT,,590710.0,,
IND-304,D37,2025-02-01,DEPT,,585259.0,,
IND-304,D37,2025-03-01,DEPT,,581360.0,,
IND-304,D37,2025-04-01,DEPT,,578752.0,,
IND-304,D37,2025-05-01,DEPT,,580799.0,,
IND-304,D37,2025-06-01,DEPT,,578604.0,,
IND-304,D37,2025-07-01,DEPT,,574543.0,,31.4
IND-304,D38,2021-12-01,DEPT,1174900.0,1174900.0,,
IND-304,D38,2022-01-01,DEPT,,1172791.0,,
IND-304,D38,2022-02-01,DEPT,,1175314.0,,
IND-304,D38,2022-03-01,DEPT,,1174906.0,,
IND-304,D38,2022-04-01,DEPT,,1178612.0,,
IND-304,D38,2022-05-01,DEPT,,1193054.0,,
IND-304,D38,2022-06-01,DEPT,,1200167.0,,
IND-304,D38,2022-07-01,DEPT,,1205642.0,,
IND-304,D38,2022-08-01,DEPT,,1208148.0,,
IND-304,D38,2022-09-01,DEPT,,1217880.0,,
IND-304,D38,2022-10-01,DEPT,,1229387.0,,
IND-304,D38,2022-11-01,DEPT,,1237509.0,,
IND-304,D38,2022-12-01,DEPT,,1238888.0,,
IND-304,D38,2023-01-01,DEPT,,1245404.0,,
IND-304,D38,2023-02-01,DEPT,,1246524.0,,
IND-304,D38,2023-03-01,DEPT,,1240180.0,,
IND-304,D38,2023-04-01,DEPT,,1235539.0,,
IND-304,D38,2023-05-01,DEPT,,1226858.0,,
IND-304,D38,2023-06-01,DEPT,,1225872.0,,
IND-304,D38,2023-07-01,DEPT,,1217983.0,,
IND-304,D38,2023-08-01,DEPT,,1209830.0,,
IND-304,D38,2023-09-01,DEPT,,1214567.0,,
IND-304,D38,2023-10-01,DEPT,,1209580.0,,
IND-304,D38,2023-11-01,DEPT,,1211331.0,,
IND-304,D38,2023-12-01,DEPT,,1212318.0,,
IND-304,D38,2024-01-01,DEPT,,1214221.0,,
IND-304,D38,2024-02-01,DEPT,,1219133.0,,
IND-304,D38,2024-03-01,DEPT,,1220810.0,,
IND-304,D38,2024-04-01,DEPT,,1226277.0,,
IND-304,D38,2024-05-01,DEPT,,1224477.0,,
IND-304,D38,2024-06-01,DEPT,,1228954.0,,
IND-304,D38,2024-07-01,DEPT,,1257232.0,,
IND-304,D38,2024-08-01,DEPT,,1287603.0,,
IND-304,D38,2024-09-01,DEPT,,1287519.0,,
IND-304,D38,2024-10-01,DEPT,,1293811.0,,
IND-304,D38,2024-11-01,DEPT,,1300020.0,,
IND-304,D38,2024-12-01,DEPT,,1311668.0,,
IND-304,D38,2025-01-01,DEPT,,1320342.0,,
IND-304,D38,2025-02-01,DEPT,,1327277.0,,
IND-304,D38,2025-03-01,DEPT,,1332810.0,,
IND-304,D38,2025-04-01,DEPT,,1339716.0,,
IND-304,D38,2025-05-01,DEPT,,1345602.0,,
IND-304,D38,2025-06-01,DEPT,,1345578.0,,
IND-304,D38,2025-07-01,DEPT,,1330072.0,,26.41
IND-304,D39,2021-12-01,DEPT,355520.0,355520.0,,
IND-304,D39,2022-01-01,DEPT,,351996.0,,
IND-304,D39,2022-02-01,DEPT,,350810.0,,
IND-304,D39,2022-03-01,DEPT,,350590.0,,
IND-304,D39,2022-04-01,DEPT,,350795.0,,
IND-304,D39,2022-05-01,DEPT,,351648.0,,
IND-304,D39,2022-06-01,DEPT,,351900.0,,
IND-304,D39,2022-07-01,DEPT,,354223.0,,
IND-304,D39,2022-08-01,DEPT,,358180.0,,
IND-304,D39,2022-09-01,DEPT,,364267.0,,
IND-304,D39,2022-10-01,DEPT,,370406.0,,
IND-304,D39,2022-11-01,DEPT,,375758.0,,
IND-304,D39,2022-12-01,DEPT,,386229.0,,
IND-304,D39,2023-01-01,DEPT,,395910.0,,
IND-304,D39,2023-02-01,DEPT,,401179.0,,
IND-304,D39,2023-03-01,DEPT,,407872.0,,
IND-304,D39,2023-04-01,DEPT,,415993.0,,
IND-304,D39,2023-05-01,DEPT,,424925.0,,
IND-304,D39,2023-06-01,DEPT,,432654.0,,
IND-304,D39,2023-07-01,DEPT,,439910.0,,
IND-304,D39,2023-08-01,DEPT,,442324.0,,
IND-304,D39,2023-09-01,DEPT,,448979.0,,
IND-304,D39,2023-10-01,DEPT,,451458.0,,
IND-304,D39,2023-11-01,DEPT,,452611.0,,
IND-304,D39,2023-12-01,DEPT,,447173.0,,
IND-304,D39,2024-01-01,DEPT,,441095.0,,
IND-304,D39,2024-02-01,DEPT,,437270.0,,
IND-304,D39,2024-03-01,DEPT,,431598.0,,
IND-304,D39,2024-04-01,DEPT,,426494.0,,
IND-304,D39,2024-05-01,DEPT,,418560.0,,
IND-304,D39,2024-06-01,DEPT,,412864.0,,
IND-304,D39,2024-07-01,DEPT,,407132.0,,
IND-304,D39,2024-08-01,DEPT,,405640.0,,
IND-304,D39,2024-09-01,DEPT,,398437.0,,
IND-304,D39,2024-10-01,DEPT,,392475.0,,
IND-304,D39,2024-11-01,DEPT,,389327.0,,
IND-304,D39,2024-12-01,DEPT,,387432.0,,
IND-304,D39,2025-01-01,DEPT,,386574.0,,
IND-304,D39,2025-02-01,DEPT,,387623.0,,
IND-304,D39,2025-03-01,DEPT,,386240.0,,
IND-304,D39,2025-04-01,DEPT,,387086.0,,
IND-304,D39,2025-05-01,DEPT,,388744.0,,
IND-304,D39,2025-06-01,DEPT,,389893.0,,
IND-304,D39,2025-07-01,DEPT,,392646.0,,20.89
IND-304,D40,2021-12-01,DEPT,443691.0,443691.0,,
IND-304,D40,2022-01-01,DEPT,,441233.0,,
IND-304,D40,2022-02-01,DEPT,,434953.0,,
IND-304,D40,2022-03-01,DEPT,,436636.0,,
IND-304,D40,2022-04-01,DEPT,,434952.0,,
IND-304,D40,2022-05-01,DEPT,,440422.0,,
IND-304,D40,2022-06-01,DEPT,,443916.0,,
IND-304,D40,2022-07-01,DEPT,,446735.0,,
IND-304,D40,2022-08-01,DEPT,,445228.0,,
IND-304,D40,2022-09-01,DEPT,,450639.0,,
IND-304,D40,2022-10-01,DEPT,,462073.0,,
IND-304,D40,2022-11-01,DEPT,,474884.0,,
IND-304,D40,2022-12-01,DEPT,,485362.0,,
IND-304,D40,2023-01-01,DEPT,,499527.0,,
IND-304,D40,2023-02-01,DEPT,,508476.0,,
IND-304,D40,2023-03-01,DEPT,,517272.0,,
IND-304,D40,2023-04-01,DEPT,,525536.0,,
IND-304,D40,2023-05-01,DEPT,,532374.0,,
IND-304,D40,2023-06-01,DEPT,,541814.0,,
IND-304,D40,2023-07-01,DEPT,,549647.0,,
IND-304,D40,2023-08-01,DEPT,,571803.0,,
IND-304,D40,2023-09-01,DEPT,,580419.0,,
IND-304,D40,2023-10-01,DEPT,,577588.0,,
IND-304,D40,2023-11-01,DEPT,,565796.0,,
IND-304,D40,2023-12-01,DEPT,,555258.0,,
IND-304,D40,2024-01-01,DEPT,,538490.0,,
IND-304,D40,2024-02-01,DEPT,,533595.0,,
IND-304,D40,2024-03-01,DEPT,,525863.0,,
IND-304,D40,2024-04-01,DEPT,,520146.0,,
IND-304,D40,2024-05-01,DEPT,,510622.0,,
IND-304,D40,2024-06-01,DEPT,,506572.0,,
IND-304,D40,2024-07-01,DEPT,,519095.0,,
IND-304,D40,2024-08-01,DEPT,,525955.0,,
IND-304,D40,2024-09-01,DEPT,,523080.0,,
IND-304,D40,2024-10-01,DEPT,,522011.0,,
IND-304,D40,2024-11-01,DEPT,,527459.0,,
IND-304,D40,2024-12-01,DEPT,,533263.0,,
IND-304,D40,2025-01-01,DEPT,,542616.0,,
IND-304,D40,2025-02-01,DEPT,,544211.0,,
IND-304,D40,2025-03-01,DEPT,,546985.0,,
IND-304,D40,2025-04-01,DEPT,,550671.0,,
IND-304,D40,2025-05-01,DEPT,,556316.0,,
IND-304,D40,2025-06-01,DEPT,,556663.0,,
IND-304,D40,2025-07-01,DEPT,,553865.0,,49.66
IND-304,D41,2021-12-01,DEPT,378334.0,378334.0,,
IND-304,D41,2022-01-01,DEPT,,376954.0,,
IND-304,D41,2022-02-01,DEPT,,377023.0,,
IND-304,D41,2022-03-01,DEPT,,377666.0,,
IND-304,D41,2022-04-01,DEPT,,376908.0,,
IND-304,D41,2022-05-01,DEPT,,378894.0,,
IND-304,D41,2022-06-01,DEPT,,378784.0,,
IND-304,D41,2022-07-01,DEPT,,376655.0,,
IND-304,D41,2022-08-01,DEPT,,378846.0,,
IND-304,D41,2022-09-01,DEPT,,380332.0,,
IND-304,D41,2022-10-01,DEPT,,381546.0,,
IND-304,D41,2022-11-01,DEPT,,384754.0,,
IND-304,D41,2022-12-01,DEPT,,387326.0,,
IND-304,D41,2023-01-01,DEPT,,388309.0,,
IND-304,D41,2023-02-01,DEPT,,387365.0,,
IND-304,D41,2023-03-01,DEPT,,387758.0,,
IND-304,D41,2023-04-01,DEPT,,388569.0,,
IND-304,D41,2023-05-01,DEPT,,384766.0,,
IND-304,D41,2023-06-01,DEPT,,384048.0,,
IND-304,D41,2023-07-01,DEPT,,382340.0,,
IND-304,D41,2023-08-01,DEPT,,377955.0,,
IND-304,D41,2023-09-01,DEPT,,376976.0,,
IND-304,D41,2023-10-01,DEPT,,375812.0,,
IND-304,D41,2023-11-01,DEPT,,373821.0,,
IND-304,D41,2023-12-01,DEPT,,373873.0,,
IND-304,D41,2024-01-01,DEPT,,373839.0,,
IND-304,D41,2024-02-01,DEPT,,377825.0,,
IND-304,D41,2024-03-01,DEPT,,376366.0,,
IND-304,D41,2024-04-01,DEPT,,376090.0,,
IND-304,D41,2024-05-01,DEPT,,375482.0,,
IND-304,D41,2024-06-01,DEPT,,374483.0,,
IND-304,D41,2024-07-01,DEPT,,383028.0,,
IND-304,D41,2024-08-01,DEPT,,390238.0,,
IND-304,D41,2024-09-01,DEPT,,390506.0,,
IND-304,D41,2024-10-01,DEPT,,391612.0,,
IND-304,D41,2024-11-01,DEPT,,393346.0,,
IND-304,D41,2024-12-01,DEPT,,393825.0,,
IND-304,D41,2025-01-01,DEPT,,391778.0,,
IND-304,D41,2025-02-01,DEPT,,386028.0,,
IND-304,D41,2025-03-01,DEPT,,385662.0,,
IND-304,D41,2025-04-01,DEPT,,383581.0,,
IND-304,D41,2025-05-01,DEPT,,382814.0,,
IND-304,D41,2025-06-01,DEPT,,382426.0,,
IND-304,D41,2025-07-01,DEPT,,377873.0,,0.0
IND-304,D42,2021-12-01,DEPT,599056.0,599056.0,,
IND-304,D42,2022-01-01,DEPT,,595471.0,,
IND-304,D42,2022-02-01,DEPT,,594136.0,,
IND-304,D42,2022-03-01,DEPT,,590246.0,,
IND-304,D42,2022-04-01,DEPT,,587526.0,,
IND-304,D42,2022-05-01,DEPT,,591178.0,,
IND-304,D42,2022-06-01,DEPT,,595784.0,,
IND-304,D42,2022-07-01,DEPT,,597772.0,,
IND-304,D42,2022-08-01,DEPT,,603652.0,,
IND-304,D42,2022-09-01,DEPT,,611840.0,,
IND-304,D42,2022-10-01,DEPT,,619208.0,,
IND-304,D42,2022-11-01,DEPT,,625564.0,,
IND-304,D42,2022-12-01,DEPT,,632488.0,,
IND-304,D42,2023-01-01,DEPT,,640946.0,,
IND-304,D42,2023-02-01,DEPT,,645428.0,,
IND-304,D42,2023-03-01,DEPT,,648524.0,,
IND-304,D42,2023-04-01,DEPT,,652692.0,,
IND-304,D42,2023-05-01,DEPT,,653690.0,,
IND-304,D42,2023-06-01,DEPT,,655030.0,,
IND-304,D42,2023-07-01,DEPT,,655317.0,,
IND-304,D42,2023-08-01,DEPT,,649635.0,,
IND-304,D42,2023-09-01,DEPT,,654784.0,,
IND-304,D42,2023-10-01,DEPT,,655020.0,,
IND-304,D42,2023-11-01,DEPT,,658260.0,,
IND-304,D42,2023-12-01,DEPT,,661310.0,,
IND-304,D42,2024-01-01,DEPT,,659320.0,,
IND-304,D42,2024-02-01,DEPT,,662471.0,,
IND-304,D42,2024-03-01,DEPT,,664218.0,,
IND-304,D42,2024-04-01,DEPT,,663532.0,,
IND-304,D42,2024-05-01,DEPT,,662545.0,,
IND-304,D42,2024-06-01,DEPT,,665398.0,,
IND-304,D42,2024-07-01,DEPT,,686262.0,,
IND-304,D42,2024-08-01,DEPT,,710010.0,,
IND-304,D42,2024-09-01,DEPT,,706230.0,,
IND-304,D42,2024-10-01,DEPT,,707716.0,,
IND-304,D42,2024-11-01,DEPT,,708595.0,,
IND-304,D42,2024-12-01,DEPT,,710376.0,,
IND-304,D42,2025-01-01,DEPT,,715432.0,,
IND-304,D42,2025-02-01,DEPT,,714752.0,,
IND-304,D42,2025-03-01,DEPT,,713094.0,,
IND-304,D42,2025-04-01,DEPT,,715982.0,,
IND-304,D42,2025-05-01,DEPT,,718838.0,,
IND-304,D42,2025-06-01,DEPT,,714204.0,,
IND-304,D42,2025-07-01,DEPT,,698757.0,,33.29
IND-304,D43,2021-12-01,DEPT,268100.0,268100.0,,
IND-304,D43,2022-01-01,DEPT,,264724.0,,
IND-304,D43,2022-02-01,DEPT,,263633.0,,
IND-304,D43,2022-03-01,DEPT,,261848.0,,
IND-304,D43,2022-04-01,DEPT,,260779.0,,
IND-304,D43,2022-05-01,DEPT,,259865.0,,
IND-304,D43,2022-06-01,DEPT,,259692.0,,
IND-304,D43,2022-07-01,DEPT,,259575.0,,
IND-304,D43,2022-08-01,DEPT,,259890.0,,
IND-304,D43,2022-09-01,DEPT,,260936.0,,
IND-304,D43,2022-10-01,DEPT,,261310.0,,
IND-304,D43,2022-11-01,DEPT,,262396.0,,
IND-304,D43,2022-12-01,DEPT,,262778.0,,
IND-304,D43,2023-01-01,DEPT,,264425.0,,
IND-304,D43,2023-02-01,DEPT,,265187.0,,
IND-304,D43,2023-03-01,DEPT,,265558.0,,
IND-304,D43,2023-04-01,DEPT,,265739.0,,
IND-304,D43,2023-05-01,DEPT,,265153.0,,
IND-304,D43,2023-06-01,DEPT,,264544.0,,
IND-304,D43,2023-07-01,DEPT,,262990.0,,
IND-304,D43,2023-08-01,DEPT,,262646.0,,
IND-304,D43,2023-09-01,DEPT,,263078.0,,
IND-304,D43,2023-10-01,DEPT,,265195.0,,
IND-304,D43,2023-11-01,DEPT,,268202.0,,
IND-304,D43,2023-12-01,DEPT,,272587.0,,
IND-304,D43,2024-01-01,DEPT,,274189.0,,
IND-304,D43,2024-02-01,DEPT,,275708.0,,
IND-304,D43,2024-03-01,DEPT,,276570.0,,
IND-304,D43,2024-04-01,DEPT,,277710.0,,
IND-304,D43,2024-05-01,DEPT,,281240.0,,
IND-304,D43,2024-06-01,DEPT,,285926.0,,
IND-304,D43,2024-07-01,DEPT,,293387.0,,
IND-304,D43,2024-08-01,DEPT,,300768.0,,
IND-304,D43,2024-09-01,DEPT,,304077.0,,
IND-304,D43,2024-10-01,DEPT,,305413.0,,
IND-304,D43,2024-11-01,DEPT,,307127.0,,
IND-304,D43,2024-12-01,DEPT,,307080.0,,
IND-304,D43,2025-01-01,DEPT,,308340.0,,
IND-304,D43,2025-02-01,DEPT,,309951.0,,
IND-304,D43,2025-03-01,DEPT,,312615.0,,
IND-304,D43,2025-04-01,DEPT,,317746.0,,
IND-304,D43,2025-05-01,DEPT,,317530.0,,
IND-304,D43,2025-06-01,DEPT,,317558.0,,
IND-304,D43,2025-07-01,DEPT,,315715.0,,35.52
IND-304,D44,2021-12-01,DEPT,1254106.0,1254106.0,,
IND-304,D44,2022-01-01,DEPT,,1250227.0,,
IND-304,D44,2022-02-01,DEPT,,1242216.0,,
IND-304,D44,2022-03-01,DEPT,,1240142.0,,
IND-304,D44,2022-04-01,DEPT,,1220630.0,,
IND-304,D44,2022-05-01,DEPT,,1219745.0,,
IND-304,D44,2022-06-01,DEPT,,1214099.0,,
IND-304,D44,2022-07-01,DEPT,,1211703.0,,
IND-304,D44,2022-08-01,DEPT,,1220883.0,,
IND-304,D44,2022-09-01,DEPT,,1245849.0,,
IND-304,D44,2022-10-01,DEPT,,1269387.0,,
IND-304,D44,2022-11-01,DEPT,,1286430.0,,
IND-304,D44,2022-12-01,DEPT,,1303014.0,,
IND-304,D44,2023-01-01,DEPT,,1324169.0,,
IND-304,D44,2023-02-01,DEPT,,1337545.0,,
IND-304,D44,2023-03-01,DEPT,,1346786.0,,
IND-304,D44,2023-04-01,DEPT,,1356856.0,,
IND-304,D44,2023-05-01,DEPT,,1365983.0,,
IND-304,D44,2023-06-01,DEPT,,1383378.0,,
IND-304,D44,2023-07-01,DEPT,,1394013.0,,
IND-304,D44,2023-08-01,DEPT,,1394068.0,,
IND-304,D44,2023-09-01,DEPT,,1391428.0,,
IND-304,D44,2023-10-01,DEPT,,1385033.0,,
IND-304,D44,2023-11-01,DEPT,,1384318.0,,
IND-304,D44,2023-12-01,DEPT,,1386530.0,,
IND-304,D44,2024-01-01,DEPT,,1383544.0,,
IND-304,D44,2024-02-01,DEPT,,1391250.0,,
IND-304,D44,2024-03-01,DEPT,,1389257.0,,
IND-304,D44,2024-04-01,DEPT,,1404742.0,,
IND-304,D44,2024-05-01,DEPT,,1405972.0,,
IND-304,D44,2024-06-01,DEPT,,1409107.0,,
IND-304,D44,2024-07-01,DEPT,,1449408.0,,
IND-304,D44,2024-08-01,DEPT,,1484874.0,,
IND-304,D44,2024-09-01,DEPT,,1490057.0,,
IND-304,D44,2024-10-01,DEPT,,1491487.0,,
IND-304,D44,2024-11-01,DEPT,,1497073.0,,
IND-304,D44,2024-12-01,DEPT,,1502368.0,,
IND-304,D44,2025-01-01,DEPT,,1509318.0,,
IND-304,D44,2025-02-01,DEPT,,1507744.0,,
IND-304,D44,2025-03-01,DEPT,,1520881.0,,
IND-304,D44,2025-04-01,DEPT,,1522126.0,,
IND-304,D44,2025-05-01,DEPT,,1526216.0,,
IND-304,D44,2025-06-01,DEPT,,1524038.0,,
IND-304,D44,2025-07-01,DEPT,,1508028.0,,40.49
IND-304,D45,2021-12-01,DEPT,589975.0,589975.0,,
IND-304,D45,2022-01-01,DEPT,,582835.0,,
IND-304,D45,2022-02-01,DEPT,,580191.0,,
IND-304,D45,2022-03-01,DEPT,,582922.0,,
IND-304,D45,2022-04-01,DEPT,,582555.0,,
IND-304,D45,2022-05-01,DEPT,,592915.0,,
IND-304,D45,2022-06-01,DEPT,,597134.0,,
IND-304,D45,2022-07-01,DEPT,,599889.0,,
IND-304,D45,2022-08-01,DEPT,,604302.0,,
IND-304,D45,2022-09-01,DEPT,,615391.0,,
IND-304,D45,2022-10-01,DEPT,,619003.0,,
IND-304,D45,2022-11-01,DEPT,,620438.0,,
IND-304,D45,2022-12-01,DEPT,,624502.0,,
IND-304,D45,2023-01-01,DEPT,,633588.0,,
IND-304,D45,2023-02-01,DEPT,,637883.0,,
IND-304,D45,2023-03-01,DEPT,,639693.0,,
IND-304,D45,2023-04-01,DEPT,,642498.0,,
IND-304,D45,2023-05-01,DEPT,,642653.0,,
IND-304,D45,2023-06-01,DEPT,,645385.0,,
IND-304,D45,2023-07-01,DEPT,,651178.0,,
IND-304,D45,2023-08-01,DEPT,,650051.0,,
IND-304,D45,2023-09-01,DEPT,,650959.0,,
IND-304,D45,2023-10-01,DEPT,,656760.0,,
IND-304,D45,2023-11-01,DEPT,,661343.0,,
IND-304,D45,2023-12-01,DEPT,,665765.0,,
IND-304,D45,2024-01-01,DEPT,,667609.0,,
IND-304,D45,2024-02-01,DEPT,,674954.0,,
IND-304,D45,2024-03-01,DEPT,,674605.0,,
IND-304,D45,2024-04-01,DEPT,,677880.0,,
IND-304,D45,2024-05-01,DEPT,,667117.0,,
IND-304,D45,2024-06-01,DEPT,,664289.0,,
IND-304,D45,2024-07-01,DEPT,,677192.0,,
IND-304,D45,2024-08-01,DEPT,,688767.0,,
IND-304,D45,2024-09-01,DEPT,,687117.0,,
IND-304,D45,2024-10-01,DEPT,,687551.0,,
IND-304,D45,2024-11-01,DEPT,,688152.0,,
IND-304,D45,2024-12-01,DEPT,,690876.0,,
IND-304,D45,2025-01-01,DEPT,,692454.0,,
IND-304,D45,2025-02-01,DEPT,,689993.0,,
IND-304,D45,2025-03-01,DEPT,,694954.0,,
IND-304,D45,2025-04-01,DEPT,,696784.0,,
IND-304,D45,2025-05-01,DEPT,,717868.0,,
IND-304,D45,2025-06-01,DEPT,,723868.0,,
IND-304,D45,2025-07-01,DEPT,,715849.0,,42.67
IND-304,D46,2021-12-01,DEPT,220594.0,220594.0,,
IND-304,D46,2022-01-01,DEPT,,216526.0,,
IND-304,D46,2022-02-01,DEPT,,214216.0,,
IND-304,D46,2022-03-01,DEPT,,210912.0,,
IND-304,D46,2022-04-01,DEPT,,209343.0,,
IND-304,D46,2022-05-01,DEPT,,209296.0,,
IND-304,D46,2022-06-01,DEPT,,209545.0,,
IND-304,D46,2022-07-01,DEPT,,211964.0,,
IND-304,D46,2022-08-01,DEPT,,212303.0,,
IND-304,D46,2022-09-01,DEPT,,213750.0,,
IND-304,D46,2022-10-01,DEPT,,218759.0,,
IND-304,D46,2022-11-01,DEPT,,226160.0,,
IND-304,D46,2022-12-01,DEPT,,232556.0,,
IND-304,D46,2023-01-01,DEPT,,238834.0,,
IND-304,D46,2023-02-01,DEPT,,243532.0,,
IND-304,D46,2023-03-01,DEPT,,248998.0,,
IND-304,D46,2023-04-01,DEPT,,252557.0,,
IND-304,D46,2023-05-01,DEPT,,255824.0,,
IND-304,D46,2023-06-01,DEPT,,259877.0,,
IND-304,D46,2023-07-01,DEPT,,261556.0,,
IND-304,D46,2023-08-01,DEPT,,264313.0,,
IND-304,D46,2023-09-01,DEPT,,266976.0,,
IND-304,D46,2023-10-01,DEPT,,267281.0,,
IND-304,D46,2023-11-01,DEPT,,264446.0,,
IND-304,D46,2023-12-01,DEPT,,263082.0,,
IND-304,D46,2024-01-01,DEPT,,261529.0,,
IND-304,D46,2024-02-01,DEPT,,258632.0,,
IND-304,D46,2024-03-01,DEPT,,254864.0,,
IND-304,D46,2024-04-01,DEPT,,251486.0,,
IND-304,D46,2024-05-01,DEPT,,248888.0,,
IND-304,D46,2024-06-01,DEPT,,247460.0,,
IND-304,D46,2024-07-01,DEPT,,250274.0,,
IND-304,D46,2024-08-01,DEPT,,256234.0,,
IND-304,D46,2024-09-01,DEPT,,257181.0,,
IND-304,D46,2024-10-01,DEPT,,255044.0,,
IND-304,D46,2024-11-01,DEPT,,254037.0,,
IND-304,D46,2024-12-01,DEPT,,254058.0,,
IND-304,D46,2025-01-01,DEPT,,250972.0,,
IND-304,D46,2025-02-01,DEPT,,250896.0,,
IND-304,D46,2025-03-01,DEPT,,252418.0,,
IND-304,D46,2025-04-01,DEPT,,255923.0,,
IND-304,D46,2025-05-01,DEPT,,260013.0,,
IND-304,D46,2025-06-01,DEPT,,261034.0,,
IND-304,D46,2025-07-01,DEPT,,258433.0,,34.31
IND-304,D47,2021-12-01,DEPT,386380.0,386380.0,,
IND-304,D47,2022-01-01,DEPT,,382102.0,,
IND-304,D47,2022-02-01,DEPT,,380641.0,,
IND-304,D47,2022-03-01,DEPT,,382447.0,,
IND-304,D47,2022-04-01,DEPT,,385780.0,,
IND-304,D47,2022-05-01,DEPT,,390627.0,,
IND-304,D47,2022-06-01,DEPT,,392695.0,,
IND-304,D47,2022-07-01,DEPT,,397555.0,,
IND-304,D47,2022-08-01,DEPT,,401882.0,,
IND-304,D47,2022-09-01,DEPT,,404700.0,,
IND-304,D47,2022-10-01,DEPT,,406003.0,,
IND-304,D47,2022-11-01,DEPT,,411384.0,,
IND-304,D47,2022-12-01,DEPT,,415030.0,,
IND-304,D47,2023-01-01,DEPT,,419314.0,,
IND-304,D47,2023-02-01,DEPT,,419556.0,,
IND-304,D47,2023-03-01,DEPT,,418417.0,,
IND-304,D47,2023-04-01,DEPT,,420518.0,,
IND-304,D47,2023-05-01,DEPT,,424152.0,,
IND-304,D47,2023-06-01,DEPT,,430075.0,,
IND-304,D47,2023-07-01,DEPT,,431270.0,,
IND-304,D47,2023-08-01,DEPT,,430979.0,,
IND-304,D47,2023-09-01,DEPT,,437482.0,,
IND-304,D47,2023-10-01,DEPT,,445861.0,,
IND-304,D47,2023-11-01,DEPT,,448974.0,,
IND-304,D47,2023-12-01,DEPT,,452632.0,,
IND-304,D47,2024-01-01,DEPT,,454876.0,,
IND-304,D47,2024-02-01,DEPT,,459986.0,,
IND-304,D47,2024-03-01,DEPT,,461276.0,,
IND-304,D47,2024-04-01,DEPT,,461991.0,,
IND-304,D47,2024-05-01,DEPT,,459530.0,,
IND-304,D47,2024-06-01,DEPT,,460398.0,,
IND-304,D47,2024-07-01,DEPT,,469667.0,,
IND-304,D47,2024-08-01,DEPT,,479828.0,,
IND-304,D47,2024-09-01,DEPT,,480136.0,,
IND-304,D47,2024-10-01,DEPT,,477962.0,,
IND-304,D47,2024-11-01,DEPT,,477898.0,,
IND-304,D47,2024-12-01,DEPT,,478328.0,,
IND-304,D47,2025-01-01,DEPT,,480804.0,,
IND-304,D47,2025-02-01,DEPT,,482609.0,,
IND-304,D47,2025-03-01,DEPT,,483260.0,,
IND-304,D47,2025-04-01,DEPT,,483461.0,,
IND-304,D47,2025-05-01,DEPT,,483815.0,,
IND-304,D47,2025-06-01,DEPT,,479606.0,,
IND-304,D47,2025-07-01,DEPT,,475983.0,,46.38
IND-304,D48,2021-12-01,DEPT,171572.0,171572.0,,
IND-304,D48,2022-01-01,DEPT,,170940.0,,
IND-304,D48,2022-02-01,DEPT,,170752.0,,
IND-304,D48,2022-03-01,DEPT,,169152.0,,
IND-304,D48,2022-04-01,DEPT,,169171.0,,
IND-304,D48,2022-05-01,DEPT,,170298.0,,
IND-304,D48,2022-06-01,DEPT,,170870.0,,
IND-304,D48,2022-07-01,DEPT,,168772.0,,
IND-304,D48,2022-08-01,DEPT,,168249.0,,
IND-304,D48,2022-09-01,DEPT,,169618.0,,
IND-304,D48,2022-10-01,DEPT,,172793.0,,
IND-304,D48,2022-11-01,DEPT,,175003.0,,
IND-304,D48,2022-12-01,DEPT,,178096.0,,
IND-304,D48,2023-01-01,DEPT,,181317.0,,
IND-304,D48,2023-02-01,DEPT,,182728.0,,
IND-304,D48,2023-03-01,DEPT,,184573.0,,
IND-304,D48,2023-04-01,DEPT,,186494.0,,
IND-304,D48,2023-05-01,DEPT,,187230.0,,
IND-304,D48,2023-06-01,DEPT,,190034.0,,
IND-304,D48,2023-07-01,DEPT,,192742.0,,
IND-304,D48,2023-08-01,DEPT,,194701.0,,
IND-304,D48,2023-09-01,DEPT,,196110.0,,
IND-304,D48,2023-10-01,DEPT,,196810.0,,
IND-304,D48,2023-11-01,DEPT,,197728.0,,
IND-304,D48,2023-12-01,DEPT,,198509.0,,
IND-304,D48,2024-01-01,DEPT,,197801.0,,
IND-304,D48,2024-02-01,DEPT,,199074.0,,
IND-304,D48,2024-03-01,DEPT,,199597.0,,
IND-304,D48,2024-04-01,DEPT,,198184.0,,
IND-304,D48,2024-05-01,DEPT,,197906.0,,
IND-304,D48,2024-06-01,DEPT,,196793.0,,
IND-304,D48,2024-07-01,DEPT,,199107.0,,
IND-304,D48,2024-08-01,DEPT,,201456.0,,
IND-304,D48,2024-09-01,DEPT,,201691.0,,
IND-304,D48,2024-10-01,DEPT,,199798.0,,
IND-304,D48,2024-11-01,DEPT,,198991.0,,
IND-304,D48,2024-12-01,DEPT,,199030.0,,
IND-304,D48,2025-01-01,DEPT,,198572.0,,
IND-304,D48,2025-02-01,DEPT,,198646.0,,
IND-304,D48,2025-03-01,DEPT,,199438.0,,
IND-304,D48,2025-04-01,DEPT,,201254.0,,
IND-304,D48,2025-05-01,DEPT,,203170.0,,
IND-304,D48,2025-06-01,DEPT,,203446.0,,
IND-304,D48,2025-07-01,DEPT,,205076.0,,39.06
IND-304,D49,2021-12-01,DEPT,641625.0,641625.0,,
IND-304,D49,2022-01-01,DEPT,,637933.0,,
IND-304,D49,2022-02-01,DEPT,,633788.0,,
IND-304,D49,2022-03-01,DEPT,,634192.0,,
IND-304,D49,2022-04-01,DEPT,,626635.0,,
IND-304,D49,2022-05-01,DEPT,,633377.0,,
IND-304,D49,2022-06-01,DEPT,,636228.0,,
IND-304,D49,2022-07-01,DEPT,,638897.0,,
IND-304,D49,2022-08-01,DEPT,,643976.0,,
IND-304,D49,2022-09-01,DEPT,,649962.0,,
IND-304,D49,2022-10-01,DEPT,,655686.0,,
IND-304,D49,2022-11-01,DEPT,,659912.0,,
IND-304,D49,2022-12-01,DEPT,,664316.0,,
IND-304,D49,2023-01-01,DEPT,,670820.0,,
IND-304,D49,2023-02-01,DEPT,,672157.0,,
IND-304,D49,2023-03-01,DEPT,,670102.0,,
IND-304,D49,2023-04-01,DEPT,,673458.0,,
IND-304,D49,2023-05-01,DEPT,,673437.0,,
IND-304,D49,2023-06-01,DEPT,,676553.0,,
IND-304,D49,2023-07-01,DEPT,,680313.0,,
IND-304,D49,2023-08-01,DEPT,,678111.0,,
IND-304,D49,2023-09-01,DEPT,,683043.0,,
IND-304,D49,2023-10-01,DEPT,,686491.0,,
IND-304,D49,2023-11-01,DEPT,,692137.0,,
IND-304,D49,2023-12-01,DEPT,,697106.0,,
IND-304,D49,2024-01-01,DEPT,,699922.0,,
IND-304,D49,2024-02-01,DEPT,,707572.0,,
IND-304,D49,2024-03-01,DEPT,,708476.0,,
IND-304,D49,2024-04-01,DEPT,,714295.0,,
IND-304,D49,2024-05-01,DEPT,,716423.0,,
IND-304,D49,2024-06-01,DEPT,,716815.0,,
IND-304,D49,2024-07-01,DEPT,,726071.0,,
IND-304,D49,2024-08-01,DEPT,,739616.0,,
IND-304,D49,2024-09-01,DEPT,,737996.0,,
IND-304,D49,2024-10-01,DEPT,,736448.0,,
IND-304,D49,2024-11-01,DEPT,,734301.0,,
IND-304,D49,2024-12-01,DEPT,,734532.0,,
IND-304,D49,2025-01-01,DEPT,,734249.0,,
IND-304,D49,2025-02-01,DEPT,,732248.0,,
IND-304,D49,2025-03-01,DEPT,,736279.0,,
IND-304,D49,2025-04-01,DEPT,,733270.0,,
IND-304,D49,2025-05-01,DEPT,,730674.0,,
IND-304,D49,2025-06-01,DEPT,,729145.0,,
IND-304,D49,2025-07-01,DEPT,,724060.0,,25.7
IND-304,D50,2021-12-01,DEPT,526132.0,526132.0,,
IND-304,D50,2022-01-01,DEPT,,529628.0,,
IND-304,D50,2022-02-01,DEPT,,529824.0,,
IND-304,D50,2022-03-01,DEPT,,537609.0,,
IND-304,D50,2022-04-01,DEPT,,537804.0,,
IND-304,D50,2022-05-01,DEPT,,535580.0,,
IND-304,D50,2022-06-01,DEPT,,541146.0,,
IND-304,D50,2022-07-01,DEPT,,540840.0,,
IND-304,D50,2022-08-01,DEPT,,542234.0,,
IND-304,D50,2022-09-01,DEPT,,549574.0,,
IND-304,D50,2022-10-01,DEPT,,554238.0,,
IND-304,D50,2022-11-01,DEPT,,555198.0,,
IND-304,D50,2022-12-01,DEPT,,555741.0,,
IND-304,D50,2023-01-01,DEPT,,558213.0,,
IND-304,D50,2023-02-01,DEPT,,560875.0,,
IND-304,D50,2023-03-01,DEPT,,558466.0,,
IND-304,D50,2023-04-01,DEPT,,559152.0,,
IND-304,D50,2023-05-01,DEPT,,561651.0,,
IND-304,D50,2023-06-01,DEPT,,566242.0,,
IND-304,D50,2023-07-01,DEPT,,571444.0,,
IND-304,D50,2023-08-01,DEPT,,575392.0,,
IND-304,D50,2023-09-01,DEPT,,578191.0,,
IND-304,D50,2023-10-01,DEPT,,585492.0,,
IND-304,D50,2023-11-01,DEPT,,592330.0,,
IND-304,D50,2023-12-01,DEPT,,595351.0,,
IND-304,D50,2024-01-01,DEPT,,596754.0,,
IND-304,D50,2024-02-01,DEPT,,599540.0,,
IND-304,D50,2024-03-01,DEPT,,598417.0,,
IND-304,D50,2024-04-01,DEPT,,602403.0,,
IND-304,D50,2024-05-01,DEPT,,608108.0,,
IND-304,D50,2024-06-01,DEPT,,624120.0,,
IND-304,D50,2024-07-01,DEPT,,634713.0,,
IND-304,D50,2024-08-01,DEPT,,645442.0,,
IND-304,D50,2024-09-01,DEPT,,651164.0,,
IND-304,D50,2024-10-01,DEPT,,645432.0,,
IND-304,D50,2024-11-01,DEPT,,644562.0,,
IND-304,D50,2024-12-01,DEPT,,645035.0,,
IND-304,D50,2025-01-01,DEPT,,651781.0,,
IND-304,D50,2025-02-01,DEPT,,651710.0,,
IND-304,D50,2025-03-01,DEPT,,658363.0,,
IND-304,D50,2025-04-01,DEPT,,662594.0,,
IND-304,D50,2025-05-01,DEPT,,659118.0,,
IND-304,D50,2025-06-01,DEPT,,650045.0,,
IND-304,D50,2025-07-01,DEPT,,654346.0,,48.74
IND-304,D51,2021-12-01,DEPT,650908.0,650908.0,,
IND-304,D51,2022-01-01,DEPT,,640756.0,,
IND-304,D51,2022-02-01,DEPT,,636662.0,,
IND-304,D51,2022-03-01,DEPT,,638238.0,,
IND-304,D51,2022-04-01,DEPT,,636033.0,,
IND-304,D51,2022-05-01,DEPT,,640704.0,,
IND-304,D51,2022-06-01,DEPT,,640851.0,,
IND-304,D51,2022-07-01,DEPT,,640263.0,,
IND-304,D51,2022-08-01,DEPT,,642932.0,,
IND-304,D51,2022-09-01,DEPT,,651327.0,,
IND-304,D51,2022-10-01,DEPT,,662928.0,,
IND-304,D51,2022-11-01,DEPT,,674790.0,,
IND-304,D51,2022-12-01,DEPT,,683740.0,,
IND-304,D51,2023-01-01,DEPT,,696563.0,,
IND-304,D51,2023-02-01,DEPT,,701990.0,,
IND-304,D51,2023-03-01,DEPT,,704786.0,,
IND-304,D51,2023-04-01,DEPT,,708930.0,,
IND-304,D51,2023-05-01,DEPT,,709359.0,,
IND-304,D51,2023-06-01,DEPT,,712561.0,,
IND-304,D51,2023-07-01,DEPT,,716093.0,,
IND-304,D51,2023-08-01,DEPT,,715385.0,,
IND-304,D51,2023-09-01,DEPT,,716605.0,,
IND-304,D51,2023-10-01,DEPT,,714660.0,,
IND-304,D51,2023-11-01,DEPT,,710777.0,,
IND-304,D51,2023-12-01,DEPT,,710776.0,,
IND-304,D51,2024-01-01,DEPT,,707778.0,,
IND-304,D51,2024-02-01,DEPT,,709692.0,,
IND-304,D51,2024-03-01,DEPT,,703603.0,,
IND-304,D51,2024-04-01,DEPT,,705859.0,,
IND-304,D51,2024-05-01,DEPT,,701530.0,,
IND-304,D51,2024-06-01,DEPT,,702249.0,,
IND-304,D51,2024-07-01,DEPT,,714106.0,,
IND-304,D51,2024-08-01,DEPT,,726415.0,,
IND-304,D51,2024-09-01,DEPT,,722932.0,,
IND-304,D51,2024-10-01,DEPT,,720080.0,,
IND-304,D51,2024-11-01,DEPT,,721323.0,,
IND-304,D51,2024-12-01,DEPT,,723086.0,,
IND-304,D51,2025-01-01,DEPT,,723300.0,,
IND-304,D51,2025-02-01,DEPT,,721950.0,,
IND-304,D51,2025-03-01,DEPT,,731504.0,,
IND-304,D51,2025-04-01,DEPT,,730465.0,,
IND-304,D51,2025-05-01,DEPT,,736434.0,,
IND-304,D51,2025-06-01,DEPT,,736024.0,,
IND-304,D51,2025-07-01,DEPT,,729929.0,,24.28
IND-304,D52,2021-12-01,DEPT,264935.0,264935.0,,
IND-304,D52,2022-01-01,DEPT,,262307.0,,
IND-304,D52,2022-02-01,DEPT,,258581.0,,
IND-304,D52,2022-03-01,DEPT,,256292.0,,
IND-304,D52,2022-04-01,DEPT,,253820.0,,
IND-304,D52,2022-05-01,DEPT,,253181.0,,
IND-304,D52,2022-06-01,DEPT,,255376.0,,
IND-304,D52,2022-07-01,DEPT,,254261.0,,
IND-304,D52,2022-08-01,DEPT,,254989.0,,
IND-304,D52,2022-09-01,DEPT,,257796.0,,
IND-304,D52,2022-10-01,DEPT,,260219.0,,
IND-304,D52,2022-11-01,DEPT,,262048.0,,
IND-304,D52,2022-12-01,DEPT,,262363.0,,
IND-304,D52,2023-01-01,DEPT,,264238.0,,
IND-304,D52,2023-02-01,DEPT,,265393.0,,
IND-304,D52,2023-03-01,DEPT,,267060.0,,
IND-304,D52,2023-04-01,DEPT,,267635.0,,
IND-304,D52,2023-05-01,DEPT,,268914.0,,
IND-304,D52,2023-06-01,DEPT,,267123.0,,
IND-304,D52,2023-07-01,DEPT,,267895.0,,
IND-304,D52,2023-08-01,DEPT,,267070.0,,
IND-304,D52,2023-09-01,DEPT,,267101.0,,
IND-304,D52,2023-10-01,DEPT,,267084.0,,
IND-304,D52,2023-11-01,DEPT,,267854.0,,
IND-304,D52,2023-12-01,DEPT,,270453.0,,
IND-304,D52,2024-01-01,DEPT,,274000.0,,
IND-304,D52,2024-02-01,DEPT,,278007.0,,
IND-304,D52,2024-03-01,DEPT,,279476.0,,
IND-304,D52,2024-04-01,DEPT,,282737.0,,
IND-304,D52,2024-05-01,DEPT,,284182.0,,
IND-304,D52,2024-06-01,DEPT,,287016.0,,
IND-304,D52,2024-07-01,DEPT,,294964.0,,
IND-304,D52,2024-08-01,DEPT,,306306.0,,
IND-304,D52,2024-09-01,DEPT,,309622.0,,
IND-304,D52,2024-10-01,DEPT,,313280.0,,
IND-304,D52,2024-11-01,DEPT,,316174.0,,
IND-304,D52,2024-12-01,DEPT,,316196.0,,
IND-304,D52,2025-01-01,DEPT,,317160.0,,
IND-304,D52,2025-02-01,DEPT,,317370.0,,
IND-304,D52,2025-03-01,DEPT,,321146.0,,
IND-304,D52,2025-04-01,DEPT,,323558.0,,
IND-304,D52,2025-05-01,DEPT,,328917.0,,
IND-304,D52,2025-06-01,DEPT,,332197.0,,
IND-304,D52,2025-07-01,DEPT,,333001.0,,51.38
IND-304,D53,2021-12-01,DEPT,310498.0,310498.0,,
IND-304,D53,2022-01-01,DEPT,,307657.0,,
IND-304,D53,2022-02-01,DEPT,,307650.0,,
IND-304,D53,2022-03-01,DEPT,,308855.0,,
IND-304,D53,2022-04-01,DEPT,,308600.0,,
IND-304,D53,2022-05-01,DEPT,,311075.0,,
IND-304,D53,2022-06-01,DEPT,,310806.0,,
IND-304,D53,2022-07-01,DEPT,,314634.0,,
IND-304,D53,2022-08-01,DEPT,,317651.0,,
IND-304,D53,2022-09-01,DEPT,,323988.0,,
IND-304,D53,2022-10-01,DEPT,,332109.0,,
IND-304,D53,2022-11-01,DEPT,,337167.0,,
IND-304,D53,2022-12-01,DEPT,,342203.0,,
IND-304,D53,2023-01-01,DEPT,,348716.0,,
IND-304,D53,2023-02-01,DEPT,,351338.0,,
IND-304,D53,2023-03-01,DEPT,,356550.0,,
IND-304,D53,2023-04-01,DEPT,,357109.0,,
IND-304,D53,2023-05-01,DEPT,,356358.0,,
IND-304,D53,2023-06-01,DEPT,,357189.0,,
IND-304,D53,2023-07-01,DEPT,,356777.0,,
IND-304,D53,2023-08-01,DEPT,,357078.0,,
IND-304,D53,2023-09-01,DEPT,,353571.0,,
IND-304,D53,2023-10-01,DEPT,,351252.0,,
IND-304,D53,2023-11-01,DEPT,,347295.0,,
IND-304,D53,2023-12-01,DEPT,,344294.0,,
IND-304,D53,2024-01-01,DEPT,,341385.0,,
IND-304,D53,2024-02-01,DEPT,,341897.0,,
IND-304,D53,2024-03-01,DEPT,,336690.0,,
IND-304,D53,2024-04-01,DEPT,,335839.0,,
IND-304,D53,2024-05-01,DEPT,,336358.0,,
IND-304,D53,2024-06-01,DEPT,,336496.0,,
IND-304,D53,2024-07-01,DEPT,,342559.0,,
IND-304,D53,2024-08-01,DEPT,,347702.0,,
IND-304,D53,2024-09-01,DEPT,,348749.0,,
IND-304,D53,2024-10-01,DEPT,,346842.0,,
IND-304,D53,2024-11-01,DEPT,,349094.0,,
IND-304,D53,2024-12-01,DEPT,,349490.0,,
IND-304,D53,2025-01-01,DEPT,,350320.0,,
IND-304,D53,2025-02-01,DEPT,,347510.0,,
IND-304,D53,2025-03-01,DEPT,,348624.0,,
IND-304,D53,2025-04-01,DEPT,,349371.0,,
IND-304,D53,2025-05-01,DEPT,,347749.0,,
IND-304,D53,2025-06-01,DEPT,,346016.0,,
IND-304,D53,2025-07-01,DEPT,,342966.0,,20.91
IND-304,D54,2021-12-01,DEPT,645095.0,645095.0,,
IND-304,D54,2022-01-01,DEPT,,639337.0,,
IND-304,D54,2022-02-01,DEPT,,635736.0,,
IND-304,D54,2022-03-01,DEPT,,642974.0,,
IND-304,D54,2022-04-01,DEPT,,643777.0,,
IND-304,D54,2022-05-01,DEPT,,651948.0,,
IND-304,D54,2022-06-01,DEPT,,661468.0,,
IND-304,D54,2022-07-01,DEPT,,664464.0,,
IND-304,D54,2022-08-01,DEPT,,670770.0,,
IND-304,D54,2022-09-01,DEPT,,680950.0,,
IND-304,D54,2022-10-01,DEPT,,689626.0,,
IND-304,D54,2022-11-01,DEPT,,697794.0,,
IND-304,D54,2022-12-01,DEPT,,705809.0,,
IND-304,D54,2023-01-01,DEPT,,724367.0,,
IND-304,D54,2023-02-01,DEPT,,736660.0,,
IND-304,D54,2023-03-01,DEPT,,744234.0,,
IND-304,D54,2023-04-01,DEPT,,751772.0,,
IND-304,D54,2023-05-01,DEPT,,758579.0,,
IND-304,D54,2023-06-01,DEPT,,766084.0,,
IND-304,D54,2023-07-01,DEPT,,779681.0,,
IND-304,D54,2023-08-01,DEPT,,788535.0,,
IND-304,D54,2023-09-01,DEPT,,800404.0,,
IND-304,D54,2023-10-01,DEPT,,816611.0,,
IND-304,D54,2023-11-01,DEPT,,827772.0,,
IND-304,D54,2023-12-01,DEPT,,840385.0,,
IND-304,D54,2024-01-01,DEPT,,842676.0,,
IND-304,D54,2024-02-01,DEPT,,846698.0,,
IND-304,D54,2024-03-01,DEPT,,847612.0,,
IND-304,D54,2024-04-01,DEPT,,852053.0,,
IND-304,D54,2024-05-01,DEPT,,850083.0,,
IND-304,D54,2024-06-01,DEPT,,851340.0,,
IND-304,D54,2024-07-01,DEPT,,855512.0,,
IND-304,D54,2024-08-01,DEPT,,861462.0,,
IND-304,D54,2024-09-01,DEPT,,854074.0,,
IND-304,D54,2024-10-01,DEPT,,844236.0,,
IND-304,D54,2024-11-01,DEPT,,840158.0,,
IND-304,D54,2024-12-01,DEPT,,835692.0,,
IND-304,D54,2025-01-01,DEPT,,827512.0,,
IND-304,D54,2025-02-01,DEPT,,815320.0,,
IND-304,D54,2025-03-01,DEPT,,808820.0,,
IND-304,D54,2025-04-01,DEPT,,801162.0,,
IND-304,D54,2025-05-01,DEPT,,796836.0,,
IND-304,D54,2025-06-01,DEPT,,788102.0,,
IND-304,D54,2025-07-01,DEPT,,778882.0,,41.48
IND-304,D55,2021-12-01,DEPT,317495.0,317495.0,,
IND-304,D55,2022-01-01,DEPT,,313284.0,,
IND-304,D55,2022-02-01,DEPT,,310298.0,,
IND-304,D55,2022-03-01,DEPT,,311788.0,,
IND-304,D55,2022-04-01,DEPT,,308702.0,,
IND-304,D55,2022-05-01,DEPT,,311185.0,,
IND-304,D55,2022-06-01,DEPT,,313018.0,,
IND-304,D55,2022-07-01,DEPT,,316495.0,,
IND-304,D55,2022-08-01,DEPT,,320227.0,,
IND-304,D55,2022-09-01,DEPT,,322560.0,,
IND-304,D55,2022-10-01,DEPT,,323543.0,,
IND-304,D55,2022-11-01,DEPT,,326474.0,,
IND-304,D55,2022-12-01,DEPT,,328028.0,,
IND-304,D55,2023-01-01,DEPT,,331267.0,,
IND-304,D55,2023-02-01,DEPT,,331905.0,,
IND-304,D55,2023-03-01,DEPT,,330129.0,,
IND-304,D55,2023-04-01,DEPT,,332602.0,,
IND-304,D55,2023-05-01,DEPT,,331852.0,,
IND-304,D55,2023-06-01,DEPT,,333216.0,,
IND-304,D55,2023-07-01,DEPT,,333152.0,,
IND-304,D55,2023-08-01,DEPT,,332188.0,,
IND-304,D55,2023-09-01,DEPT,,335558.0,,
IND-304,D55,2023-10-01,DEPT,,339254.0,,
IND-304,D55,2023-11-01,DEPT,,341428.0,,
IND-304,D55,2023-12-01,DEPT,,342190.0,,
IND-304,D55,2024-01-01,DEPT,,343348.0,,
IND-304,D55,2024-02-01,DEPT,,346861.0,,
IND-304,D55,2024-03-01,DEPT,,348747.0,,
IND-304,D55,2024-04-01,DEPT,,350138.0,,
IND-304,D55,2024-05-01,DEPT,,350549.0,,
IND-304,D55,2024-06-01,DEPT,,353414.0,,
IND-304,D55,2024-07-01,DEPT,,356243.0,,
IND-304,D55,2024-08-01,DEPT,,360147.0,,
IND-304,D55,2024-09-01,DEPT,,358057.0,,
IND-304,D55,2024-10-01,DEPT,,354062.0,,
IND-304,D55,2024-11-01,DEPT,,350760.0,,
IND-304,D55,2024-12-01,DEPT,,347881.0,,
IND-304,D55,2025-01-01,DEPT,,344756.0,,
IND-304,D55,2025-02-01,DEPT,,340708.0,,
IND-304,D55,2025-03-01,DEPT,,337548.0,,
IND-304,D55,2025-04-01,DEPT,,334865.0,,
IND-304,D55,2025-05-01,DEPT,,331926.0,,
IND-304,D55,2025-06-01,DEPT,,327642.0,,
IND-304,D55,2025-07-01,DEPT,,325048.0,,4.76
IND-304,D56,2021-12-01,DEPT,559818.0,559818.0,,
IND-304,D56,2022-01-01,DEPT,,555546.0,,
IND-304,D56,2022-02-01,DEPT,,553560.0,,
IND-304,D56,2022-03-01,DEPT,,555702.0,,
IND-304,D56,2022-04-01,DEPT,,557428.0,,
IND-304,D56,2022-05-01,DEPT,,563733.0,,
IND-304,D56,2022-06-01,DEPT,,566762.0,,
IND-304,D56,2022-07-01,DEPT,,569920.0,,
IND-304,D56,2022-08-01,DEPT,,576922.0,,
IND-304,D56,2022-09-01,DEPT,,584199.0,,
IND-304,D56,2022-10-01,DEPT,,589386.0,,
IND-304,D56,2022-11-01,DEPT,,599528.0,,
IND-304,D56,2022-12-01,DEPT,,603332.0,,
IND-304,D56,2023-01-01,DEPT,,610106.0,,
IND-304,D56,2023-02-01,DEPT,,612316.0,,
IND-304,D56,2023-03-01,DEPT,,609648.0,,
IND-304,D56,2023-04-01,DEPT,,607883.0,,
IND-304,D56,2023-05-01,DEPT,,609190.0,,
IND-304,D56,2023-06-01,DEPT,,608330.0,,
IND-304,D56,2023-07-01,DEPT,,609235.0,,
IND-304,D56,2023-08-01,DEPT,,606726.0,,
IND-304,D56,2023-09-01,DEPT,,607382.0,,
IND-304,D56,2023-10-01,DEPT,,605058.0,,
IND-304,D56,2023-11-01,DEPT,,603007.0,,
IND-304,D56,2023-12-01,DEPT,,605284.0,,
IND-304,D56,2024-01-01,DEPT,,606528.0,,
IND-304,D56,2024-02-01,DEPT,,611445.0,,
IND-304,D56,2024-03-01,DEPT,,609396.0,,
IND-304,D56,2024-04-01,DEPT,,612071.0,,
IND-304,D56,2024-05-01,DEPT,,605506.0,,
IND-304,D56,2024-06-01,DEPT,,608841.0,,
IND-304,D56,2024-07-01,DEPT,,618933.0,,
IND-304,D56,2024-08-01,DEPT,,630268.0,,
IND-304,D56,2024-09-01,DEPT,,626208.0,,
IND-304,D56,2024-10-01,DEPT,,623500.0,,
IND-304,D56,2024-11-01,DEPT,,623007.0,,
IND-304,D56,2024-12-01,DEPT,,621446.0,,
IND-304,D56,2025-01-01,DEPT,,619066.0,,
IND-304,D56,2025-02-01,DEPT,,615994.0,,
IND-304,D56,2025-03-01,DEPT,,619286.0,,
IND-304,D56,2025-04-01,DEPT,,614615.0,,
IND-304,D56,2025-05-01,DEPT,,617847.0,,
IND-304,D56,2025-06-01,DEPT,,613384.0,,
IND-304,D56,2025-07-01,DEPT,,607027.0,,16.87
IND-304,D57,2021-12-01,DEPT,973104.0,973104.0,,
IND-304,D57,2022-01-01,DEPT,,970593.0,,
IND-304,D57,2022-02-01,DEPT,,969019.0,,
IND-304,D57,2022-03-01,DEPT,,972732.0,,
IND-304,D57,2022-04-01,DEPT,,972865.0,,
IND-304,D57,2022-05-01,DEPT,,977962.0,,
IND-304,D57,2022-06-01,DEPT,,979446.0,,
IND-304,D57,2022-07-01,DEPT,,985574.0,,
IND-304,D57,2022-08-01,DEPT,,991873.0,,
IND-304,D57,2022-09-01,DEPT,,1002283.0,,
IND-304,D57,2022-10-01,DEPT,,1007392.0,,
IND-304,D57,2022-11-01,DEPT,,1017455.0,,
IND-304,D57,2022-12-01,DEPT,,1022886.0,,
IND-304,D57,2023-01-01,DEPT,,1035149.0,,
IND-304,D57,2023-02-01,DEPT,,1041526.0,,
IND-304,D57,2023-03-01,DEPT,,1041062.0,,
IND-304,D57,2023-04-01,DEPT,,1041394.0,,
IND-304,D57,2023-05-01,DEPT,,1042935.0,,
IND-304,D57,2023-06-01,DEPT,,1047004.0,,
IND-304,D57,2023-07-01,DEPT,,1052184.0,,
IND-304,D57,2023-08-01,DEPT,,1045198.0,,
IND-304,D57,2023-09-01,DEPT,,1047038.0,,
IND-304,D57,2023-10-01,DEPT,,1054070.0,,
IND-304,D57,2023-11-01,DEPT,,1055716.0,,
IND-304,D57,2023-12-01,DEPT,,1061417.0,,
IND-304,D57,2024-01-01,DEPT,,1055992.0,,
IND-304,D57,2024-02-01,DEPT,,1058533.0,,
IND-304,D57,2024-03-01,DEPT,,1056974.0,,
IND-304,D57,2024-04-01,DEPT,,1064149.0,,
IND-304,D57,2024-05-01,DEPT,,1068210.0,,
IND-304,D57,2024-06-01,DEPT,,1074204.0,,
IND-304,D57,2024-07-01,DEPT,,1097113.0,,
IND-304,D57,2024-08-01,DEPT,,1122367.0,,
IND-304,D57,2024-09-01,DEPT,,1128295.0,,
IND-304,D57,2024-10-01,DEPT,,1127177.0,,
IND-304,D57,2024-11-01,DEPT,,1130555.0,,
IND-304,D57,2024-12-01,DEPT,,1130523.0,,
IND-304,D57,2025-01-01,DEPT,,1142748.0,,
IND-304,D57,2025-02-01,DEPT,,1147020.0,,
IND-304,D57,2025-03-01,DEPT,,1159380.0,,
IND-304,D57,2025-04-01,DEPT,,1162955.0,,
IND-304,D57,2025-05-01,DEPT,,1168104.0,,
IND-304,D57,2025-06-01,DEPT,,1165309.0,,
IND-304,D57,2025-07-01,DEPT,,1153588.0,,37.09
IND-304,D58,2021-12-01,DEPT,270842.0,270842.0,,
IND-304,D58,2022-01-01,DEPT,,270062.0,,
IND-304,D58,2022-02-01,DEPT,,268262.0,,
IND-304,D58,2022-03-01,DEPT,,266163.0,,
IND-304,D58,2022-04-01,DEPT,,264226.0,,
IND-304,D58,2022-05-01,DEPT,,264328.0,,
IND-304,D58,2022-06-01,DEPT,,263748.0,,
IND-304,D58,2022-07-01,DEPT,,265165.0,,
IND-304,D58,2022-08-01,DEPT,,265974.0,,
IND-304,D58,2022-09-01,DEPT,,266350.0,,
IND-304,D58,2022-10-01,DEPT,,267713.0,,
IND-304,D58,2022-11-01,DEPT,,270639.0,,
IND-304,D58,2022-12-01,DEPT,,272231.0,,
IND-304,D58,2023-01-01,DEPT,,274634.0,,
IND-304,D58,2023-02-01,DEPT,,277538.0,,
IND-304,D58,2023-03-01,DEPT,,282611.0,,
IND-304,D58,2023-04-01,DEPT,,287102.0,,
IND-304,D58,2023-05-01,DEPT,,288052.0,,
IND-304,D58,2023-06-01,DEPT,,291308.0,,
IND-304,D58,2023-07-01,DEPT,,292099.0,,
IND-304,D58,2023-08-01,DEPT,,295717.0,,
IND-304,D58,2023-09-01,DEPT,,299631.0,,
IND-304,D58,2023-10-01,DEPT,,304110.0,,
IND-304,D58,2023-11-01,DEPT,,306380.0,,
IND-304,D58,2023-12-01,DEPT,,309336.0,,
IND-304,D58,2024-01-01,DEPT,,310632.0,,
IND-304,D58,2024-02-01,DEPT,,313034.0,,
IND-304,D58,2024-03-01,DEPT,,309234.0,,
IND-304,D58,2024-04-01,DEPT,,308583.0,,
IND-304,D58,2024-05-01,DEPT,,306870.0,,
IND-304,D58,2024-06-01,DEPT,,305012.0,,
IND-304,D58,2024-07-01,DEPT,,308480.0,,
IND-304,D58,2024-08-01,DEPT,,310108.0,,
IND-304,D58,2024-09-01,DEPT,,308511.0,,
IND-304,D58,2024-10-01,DEPT,,306509.0,,
IND-304,D58,2024-11-01,DEPT,,305844.0,,
IND-304,D58,2024-12-01,DEPT,,304909.0,,
IND-304,D58,2025-01-01,DEPT,,303382.0,,
IND-304,D58,2025-02-01,DEPT,,302023.0,,
IND-304,D58,2025-03-01,DEPT,,304266.0,,
IND-304,D58,2025-04-01,DEPT,,305043.0,,
IND-304,D58,2025-05-01,DEPT,,308439.0,,
IND-304,D58,2025-06-01,DEPT,,311468.0,,
IND-304,D58,2025-07-01,DEPT,,310245.0,,29.1
IND-304,D59,2021-12-01,DEPT,2209428.0,2209428.0,,
IND-304,D59,2022-01-01,DEPT,,2191094.0,,
IND-304,D59,2022-02-01,DEPT,,2184767.0,,
IND-304,D59,2022-03-01,DEPT,,2191712.0,,
IND-304,D59,2022-04-01,DEPT,,2192964.0,,
IND-304,D59,2022-05-01,DEPT,,2216614.0,,
IND-304,D59,2022-06-01,DEPT,,2231970.0,,
IND-304,D59,2022-07-01,DEPT,,2246708.0,,
IND-304,D59,2022-08-01,DEPT,,2268131.0,,
IND-304,D59,2022-09-01,DEPT,,2303284.0,,
IND-304,D59,2022-10-01,DEPT,,2342199.0,,
IND-304,D59,2022-11-01,DEPT,,2386842.0,,
IND-304,D59,2022-12-01,DEPT,,2412842.0,,
IND-304,D59,2023-01-01,DEPT,,2467482.0,,
IND-304,D59,2023-02-01,DEPT,,2493124.0,,
IND-304,D59,2023-03-01,DEPT,,2495684.0,,
IND-304,D59,2023-04-01,DEPT,,2505900.0,,
IND-304,D59,2023-05-01,DEPT,,2511173.0,,
IND-304,D59,2023-06-01,DEPT,,2515336.0,,
IND-304,D59,2023-07-01,DEPT,,2529274.0,,
IND-304,D59,2023-08-01,DEPT,,2528150.0,,
IND-304,D59,2023-09-01,DEPT,,2564482.0,,
IND-304,D59,2023-10-01,DEPT,,2592994.0,,
IND-304,D59,2023-11-01,DEPT,,2594488.0,,
IND-304,D59,2023-12-01,DEPT,,2607030.0,,
IND-304,D59,2024-01-01,DEPT,,2596738.0,,
IND-304,D59,2024-02-01,DEPT,,2608782.0,,
IND-304,D59,2024-03-01,DEPT,,2626340.0,,
IND-304,D59,2024-04-01,DEPT,,2657964.0,,
IND-304,D59,2024-05-01,DEPT,,2651978.0,,
IND-304,D59,2024-06-01,DEPT,,2667185.0,,
IND-304,D59,2024-07-01,DEPT,,2758080.0,,
IND-304,D59,2024-08-01,DEPT,,2833272.0,,
IND-304,D59,2024-09-01,DEPT,,2816537.0,,
IND-304,D59,2024-10-01,DEPT,,2806347.0,,
IND-304,D59,2024-11-01,DEPT,,2805794.0,,
IND-304,D59,2024-12-01,DEPT,,2810424.0,,
IND-304,D59,2025-01-01,DEPT,,2833895.0,,
IND-304,D59,2025-02-01,DEPT,,2833671.0,,
IND-304,D59,2025-03-01,DEPT,,2851070.0,,
IND-304,D59,2025-04-01,DEPT,,2848902.0,,
IND-304,D59,2025-05-01,DEPT,,2867486.0,,
IND-304,D59,2025-06-01,DEPT,,2864365.0,,
IND-304,D59,2025-07-01,DEPT,,2813347.0,,54.67
IND-304,D60,2021-12-01,DEPT,750548.0,750548.0,,
IND-304,D60,2022-01-01,DEPT,,747071.0,,
IND-304,D60,2022-02-01,DEPT,,749762.0,,
IND-304,D60,2022-03-01,DEPT,,745766.0,,
IND-304,D60,2022-04-01,DEPT,,739912.0,,
IND-304,D60,2022-05-01,DEPT,,737236.0,,
IND-304,D60,2022-06-01,DEPT,,733020.0,,
IND-304,D60,2022-07-01,DEPT,,731738.0,,
IND-304,D60,2022-08-01,DEPT,,732033.0,,
IND-304,D60,2022-09-01,DEPT,,736095.0,,
IND-304,D60,2022-10-01,DEPT,,740169.0,,
IND-304,D60,2022-11-01,DEPT,,740642.0,,
IND-304,D60,2022-12-01,DEPT,,739704.0,,
IND-304,D60,2023-01-01,DEPT,,741977.0,,
IND-304,D60,2023-02-01,DEPT,,738267.0,,
IND-304,D60,2023-03-01,DEPT,,736496.0,,
IND-304,D60,2023-04-01,DEPT,,731822.0,,
IND-304,D60,2023-05-01,DEPT,,729601.0,,
IND-304,D60,2023-06-01,DEPT,,729074.0,,
IND-304,D60,2023-07-01,DEPT,,727718.0,,
IND-304,D60,2023-08-01,DEPT,,719734.0,,
IND-304,D60,2023-09-01,DEPT,,716408.0,,
IND-304,D60,2023-10-01,DEPT,,718703.0,,
IND-304,D60,2023-11-01,DEPT,,723365.0,,
IND-304,D60,2023-12-01,DEPT,,728297.0,,
IND-304,D60,2024-01-01,DEPT,,730970.0,,
IND-304,D60,2024-02-01,DEPT,,735661.0,,
IND-304,D60,2024-03-01,DEPT,,739717.0,,
IND-304,D60,2024-04-01,DEPT,,749651.0,,
IND-304,D60,2024-05-01,DEPT,,754627.0,,
IND-304,D60,2024-06-01,DEPT,,762947.0,,
IND-304,D60,2024-07-01,DEPT,,789353.0,,
IND-304,D60,2024-08-01,DEPT,,820779.0,,
IND-304,D60,2024-09-01,DEPT,,832968.0,,
IND-304,D60,2024-10-01,DEPT,,842520.0,,
IND-304,D60,2024-11-01,DEPT,,852416.0,,
IND-304,D60,2024-12-01,DEPT,,860713.0,,
IND-304,D60,2025-01-01,DEPT,,869525.0,,
IND-304,D60,2025-02-01,DEPT,,877179.0,,
IND-304,D60,2025-03-01,DEPT,,885476.0,,
IND-304,D60,2025-04-01,DEPT,,889643.0,,
IND-304,D60,2025-05-01,DEPT,,897571.0,,
IND-304,D60,2025-06-01,DEPT,,903966.0,,
IND-304,D60,2025-07-01,DEPT,,894010.0,,38.23
IND-304,D61,2021-12-01,DEPT,320824.0,320824.0,,
IND-304,D61,2022-01-01,DEPT,,317326.0,,
IND-304,D61,2022-02-01,DEPT,,315574.0,,
IND-304,D61,2022-03-01,DEPT,,313497.0,,
IND-304,D61,2022-04-01,DEPT,,310616.0,,
IND-304,D61,2022-05-01,DEPT,,311962.0,,
IND-304,D61,2022-06-01,DEPT,,310677.0,,
IND-304,D61,2022-07-01,DEPT,,314091.0,,
IND-304,D61,2022-08-01,DEPT,,316229.0,,
IND-304,D61,2022-09-01,DEPT,,321017.0,,
IND-304,D61,2022-10-01,DEPT,,323624.0,,
IND-304,D61,2022-11-01,DEPT,,327571.0,,
IND-304,D61,2022-12-01,DEPT,,330855.0,,
IND-304,D61,2023-01-01,DEPT,,336712.0,,
IND-304,D61,2023-02-01,DEPT,,340643.0,,
IND-304,D61,2023-03-01,DEPT,,343923.0,,
IND-304,D61,2023-04-01,DEPT,,347856.0,,
IND-304,D61,2023-05-01,DEPT,,348279.0,,
IND-304,D61,2023-06-01,DEPT,,352023.0,,
IND-304,D61,2023-07-01,DEPT,,352508.0,,
IND-304,D61,2023-08-01,DEPT,,350462.0,,
IND-304,D61,2023-09-01,DEPT,,350126.0,,
IND-304,D61,2023-10-01,DEPT,,351338.0,,
IND-304,D61,2023-11-01,DEPT,,350615.0,,
IND-304,D61,2023-12-01,DEPT,,352878.0,,
IND-304,D61,2024-01-01,DEPT,,352441.0,,
IND-304,D61,2024-02-01,DEPT,,355840.0,,
IND-304,D61,2024-03-01,DEPT,,352749.0,,
IND-304,D61,2024-04-01,DEPT,,351048.0,,
IND-304,D61,2024-05-01,DEPT,,347418.0,,
IND-304,D61,2024-06-01,DEPT,,346635.0,,
IND-304,D61,2024-07-01,DEPT,,351430.0,,
IND-304,D61,2024-08-01,DEPT,,360064.0,,
IND-304,D61,2024-09-01,DEPT,,362000.0,,
IND-304,D61,2024-10-01,DEPT,,360459.0,,
IND-304,D61,2024-11-01,DEPT,,362352.0,,
IND-304,D61,2024-12-01,DEPT,,361076.0,,
IND-304,D61,2025-01-01,DEPT,,363659.0,,
IND-304,D61,2025-02-01,DEPT,,362208.0,,
IND-304,D61,2025-03-01,DEPT,,370994.0,,
IND-304,D61,2025-04-01,DEPT,,374692.0,,
IND-304,D61,2025-05-01,DEPT,,380657.0,,
IND-304,D61,2025-06-01,DEPT,,380726.0,,
IND-304,D61,2025-07-01,DEPT,,379462.0,,36.55
IND-304,D62,2021-12-01,DEPT,1557670.0,1557670.0,,
IND-304,D62,2022-01-01,DEPT,,1548773.0,,
IND-304,D62,2022-02-01,DEPT,,1544835.0,,
IND-304,D62,2022-03-01,DEPT,,1539670.0,,
IND-304,D62,2022-04-01,DEPT,,1538876.0,,
IND-304,D62,2022-05-01,DEPT,,1547144.0,,
IND-304,D62,2022-06-01,DEPT,,1552688.0,,
IND-304,D62,2022-07-01,DEPT,,1557984.0,,
IND-304,D62,2022-08-01,DEPT,,1573246.0,,
IND-304,D62,2022-09-01,DEPT,,1596596.0,,
IND-304,D62,2022-10-01,DEPT,,1616666.0,,
IND-304,D62,2022-11-01,DEPT,,1633510.0,,
IND-304,D62,2022-12-01,DEPT,,1641988.0,,
IND-304,D62,2023-01-01,DEPT,,1662179.0,,
IND-304,D62,2023-02-01,DEPT,,1677203.0,,
IND-304,D62,2023-03-01,DEPT,,1692012.0,,
IND-304,D62,2023-04-01,DEPT,,1710881.0,,
IND-304,D62,2023-05-01,DEPT,,1736141.0,,
IND-304,D62,2023-06-01,DEPT,,1762948.0,,
IND-304,D62,2023-07-01,DEPT,,1791442.0,,
IND-304,D62,2023-08-01,DEPT,,1811868.0,,
IND-304,D62,2023-09-01,DEPT,,1846875.0,,
IND-304,D62,2023-10-01,DEPT,,1894400.0,,
IND-304,D62,2023-11-01,DEPT,,1929054.0,,
IND-304,D62,2023-12-01,DEPT,,1964911.0,,
IND-304,D62,2024-01-01,DEPT,,1992033.0,,
IND-304,D62,2024-02-01,DEPT,,2035046.0,,
IND-304,D62,2024-03-01,DEPT,,2083666.0,,
IND-304,D62,2024-04-01,DEPT,,2156714.0,,
IND-304,D62,2024-05-01,DEPT,,2209460.0,,
IND-304,D62,2024-06-01,DEPT,,2261187.0,,
IND-304,D62,2024-07-01,DEPT,,2367412.0,,
IND-304,D62,2024-08-01,DEPT,,2461387.0,,
IND-304,D62,2024-09-01,DEPT,,2503332.0,,
IND-304,D62,2024-10-01,DEPT,,2526356.0,,
IND-304,D62,2024-11-01,DEPT,,2566785.0,,
IND-304,D62,2024-12-01,DEPT,,2609506.0,,
IND-304,D62,2025-01-01,DEPT,,2660318.0,,
IND-304,D62,2025-02-01,DEPT,,2693275.0,,
IND-304,D62,2025-03-01,DEPT,,2735101.0,,
IND-304,D62,2025-04-01,DEPT,,2744540.0,,
IND-304,D62,2025-05-01,DEPT,,2765922.0,,
IND-304,D62,2025-06-01,DEPT,,2772346.0,,
IND-304,D62,2025-07-01,DEPT,,2743525.0,,100.0
IND-304,D63,2021-12-01,DEPT,741761.0,741761.0,,
IND-304,D63,2022-01-01,DEPT,,741622.0,,
IND-304,D63,2022-02-01,DEPT,,738786.0,,
IND-304,D63,2022-03-01,DEPT,,735881.0,,
IND-304,D63,2022-04-01,DEPT,,734993.0,,
IND-304,D63,2022-05-01,DEPT,,735045.0,,
IND-304,D63,2022-06-01,DEPT,,734984.0,,
IND-304,D63,2022-07-01,DEPT,,740661.0,,
IND-304,D63,2022-08-01,DEPT,,742736.0,,
IND-304,D63,2022-09-01,DEPT,,750289.0,,
IND-304,D63,2022-10-01,DEPT,,752561.0,,
IND-304,D63,2022-11-01,DEPT,,755619.0,,
IND-304,D63,2022-12-01,DEPT,,755296.0,,
IND-304,D63,2023-01-01,DEPT,,754469.0,,
IND-304,D63,2023-02-01,DEPT,,753952.0,,
IND-304,D63,2023-03-01,DEPT,,748310.0,,
IND-304,D63,2023-04-01,DEPT,,743276.0,,
IND-304,D63,2023-05-01,DEPT,,737590.0,,
IND-304,D63,2023-06-01,DEPT,,731127.0,,
IND-304,D63,2023-07-01,DEPT,,731208.0,,
IND-304,D63,2023-08-01,DEPT,,726509.0,,
IND-304,D63,2023-09-01,DEPT,,727321.0,,
IND-304,D63,2023-10-01,DEPT,,733616.0,,
IND-304,D63,2023-11-01,DEPT,,737146.0,,
IND-304,D63,2023-12-01,DEPT,,744142.0,,
IND-304,D63,2024-01-01,DEPT,,750029.0,,
IND-304,D63,2024-02-01,DEPT,,760698.0,,
IND-304,D63,2024-03-01,DEPT,,771577.0,,
IND-304,D63,2024-04-01,DEPT,,786046.0,,
IND-304,D63,2024-05-01,DEPT,,798670.0,,
IND-304,D63,2024-06-01,DEPT,,809574.0,,
IND-304,D63,2024-07-01,DEPT,,824086.0,,
IND-304,D63,2024-08-01,DEPT,,842540.0,,
IND-304,D63,2024-09-01,DEPT,,843514.0,,
IND-304,D63,2024-10-01,DEPT,,845858.0,,
IND-304,D63,2024-11-01,DEPT,,845941.0,,
IND-304,D63,2024-12-01,DEPT,,845879.0,,
IND-304,D63,2025-01-01,DEPT,,847979.0,,
IND-304,D63,2025-02-01,DEPT,,844531.0,,
IND-304,D63,2025-03-01,DEPT,,839569.0,,
IND-304,D63,2025-04-01,DEPT,,833566.0,,
IND-304,D63,2025-05-01,DEPT,,828258.0,,
IND-304,D63,2025-06-01,DEPT,,825459.0,,
IND-304,D63,2025-07-01,DEPT,,822791.0,,21.85
IND-304,D64,2021-12-01,DEPT,720028.0,720028.0,,
IND-304,D64,2022-01-01,DEPT,,713937.0,,
IND-304,D64,2022-02-01,DEPT,,713707.0,,
IND-304,D64,2022-03-01,DEPT,,715154.0,,
IND-304,D64,2022-04-01,DEPT,,712354.0,,
IND-304,D64,2022-05-01,DEPT,,714648.0,,
IND-304,D64,2022-06-01,DEPT,,715938.0,,
IND-304,D64,2022-07-01,DEPT,,717256.0,,
IND-304,D64,2022-08-01,DEPT,,721244.0,,
IND-304,D64,2022-09-01,DEPT,,727855.0,,
IND-304,D64,2022-10-01,DEPT,,731356.0,,
IND-304,D64,2022-11-01,DEPT,,738765.0,,
IND-304,D64,2022-12-01,DEPT,,740460.0,,
IND-304,D64,2023-01-01,DEPT,,752530.0,,
IND-304,D64,2023-02-01,DEPT,,757840.0,,
IND-304,D64,2023-03-01,DEPT,,757566.0,,
IND-304,D64,2023-04-01,DEPT,,756937.0,,
IND-304,D64,2023-05-01,DEPT,,756673.0,,
IND-304,D64,2023-06-01,DEPT,,761360.0,,
IND-304,D64,2023-07-01,DEPT,,772356.0,,
IND-304,D64,2023-08-01,DEPT,,775916.0,,
IND-304,D64,2023-09-01,DEPT,,783448.0,,
IND-304,D64,2023-10-01,DEPT,,793019.0,,
IND-304,D64,2023-11-01,DEPT,,796598.0,,
IND-304,D64,2023-12-01,DEPT,,803855.0,,
IND-304,D64,2024-01-01,DEPT,,806705.0,,
IND-304,D64,2024-02-01,DEPT,,812745.0,,
IND-304,D64,2024-03-01,DEPT,,816695.0,,
IND-304,D64,2024-04-01,DEPT,,825180.0,,
IND-304,D64,2024-05-01,DEPT,,831026.0,,
IND-304,D64,2024-06-01,DEPT,,834925.0,,
IND-304,D64,2024-07-01,DEPT,,849275.0,,
IND-304,D64,2024-08-01,DEPT,,871083.0,,
IND-304,D64,2024-09-01,DEPT,,868518.0,,
IND-304,D64,2024-10-01,DEPT,,864823.0,,
IND-304,D64,2024-11-01,DEPT,,867434.0,,
IND-304,D64,2024-12-01,DEPT,,872780.0,,
IND-304,D64,2025-01-01,DEPT,,871523.0,,
IND-304,D64,2025-02-01,DEPT,,869557.0,,
IND-304,D64,2025-03-01,DEPT,,868883.0,,
IND-304,D64,2025-04-01,DEPT,,870206.0,,
IND-304,D64,2025-05-01,DEPT,,870255.0,,
IND-304,D64,2025-06-01,DEPT,,871518.0,,
IND-304,D64,2025-07-01,DEPT,,862948.0,,39.7
IND-304,D65,2021-12-01,DEPT,315454.0,315454.0,,
IND-304,D65,2022-01-01,DEPT,,311650.0,,
IND-304,D65,2022-02-01,DEPT,,311237.0,,
IND-304,D65,2022-03-01,DEPT,,308589.0,,
IND-304,D65,2022-04-01,DEPT,,309361.0,,
IND-304,D65,2022-05-01,DEPT,,310268.0,,
IND-304,D65,2022-06-01,DEPT,,311447.0,,
IND-304,D65,2022-07-01,DEPT,,314122.0,,
IND-304,D65,2022-08-01,DEPT,,317942.0,,
IND-304,D65,2022-09-01,DEPT,,322348.0,,
IND-304,D65,2022-10-01,DEPT,,328051.0,,
IND-304,D65,2022-11-01,DEPT,,332719.0,,
IND-304,D65,2022-12-01,DEPT,,336765.0,,
IND-304,D65,2023-01-01,DEPT,,343406.0,,
IND-304,D65,2023-02-01,DEPT,,346358.0,,
IND-304,D65,2023-03-01,DEPT,,348629.0,,
IND-304,D65,2023-04-01,DEPT,,348793.0,,
IND-304,D65,2023-05-01,DEPT,,349682.0,,
IND-304,D65,2023-06-01,DEPT,,350802.0,,
IND-304,D65,2023-07-01,DEPT,,348029.0,,
IND-304,D65,2023-08-01,DEPT,,348089.0,,
IND-304,D65,2023-09-01,DEPT,,348894.0,,
IND-304,D65,2023-10-01,DEPT,,348437.0,,
IND-304,D65,2023-11-01,DEPT,,348174.0,,
IND-304,D65,2023-12-01,DEPT,,350163.0,,
IND-304,D65,2024-01-01,DEPT,,347450.0,,
IND-304,D65,2024-02-01,DEPT,,346102.0,,
IND-304,D65,2024-03-01,DEPT,,344425.0,,
IND-304,D65,2024-04-01,DEPT,,341948.0,,
IND-304,D65,2024-05-01,DEPT,,342385.0,,
IND-304,D65,2024-06-01,DEPT,,341075.0,,
IND-304,D65,2024-07-01,DEPT,,347312.0,,
IND-304,D65,2024-08-01,DEPT,,349544.0,,
IND-304,D65,2024-09-01,DEPT,,347106.0,,
IND-304,D65,2024-10-01,DEPT,,344838.0,,
IND-304,D65,2024-11-01,DEPT,,343857.0,,
IND-304,D65,2024-12-01,DEPT,,340265.0,,
IND-304,D65,2025-01-01,DEPT,,342536.0,,
IND-304,D65,2025-02-01,DEPT,,344500.0,,
IND-304,D65,2025-03-01,DEPT,,345772.0,,
IND-304,D65,2025-04-01,DEPT,,348260.0,,
IND-304,D65,2025-05-01,DEPT,,346822.0,,
IND-304,D65,2025-06-01,DEPT,,347349.0,,
IND-304,D65,2025-07-01,DEPT,,343084.0,,17.52
IND-304,D66,2021-12-01,DEPT,515966.0,515966.0,,
IND-304,D66,2022-01-01,DEPT,,514405.0,,
IND-304,D66,2022-02-01,DEPT,,516683.0,,
IND-304,D66,2022-03-01,DEPT,,513050.0,,
IND-304,D66,2022-04-01,DEPT,,515198.0,,
IND-304,D66,2022-05-01,DEPT,,520713.0,,
IND-304,D66,2022-06-01,DEPT,,525340.0,,
IND-304,D66,2022-07-01,DEPT,,531009.0,,
IND-304,D66,2022-08-01,DEPT,,535136.0,,
IND-304,D66,2022-09-01,DEPT,,540478.0,,
IND-304,D66,2022-10-01,DEPT,,545617.0,,
IND-304,D66,2022-11-01,DEPT,,552300.0,,
IND-304,D66,2022-12-01,DEPT,,559669.0,,
IND-304,D66,2023-01-01,DEPT,,570264.0,,
IND-304,D66,2023-02-01,DEPT,,577696.0,,
IND-304,D66,2023-03-01,DEPT,,583753.0,,
IND-304,D66,2023-04-01,DEPT,,587027.0,,
IND-304,D66,2023-05-01,DEPT,,586308.0,,
IND-304,D66,2023-06-01,DEPT,,591757.0,,
IND-304,D66,2023-07-01,DEPT,,598357.0,,
IND-304,D66,2023-08-01,DEPT,,601316.0,,
IND-304,D66,2023-09-01,DEPT,,606006.0,,
IND-304,D66,2023-10-01,DEPT,,610988.0,,
IND-304,D66,2023-11-01,DEPT,,617406.0,,
IND-304,D66,2023-12-01,DEPT,,620566.0,,
IND-304,D66,2024-01-01,DEPT,,620794.0,,
IND-304,D66,2024-02-01,DEPT,,620728.0,,
IND-304,D66,2024-03-01,DEPT,,621290.0,,
IND-304,D66,2024-04-01,DEPT,,620354.0,,
IND-304,D66,2024-05-01,DEPT,,624248.0,,
IND-304,D66,2024-06-01,DEPT,,627740.0,,
IND-304,D66,2024-07-01,DEPT,,645484.0,,
IND-304,D66,2024-08-01,DEPT,,671650.0,,
IND-304,D66,2024-09-01,DEPT,,676644.0,,
IND-304,D66,2024-10-01,DEPT,,681100.0,,
IND-304,D66,2024-11-01,DEPT,,685263.0,,
IND-304,D66,2024-12-01,DEPT,,690389.0,,
IND-304,D66,2025-01-01,DEPT,,698014.0,,
IND-304,D66,2025-02-01,DEPT,,702520.0,,
IND-304,D66,2025-03-01,DEPT,,713184.0,,
IND-304,D66,2025-04-01,DEPT,,726076.0,,
IND-304,D66,2025-05-01,DEPT,,734213.0,,
IND-304,D66,2025-06-01,DEPT,,740891.0,,
IND-304,D66,2025-07-01,DEPT,,738927.0,,86.43
IND-304,D67,2021-12-01,DEPT,914450.0,914450.0,,
IND-304,D67,2022-01-01,DEPT,,907980.0,,
IND-304,D67,2022-02-01,DEPT,,901884.0,,
IND-304,D67,2022-03-01,DEPT,,903965.0,,
IND-304,D67,2022-04-01,DEPT,,897034.0,,
IND-304,D67,2022-05-01,DEPT,,896272.0,,
IND-304,D67,2022-06-01,DEPT,,897861.0,,
IND-304,D67,2022-07-01,DEPT,,903730.0,,
IND-304,D67,2022-08-01,DEPT,,914260.0,,
IND-304,D67,2022-09-01,DEPT,,922140.0,,
IND-304,D67,2022-10-01,DEPT,,928346.0,,
IND-304,D67,2022-11-01,DEPT,,933925.0,,
IND-304,D67,2022-12-01,DEPT,,937716.0,,
IND-304,D67,2023-01-01,DEPT,,941468.0,,
IND-304,D67,2023-02-01,DEPT,,943595.0,,
IND-304,D67,2023-03-01,DEPT,,939975.0,,
IND-304,D67,2023-04-01,DEPT,,936358.0,,
IND-304,D67,2023-05-01,DEPT,,931945.0,,
IND-304,D67,2023-06-01,DEPT,,933873.0,,
IND-304,D67,2023-07-01,DEPT,,938647.0,,
IND-304,D67,2023-08-01,DEPT,,938414.0,,
IND-304,D67,2023-09-01,DEPT,,941777.0,,
IND-304,D67,2023-10-01,DEPT,,944632.0,,
IND-304,D67,2023-11-01,DEPT,,954132.0,,
IND-304,D67,2023-12-01,DEPT,,963476.0,,
IND-304,D67,2024-01-01,DEPT,,969906.0,,
IND-304,D67,2024-02-01,DEPT,,983965.0,,
IND-304,D67,2024-03-01,DEPT,,991332.0,,
IND-304,D67,2024-04-01,DEPT,,1004281.0,,
IND-304,D67,2024-05-01,DEPT,,1004318.0,,
IND-304,D67,2024-06-01,DEPT,,1009056.0,,
IND-304,D67,2024-07-01,DEPT,,1029321.0,,
IND-304,D67,2024-08-01,DEPT,,1051835.0,,
IND-304,D67,2024-09-01,DEPT,,1052094.0,,
IND-304,D67,2024-10-01,DEPT,,1053911.0,,
IND-304,D67,2024-11-01,DEPT,,1053219.0,,
IND-304,D67,2024-12-01,DEPT,,1057445.0,,
IND-304,D67,2025-01-01,DEPT,,1062269.0,,
IND-304,D67,2025-02-01,DEPT,,1056068.0,,
IND-304,D67,2025-03-01,DEPT,,1063696.0,,
IND-304,D67,2025-04-01,DEPT,,1064345.0,,
IND-304,D67,2025-05-01,DEPT,,1069874.0,,
IND-304,D67,2025-06-01,DEPT,,1066451.0,,
IND-304,D67,2025-07-01,DEPT,,1053883.0,,30.5
IND-304,D68,2021-12-01,DEPT,651400.0,651400.0,,
IND-304,D68,2022-01-01,DEPT,,653371.0,,
IND-304,D68,2022-02-01,DEPT,,656655.0,,
IND-304,D68,2022-03-01,DEPT,,662775.0,,
IND-304,D68,2022-04-01,DEPT,,663094.0,,
IND-304,D68,2022-05-01,DEPT,,670150.0,,
IND-304,D68,2022-06-01,DEPT,,676943.0,,
IND-304,D68,2022-07-01,DEPT,,683172.0,,
IND-304,D68,2022-08-01,DEPT,,690205.0,,
IND-304,D68,2022-09-01,DEPT,,701390.0,,
IND-304,D68,2022-10-01,DEPT,,711902.0,,
IND-304,D68,2022-11-01,DEPT,,717782.0,,
IND-304,D68,2022-12-01,DEPT,,722010.0,,
IND-304,D68,2023-01-01,DEPT,,730082.0,,
IND-304,D68,2023-02-01,DEPT,,733399.0,,
IND-304,D68,2023-03-01,DEPT,,736988.0,,
IND-304,D68,2023-04-01,DEPT,,743408.0,,
IND-304,D68,2023-05-01,DEPT,,747824.0,,
IND-304,D68,2023-06-01,DEPT,,753170.0,,
IND-304,D68,2023-07-01,DEPT,,763082.0,,
IND-304,D68,2023-08-01,DEPT,,768214.0,,
IND-304,D68,2023-09-01,DEPT,,769870.0,,
IND-304,D68,2023-10-01,DEPT,,770887.0,,
IND-304,D68,2023-11-01,DEPT,,773288.0,,
IND-304,D68,2023-12-01,DEPT,,776612.0,,
IND-304,D68,2024-01-01,DEPT,,778284.0,,
IND-304,D68,2024-02-01,DEPT,,782051.0,,
IND-304,D68,2024-03-01,DEPT,,780973.0,,
IND-304,D68,2024-04-01,DEPT,,785229.0,,
IND-304,D68,2024-05-01,DEPT,,785347.0,,
IND-304,D68,2024-06-01,DEPT,,789076.0,,
IND-304,D68,2024-07-01,DEPT,,797184.0,,
IND-304,D68,2024-08-01,DEPT,,809868.0,,
IND-304,D68,2024-09-01,DEPT,,812265.0,,
IND-304,D68,2024-10-01,DEPT,,810549.0,,
IND-304,D68,2024-11-01,DEPT,,808784.0,,
IND-304,D68,2024-12-01,DEPT,,811578.0,,
IND-304,D68,2025-01-01,DEPT,,813942.0,,
IND-304,D68,2025-02-01,DEPT,,816773.0,,
IND-304,D68,2025-03-01,DEPT,,822269.0,,
IND-304,D68,2025-04-01,DEPT,,824285.0,,
IND-304,D68,2025-05-01,DEPT,,828692.0,,
IND-304,D68,2025-06-01,DEPT,,827766.0,,
IND-304,D68,2025-07-01,DEPT,,825214.0,,53.37
IND-304,D69,2021-12-01,DEPT,1396206.0,1396206.0,,
IND-304,D69,2022-01-01,DEPT,,1400846.0,,
IND-304,D69,2022-02-01,DEPT,,1410396.0,,
IND-304,D69,2022-03-01,DEPT,,1411849.0,,
IND-304,D69,2022-04-01,DEPT,,1408767.0,,
IND-304,D69,2022-05-01,DEPT,,1412600.0,,
IND-304,D69,2022-06-01,DEPT,,1422689.0,,
IND-304,D69,2022-07-01,DEPT,,1435669.0,,
IND-304,D69,2022-08-01,DEPT,,1443850.0,,
IND-304,D69,2022-09-01,DEPT,,1457362.0,,
IND-304,D69,2022-10-01,DEPT,,1469787.0,,
IND-304,D69,2022-11-01,DEPT,,1491703.0,,
IND-304,D69,2022-12-01,DEPT,,1500233.0,,
IND-304,D69,2023-01-01,DEPT,,1508134.0,,
IND-304,D69,2023-02-01,DEPT,,1505080.0,,
IND-304,D69,2023-03-01,DEPT,,1496855.0,,
IND-304,D69,2023-04-01,DEPT,,1498028.0,,
IND-304,D69,2023-05-01,DEPT,,1506044.0,,
IND-304,D69,2023-06-01,DEPT,,1502030.0,,
IND-304,D69,2023-07-01,DEPT,,1493358.0,,
IND-304,D69,2023-08-01,DEPT,,1487256.0,,
IND-304,D69,2023-09-01,DEPT,,1502820.0,,
IND-304,D69,2023-10-01,DEPT,,1515230.0,,
IND-304,D69,2023-11-01,DEPT,,1513386.0,,
IND-304,D69,2023-12-01,DEPT,,1526820.0,,
IND-304,D69,2024-01-01,DEPT,,1525478.0,,
IND-304,D69,2024-02-01,DEPT,,1537220.0,,
IND-304,D69,2024-03-01,DEPT,,1558204.0,,
IND-304,D69,2024-04-01,DEPT,,1583777.0,,
IND-304,D69,2024-05-01,DEPT,,1597469.0,,
IND-304,D69,2024-06-01,DEPT,,1617306.0,,
IND-304,D69,2024-07-01,DEPT,,1664137.0,,
IND-304,D69,2024-08-01,DEPT,,1713754.0,,
IND-304,D69,2024-09-01,DEPT,,1703733.0,,
IND-304,D69,2024-10-01,DEPT,,1698811.0,,
IND-304,D69,2024-11-01,DEPT,,1706818.0,,
IND-304,D69,2024-12-01,DEPT,,1720588.0,,
IND-304,D69,2025-01-01,DEPT,,1735526.0,,
IND-304,D69,2025-02-01,DEPT,,1744391.0,,
IND-304,D69,2025-03-01,DEPT,,1748188.0,,
IND-304,D69,2025-04-01,DEPT,,1747012.0,,
IND-304,D69,2025-05-01,DEPT,,1748562.0,,
IND-304,D69,2025-06-01,DEPT,,1748537.0,,
IND-304,D69,2025-07-01,DEPT,,1740157.0,,49.27
IND-304,D70,2021-12-01,DEPT,263216.0,263216.0,,
IND-304,D70,2022-01-01,DEPT,,266956.0,,
IND-304,D70,2022-02-01,DEPT,,271781.0,,
IND-304,D70,2022-03-01,DEPT,,275399.0,,
IND-304,D70,2022-04-01,DEPT,,279356.0,,
IND-304,D70,2022-05-01,DEPT,,286051.0,,
IND-304,D70,2022-06-01,DEPT,,291285.0,,
IND-304,D70,2022-07-01,DEPT,,296841.0,,
IND-304,D70,2022-08-01,DEPT,,300097.0,,
IND-304,D70,2022-09-01,DEPT,,299950.0,,
IND-304,D70,2022-10-01,DEPT,,302809.0,,
IND-304,D70,2022-11-01,DEPT,,305534.0,,
IND-304,D70,2022-12-01,DEPT,,306596.0,,
IND-304,D70,2023-01-01,DEPT,,308343.0,,
IND-304,D70,2023-02-01,DEPT,,308707.0,,
IND-304,D70,2023-03-01,DEPT,,309838.0,,
IND-304,D70,2023-04-01,DEPT,,309096.0,,
IND-304,D70,2023-05-01,DEPT,,306731.0,,
IND-304,D70,2023-06-01,DEPT,,306248.0,,
IND-304,D70,2023-07-01,DEPT,,306616.0,,
IND-304,D70,2023-08-01,DEPT,,307690.0,,
IND-304,D70,2023-09-01,DEPT,,308100.0,,
IND-304,D70,2023-10-01,DEPT,,311221.0,,
IND-304,D70,2023-11-01,DEPT,,314814.0,,
IND-304,D70,2023-12-01,DEPT,,319172.0,,
IND-304,D70,2024-01-01,DEPT,,322968.0,,
IND-304,D70,2024-02-01,DEPT,,327062.0,,
IND-304,D70,2024-03-01,DEPT,,329659.0,,
IND-304,D70,2024-04-01,DEPT,,332076.0,,
IND-304,D70,2024-05-01,DEPT,,333464.0,,
IND-304,D70,2024-06-01,DEPT,,337592.0,,
IND-304,D70,2024-07-01,DEPT,,341999.0,,
IND-304,D70,2024-08-01,DEPT,,345462.0,,
IND-304,D70,2024-09-01,DEPT,,345190.0,,
IND-304,D70,2024-10-01,DEPT,,340724.0,,
IND-304,D70,2024-11-01,DEPT,,336591.0,,
IND-304,D70,2024-12-01,DEPT,,332746.0,,
IND-304,D70,2025-01-01,DEPT,,329250.0,,
IND-304,D70,2025-02-01,DEPT,,326390.0,,
IND-304,D70,2025-03-01,DEPT,,321873.0,,
IND-304,D70,2025-04-01,DEPT,,320095.0,,
IND-304,D70,2025-05-01,DEPT,,318421.0,,
IND-304,D70,2025-06-01,DEPT,,313390.0,,
IND-304,D70,2025-07-01,DEPT,,307247.0,,33.46
IND-304,D71,2021-12-01,DEPT,531313.0,531313.0,,
IND-304,D71,2022-01-01,DEPT,,528278.0,,
IND-304,D71,2022-02-01,DEPT,,527580.0,,
IND-304,D71,2022-03-01,DEPT,,531607.0,,
IND-304,D71,2022-04-01,DEPT,,535466.0,,
IND-304,D71,2022-05-01,DEPT,,542964.0,,
IND-304,D71,2022-06-01,DEPT,,547563.0,,
IND-304,D71,2022-07-01,DEPT,,551440.0,,
IND-304,D71,2022-08-01,DEPT,,558680.0,,
IND-304,D71,2022-09-01,DEPT,,564829.0,,
IND-304,D71,2022-10-01,DEPT,,572856.0,,
IND-304,D71,2022-11-01,DEPT,,578712.0,,
IND-304,D71,2022-12-01,DEPT,,582990.0,,
IND-304,D71,2023-01-01,DEPT,,592470.0,,
IND-304,D71,2023-02-01,DEPT,,597358.0,,
IND-304,D71,2023-03-01,DEPT,,598513.0,,
IND-304,D71,2023-04-01,DEPT,,600663.0,,
IND-304,D71,2023-05-01,DEPT,,601716.0,,
IND-304,D71,2023-06-01,DEPT,,605440.0,,
IND-304,D71,2023-07-01,DEPT,,607477.0,,
IND-304,D71,2023-08-01,DEPT,,605848.0,,
IND-304,D71,2023-09-01,DEPT,,612745.0,,
IND-304,D71,2023-10-01,DEPT,,617443.0,,
IND-304,D71,2023-11-01,DEPT,,620508.0,,
IND-304,D71,2023-12-01,DEPT,,623747.0,,
IND-304,D71,2024-01-01,DEPT,,623652.0,,
IND-304,D71,2024-02-01,DEPT,,627241.0,,
IND-304,D71,2024-03-01,DEPT,,632616.0,,
IND-304,D71,2024-04-01,DEPT,,632448.0,,
IND-304,D71,2024-05-01,DEPT,,631136.0,,
IND-304,D71,2024-06-01,DEPT,,631116.0,,
IND-304,D71,2024-07-01,DEPT,,638106.0,,
IND-304,D71,2024-08-01,DEPT,,644048.0,,
IND-304,D71,2024-09-01,DEPT,,639946.0,,
IND-304,D71,2024-10-01,DEPT,,634400.0,,
IND-304,D71,2024-11-01,DEPT,,631243.0,,
IND-304,D71,2024-12-01,DEPT,,625654.0,,
IND-304,D71,2025-01-01,DEPT,,620874.0,,
IND-304,D71,2025-02-01,DEPT,,616494.0,,
IND-304,D71,2025-03-01,DEPT,,607566.0,,
IND-304,D71,2025-04-01,DEPT,,607804.0,,
IND-304,D71,2025-05-01,DEPT,,610584.0,,
IND-304,D71,2025-06-01,DEPT,,610126.0,,
IND-304,D71,2025-07-01,DEPT,,605734.0,,28.01
IND-304,D72,2021-12-01,DEPT,535317.0,535317.0,,
IND-304,D72,2022-01-01,DEPT,,532669.0,,
IND-304,D72,2022-02-01,DEPT,,529200.0,,
IND-304,D72,2022-03-01,DEPT,,529453.0,,
IND-304,D72,2022-04-01,DEPT,,529595.0,,
IND-304,D72,2022-05-01,DEPT,,534232.0,,
IND-304,D72,2022-06-01,DEPT,,538492.0,,
IND-304,D72,2022-07-01,DEPT,,540286.0,,
IND-304,D72,2022-08-01,DEPT,,539374.0,,
IND-304,D72,2022-09-01,DEPT,,546633.0,,
IND-304,D72,2022-10-01,DEPT,,556294.0,,
IND-304,D72,2022-11-01,DEPT,,565531.0,,
IND-304,D72,2022-12-01,DEPT,,572314.0,,
IND-304,D72,2023-01-01,DEPT,,579592.0,,
IND-304,D72,2023-02-01,DEPT,,583813.0,,
IND-304,D72,2023-03-01,DEPT,,588051.0,,
IND-304,D72,2023-04-01,DEPT,,588667.0,,
IND-304,D72,2023-05-01,DEPT,,589408.0,,
IND-304,D72,2023-06-01,DEPT,,590290.0,,
IND-304,D72,2023-07-01,DEPT,,590161.0,,
IND-304,D72,2023-08-01,DEPT,,590166.0,,
IND-304,D72,2023-09-01,DEPT,,591659.0,,
IND-304,D72,2023-10-01,DEPT,,587352.0,,
IND-304,D72,2023-11-01,DEPT,,584940.0,,
IND-304,D72,2023-12-01,DEPT,,585396.0,,
IND-304,D72,2024-01-01,DEPT,,585251.0,,
IND-304,D72,2024-02-01,DEPT,,589852.0,,
IND-304,D72,2024-03-01,DEPT,,587940.0,,
IND-304,D72,2024-04-01,DEPT,,591179.0,,
IND-304,D72,2024-05-01,DEPT,,587856.0,,
IND-304,D72,2024-06-01,DEPT,,590034.0,,
IND-304,D72,2024-07-01,DEPT,,603103.0,,
IND-304,D72,2024-08-01,DEPT,,614933.0,,
IND-304,D72,2024-09-01,DEPT,,616104.0,,
IND-304,D72,2024-10-01,DEPT,,615339.0,,
IND-304,D72,2024-11-01,DEPT,,614884.0,,
IND-304,D72,2024-12-01,DEPT,,614860.0,,
IND-304,D72,2025-01-01,DEPT,,615886.0,,
IND-304,D72,2025-02-01,DEPT,,611507.0,,
IND-304,D72,2025-03-01,DEPT,,615988.0,,
IND-304,D72,2025-04-01,DEPT,,615956.0,,
IND-304,D72,2025-05-01,DEPT,,620991.0,,
IND-304,D72,2025-06-01,DEPT,,620200.0,,
IND-304,D72,2025-07-01,DEPT,,612016.0,,28.66
IND-304,D73,2021-12-01,DEPT,517857.0,517857.0,,
IND-304,D73,2022-01-01,DEPT,,509372.0,,
IND-304,D73,2022-02-01,DEPT,,509362.0,,
IND-304,D73,2022-03-01,DEPT,,507326.0,,
IND-304,D73,2022-04-01,DEPT,,505556.0,,
IND-304,D73,2022-05-01,DEPT,,505805.0,,
IND-304,D73,2022-06-01,DEPT,,506499.0,,
IND-304,D73,2022-07-01,DEPT,,507332.0,,
IND-304,D73,2022-08-01,DEPT,,509302.0,,
IND-304,D73,2022-09-01,DEPT,,511299.0,,
IND-304,D73,2022-10-01,DEPT,,517024.0,,
IND-304,D73,2022-11-01,DEPT,,522189.0,,
IND-304,D73,2022-12-01,DEPT,,522454.0,,
IND-304,D73,2023-01-01,DEPT,,525170.0,,
IND-304,D73,2023-02-01,DEPT,,526253.0,,
IND-304,D73,2023-03-01,DEPT,,523105.0,,
IND-304,D73,2023-04-01,DEPT,,523937.0,,
IND-304,D73,2023-05-01,DEPT,,522391.0,,
IND-304,D73,2023-06-01,DEPT,,522312.0,,
IND-304,D73,2023-07-01,DEPT,,522093.0,,
IND-304,D73,2023-08-01,DEPT,,520388.0,,
IND-304,D73,2023-09-01,DEPT,,523379.0,,
IND-304,D73,2023-10-01,DEPT,,526116.0,,
IND-304,D73,2023-11-01,DEPT,,528182.0,,
IND-304,D73,2023-12-01,DEPT,,531523.0,,
IND-304,D73,2024-01-01,DEPT,,533284.0,,
IND-304,D73,2024-02-01,DEPT,,535827.0,,
IND-304,D73,2024-03-01,DEPT,,538594.0,,
IND-304,D73,2024-04-01,DEPT,,542034.0,,
IND-304,D73,2024-05-01,DEPT,,544544.0,,
IND-304,D73,2024-06-01,DEPT,,541954.0,,
IND-304,D73,2024-07-01,DEPT,,549215.0,,
IND-304,D73,2024-08-01,DEPT,,557041.0,,
IND-304,D73,2024-09-01,DEPT,,558384.0,,
IND-304,D73,2024-10-01,DEPT,,557181.0,,
IND-304,D73,2024-11-01,DEPT,,557499.0,,
IND-304,D73,2024-12-01,DEPT,,559238.0,,
IND-304,D73,2025-01-01,DEPT,,564470.0,,
IND-304,D73,2025-02-01,DEPT,,567750.0,,
IND-304,D73,2025-03-01,DEPT,,571218.0,,
IND-304,D73,2025-04-01,DEPT,,575242.0,,
IND-304,D73,2025-05-01,DEPT,,576046.0,,
IND-304,D73,2025-06-01,DEPT,,575686.0,,
IND-304,D73,2025-07-01,DEPT,,573802.0,,21.61
IND-304,D74,2021-12-01,DEPT,792313.0,792313.0,,
IND-304,D74,2022-01-01,DEPT,,788219.0,,
IND-304,D74,2022-02-01,DEPT,,793742.0,,
IND-304,D74,2022-03-01,DEPT,,799358.0,,
IND-304,D74,2022-04-01,DEPT,,800526.0,,
IND-304,D74,2022-05-01,DEPT,,805038.0,,
IND-304,D74,2022-06-01,DEPT,,808463.0,,
IND-304,D74,2022-07-01,DEPT,,811017.0,,
IND-304,D74,2022-08-01,DEPT,,813815.0,,
IND-304,D74,2022-09-01,DEPT,,815064.0,,
IND-304,D74,2022-10-01,DEPT,,817072.0,,
IND-304,D74,2022-11-01,DEPT,,820305.0,,
IND-304,D74,2022-12-01,DEPT,,824491.0,,
IND-304,D74,2023-01-01,DEPT,,825257.0,,
IND-304,D74,2023-02-01,DEPT,,824332.0,,
IND-304,D74,2023-03-01,DEPT,,817072.0,,
IND-304,D74,2023-04-01,DEPT,,815399.0,,
IND-304,D74,2023-05-01,DEPT,,810918.0,,
IND-304,D74,2023-06-01,DEPT,,810442.0,,
IND-304,D74,2023-07-01,DEPT,,811382.0,,
IND-304,D74,2023-08-01,DEPT,,809811.0,,
IND-304,D74,2023-09-01,DEPT,,814502.0,,
IND-304,D74,2023-10-01,DEPT,,814554.0,,
IND-304,D74,2023-11-01,DEPT,,813986.0,,
IND-304,D74,2023-12-01,DEPT,,815386.0,,
IND-304,D74,2024-01-01,DEPT,,814016.0,,
IND-304,D74,2024-02-01,DEPT,,817071.0,,
IND-304,D74,2024-03-01,DEPT,,819248.0,,
IND-304,D74,2024-04-01,DEPT,,822458.0,,
IND-304,D74,2024-05-01,DEPT,,821579.0,,
IND-304,D74,2024-06-01,DEPT,,820913.0,,
IND-304,D74,2024-07-01,DEPT,,827408.0,,
IND-304,D74,2024-08-01,DEPT,,836724.0,,
IND-304,D74,2024-09-01,DEPT,,835394.0,,
IND-304,D74,2024-10-01,DEPT,,834738.0,,
IND-304,D74,2024-11-01,DEPT,,839044.0,,
IND-304,D74,2024-12-01,DEPT,,848360.0,,
IND-304,D74,2025-01-01,DEPT,,856564.0,,
IND-304,D74,2025-02-01,DEPT,,860294.0,,
IND-304,D74,2025-03-01,DEPT,,868756.0,,
IND-304,D74,2025-04-01,DEPT,,872576.0,,
IND-304,D74,2025-05-01,DEPT,,877981.0,,
IND-304,D74,2025-06-01,DEPT,,884374.0,,
IND-304,D74,2025-07-01,DEPT,,885106.0,,23.42
IND-304,D75,2021-12-01,DEPT,3389385.0,3389385.0,,
IND-304,D75,2022-01-01,DEPT,,3338630.0,,
IND-304,D75,2022-02-01,DEPT,,3304817.0,,
IND-304,D75,2022-03-01,DEPT,,3276901.0,,
IND-304,D75,2022-04-01,DEPT,,3246657.0,,
IND-304,D75,2022-05-01,DEPT,,3265007.0,,
IND-304,D75,2022-06-01,DEPT,,3260360.0,,
IND-304,D75,2022-07-01,DEPT,,3266532.0,,
IND-304,D75,2022-08-01,DEPT,,3299926.0,,
IND-304,D75,2022-09-01,DEPT,,3323816.0,,
IND-304,D75,2022-10-01,DEPT,,3321280.0,,
IND-304,D75,2022-11-01,DEPT,,3322226.0,,
IND-304,D75,2022-12-01,DEPT,,3312488.0,,
IND-304,D75,2023-01-01,DEPT,,3302750.0,,
IND-304,D75,2023-02-01,DEPT,,3284779.0,,
IND-304,D75,2023-03-01,DEPT,,3235705.0,,
IND-304,D75,2023-04-01,DEPT,,3169322.0,,
IND-304,D75,2023-05-01,DEPT,,3096090.0,,
IND-304,D75,2023-06-01,DEPT,,3052048.0,,
IND-304,D75,2023-07-01,DEPT,,2977791.0,,
IND-304,D75,2023-08-01,DEPT,,2853268.0,,
IND-304,D75,2023-09-01,DEPT,,2815599.0,,
IND-304,D75,2023-10-01,DEPT,,2840254.0,,
IND-304,D75,2023-11-01,DEPT,,2844767.0,,
IND-304,D75,2023-12-01,DEPT,,2872899.0,,
IND-304,D75,2024-01-01,DEPT,,2924896.0,,
IND-304,D75,2024-02-01,DEPT,,2975108.0,,
IND-304,D75,2024-03-01,DEPT,,3044507.0,,
IND-304,D75,2024-04-01,DEPT,,3117295.0,,
IND-304,D75,2024-05-01,DEPT,,3179578.0,,
IND-304,D75,2024-06-01,DEPT,,3245750.0,,
IND-304,D75,2024-07-01,DEPT,,3705701.0,,
IND-304,D75,2024-08-01,DEPT,,4246584.0,,
IND-304,D75,2024-09-01,DEPT,,4343697.0,,
IND-304,D75,2024-10-01,DEPT,,4313878.0,,
IND-304,D75,2024-11-01,DEPT,,4309778.0,,
IND-304,D75,2024-12-01,DEPT,,4309534.0,,
IND-304,D75,2025-01-01,DEPT,,4314474.0,,
IND-304,D75,2025-02-01,DEPT,,4300026.0,,
IND-304,D75,2025-03-01,DEPT,,4295299.0,,
IND-304,D75,2025-04-01,DEPT,,4295205.0,,
IND-304,D75,2025-05-01,DEPT,,4305910.0,,
IND-304,D75,2025-06-01,DEPT,,4285460.0,,
IND-304,D75,2025-07-01,DEPT,,3927693.0,,31.76
IND-304,D76,2021-12-01,DEPT,1141916.0,1141916.0,,
IND-304,D76,2022-01-01,DEPT,,1137201.0,,
IND-304,D76,2022-02-01,DEPT,,1139569.0,,
IND-304,D76,2022-03-01,DEPT,,1150324.0,,
IND-304,D76,2022-04-01,DEPT,,1152925.0,,
IND-304,D76,2022-05-01,DEPT,,1162376.0,,
IND-304,D76,2022-06-01,DEPT,,1167412.0,,
IND-304,D76,2022-07-01,DEPT,,1172432.0,,
IND-304,D76,2022-08-01,DEPT,,1185475.0,,
IND-304,D76,2022-09-01,DEPT,,1206208.0,,
IND-304,D76,2022-10-01,DEPT,,1221149.0,,
IND-304,D76,2022-11-01,DEPT,,1236548.0,,
IND-304,D76,2022-12-01,DEPT,,1246495.0,,
IND-304,D76,2023-01-01,DEPT,,1265813.0,,
IND-304,D76,2023-02-01,DEPT,,1274909.0,,
IND-304,D76,2023-03-01,DEPT,,1281614.0,,
IND-304,D76,2023-04-01,DEPT,,1289398.0,,
IND-304,D76,2023-05-01,DEPT,,1300314.0,,
IND-304,D76,2023-06-01,DEPT,,1320160.0,,
IND-304,D76,2023-07-01,DEPT,,1329368.0,,
IND-304,D76,2023-08-01,DEPT,,1328706.0,,
IND-304,D76,2023-09-01,DEPT,,1326968.0,,
IND-304,D76,2023-10-01,DEPT,,1327646.0,,
IND-304,D76,2023-11-01,DEPT,,1325338.0,,
IND-304,D76,2023-12-01,DEPT,,1330120.0,,
IND-304,D76,2024-01-01,DEPT,,1324134.0,,
IND-304,D76,2024-02-01,DEPT,,1326331.0,,
IND-304,D76,2024-03-01,DEPT,,1316894.0,,
IND-304,D76,2024-04-01,DEPT,,1315766.0,,
IND-304,D76,2024-05-01,DEPT,,1305091.0,,
IND-304,D76,2024-06-01,DEPT,,1297886.0,,
IND-304,D76,2024-07-01,DEPT,,1320194.0,,
IND-304,D76,2024-08-01,DEPT,,1339160.0,,
IND-304,D76,2024-09-01,DEPT,,1341972.0,,
IND-304,D76,2024-10-01,DEPT,,1338146.0,,
IND-304,D76,2024-11-01,DEPT,,1341484.0,,
IND-304,D76,2024-12-01,DEPT,,1341313.0,,
IND-304,D76,2025-01-01,DEPT,,1346341.0,,
IND-304,D76,2025-02-01,DEPT,,1339365.0,,
IND-304,D76,2025-03-01,DEPT,,1347529.0,,
IND-304,D76,2025-04-01,DEPT,,1351935.0,,
IND-304,D76,2025-05-01,DEPT,,1361556.0,,
IND-304,D76,2025-06-01,DEPT,,1357120.0,,
IND-304,D76,2025-07-01,DEPT,,1347780.0,,36.06
IND-304,D77,2021-12-01,DEPT,1192390.0,1192390.0,,
IND-304,D77,2022-01-01,DEPT,,1179323.0,,
IND-304,D77,2022-02-01,DEPT,,1166061.0,,
IND-304,D77,2022-03-01,DEPT,,1137406.0,,
IND-304,D77,2022-04-01,DEPT,,1134957.0,,
IND-304,D77,2022-05-01,DEPT,,1139279.0,,
IND-304,D77,2022-06-01,DEPT,,1143703.0,,
IND-304,D77,2022-07-01,DEPT,,1150568.0,,
IND-304,D77,2022-08-01,DEPT,,1156545.0,,
IND-304,D77,2022-09-01,DEPT,,1177399.0,,
IND-304,D77,2022-10-01,DEPT,,1223420.0,,
IND-304,D77,2022-11-01,DEPT,,1268446.0,,
IND-304,D77,2022-12-01,DEPT,,1285014.0,,
IND-304,D77,2023-01-01,DEPT,,1309152.0,,
IND-304,D77,2023-02-01,DEPT,,1319611.0,,
IND-304,D77,2023-03-01,DEPT,,1333061.0,,
IND-304,D77,2023-04-01,DEPT,,1346693.0,,
IND-304,D77,2023-05-01,DEPT,,1355224.0,,
IND-304,D77,2023-06-01,DEPT,,1367328.0,,
IND-304,D77,2023-07-01,DEPT,,1373133.0,,
IND-304,D77,2023-08-01,DEPT,,1356634.0,,
IND-304,D77,2023-09-01,DEPT,,1362145.0,,
IND-304,D77,2023-10-01,DEPT,,1371107.0,,
IND-304,D77,2023-11-01,DEPT,,1374389.0,,
IND-304,D77,2023-12-01,DEPT,,1379766.0,,
IND-304,D77,2024-01-01,DEPT,,1376309.0,,
IND-304,D77,2024-02-01,DEPT,,1378958.0,,
IND-304,D77,2024-03-01,DEPT,,1381604.0,,
IND-304,D77,2024-04-01,DEPT,,1382204.0,,
IND-304,D77,2024-05-01,DEPT,,1383334.0,,
IND-304,D77,2024-06-01,DEPT,,1390532.0,,
IND-304,D77,2024-07-01,DEPT,,1428853.0,,
IND-304,D77,2024-08-01,DEPT,,1469632.0,,
IND-304,D77,2024-09-01,DEPT,,1455938.0,,
IND-304,D77,2024-10-01,DEPT,,1439870.0,,
IND-304,D77,2024-11-01,DEPT,,1437498.0,,
IND-304,D77,2024-12-01,DEPT,,1434676.0,,
IND-304,D77,2025-01-01,DEPT,,1436030.0,,
IND-304,D77,2025-02-01,DEPT,,1430578.0,,
IND-304,D77,2025-03-01,DEPT,,1433506.0,,
IND-304,D77,2025-04-01,DEPT,,1433899.0,,
IND-304,D77,2025-05-01,DEPT,,1436855.0,,
IND-304,D77,2025-06-01,DEPT,,1430688.0,,
IND-304,D77,2025-07-01,DEPT,,1407507.0,,36.08
IND-304,D78,2021-12-01,DEPT,1070982.0,1070982.0,,
IND-304,D78,2022-01-01,DEPT,,1085434.0,,
IND-304,D78,2022-02-01,DEPT,,1096284.0,,
IND-304,D78,2022-03-01,DEPT,,1108229.0,,
IND-304,D78,2022-04-01,DEPT,,1112376.0,,
IND-304,D78,2022-05-01,DEPT,,1126057.0,,
IND-304,D78,2022-06-01,DEPT,,1136353.0,,
IND-304,D78,2022-07-01,DEPT,,1145558.0,,
IND-304,D78,2022-08-01,DEPT,,1157322.0,,
IND-304,D78,2022-09-01,DEPT,,1174064.0,,
IND-304,D78,2022-10-01,DEPT,,1194181.0,,
IND-304,D78,2022-11-01,DEPT,,1211337.0,,
IND-304,D78,2022-12-01,DEPT,,1225124.0,,
IND-304,D78,2023-01-01,DEPT,,1242986.0,,
IND-304,D78,2023-02-01,DEPT,,1249067.0,,
IND-304,D78,2023-03-01,DEPT,,1255722.0,,
IND-304,D78,2023-04-01,DEPT,,1261752.0,,
IND-304,D78,2023-05-01,DEPT,,1264640.0,,
IND-304,D78,2023-06-01,DEPT,,1272552.0,,
IND-304,D78,2023-07-01,DEPT,,1276776.0,,
IND-304,D78,2023-08-01,DEPT,,1256041.0,,
IND-304,D78,2023-09-01,DEPT,,1259936.0,,
IND-304,D78,2023-10-01,DEPT,,1264047.0,,
IND-304,D78,2023-11-01,DEPT,,1265756.0,,
IND-304,D78,2023-12-01,DEPT,,1271048.0,,
IND-304,D78,2024-01-01,DEPT,,1269304.0,,
IND-304,D78,2024-02-01,DEPT,,1280742.0,,
IND-304,D78,2024-03-01,DEPT,,1286104.0,,
IND-304,D78,2024-04-01,DEPT,,1289848.0,,
IND-304,D78,2024-05-01,DEPT,,1288000.0,,
IND-304,D78,2024-06-01,DEPT,,1288367.0,,
IND-304,D78,2024-07-01,DEPT,,1336376.0,,
IND-304,D78,2024-08-01,DEPT,,1406965.0,,
IND-304,D78,2024-09-01,DEPT,,1403449.0,,
IND-304,D78,2024-10-01,DEPT,,1393042.0,,
IND-304,D78,2024-11-01,DEPT,,1392720.0,,
IND-304,D78,2024-12-01,DEPT,,1393591.0,,
IND-304,D78,2025-01-01,DEPT,,1394807.0,,
IND-304,D78,2025-02-01,DEPT,,1385627.0,,
IND-304,D78,2025-03-01,DEPT,,1385567.0,,
IND-304,D78,2025-04-01,DEPT,,1385447.0,,
IND-304,D78,2025-05-01,DEPT,,1386428.0,,
IND-304,D78,2025-06-01,DEPT,,1380938.0,,
IND-304,D78,2025-07-01,DEPT,,1348012.0,,51.73
IND-304,D79,2021-12-01,DEPT,359361.0,359361.0,,
IND-304,D79,2022-01-01,DEPT,,360199.0,,
IND-304,D79,2022-02-01,DEPT,,360479.0,,
IND-304,D79,2022-03-01,DEPT,,366259.0,,
IND-304,D79,2022-04-01,DEPT,,366477.0,,
IND-304,D79,2022-05-01,DEPT,,369410.0,,
IND-304,D79,2022-06-01,DEPT,,369797.0,,
IND-304,D79,2022-07-01,DEPT,,370170.0,,
IND-304,D79,2022-08-01,DEPT,,371599.0,,
IND-304,D79,2022-09-01,DEPT,,374316.0,,
IND-304,D79,2022-10-01,DEPT,,385044.0,,
IND-304,D79,2022-11-01,DEPT,,389508.0,,
IND-304,D79,2022-12-01,DEPT,,393525.0,,
IND-304,D79,2023-01-01,DEPT,,396335.0,,
IND-304,D79,2023-02-01,DEPT,,398316.0,,
IND-304,D79,2023-03-01,DEPT,,409112.0,,
IND-304,D79,2023-04-01,DEPT,,407730.0,,
IND-304,D79,2023-05-01,DEPT,,406796.0,,
IND-304,D79,2023-06-01,DEPT,,409087.0,,
IND-304,D79,2023-07-01,DEPT,,410372.0,,
IND-304,D79,2023-08-01,DEPT,,412346.0,,
IND-304,D79,2023-09-01,DEPT,,414494.0,,
IND-304,D79,2023-10-01,DEPT,,410892.0,,
IND-304,D79,2023-11-01,DEPT,,413530.0,,
IND-304,D79,2023-12-01,DEPT,,415029.0,,
IND-304,D79,2024-01-01,DEPT,,416813.0,,
IND-304,D79,2024-02-01,DEPT,,414881.0,,
IND-304,D79,2024-03-01,DEPT,,398129.0,,
IND-304,D79,2024-04-01,DEPT,,398780.0,,
IND-304,D79,2024-05-01,DEPT,,396154.0,,
IND-304,D79,2024-06-01,DEPT,,393036.0,,
IND-304,D79,2024-07-01,DEPT,,412654.0,,
IND-304,D79,2024-08-01,DEPT,,411579.0,,
IND-304,D79,2024-09-01,DEPT,,405980.0,,
IND-304,D79,2024-10-01,DEPT,,402092.0,,
IND-304,D79,2024-11-01,DEPT,,397776.0,,
IND-304,D79,2024-12-01,DEPT,,393105.0,,
IND-304,D79,2025-01-01,DEPT,,388539.0,,
IND-304,D79,2025-02-01,DEPT,,388219.0,,
IND-304,D79,2025-03-01,DEPT,,387222.0,,
IND-304,D79,2025-04-01,DEPT,,387659.0,,
IND-304,D79,2025-05-01,DEPT,,388690.0,,
IND-304,D79,2025-06-01,DEPT,,390716.0,,
IND-304,D79,2025-07-01,DEPT,,373633.0,,7.94
IND-304,D80,2021-12-01,DEPT,631709.0,631709.0,,
IND-304,D80,2022-01-01,DEPT,,636822.0,,
IND-304,D80,2022-02-01,DEPT,,642018.0,,
IND-304,D80,2022-03-01,DEPT,,648142.0,,
IND-304,D80,2022-04-01,DEPT,,655514.0,,
IND-304,D80,2022-05-01,DEPT,,664407.0,,
IND-304,D80,2022-06-01,DEPT,,670192.0,,
IND-304,D80,2022-07-01,DEPT,,677499.0,,
IND-304,D80,2022-08-01,DEPT,,686526.0,,
IND-304,D80,2022-09-01,DEPT,,698110.0,,
IND-304,D80,2022-10-01,DEPT,,706839.0,,
IND-304,D80,2022-11-01,DEPT,,717273.0,,
IND-304,D80,2022-12-01,DEPT,,724158.0,,
IND-304,D80,2023-01-01,DEPT,,735096.0,,
IND-304,D80,2023-02-01,DEPT,,740272.0,,
IND-304,D80,2023-03-01,DEPT,,744237.0,,
IND-304,D80,2023-04-01,DEPT,,745018.0,,
IND-304,D80,2023-05-01,DEPT,,745328.0,,
IND-304,D80,2023-06-01,DEPT,,746010.0,,
IND-304,D80,2023-07-01,DEPT,,748105.0,,
IND-304,D80,2023-08-01,DEPT,,746719.0,,
IND-304,D80,2023-09-01,DEPT,,745997.0,,
IND-304,D80,2023-10-01,DEPT,,745807.0,,
IND-304,D80,2023-11-01,DEPT,,744694.0,,
IND-304,D80,2023-12-01,DEPT,,744228.0,,
IND-304,D80,2024-01-01,DEPT,,737266.0,,
IND-304,D80,2024-02-01,DEPT,,741651.0,,
IND-304,D80,2024-03-01,DEPT,,736326.0,,
IND-304,D80,2024-04-01,DEPT,,739194.0,,
IND-304,D80,2024-05-01,DEPT,,735913.0,,
IND-304,D80,2024-06-01,DEPT,,740275.0,,
IND-304,D80,2024-07-01,DEPT,,759128.0,,
IND-304,D80,2024-08-01,DEPT,,776613.0,,
IND-304,D80,2024-09-01,DEPT,,782463.0,,
IND-304,D80,2024-10-01,DEPT,,788952.0,,
IND-304,D80,2024-11-01,DEPT,,795016.0,,
IND-304,D80,2024-12-01,DEPT,,799795.0,,
IND-304,D80,2025-01-01,DEPT,,810392.0,,
IND-304,D80,2025-02-01,DEPT,,813272.0,,
IND-304,D80,2025-03-01,DEPT,,824531.0,,
IND-304,D80,2025-04-01,DEPT,,827700.0,,
IND-304,D80,2025-05-01,DEPT,,834965.0,,
IND-304,D80,2025-06-01,DEPT,,836916.0,,
IND-304,D80,2025-07-01,DEPT,,827156.0,,61.88
IND-304,D81,2021-12-01,DEPT,448722.0,448722.0,,
IND-304,D81,2022-01-01,DEPT,,443542.0,,
IND-304,D81,2022-02-01,DEPT,,441727.0,,
IND-304,D81,2022-03-01,DEPT,,437902.0,,
IND-304,D81,2022-04-01,DEPT,,437277.0,,
IND-304,D81,2022-05-01,DEPT,,438114.0,,
IND-304,D81,2022-06-01,DEPT,,438543.0,,
IND-304,D81,2022-07-01,DEPT,,438840.0,,
IND-304,D81,2022-08-01,DEPT,,441493.0,,
IND-304,D81,2022-09-01,DEPT,,446541.0,,
IND-304,D81,2022-10-01,DEPT,,453256.0,,
IND-304,D81,2022-11-01,DEPT,,461668.0,,
IND-304,D81,2022-12-01,DEPT,,468899.0,,
IND-304,D81,2023-01-01,DEPT,,477048.0,,
IND-304,D81,2023-02-01,DEPT,,481857.0,,
IND-304,D81,2023-03-01,DEPT,,487039.0,,
IND-304,D81,2023-04-01,DEPT,,493152.0,,
IND-304,D81,2023-05-01,DEPT,,494581.0,,
IND-304,D81,2023-06-01,DEPT,,497719.0,,
IND-304,D81,2023-07-01,DEPT,,500906.0,,
IND-304,D81,2023-08-01,DEPT,,502186.0,,
IND-304,D81,2023-09-01,DEPT,,504615.0,,
IND-304,D81,2023-10-01,DEPT,,507443.0,,
IND-304,D81,2023-11-01,DEPT,,507473.0,,
IND-304,D81,2023-12-01,DEPT,,508820.0,,
IND-304,D81,2024-01-01,DEPT,,507799.0,,
IND-304,D81,2024-02-01,DEPT,,508206.0,,
IND-304,D81,2024-03-01,DEPT,,506399.0,,
IND-304,D81,2024-04-01,DEPT,,500679.0,,
IND-304,D81,2024-05-01,DEPT,,499394.0,,
IND-304,D81,2024-06-01,DEPT,,502192.0,,
IND-304,D81,2024-07-01,DEPT,,506188.0,,
IND-304,D81,2024-08-01,DEPT,,510890.0,,
IND-304,D81,2024-09-01,DEPT,,505860.0,,
IND-304,D81,2024-10-01,DEPT,,499212.0,,
IND-304,D81,2024-11-01,DEPT,,494218.0,,
IND-304,D81,2024-12-01,DEPT,,488336.0,,
IND-304,D81,2025-01-01,DEPT,,485551.0,,
IND-304,D81,2025-02-01,DEPT,,482122.0,,
IND-304,D81,2025-03-01,DEPT,,482174.0,,
IND-304,D81,2025-04-01,DEPT,,482861.0,,
IND-304,D81,2025-05-01,DEPT,,484091.0,,
IND-304,D81,2025-06-01,DEPT,,476944.0,,
IND-304,D81,2025-07-01,DEPT,,470702.0,,9.8
IND-304,D82,2021-12-01,DEPT,261966.0,261966.0,,
IND-304,D82,2022-01-01,DEPT,,258253.0,,
IND-304,D82,2022-02-01,DEPT,,258627.0,,
IND-304,D82,2022-03-01,DEPT,,258177.0,,
IND-304,D82,2022-04-01,DEPT,,258712.0,,
IND-304,D82,2022-05-01,DEPT,,258923.0,,
IND-304,D82,2022-06-01,DEPT,,260145.0,,
IND-304,D82,2022-07-01,DEPT,,259398.0,,
IND-304,D82,2022-08-01,DEPT,,261658.0,,
IND-304,D82,2022-09-01,DEPT,,263025.0,,
IND-304,D82,2022-10-01,DEPT,,263510.0,,
IND-304,D82,2022-11-01,DEPT,,264132.0,,
IND-304,D82,2022-12-01,DEPT,,264057.0,,
IND-304,D82,2023-01-01,DEPT,,265511.0,,
IND-304,D82,2023-02-01,DEPT,,264850.0,,
IND-304,D82,2023-03-01,DEPT,,266096.0,,
IND-304,D82,2023-04-01,DEPT,,269860.0,,
IND-304,D82,2023-05-01,DEPT,,271909.0,,
IND-304,D82,2023-06-01,DEPT,,272461.0,,
IND-304,D82,2023-07-01,DEPT,,273596.0,,
IND-304,D82,2023-08-01,DEPT,,272694.0,,
IND-304,D82,2023-09-01,DEPT,,273822.0,,
IND-304,D82,2023-10-01,DEPT,,275334.0,,
IND-304,D82,2023-11-01,DEPT,,277468.0,,
IND-304,D82,2023-12-01,DEPT,,278494.0,,
IND-304,D82,2024-01-01,DEPT,,279541.0,,
IND-304,D82,2024-02-01,DEPT,,280596.0,,
IND-304,D82,2024-03-01,DEPT,,280357.0,,
IND-304,D82,2024-04-01,DEPT,,277118.0,,
IND-304,D82,2024-05-01,DEPT,,273686.0,,
IND-304,D82,2024-06-01,DEPT,,270919.0,,
IND-304,D82,2024-07-01,DEPT,,273595.0,,
IND-304,D82,2024-08-01,DEPT,,279630.0,,
IND-304,D82,2024-09-01,DEPT,,280132.0,,
IND-304,D82,2024-10-01,DEPT,,278763.0,,
IND-304,D82,2024-11-01,DEPT,,277184.0,,
IND-304,D82,2024-12-01,DEPT,,276767.0,,
IND-304,D82,2025-01-01,DEPT,,277956.0,,
IND-304,D82,2025-02-01,DEPT,,280290.0,,
IND-304,D82,2025-03-01,DEPT,,281955.0,,
IND-304,D82,2025-04-01,DEPT,,284606.0,,
IND-304,D82,2025-05-01,DEPT,,288603.0,,
IND-304,D82,2025-06-01,DEPT,,291594.0,,
IND-304,D82,2025-07-01,DEPT,,289929.0,,21.35
IND-304,D83,2021-12-01,DEPT,1052724.0,1052724.0,,
IND-304,D83,2022-01-01,DEPT,,1038794.0,,
IND-304,D83,2022-02-01,DEPT,,1027836.0,,
IND-304,D83,2022-03-01,DEPT,,1021855.0,,
IND-304,D83,2022-04-01,DEPT,,1018026.0,,
IND-304,D83,2022-05-01,DEPT,,1023550.0,,
IND-304,D83,2022-06-01,DEPT,,1025394.0,,
IND-304,D83,2022-07-01,DEPT,,1026217.0,,
IND-304,D83,2022-08-01,DEPT,,1030631.0,,
IND-304,D83,2022-09-01,DEPT,,1044502.0,,
IND-304,D83,2022-10-01,DEPT,,1061307.0,,
IND-304,D83,2022-11-01,DEPT,,1082176.0,,
IND-304,D83,2022-12-01,DEPT,,1095394.0,,
IND-304,D83,2023-01-01,DEPT,,1113146.0,,
IND-304,D83,2023-02-01,DEPT,,1122543.0,,
IND-304,D83,2023-03-01,DEPT,,1136235.0,,
IND-304,D83,2023-04-01,DEPT,,1142172.0,,
IND-304,D83,2023-05-01,DEPT,,1145865.0,,
IND-304,D83,2023-06-01,DEPT,,1148996.0,,
IND-304,D83,2023-07-01,DEPT,,1153052.0,,
IND-304,D83,2023-08-01,DEPT,,1155182.0,,
IND-304,D83,2023-09-01,DEPT,,1157029.0,,
IND-304,D83,2023-10-01,DEPT,,1159103.0,,
IND-304,D83,2023-11-01,DEPT,,1162136.0,,
IND-304,D83,2023-12-01,DEPT,,1164700.0,,
IND-304,D83,2024-01-01,DEPT,,1163185.0,,
IND-304,D83,2024-02-01,DEPT,,1170806.0,,
IND-304,D83,2024-03-01,DEPT,,1158435.0,,
IND-304,D83,2024-04-01,DEPT,,1157730.0,,
IND-304,D83,2024-05-01,DEPT,,1152216.0,,
IND-304,D83,2024-06-01,DEPT,,1147038.0,,
IND-304,D83,2024-07-01,DEPT,,1170608.0,,
IND-304,D83,2024-08-01,DEPT,,1193911.0,,
IND-304,D83,2024-09-01,DEPT,,1190964.0,,
IND-304,D83,2024-10-01,DEPT,,1187592.0,,
IND-304,D83,2024-11-01,DEPT,,1182695.0,,
IND-304,D83,2024-12-01,DEPT,,1181815.0,,
IND-304,D83,2025-01-01,DEPT,,1178262.0,,
IND-304,D83,2025-02-01,DEPT,,1170548.0,,
IND-304,D83,2025-03-01,DEPT,,1176716.0,,
IND-304,D83,2025-04-01,DEPT,,1174634.0,,
IND-304,D83,2025-05-01,DEPT,,1178231.0,,
IND-304,D83,2025-06-01,DEPT,,1179744.0,,
IND-304,D83,2025-07-01,DEPT,,1164860.0,,21.3
IND-304,D84,2021-12-01,DEPT,589739.0,589739.0,,
IND-304,D84,2022-01-01,DEPT,,582272.0,,
IND-304,D84,2022-02-01,DEPT,,584697.0,,
IND-304,D84,2022-03-01,DEPT,,586251.0,,
IND-304,D84,2022-04-01,DEPT,,581461.0,,
IND-304,D84,2022-05-01,DEPT,,583812.0,,
IND-304,D84,2022-06-01,DEPT,,587412.0,,
IND-304,D84,2022-07-01,DEPT,,585788.0,,
IND-304,D84,2022-08-01,DEPT,,592936.0,,
IND-304,D84,2022-09-01,DEPT,,602752.0,,
IND-304,D84,2022-10-01,DEPT,,613013.0,,
IND-304,D84,2022-11-01,DEPT,,625708.0,,
IND-304,D84,2022-12-01,DEPT,,635018.0,,
IND-304,D84,2023-01-01,DEPT,,648295.0,,
IND-304,D84,2023-02-01,DEPT,,653072.0,,
IND-304,D84,2023-03-01,DEPT,,656274.0,,
IND-304,D84,2023-04-01,DEPT,,661580.0,,
IND-304,D84,2023-05-01,DEPT,,663336.0,,
IND-304,D84,2023-06-01,DEPT,,669290.0,,
IND-304,D84,2023-07-01,DEPT,,675839.0,,
IND-304,D84,2023-08-01,DEPT,,668634.0,,
IND-304,D84,2023-09-01,DEPT,,668959.0,,
IND-304,D84,2023-10-01,DEPT,,669600.0,,
IND-304,D84,2023-11-01,DEPT,,672328.0,,
IND-304,D84,2023-12-01,DEPT,,670936.0,,
IND-304,D84,2024-01-01,DEPT,,667728.0,,
IND-304,D84,2024-02-01,DEPT,,667519.0,,
IND-304,D84,2024-03-01,DEPT,,666000.0,,
IND-304,D84,2024-04-01,DEPT,,665214.0,,
IND-304,D84,2024-05-01,DEPT,,665537.0,,
IND-304,D84,2024-06-01,DEPT,,667670.0,,
IND-304,D84,2024-07-01,DEPT,,682551.0,,
IND-304,D84,2024-08-01,DEPT,,706403.0,,
IND-304,D84,2024-09-01,DEPT,,707220.0,,
IND-304,D84,2024-10-01,DEPT,,705151.0,,
IND-304,D84,2024-11-01,DEPT,,699494.0,,
IND-304,D84,2024-12-01,DEPT,,700944.0,,
IND-304,D84,2025-01-01,DEPT,,703462.0,,
IND-304,D84,2025-02-01,DEPT,,704064.0,,
IND-304,D84,2025-03-01,DEPT,,707746.0,,
IND-304,D84,2025-04-01,DEPT,,713247.0,,
IND-304,D84,2025-05-01,DEPT,,716143.0,,
IND-304,D84,2025-06-01,DEPT,,715400.0,,
IND-304,D84,2025-07-01,DEPT,,708076.0,,40.13
IND-304,D85,2021-12-01,DEPT,535920.0,535920.0,,
IND-304,D85,2022-01-01,DEPT,,535514.0,,
IND-304,D85,2022-02-01,DEPT,,532044.0,,
IND-304,D85,2022-03-01,DEPT,,530722.0,,
IND-304,D85,2022-04-01,DEPT,,528261.0,,
IND-304,D85,2022-05-01,DEPT,,526018.0,,
IND-304,D85,2022-06-01,DEPT,,523082.0,,
IND-304,D85,2022-07-01,DEPT,,522150.0,,
IND-304,D85,2022-08-01,DEPT,,522662.0,,
IND-304,D85,2022-09-01,DEPT,,527680.0,,
IND-304,D85,2022-10-01,DEPT,,536136.0,,
IND-304,D85,2022-11-01,DEPT,,541506.0,,
IND-304,D85,2022-12-01,DEPT,,546574.0,,
IND-304,D85,2023-01-01,DEPT,,552703.0,,
IND-304,D85,2023-02-01,DEPT,,558287.0,,
IND-304,D85,2023-03-01,DEPT,,562478.0,,
IND-304,D85,2023-04-01,DEPT,,567186.0,,
IND-304,D85,2023-05-01,DEPT,,572855.0,,
IND-304,D85,2023-06-01,DEPT,,577926.0,,
IND-304,D85,2023-07-01,DEPT,,582319.0,,
IND-304,D85,2023-08-01,DEPT,,584575.0,,
IND-304,D85,2023-09-01,DEPT,,584274.0,,
IND-304,D85,2023-10-01,DEPT,,580334.0,,
IND-304,D85,2023-11-01,DEPT,,581777.0,,
IND-304,D85,2023-12-01,DEPT,,579867.0,,
IND-304,D85,2024-01-01,DEPT,,580791.0,,
IND-304,D85,2024-02-01,DEPT,,584092.0,,
IND-304,D85,2024-03-01,DEPT,,582375.0,,
IND-304,D85,2024-04-01,DEPT,,584132.0,,
IND-304,D85,2024-05-01,DEPT,,581814.0,,
IND-304,D85,2024-06-01,DEPT,,582669.0,,
IND-304,D85,2024-07-01,DEPT,,596757.0,,
IND-304,D85,2024-08-01,DEPT,,612234.0,,
IND-304,D85,2024-09-01,DEPT,,615602.0,,
IND-304,D85,2024-10-01,DEPT,,617695.0,,
IND-304,D85,2024-11-01,DEPT,,620905.0,,
IND-304,D85,2024-12-01,DEPT,,624044.0,,
IND-304,D85,2025-01-01,DEPT,,620633.0,,
IND-304,D85,2025-02-01,DEPT,,616394.0,,
IND-304,D85,2025-03-01,DEPT,,616254.0,,
IND-304,D85,2025-04-01,DEPT,,614771.0,,
IND-304,D85,2025-05-01,DEPT,,617175.0,,
IND-304,D85,2025-06-01,DEPT,,615632.0,,
IND-304,D85,2025-07-01,DEPT,,608249.0,,26.99
IND-304,D86,2021-12-01,DEPT,435560.0,435560.0,,
IND-304,D86,2022-01-01,DEPT,,431788.0,,
IND-304,D86,2022-02-01,DEPT,,430892.0,,
IND-304,D86,2022-03-01,DEPT,,436722.0,,
IND-304,D86,2022-04-01,DEPT,,437080.0,,
IND-304,D86,2022-05-01,DEPT,,441230.0,,
IND-304,D86,2022-06-01,DEPT,,442412.0,,
IND-304,D86,2022-07-01,DEPT,,444821.0,,
IND-304,D86,2022-08-01,DEPT,,447506.0,,
IND-304,D86,2022-09-01,DEPT,,450636.0,,
IND-304,D86,2022-10-01,DEPT,,453926.0,,
IND-304,D86,2022-11-01,DEPT,,457553.0,,
IND-304,D86,2022-12-01,DEPT,,456752.0,,
IND-304,D86,2023-01-01,DEPT,,458383.0,,
IND-304,D86,2023-02-01,DEPT,,459554.0,,
IND-304,D86,2023-03-01,DEPT,,459233.0,,
IND-304,D86,2023-04-01,DEPT,,457897.0,,
IND-304,D86,2023-05-01,DEPT,,455169.0,,
IND-304,D86,2023-06-01,DEPT,,454554.0,,
IND-304,D86,2023-07-01,DEPT,,458536.0,,
IND-304,D86,2023-08-01,DEPT,,460622.0,,
IND-304,D86,2023-09-01,DEPT,,464234.0,,
IND-304,D86,2023-10-01,DEPT,,465402.0,,
IND-304,D86,2023-11-01,DEPT,,467418.0,,
IND-304,D86,2023-12-01,DEPT,,471256.0,,
IND-304,D86,2024-01-01,DEPT,,474162.0,,
IND-304,D86,2024-02-01,DEPT,,475771.0,,
IND-304,D86,2024-03-01,DEPT,,473150.0,,
IND-304,D86,2024-04-01,DEPT,,472685.0,,
IND-304,D86,2024-05-01,DEPT,,474068.0,,
IND-304,D86,2024-06-01,DEPT,,471496.0,,
IND-304,D86,2024-07-01,DEPT,,481138.0,,
IND-304,D86,2024-08-01,DEPT,,479208.0,,
IND-304,D86,2024-09-01,DEPT,,475696.0,,
IND-304,D86,2024-10-01,DEPT,,472326.0,,
IND-304,D86,2024-11-01,DEPT,,468306.0,,
IND-304,D86,2024-12-01,DEPT,,462762.0,,
IND-304,D86,2025-01-01,DEPT,,457718.0,,
IND-304,D86,2025-02-01,DEPT,,455672.0,,
IND-304,D86,2025-03-01,DEPT,,456669.0,,
IND-304,D86,2025-04-01,DEPT,,459533.0,,
IND-304,D86,2025-05-01,DEPT,,462339.0,,
IND-304,D86,2025-06-01,DEPT,,465580.0,,
IND-304,D86,2025-07-01,DEPT,,458884.0,,10.71
IND-304,D87,2021-12-01,DEPT,408056.0,408056.0,,
IND-304,D87,2022-01-01,DEPT,,405962.0,,
IND-304,D87,2022-02-01,DEPT,,401954.0,,
IND-304,D87,2022-03-01,DEPT,,401042.0,,
IND-304,D87,2022-04-01,DEPT,,401129.0,,
IND-304,D87,2022-05-01,DEPT,,403829.0,,
IND-304,D87,2022-06-01,DEPT,,405444.0,,
IND-304,D87,2022-07-01,DEPT,,409140.0,,
IND-304,D87,2022-08-01,DEPT,,412590.0,,
IND-304,D87,2022-09-01,DEPT,,415070.0,,
IND-304,D87,2022-10-01,DEPT,,420514.0,,
IND-304,D87,2022-11-01,DEPT,,428549.0,,
IND-304,D87,2022-12-01,DEPT,,431880.0,,
IND-304,D87,2023-01-01,DEPT,,439012.0,,
IND-304,D87,2023-02-01,DEPT,,445657.0,,
IND-304,D87,2023-03-01,DEPT,,450758.0,,
IND-304,D87,2023-04-01,DEPT,,451789.0,,
IND-304,D87,2023-05-01,DEPT,,453063.0,,
IND-304,D87,2023-06-01,DEPT,,454766.0,,
IND-304,D87,2023-07-01,DEPT,,459749.0,,
IND-304,D87,2023-08-01,DEPT,,459940.0,,
IND-304,D87,2023-09-01,DEPT,,462790.0,,
IND-304,D87,2023-10-01,DEPT,,463285.0,,
IND-304,D87,2023-11-01,DEPT,,460945.0,,
IND-304,D87,2023-12-01,DEPT,,461987.0,,
IND-304,D87,2024-01-01,DEPT,,460925.0,,
IND-304,D87,2024-02-01,DEPT,,461478.0,,
IND-304,D87,2024-03-01,DEPT,,457419.0,,
IND-304,D87,2024-04-01,DEPT,,457813.0,,
IND-304,D87,2024-05-01,DEPT,,454308.0,,
IND-304,D87,2024-06-01,DEPT,,452994.0,,
IND-304,D87,2024-07-01,DEPT,,453047.0,,
IND-304,D87,2024-08-01,DEPT,,456442.0,,
IND-304,D87,2024-09-01,DEPT,,452366.0,,
IND-304,D87,2024-10-01,DEPT,,450861.0,,
IND-304,D87,2024-11-01,DEPT,,451226.0,,
IND-304,D87,2024-12-01,DEPT,,447662.0,,
IND-304,D87,2025-01-01,DEPT,,444649.0,,
IND-304,D87,2025-02-01,DEPT,,442658.0,,
IND-304,D87,2025-03-01,DEPT,,440077.0,,
IND-304,D87,2025-04-01,DEPT,,439256.0,,
IND-304,D87,2025-05-01,DEPT,,437830.0,,
IND-304,D87,2025-06-01,DEPT,,436506.0,,
IND-304,D87,2025-07-01,DEPT,,433750.0,,12.59
IND-304,D88,2021-12-01,DEPT,409984.0,409984.0,,
IND-304,D88,2022-01-01,DEPT,,408167.0,,
IND-304,D88,2022-02-01,DEPT,,406440.0,,
IND-304,D88,2022-03-01,DEPT,,403489.0,,
IND-304,D88,2022-04-01,DEPT,,401732.0,,
IND-304,D88,2022-05-01,DEPT,,403048.0,,
IND-304,D88,2022-06-01,DEPT,,404315.0,,
IND-304,D88,2022-07-01,DEPT,,409309.0,,
IND-304,D88,2022-08-01,DEPT,,412686.0,,
IND-304,D88,2022-09-01,DEPT,,416403.0,,
IND-304,D88,2022-10-01,DEPT,,418630.0,,
IND-304,D88,2022-11-01,DEPT,,421072.0,,
IND-304,D88,2022-12-01,DEPT,,424943.0,,
IND-304,D88,2023-01-01,DEPT,,429920.0,,
IND-304,D88,2023-02-01,DEPT,,432013.0,,
IND-304,D88,2023-03-01,DEPT,,434013.0,,
IND-304,D88,2023-04-01,DEPT,,432143.0,,
IND-304,D88,2023-05-01,DEPT,,431550.0,,
IND-304,D88,2023-06-01,DEPT,,431246.0,,
IND-304,D88,2023-07-01,DEPT,,428648.0,,
IND-304,D88,2023-08-01,DEPT,,425440.0,,
IND-304,D88,2023-09-01,DEPT,,423656.0,,
IND-304,D88,2023-10-01,DEPT,,426013.0,,
IND-304,D88,2023-11-01,DEPT,,430022.0,,
IND-304,D88,2023-12-01,DEPT,,430157.0,,
IND-304,D88,2024-01-01,DEPT,,428864.0,,
IND-304,D88,2024-02-01,DEPT,,431849.0,,
IND-304,D88,2024-03-01,DEPT,,430499.0,,
IND-304,D88,2024-04-01,DEPT,,434557.0,,
IND-304,D88,2024-05-01,DEPT,,434236.0,,
IND-304,D88,2024-06-01,DEPT,,437571.0,,
IND-304,D88,2024-07-01,DEPT,,444304.0,,
IND-304,D88,2024-08-01,DEPT,,451841.0,,
IND-304,D88,2024-09-01,DEPT,,451636.0,,
IND-304,D88,2024-10-01,DEPT,,449987.0,,
IND-304,D88,2024-11-01,DEPT,,447320.0,,
IND-304,D88,2024-12-01,DEPT,,446016.0,,
IND-304,D88,2025-01-01,DEPT,,446406.0,,
IND-304,D88,2025-02-01,DEPT,,440808.0,,
IND-304,D88,2025-03-01,DEPT,,439772.0,,
IND-304,D88,2025-04-01,DEPT,,439789.0,,
IND-304,D88,2025-05-01,DEPT,,441175.0,,
IND-304,D88,2025-06-01,DEPT,,439639.0,,
IND-304,D88,2025-07-01,DEPT,,434768.0,,12.09
IND-304,D89,2021-12-01,DEPT,427391.0,427391.0,,
IND-304,D89,2022-01-01,DEPT,,429463.0,,
IND-304,D89,2022-02-01,DEPT,,432828.0,,
IND-304,D89,2022-03-01,DEPT,,435458.0,,
IND-304,D89,2022-04-01,DEPT,,436918.0,,
IND-304,D89,2022-05-01,DEPT,,441432.0,,
IND-304,D89,2022-06-01,DEPT,,445190.0,,
IND-304,D89,2022-07-01,DEPT,,450729.0,,
IND-304,D89,2022-08-01,DEPT,,456985.0,,
IND-304,D89,2022-09-01,DEPT,,464490.0,,
IND-304,D89,2022-10-01,DEPT,,470996.0,,
IND-304,D89,2022-11-01,DEPT,,476887.0,,
IND-304,D89,2022-12-01,DEPT,,481813.0,,
IND-304,D89,2023-01-01,DEPT,,488674.0,,
IND-304,D89,2023-02-01,DEPT,,491624.0,,
IND-304,D89,2023-03-01,DEPT,,493644.0,,
IND-304,D89,2023-04-01,DEPT,,495926.0,,
IND-304,D89,2023-05-01,DEPT,,495270.0,,
IND-304,D89,2023-06-01,DEPT,,498282.0,,
IND-304,D89,2023-07-01,DEPT,,500756.0,,
IND-304,D89,2023-08-01,DEPT,,501498.0,,
IND-304,D89,2023-09-01,DEPT,,505559.0,,
IND-304,D89,2023-10-01,DEPT,,506636.0,,
IND-304,D89,2023-11-01,DEPT,,510508.0,,
IND-304,D89,2023-12-01,DEPT,,512874.0,,
IND-304,D89,2024-01-01,DEPT,,512044.0,,
IND-304,D89,2024-02-01,DEPT,,514624.0,,
IND-304,D89,2024-03-01,DEPT,,515249.0,,
IND-304,D89,2024-04-01,DEPT,,516547.0,,
IND-304,D89,2024-05-01,DEPT,,514735.0,,
IND-304,D89,2024-06-01,DEPT,,512332.0,,
IND-304,D89,2024-07-01,DEPT,,519990.0,,
IND-304,D89,2024-08-01,DEPT,,527996.0,,
IND-304,D89,2024-09-01,DEPT,,523360.0,,
IND-304,D89,2024-10-01,DEPT,,521784.0,,
IND-304,D89,2024-11-01,DEPT,,518748.0,,
IND-304,D89,2024-12-01,DEPT,,516364.0,,
IND-304,D89,2025-01-01,DEPT,,512678.0,,
IND-304,D89,2025-02-01,DEPT,,510168.0,,
IND-304,D89,2025-03-01,DEPT,,508844.0,,
IND-304,D89,2025-04-01,DEPT,,508442.0,,
IND-304,D89,2025-05-01,DEPT,,512412.0,,
IND-304,D89,2025-06-01,DEPT,,514614.0,,
IND-304,D89,2025-07-01,DEPT,,508098.0,,37.77
IND-304,D90,2021-12-01,DEPT,145580.0,145580.0,,
IND-304,D90,2022-01-01,DEPT,,145664.0,,
IND-304,D90,2022-02-01,DEPT,,146220.0,,
IND-304,D90,2022-03-01,DEPT,,147941.0,,
IND-304,D90,2022-04-01,DEPT,,148863.0,,
IND-304,D90,2022-05-01,DEPT,,150353.0,,
IND-304,D90,2022-06-01,DEPT,,150343.0,,
IND-304,D90,2022-07-01,DEPT,,150172.0,,
IND-304,D90,2022-08-01,DEPT,,149642.0,,
IND-304,D90,2022-09-01,DEPT,,149921.0,,
IND-304,D90,2022-10-01,DEPT,,148494.0,,
IND-304,D90,2022-11-01,DEPT,,146668.0,,
IND-304,D90,2022-12-01,DEPT,,146248.0,,
IND-304,D90,2023-01-01,DEPT,,145762.0,,
IND-304,D90,2023-02-01,DEPT,,144935.0,,
IND-304,D90,2023-03-01,DEPT,,143766.0,,
IND-304,D90,2023-04-01,DEPT,,142702.0,,
IND-304,D90,2023-05-01,DEPT,,141587.0,,
IND-304,D90,2023-06-01,DEPT,,141538.0,,
IND-304,D90,2023-07-01,DEPT,,141950.0,,
IND-304,D90,2023-08-01,DEPT,,143860.0,,
IND-304,D90,2023-09-01,DEPT,,146034.0,,
IND-304,D90,2023-10-01,DEPT,,148936.0,,
IND-304,D90,2023-11-01,DEPT,,150700.0,,
IND-304,D90,2023-12-01,DEPT,,152296.0,,
IND-304,D90,2024-01-01,DEPT,,154648.0,,
IND-304,D90,2024-02-01,DEPT,,156784.0,,
IND-304,D90,2024-03-01,DEPT,,157453.0,,
IND-304,D90,2024-04-01,DEPT,,158022.0,,
IND-304,D90,2024-05-01,DEPT,,159105.0,,
IND-304,D90,2024-06-01,DEPT,,160129.0,,
IND-304,D90,2024-07-01,DEPT,,163596.0,,
IND-304,D90,2024-08-01,DEPT,,165072.0,,
IND-304,D90,2024-09-01,DEPT,,163340.0,,
IND-304,D90,2024-10-01,DEPT,,162303.0,,
IND-304,D90,2024-11-01,DEPT,,162459.0,,
IND-304,D90,2024-12-01,DEPT,,162598.0,,
IND-304,D90,2025-01-01,DEPT,,162355.0,,
IND-304,D90,2025-02-01,DEPT,,162700.0,,
IND-304,D90,2025-03-01,DEPT,,163701.0,,
IND-304,D90,2025-04-01,DEPT,,164941.0,,
IND-304,D90,2025-05-01,DEPT,,165493.0,,
IND-304,D90,2025-06-01,DEPT,,165936.0,,
IND-304,D90,2025-07-01,DEPT,,166238.0,,28.38
IND-304,D91,2021-12-01,DEPT,1105761.0,1105761.0,,
IND-304,D91,2022-01-01,DEPT,,1111555.0,,
IND-304,D91,2022-02-01,DEPT,,1114694.0,,
IND-304,D91,2022-03-01,DEPT,,1115351.0,,
IND-304,D91,2022-04-01,DEPT,,1120844.0,,
IND-304,D91,2022-05-01,DEPT,,1126156.0,,
IND-304,D91,2022-06-01,DEPT,,1134807.0,,
IND-304,D91,2022-07-01,DEPT,,1139026.0,,
IND-304,D91,2022-08-01,DEPT,,1143717.0,,
IND-304,D91,2022-09-01,DEPT,,1161923.0,,
IND-304,D91,2022-10-01,DEPT,,1178442.0,,
IND-304,D91,2022-11-01,DEPT,,1191270.0,,
IND-304,D91,2022-12-01,DEPT,,1200136.0,,
IND-304,D91,2023-01-01,DEPT,,1213585.0,,
IND-304,D91,2023-02-01,DEPT,,1217577.0,,
IND-304,D91,2023-03-01,DEPT,,1221592.0,,
IND-304,D91,2023-04-01,DEPT,,1221936.0,,
IND-304,D91,2023-05-01,DEPT,,1227581.0,,
IND-304,D91,2023-06-01,DEPT,,1230082.0,,
IND-304,D91,2023-07-01,DEPT,,1225582.0,,
IND-304,D91,2023-08-01,DEPT,,1210985.0,,
IND-304,D91,2023-09-01,DEPT,,1209369.0,,
IND-304,D91,2023-10-01,DEPT,,1209038.0,,
IND-304,D91,2023-11-01,DEPT,,1205604.0,,
IND-304,D91,2023-12-01,DEPT,,1204589.0,,
IND-304,D91,2024-01-01,DEPT,,1199424.0,,
IND-304,D91,2024-02-01,DEPT,,1197608.0,,
IND-304,D91,2024-03-01,DEPT,,1194073.0,,
IND-304,D91,2024-04-01,DEPT,,1186288.0,,
IND-304,D91,2024-05-01,DEPT,,1173274.0,,
IND-304,D91,2024-06-01,DEPT,,1165242.0,,
IND-304,D91,2024-07-01,DEPT,,1180514.0,,
IND-304,D91,2024-08-01,DEPT,,1197012.0,,
IND-304,D91,2024-09-01,DEPT,,1180386.0,,
IND-304,D91,2024-10-01,DEPT,,1163990.0,,
IND-304,D91,2024-11-01,DEPT,,1154330.0,,
IND-304,D91,2024-12-01,DEPT,,1151640.0,,
IND-304,D91,2025-01-01,DEPT,,1149283.0,,
IND-304,D91,2025-02-01,DEPT,,1142398.0,,
IND-304,D91,2025-03-01,DEPT,,1141174.0,,
IND-304,D91,2025-04-01,DEPT,,1140697.0,,
IND-304,D91,2025-05-01,DEPT,,1145408.0,,
IND-304,D91,2025-06-01,DEPT,,1148580.0,,
IND-304,D91,2025-07-01,DEPT,,1146476.0,,7.36
IND-304,D92,2021-12-01,DEPT,1180485.0,1180485.0,,
IND-304,D92,2022-01-01,DEPT,,1160220.0,,
IND-304,D92,2022-02-01,DEPT,,1150022.0,,
IND-304,D92,2022-03-01,DEPT,,1139980.0,,
IND-304,D92,2022-04-01,DEPT,,1139067.0,,
IND-304,D92,2022-05-01,DEPT,,1137624.0,,
IND-304,D92,2022-06-01,DEPT,,1135883.0,,
IND-304,D92,2022-07-01,DEPT,,1135760.0,,
IND-304,D92,2022-08-01,DEPT,,1142061.0,,
IND-304,D92,2022-09-01,DEPT,,1153131.0,,
IND-304,D92,2022-10-01,DEPT,,1157724.0,,
IND-304,D92,2022-11-01,DEPT,,1164182.0,,
IND-304,D92,2022-12-01,DEPT,,1170382.0,,
IND-304,D92,2023-01-01,DEPT,,1188044.0,,
IND-304,D92,2023-02-01,DEPT,,1192767.0,,
IND-304,D92,2023-03-01,DEPT,,1192471.0,,
IND-304,D92,2023-04-01,DEPT,,1185848.0,,
IND-304,D92,2023-05-01,DEPT,,1182947.0,,
IND-304,D92,2023-06-01,DEPT,,1184639.0,,
IND-304,D92,2023-07-01,DEPT,,1172077.0,,
IND-304,D92,2023-08-01,DEPT,,1127481.0,,
IND-304,D92,2023-09-01,DEPT,,1121946.0,,
IND-304,D92,2023-10-01,DEPT,,1133244.0,,
IND-304,D92,2023-11-01,DEPT,,1130826.0,,
IND-304,D92,2023-12-01,DEPT,,1130292.0,,
IND-304,D92,2024-01-01,DEPT,,1129495.0,,
IND-304,D92,2024-02-01,DEPT,,1132270.0,,
IND-304,D92,2024-03-01,DEPT,,1132061.0,,
IND-304,D92,2024-04-01,DEPT,,1134014.0,,
IND-304,D92,2024-05-01,DEPT,,1134246.0,,
IND-304,D92,2024-06-01,DEPT,,1187388.0,,
IND-304,D92,2024-07-01,DEPT,,2405449.0,,
IND-304,D92,2024-08-01,DEPT,,3867255.0,,
IND-304,D92,2024-09-01,DEPT,,4166704.0,,
IND-304,D92,2024-10-01,DEPT,,4146473.0,,
IND-304,D92,2024-11-01,DEPT,,4143648.0,,
IND-304,D92,2024-12-01,DEPT,,4146101.0,,
IND-304,D92,2025-01-01,DEPT,,4150450.0,,
IND-304,D92,2025-02-01,DEPT,,4150578.0,,
IND-304,D92,2025-03-01,DEPT,,4154884.0,,
IND-304,D92,2025-04-01,DEPT,,4159404.0,,
IND-304,D92,2025-05-01,DEPT,,4166475.0,,
IND-304,D92,2025-06-01,DEPT,,4116682.0,,
IND-304,D92,2025-07-01,DEPT,,2925188.0,,100.0
IND-304,D93,2021-12-01,DEPT,1692484.0,1692484.0,,
IND-304,D93,2022-01-01,DEPT,,1678398.0,,
IND-304,D93,2022-02-01,DEPT,,1675063.0,,
IND-304,D93,2022-03-01,DEPT,,1671419.0,,
IND-304,D93,2022-04-01,DEPT,,1666619.0,,
IND-304,D93,2022-05-01,DEPT,,1660596.0,,
IND-304,D93,2022-06-01,DEPT,,1654342.0,,
IND-304,D93,2022-07-01,DEPT,,1651195.0,,
IND-304,D93,2022-08-01,DEPT,,1651798.0,,
IND-304,D93,2022-09-01,DEPT,,1662928.0,,
IND-304,D93,2022-10-01,DEPT,,1667819.0,,
IND-304,D93,2022-11-01,DEPT,,1674966.0,,
IND-304,D93,2022-12-01,DEPT,,1685243.0,,
IND-304,D93,2023-01-01,DEPT,,1709922.0,,
IND-304,D93,2023-02-01,DEPT,,1711537.0,,
IND-304,D93,2023-03-01,DEPT,,1709551.0,,
IND-304,D93,2023-04-01,DEPT,,1701840.0,,
IND-304,D93,2023-05-01,DEPT,,1699303.0,,
IND-304,D93,2023-06-01,DEPT,,1701130.0,,
IND-304,D93,2023-07-01,DEPT,,1682061.0,,
IND-304,D93,2023-08-01,DEPT,,1642243.0,,
IND-304,D93,2023-09-01,DEPT,,1639121.0,,
IND-304,D93,2023-10-01,DEPT,,1646901.0,,
IND-304,D93,2023-11-01,DEPT,,1639195.0,,
IND-304,D93,2023-12-01,DEPT,,1634570.0,,
IND-304,D93,2024-01-01,DEPT,,1629045.0,,
IND-304,D93,2024-02-01,DEPT,,1630368.0,,
IND-304,D93,2024-03-01,DEPT,,1630375.0,,
IND-304,D93,2024-04-01,DEPT,,1628542.0,,
IND-304,D93,2024-05-01,DEPT,,1622682.0,,
IND-304,D93,2024-06-01,DEPT,,1624437.0,,
IND-304,D93,2024-07-01,DEPT,,1896165.0,,
IND-304,D93,2024-08-01,DEPT,,2241620.0,,
IND-304,D93,2024-09-01,DEPT,,2255976.0,,
IND-304,D93,2024-10-01,DEPT,,2232789.0,,
IND-304,D93,2024-11-01,DEPT,,2228342.0,,
IND-304,D93,2024-12-01,DEPT,,2230285.0,,
IND-304,D93,2025-01-01,DEPT,,2226164.0,,
IND-304,D93,2025-02-01,DEPT,,2217879.0,,
IND-304,D93,2025-03-01,DEPT,,2218574.0,,
IND-304,D93,2025-04-01,DEPT,,2219277.0,,
IND-304,D93,2025-05-01,DEPT,,2225715.0,,
IND-304,D93,2025-06-01,DEPT,,2220358.0,,
IND-304,D93,2025-07-01,DEPT,,1980876.0,,34.08
IND-304,D94,2021-12-01,DEPT,1291833.0,1291833.0,,
IND-304,D94,2022-01-01,DEPT,,1293076.0,,
IND-304,D94,2022-02-01,DEPT,,1293013.0,,
IND-304,D94,2022-03-01,DEPT,,1294682.0,,
IND-304,D94,2022-04-01,DEPT,,1295072.0,,
IND-304,D94,2022-05-01,DEPT,,1304534.0,,
IND-304,D94,2022-06-01,DEPT,,1300060.0,,
IND-304,D94,2022-07-01,DEPT,,1301567.0,,
IND-304,D94,2022-08-01,DEPT,,1309007.0,,
IND-304,D94,2022-09-01,DEPT,,1320754.0,,
IND-304,D94,2022-10-01,DEPT,,1323666.0,,
IND-304,D94,2022-11-01,DEPT,,1332779.0,,
IND-304,D94,2022-12-01,DEPT,,1336922.0,,
IND-304,D94,2023-01-01,DEPT,,1349646.0,,
IND-304,D94,2023-02-01,DEPT,,1350001.0,,
IND-304,D94,2023-03-01,DEPT,,1347946.0,,
IND-304,D94,2023-04-01,DEPT,,1345925.0,,
IND-304,D94,2023-05-01,DEPT,,1341662.0,,
IND-304,D94,2023-06-01,DEPT,,1343969.0,,
IND-304,D94,2023-07-01,DEPT,,1333826.0,,
IND-304,D94,2023-08-01,DEPT,,1305281.0,,
IND-304,D94,2023-09-01,DEPT,,1300450.0,,
IND-304,D94,2023-10-01,DEPT,,1311429.0,,
IND-304,D94,2023-11-01,DEPT,,1307351.0,,
IND-304,D94,2023-12-01,DEPT,,1310798.0,,
IND-304,D94,2024-01-01,DEPT,,1313540.0,,
IND-304,D94,2024-02-01,DEPT,,1318119.0,,
IND-304,D94,2024-03-01,DEPT,,1320083.0,,
IND-304,D94,2024-04-01,DEPT,,1320341.0,,
IND-304,D94,2024-05-01,DEPT,,1318888.0,,
IND-304,D94,2024-06-01,DEPT,,1325611.0,,
IND-304,D94,2024-07-01,DEPT,,1552048.0,,
IND-304,D94,2024-08-01,DEPT,,1843380.0,,
IND-304,D94,2024-09-01,DEPT,,1859664.0,,
IND-304,D94,2024-10-01,DEPT,,1845899.0,,
IND-304,D94,2024-11-01,DEPT,,1838449.0,,
IND-304,D94,2024-12-01,DEPT,,1843158.0,,
IND-304,D94,2025-01-01,DEPT,,1842085.0,,
IND-304,D94,2025-02-01,DEPT,,1838384.0,,
IND-304,D94,2025-03-01,DEPT,,1842422.0,,
IND-304,D94,2025-04-01,DEPT,,1846248.0,,
IND-304,D94,2025-05-01,DEPT,,1854270.0,,
IND-304,D94,2025-06-01,DEPT,,1850153.0,,
IND-304,D94,2025-07-01,DEPT,,1649273.0,,55.34
IND-304,D95,2021-12-01,DEPT,1003740.0,1003740.0,,
IND-304,D95,2022-01-01,DEPT,,994111.0,,
IND-304,D95,2022-02-01,DEPT,,990980.0,,
IND-304,D95,2022-03-01,DEPT,,988832.0,,
IND-304,D95,2022-04-01,DEPT,,993490.0,,
IND-304,D95,2022-05-01,DEPT,,1003882.0,,
IND-304,D95,2022-06-01,DEPT,,1016165.0,,
IND-304,D95,2022-07-01,DEPT,,1027831.0,,
IND-304,D95,2022-08-01,DEPT,,1036960.0,,
IND-304,D95,2022-09-01,DEPT,,1051660.0,,
IND-304,D95,2022-10-01,DEPT,,1064520.0,,
IND-304,D95,2022-11-01,DEPT,,1073521.0,,
IND-304,D95,2022-12-01,DEPT,,1081564.0,,
IND-304,D95,2023-01-01,DEPT,,1094984.0,,
IND-304,D95,2023-02-01,DEPT,,1103932.0,,
IND-304,D95,2023-03-01,DEPT,,1108911.0,,
IND-304,D95,2023-04-01,DEPT,,1111616.0,,
IND-304,D95,2023-05-01,DEPT,,1111585.0,,
IND-304,D95,2023-06-01,DEPT,,1114604.0,,
IND-304,D95,2023-07-01,DEPT,,1112992.0,,
IND-304,D95,2023-08-01,DEPT,,1105202.0,,
IND-304,D95,2023-09-01,DEPT,,1115607.0,,
IND-304,D95,2023-10-01,DEPT,,1131598.0,,
IND-304,D95,2023-11-01,DEPT,,1141880.0,,
IND-304,D95,2023-12-01,DEPT,,1151463.0,,
IND-304,D95,2024-01-01,DEPT,,1154701.0,,
IND-304,D95,2024-02-01,DEPT,,1161440.0,,
IND-304,D95,2024-03-01,DEPT,,1166940.0,,
IND-304,D95,2024-04-01,DEPT,,1167535.0,,
IND-304,D95,2024-05-01,DEPT,,1166780.0,,
IND-304,D95,2024-06-01,DEPT,,1170002.0,,
IND-304,D95,2024-07-01,DEPT,,1193285.0,,
IND-304,D95,2024-08-01,DEPT,,1217251.0,,
IND-304,D95,2024-09-01,DEPT,,1205948.0,,
IND-304,D95,2024-10-01,DEPT,,1198071.0,,
IND-304,D95,2024-11-01,DEPT,,1195142.0,,
IND-304,D95,2024-12-01,DEPT,,1196521.0,,
IND-304,D95,2025-01-01,DEPT,,1199549.0,,
IND-304,D95,2025-02-01,DEPT,,1196025.0,,
IND-304,D95,2025-03-01,DEPT,,1197566.0,,
IND-304,D95,2025-04-01,DEPT,,1206258.0,,
IND-304,D95,2025-05-01,DEPT,,1215509.0,,
IND-304,D95,2025-06-01,DEPT,,1216883.0,,
IND-304,D95,2025-07-01,DEPT,,1208441.0,,40.79
IND-304,D971,2021-12-01,DEPT,538032.0,538032.0,,
IND-304,D971,2022-01-01,DEPT,,530084.0,,
IND-304,D971,2022-02-01,DEPT,,530395.0,,
IND-304,D971,2022-03-01,DEPT,,526758.0,,
IND-304,D971,2022-04-01,DEPT,,520026.0,,
IND-304,D971,2022-05-01,DEPT,,516338.0,,
IND-304,D971,2022-06-01,DEPT,,512600.0,,
IND-304,D971,2022-07-01,DEPT,,513802.0,,
IND-304,D971,2022-08-01,DEPT,,510425.0,,
IND-304,D971,2022-09-01,DEPT,,511802.0,,
IND-304,D971,2022-10-01,DEPT,,516973.0,,
IND-304,D971,2022-11-01,DEPT,,521655.0,,
IND-304,D971,2022-12-01,DEPT,,520977.0,,
IND-304,D971,2023-01-01,DEPT,,531552.0,,
IND-304,D971,2023-02-01,DEPT,,532118.0,,
IND-304,D971,2023-03-01,DEPT,,536888.0,,
IND-304,D971,2023-04-01,DEPT,,539315.0,,
IND-304,D971,2023-05-01,DEPT,,540063.0,,
IND-304,D971,2023-06-01,DEPT,,544483.0,,
IND-304,D971,2023-07-01,DEPT,,545677.0,,
IND-304,D971,2023-08-01,DEPT,,547377.0,,
IND-304,D971,2023-09-01,DEPT,,548254.0,,
IND-304,D971,2023-10-01,DEPT,,550160.0,,
IND-304,D971,2023-11-01,DEPT,,550662.0,,
IND-304,D971,2023-12-01,DEPT,,558361.0,,
IND-304,D971,2024-01-01,DEPT,,563032.0,,
IND-304,D971,2024-02-01,DEPT,,571082.0,,
IND-304,D971,2024-03-01,DEPT,,576709.0,,
IND-304,D971,2024-04-01,DEPT,,587077.0,,
IND-304,D971,2024-05-01,DEPT,,592818.0,,
IND-304,D971,2024-06-01,DEPT,,596268.0,,
IND-304,D971,2024-07-01,DEPT,,604918.0,,
IND-304,D971,2024-08-01,DEPT,,611843.0,,
IND-304,D971,2024-09-01,DEPT,,613020.0,,
IND-304,D971,2024-10-01,DEPT,,609592.0,,
IND-304,D971,2024-11-01,DEPT,,606794.0,,
IND-304,D971,2024-12-01,DEPT,,601734.0,,
IND-304,D971,2025-01-01,DEPT,,605256.0,,
IND-304,D971,2025-02-01,DEPT,,607144.0,,
IND-304,D971,2025-03-01,DEPT,,609520.0,,
IND-304,D971,2025-04-01,DEPT,,589939.0,,
IND-304,D971,2025-05-01,DEPT,,591219.0,,
IND-304,D971,2025-06-01,DEPT,,593637.0,,
IND-304,D971,2025-07-01,DEPT,,593690.0,,20.69
IND-304,D972,2021-12-01,DEPT,385151.0,385151.0,,
IND-304,D972,2022-01-01,DEPT,,382765.0,,
IND-304,D972,2022-02-01,DEPT,,384421.0,,
IND-304,D972,2022-03-01,DEPT,,384498.0,,
IND-304,D972,2022-04-01,DEPT,,381274.0,,
IND-304,D972,2022-05-01,DEPT,,383202.0,,
IND-304,D972,2022-06-01,DEPT,,383502.0,,
IND-304,D972,2022-07-01,DEPT,,386393.0,,
IND-304,D972,2022-08-01,DEPT,,388843.0,,
IND-304,D972,2022-09-01,DEPT,,393092.0,,
IND-304,D972,2022-10-01,DEPT,,399284.0,,
IND-304,D972,2022-11-01,DEPT,,403482.0,,
IND-304,D972,2022-12-01,DEPT,,403141.0,,
IND-304,D972,2023-01-01,DEPT,,410148.0,,
IND-304,D972,2023-02-01,DEPT,,415865.0,,
IND-304,D972,2023-03-01,DEPT,,417150.0,,
IND-304,D972,2023-04-01,DEPT,,417602.0,,
IND-304,D972,2023-05-01,DEPT,,415402.0,,
IND-304,D972,2023-06-01,DEPT,,418420.0,,
IND-304,D972,2023-07-01,DEPT,,423247.0,,
IND-304,D972,2023-08-01,DEPT,,423004.0,,
IND-304,D972,2023-09-01,DEPT,,422186.0,,
IND-304,D972,2023-10-01,DEPT,,422304.0,,
IND-304,D972,2023-11-01,DEPT,,424954.0,,
IND-304,D972,2023-12-01,DEPT,,430359.0,,
IND-304,D972,2024-01-01,DEPT,,431605.0,,
IND-304,D972,2024-02-01,DEPT,,434960.0,,
IND-304,D972,2024-03-01,DEPT,,439814.0,,
IND-304,D972,2024-04-01,DEPT,,447469.0,,
IND-304,D972,2024-05-01,DEPT,,452579.0,,
IND-304,D972,2024-06-01,DEPT,,456896.0,,
IND-304,D972,2024-07-01,DEPT,,467358.0,,
IND-304,D972,2024-08-01,DEPT,,476558.0,,
IND-304,D972,2024-09-01,DEPT,,481924.0,,
IND-304,D972,2024-10-01,DEPT,,486038.0,,
IND-304,D972,2024-11-01,DEPT,,488437.0,,
IND-304,D972,2024-12-01,DEPT,,490826.0,,
IND-304,D972,2025-01-01,DEPT,,488624.0,,
IND-304,D972,2025-02-01,DEPT,,495193.0,,
IND-304,D972,2025-03-01,DEPT,,503933.0,,
IND-304,D972,2025-04-01,DEPT,,510206.0,,
IND-304,D972,2025-05-01,DEPT,,518948.0,,
IND-304,D972,2025-06-01,DEPT,,522514.0,,
IND-304,D972,2025-07-01,DEPT,,523252.0,,71.71
IND-304,D973,2021-12-01,DEPT,456128.0,456128.0,,
IND-304,D973,2022-01-01,DEPT,,450642.0,,
IND-304,D973,2022-02-01,DEPT,,447807.0,,
IND-304,D973,2022-03-01,DEPT,,441749.0,,
IND-304,D973,2022-04-01,DEPT,,439120.0,,
IND-304,D973,2022-05-01,DEPT,,440676.0,,
IND-304,D973,2022-06-01,DEPT,,438356.0,,
IND-304,D973,2022-07-01,DEPT,,437168.0,,
IND-304,D973,2022-08-01,DEPT,,436692.0,,
IND-304,D973,2022-09-01,DEPT,,442083.0,,
IND-304,D973,2022-10-01,DEPT,,447790.0,,
IND-304,D973,2022-11-01,DEPT,,451442.0,,
IND-304,D973,2022-12-01,DEPT,,456094.0,,
IND-304,D973,2023-01-01,DEPT,,465588.0,,
IND-304,D973,2023-02-01,DEPT,,470964.0,,
IND-304,D973,2023-03-01,DEPT,,474350.0,,
IND-304,D973,2023-04-01,DEPT,,477200.0,,
IND-304,D973,2023-05-01,DEPT,,477474.0,,
IND-304,D973,2023-06-01,DEPT,,480046.0,,
IND-304,D973,2023-07-01,DEPT,,482670.0,,
IND-304,D973,2023-08-01,DEPT,,484461.0,,
IND-304,D973,2023-09-01,DEPT,,486875.0,,
IND-304,D973,2023-10-01,DEPT,,485442.0,,
IND-304,D973,2023-11-01,DEPT,,490930.0,,
IND-304,D973,2023-12-01,DEPT,,495878.0,,
IND-304,D973,2024-01-01,DEPT,,498325.0,,
IND-304,D973,2024-02-01,DEPT,,500726.0,,
IND-304,D973,2024-03-01,DEPT,,505676.0,,
IND-304,D973,2024-04-01,DEPT,,508239.0,,
IND-304,D973,2024-05-01,DEPT,,517010.0,,
IND-304,D973,2024-06-01,DEPT,,528264.0,,
IND-304,D973,2024-07-01,DEPT,,540996.0,,
IND-304,D973,2024-08-01,DEPT,,552833.0,,
IND-304,D973,2024-09-01,DEPT,,558172.0,,
IND-304,D973,2024-10-01,DEPT,,565364.0,,
IND-304,D973,2024-11-01,DEPT,,571023.0,,
IND-304,D973,2024-12-01,DEPT,,574243.0,,
IND-304,D973,2025-01-01,DEPT,,576547.0,,
IND-304,D973,2025-02-01,DEPT,,590775.0,,
IND-304,D973,2025-03-01,DEPT,,602422.0,,
IND-304,D973,2025-04-01,DEPT,,614392.0,,
IND-304,D973,2025-05-01,DEPT,,623186.0,,
IND-304,D973,2025-06-01,DEPT,,627876.0,,
IND-304,D973,2025-07-01,DEPT,,631357.0,,76.83
IND-304,D974,2021-12-01,DEPT,707403.0,707403.0,,
IND-304,D974,2022-01-01,DEPT,,706010.0,,
IND-304,D974,2022-02-01,DEPT,,709933.0,,
IND-304,D974,2022-03-01,DEPT,,706766.0,,
IND-304,D974,2022-04-01,DEPT,,703902.0,,
IND-304,D974,2022-05-01,DEPT,,705276.0,,
IND-304,D974,2022-06-01,DEPT,,698182.0,,
IND-304,D974,2022-07-01,DEPT,,699512.0,,
IND-304,D974,2022-08-01,DEPT,,699806.0,,
IND-304,D974,2022-09-01,DEPT,,707499.0,,
IND-304,D974,2022-10-01,DEPT,,714579.0,,
IND-304,D974,2022-11-01,DEPT,,724504.0,,
IND-304,D974,2022-12-01,DEPT,,728581.0,,
IND-304,D974,2023-01-01,DEPT,,736549.0,,
IND-304,D974,2023-02-01,DEPT,,742714.0,,
IND-304,D974,2023-03-01,DEPT,,751318.0,,
IND-304,D974,2023-04-01,DEPT,,756561.0,,
IND-304,D974,2023-05-01,DEPT,,758428.0,,
IND-304,D974,2023-06-01,DEPT,,777026.0,,
IND-304,D974,2023-07-01,DEPT,,783777.0,,
IND-304,D974,2023-08-01,DEPT,,790532.0,,
IND-304,D974,2023-09-01,DEPT,,788640.0,,
IND-304,D974,2023-10-01,DEPT,,792939.0,,
IND-304,D974,2023-11-01,DEPT,,795266.0,,
IND-304,D974,2023-12-01,DEPT,,793173.0,,
IND-304,D974,2024-01-01,DEPT,,799530.0,,
IND-304,D974,2024-02-01,DEPT,,799440.0,,
IND-304,D974,2024-03-01,DEPT,,796098.0,,
IND-304,D974,2024-04-01,DEPT,,799912.0,,
IND-304,D974,2024-05-01,DEPT,,801833.0,,
IND-304,D974,2024-06-01,DEPT,,796442.0,,
IND-304,D974,2024-07-01,DEPT,,802507.0,,
IND-304,D974,2024-08-01,DEPT,,805372.0,,
IND-304,D974,2024-09-01,DEPT,,805913.0,,
IND-304,D974,2024-10-01,DEPT,,804621.0,,
IND-304,D974,2024-11-01,DEPT,,799968.0,,
IND-304,D974,2024-12-01,DEPT,,805868.0,,
IND-304,D974,2025-01-01,DEPT,,808890.0,,
IND-304,D974,2025-02-01,DEPT,,814356.0,,
IND-304,D974,2025-03-01,DEPT,,824023.0,,
IND-304,D974,2025-04-01,DEPT,,831138.0,,
IND-304,D974,2025-05-01,DEPT,,840022.0,,
IND-304,D974,2025-06-01,DEPT,,847757.0,,
IND-304,D974,2025-07-01,DEPT,,849678.0,,40.22
IND-304,D976,2021-12-01,DEPT,333304.0,333304.0,,
IND-304,D976,2022-01-01,DEPT,,328379.0,,
IND-304,D976,2022-02-01,DEPT,,324770.0,,
IND-304,D976,2022-03-01,DEPT,,319271.0,,
IND-304,D976,2022-04-01,DEPT,,318429.0,,
IND-304,D976,2022-05-01,DEPT,,317661.0,,
IND-304,D976,2022-06-01,DEPT,,316439.0,,
IND-304,D976,2022-07-01,DEPT,,309251.0,,
IND-304,D976,2022-08-01,DEPT,,309123.0,,
IND-304,D976,2022-09-01,DEPT,,309782.0,,
IND-304,D976,2022-10-01,DEPT,,312300.0,,
IND-304,D976,2022-11-01,DEPT,,312819.0,,
IND-304,D976,2022-12-01,DEPT,,318152.0,,
IND-304,D976,2023-01-01,DEPT,,321773.0,,
IND-304,D976,2023-02-01,DEPT,,325727.0,,
IND-304,D976,2023-03-01,DEPT,,329574.0,,
IND-304,D976,2023-04-01,DEPT,,331284.0,,
IND-304,D976,2023-05-01,DEPT,,340714.0,,
IND-304,D976,2023-06-01,DEPT,,347746.0,,
IND-304,D976,2023-07-01,DEPT,,357801.0,,
IND-304,D976,2023-08-01,DEPT,,359958.0,,
IND-304,D976,2023-09-01,DEPT,,365697.0,,
IND-304,D976,2023-10-01,DEPT,,372347.0,,
IND-304,D976,2023-11-01,DEPT,,379544.0,,
IND-304,D976,2023-12-01,DEPT,,384129.0,,
IND-304,D976,2024-01-01,DEPT,,388117.0,,
IND-304,D976,2024-02-01,DEPT,,390942.0,,
IND-304,D976,2024-03-01,DEPT,,392836.0,,
IND-304,D976,2024-04-01,DEPT,,397535.0,,
IND-304,D976,2024-05-01,DEPT,,399804.0,,
IND-304,D976,2024-06-01,DEPT,,400524.0,,
IND-304,D976,2024-07-01,DEPT,,409532.0,,
IND-304,D976,2024-08-01,DEPT,,412866.0,,
IND-304,D976,2024-09-01,DEPT,,413194.0,,
IND-304,D976,2024-10-01,DEPT,,411156.0,,
IND-304,D976,2024-11-01,DEPT,,411756.0,,
IND-304,D976,2024-12-01,DEPT,,402783.0,,
IND-304,D976,2025-01-01,DEPT,,414642.0,,
IND-304,D976,2025-02-01,DEPT,,431748.0,,
IND-304,D976,2025-03-01,DEPT,,443262.0,,
IND-304,D976,2025-04-01,DEPT,,448982.0,,
IND-304,D976,2025-05-01,DEPT,,452037.0,,
IND-304,D976,2025-06-01,DEPT,,458108.0,,
IND-304,D976,2025-07-01,DEPT,,459199.0,,75.54
IND-304,FRANCE,2022-01-01,NAT,,74818068.0,,
IND-304,FRANCE,2022-02-01,NAT,,75161082.0,,
IND-304,FRANCE,2022-03-01,NAT,,75720714.0,,
IND-304,FRANCE,2022-04-01,NAT,,75704390.0,,
IND-304,FRANCE,2022-05-01,NAT,,76152069.0,,
IND-304,FRANCE,2022-06-01,NAT,,76263502.0,,
IND-304,FRANCE,2022-07-01,NAT,,76542081.0,,
IND-304,FRANCE,2022-08-01,NAT,,77009924.0,,
IND-304,FRANCE,2022-09-01,NAT,,77687824.0,,
IND-304,FRANCE,2022-10-01,NAT,,78238201.0,,
IND-304,FRANCE,2022-11-01,NAT,,78883696.0,,
IND-304,FRANCE,2022-12-01,NAT,,79317616.0,,
IND-304,FRANCE,2023-01-01,NAT,,80894743.0,,
IND-304,FRANCE,2023-02-01,NAT,,82007295.0,,
IND-304,FRANCE,2023-03-01,NAT,,82936952.0,,
IND-304,FRANCE,2023-04-01,NAT,,83763892.0,,
IND-304,FRANCE,2023-05-01,NAT,,84608317.0,,
IND-304,FRANCE,2023-06-01,NAT,,85632957.0,,
IND-304,FRANCE,2023-07-01,NAT,,86439130.0,,
IND-304,FRANCE,2023-08-01,NAT,,86698074.0,,
IND-304,FRANCE,2023-09-01,NAT,,87797277.0,,
IND-304,FRANCE,2023-10-01,NAT,,89012602.0,,
IND-304,FRANCE,2023-11-01,NAT,,89891731.0,,
IND-304,FRANCE,2023-12-01,NAT,,90778517.0,,
IND-304,FRANCE,2024-01-01,NAT,,90777374.0,,
IND-304,FRANCE,2024-02-01,NAT,,91138217.0,,
IND-304,FRANCE,2024-03-01,NAT,,91150371.0,,
IND-304,FRANCE,2024-04-01,NAT,,91452721.0,,
IND-304,FRANCE,2024-05-01,NAT,,91334640.0,,
IND-304,FRANCE,2024-06-01,NAT,,91615559.0,,
IND-304,FRANCE,2024-07-01,NAT,,95452843.0,,
IND-304,FRANCE,2024-08-01,NAT,,99802452.0,,
IND-304,FRANCE,2024-09-01,NAT,,99989206.0,,
IND-304,FRANCE,2024-10-01,NAT,,99488010.0,,
IND-304,FRANCE,2024-11-01,NAT,,99380719.0,,
IND-304,FRANCE,2024-12-01,NAT,,99549936.0,,
IND-304,FRANCE,2025-01-01,NAT,,99801954.0,,
IND-304,FRANCE,2025-02-01,NAT,,99681323.0,,
IND-304,FRANCE,2025-03-01,NAT,,100039855.0,,
IND-304,FRANCE,2025-04-01,NAT,,100320604.0,,
IND-304,FRANCE,2025-05-01,NAT,,100787257.0,,
IND-304,FRANCE,2025-06-01,NAT,,100749039.0,,
IND-304,FRANCE,2025-07-01,NAT,,97950501.0,,61.0
IND-304,R01,2021-12-01,REG,538032.0,538032.0,,
IND-304,R01,2022-01-01,REG,,530084.0,,
IND-304,R01,2022-02-01,REG,,530395.0,,
IND-304,R01,2022-03-01,REG,,526758.0,,
IND-304,R01,2022-04-01,REG,,520026.0,,
IND-304,R01,2022-05-01,REG,,516338.0,,
IND-304,R01,2022-06-01,REG,,512600.0,,
IND-304,R01,2022-07-01,REG,,513802.0,,
IND-304,R01,2022-08-01,REG,,510425.0,,
IND-304,R01,2022-09-01,REG,,511802.0,,
IND-304,R01,2022-10-01,REG,,516973.0,,
IND-304,R01,2022-11-01,REG,,521655.0,,
IND-304,R01,2022-12-01,REG,,520977.0,,
IND-304,R01,2023-01-01,REG,,531552.0,,
IND-304,R01,2023-02-01,REG,,532118.0,,
IND-304,R01,2023-03-01,REG,,536888.0,,
IND-304,R01,2023-04-01,REG,,539315.0,,
IND-304,R01,2023-05-01,REG,,540063.0,,
IND-304,R01,2023-06-01,REG,,544483.0,,
IND-304,R01,2023-07-01,REG,,545677.0,,
IND-304,R01,2023-08-01,REG,,547377.0,,
IND-304,R01,2023-09-01,REG,,548254.0,,
IND-304,R01,2023-10-01,REG,,550160.0,,
IND-304,R01,2023-11-01,REG,,550662.0,,
IND-304,R01,2023-12-01,REG,,558361.0,,
IND-304,R01,2024-01-01,REG,,563032.0,,
IND-304,R01,2024-02-01,REG,,571082.0,,
IND-304,R01,2024-03-01,REG,,576709.0,,
IND-304,R01,2024-04-01,REG,,587077.0,,
IND-304,R01,2024-05-01,REG,,592818.0,,
IND-304,R01,2024-06-01,REG,,596268.0,,
IND-304,R01,2024-07-01,REG,,604918.0,,
IND-304,R01,2024-08-01,REG,,611843.0,,
IND-304,R01,2024-09-01,REG,,613020.0,,
IND-304,R01,2024-10-01,REG,,609592.0,,
IND-304,R01,2024-11-01,REG,,606794.0,,
IND-304,R01,2024-12-01,REG,,601734.0,,
IND-304,R01,2025-01-01,REG,,605256.0,,
IND-304,R01,2025-02-01,REG,,607144.0,,
IND-304,R01,2025-03-01,REG,,609520.0,,
IND-304,R01,2025-04-01,REG,,589939.0,,
IND-304,R01,2025-05-01,REG,,591219.0,,
IND-304,R01,2025-06-01,REG,,593637.0,,
IND-304,R01,2025-07-01,REG,,593690.0,,20.69
IND-304,R02,2021-12-01,REG,385151.0,385151.0,,
IND-304,R02,2022-01-01,REG,,382765.0,,
IND-304,R02,2022-02-01,REG,,384421.0,,
IND-304,R02,2022-03-01,REG,,384498.0,,
IND-304,R02,2022-04-01,REG,,381274.0,,
IND-304,R02,2022-05-01,REG,,383202.0,,
IND-304,R02,2022-06-01,REG,,383502.0,,
IND-304,R02,2022-07-01,REG,,386393.0,,
IND-304,R02,2022-08-01,REG,,388843.0,,
IND-304,R02,2022-09-01,REG,,393092.0,,
IND-304,R02,2022-10-01,REG,,399284.0,,
IND-304,R02,2022-11-01,REG,,403482.0,,
IND-304,R02,2022-12-01,REG,,403141.0,,
IND-304,R02,2023-01-01,REG,,410148.0,,
IND-304,R02,2023-02-01,REG,,415865.0,,
IND-304,R02,2023-03-01,REG,,417150.0,,
IND-304,R02,2023-04-01,REG,,417602.0,,
IND-304,R02,2023-05-01,REG,,415402.0,,
IND-304,R02,2023-06-01,REG,,418420.0,,
IND-304,R02,2023-07-01,REG,,423247.0,,
IND-304,R02,2023-08-01,REG,,423004.0,,
IND-304,R02,2023-09-01,REG,,422186.0,,
IND-304,R02,2023-10-01,REG,,422304.0,,
IND-304,R02,2023-11-01,REG,,424954.0,,
IND-304,R02,2023-12-01,REG,,430359.0,,
IND-304,R02,2024-01-01,REG,,431605.0,,
IND-304,R02,2024-02-01,REG,,434960.0,,
IND-304,R02,2024-03-01,REG,,439814.0,,
IND-304,R02,2024-04-01,REG,,447469.0,,
IND-304,R02,2024-05-01,REG,,452579.0,,
IND-304,R02,2024-06-01,REG,,456896.0,,
IND-304,R02,2024-07-01,REG,,467358.0,,
IND-304,R02,2024-08-01,REG,,476558.0,,
IND-304,R02,2024-09-01,REG,,481924.0,,
IND-304,R02,2024-10-01,REG,,486038.0,,
IND-304,R02,2024-11-01,REG,,488437.0,,
IND-304,R02,2024-12-01,REG,,490826.0,,
IND-304,R02,2025-01-01,REG,,488624.0,,
IND-304,R02,2025-02-01,REG,,495193.0,,
IND-304,R02,2025-03-01,REG,,503933.0,,
IND-304,R02,2025-04-01,REG,,510206.0,,
IND-304,R02,2025-05-01,REG,,518948.0,,
IND-304,R02,2025-06-01,REG,,522514.0,,
IND-304,R02,2025-07-01,REG,,523252.0,,71.71
IND-304,R03,2021-12-01,REG,456128.0,456128.0,,
IND-304,R03,2022-01-01,REG,,450642.0,,
IND-304,R03,2022-02-01,REG,,447807.0,,
IND-304,R03,2022-03-01,REG,,441749.0,,
IND-304,R03,2022-04-01,REG,,439120.0,,
IND-304,R03,2022-05-01,REG,,440676.0,,
IND-304,R03,2022-06-01,REG,,438356.0,,
IND-304,R03,2022-07-01,REG,,437168.0,,
IND-304,R03,2022-08-01,REG,,436692.0,,
IND-304,R03,2022-09-01,REG,,442083.0,,
IND-304,R03,2022-10-01,REG,,447790.0,,
IND-304,R03,2022-11-01,REG,,451442.0,,
IND-304,R03,2022-12-01,REG,,456094.0,,
IND-304,R03,2023-01-01,REG,,465588.0,,
IND-304,R03,2023-02-01,REG,,470964.0,,
IND-304,R03,2023-03-01,REG,,474350.0,,
IND-304,R03,2023-04-01,REG,,477200.0,,
IND-304,R03,2023-05-01,REG,,477474.0,,
IND-304,R03,2023-06-01,REG,,480046.0,,
IND-304,R03,2023-07-01,REG,,482670.0,,
IND-304,R03,2023-08-01,REG,,484461.0,,
IND-304,R03,2023-09-01,REG,,486875.0,,
IND-304,R03,2023-10-01,REG,,485442.0,,
IND-304,R03,2023-11-01,REG,,490930.0,,
IND-304,R03,2023-12-01,REG,,495878.0,,
IND-304,R03,2024-01-01,REG,,498325.0,,
IND-304,R03,2024-02-01,REG,,500726.0,,
IND-304,R03,2024-03-01,REG,,505676.0,,
IND-304,R03,2024-04-01,REG,,508239.0,,
IND-304,R03,2024-05-01,REG,,517010.0,,
IND-304,R03,2024-06-01,REG,,528264.0,,
IND-304,R03,2024-07-01,REG,,540996.0,,
IND-304,R03,2024-08-01,REG,,552833.0,,
IND-304,R03,2024-09-01,REG,,558172.0,,
IND-304,R03,2024-10-01,REG,,565364.0,,
IND-304,R03,2024-11-01,REG,,571023.0,,
IND-304,R03,2024-12-01,REG,,574243.0,,
IND-304,R03,2025-01-01,REG,,576547.0,,
IND-304,R03,2025-02-01,REG,,590775.0,,
IND-304,R03,2025-03-01,REG,,602422.0,,
IND-304,R03,2025-04-01,REG,,614392.0,,
IND-304,R03,2025-05-01,REG,,623186.0,,
IND-304,R03,2025-06-01,REG,,627876.0,,
IND-304,R03,2025-07-01,REG,,631357.0,,76.83
IND-304,R04,2021-12-01,REG,707403.0,707403.0,,
IND-304,R04,2022-01-01,REG,,706010.0,,
IND-304,R04,2022-02-01,REG,,709933.0,,
IND-304,R04,2022-03-01,REG,,706766.0,,
IND-304,R04,2022-04-01,REG,,703902.0,,
IND-304,R04,2022-05-01,REG,,705276.0,,
IND-304,R04,2022-06-01,REG,,698182.0,,
IND-304,R04,2022-07-01,REG,,699512.0,,
IND-304,R04,2022-08-01,REG,,699806.0,,
IND-304,R04,2022-09-01,REG,,707499.0,,
IND-304,R04,2022-10-01,REG,,714579.0,,
IND-304,R04,2022-11-01,REG,,724504.0,,
IND-304,R04,2022-12-01,REG,,728581.0,,
IND-304,R04,2023-01-01,REG,,736549.0,,
IND-304,R04,2023-02-01,REG,,742714.0,,
IND-304,R04,2023-03-01,REG,,751318.0,,
IND-304,R04,2023-04-01,REG,,756561.0,,
IND-304,R04,2023-05-01,REG,,758428.0,,
IND-304,R04,2023-06-01,REG,,777026.0,,
IND-304,R04,2023-07-01,REG,,783777.0,,
IND-304,R04,2023-08-01,REG,,790532.0,,
IND-304,R04,2023-09-01,REG,,788640.0,,
IND-304,R04,2023-10-01,REG,,792939.0,,
IND-304,R04,2023-11-01,REG,,795266.0,,
IND-304,R04,2023-12-01,REG,,793173.0,,
IND-304,R04,2024-01-01,REG,,799530.0,,
IND-304,R04,2024-02-01,REG,,799440.0,,
IND-304,R04,2024-03-01,REG,,796098.0,,
IND-304,R04,2024-04-01,REG,,799912.0,,
IND-304,R04,2024-05-01,REG,,801833.0,,
IND-304,R04,2024-06-01,REG,,796442.0,,
IND-304,R04,2024-07-01,REG,,802507.0,,
IND-304,R04,2024-08-01,REG,,805372.0,,
IND-304,R04,2024-09-01,REG,,805913.0,,
IND-304,R04,2024-10-01,REG,,804621.0,,
IND-304,R04,2024-11-01,REG,,799968.0,,
IND-304,R04,2024-12-01,REG,,805868.0,,
IND-304,R04,2025-01-01,REG,,808890.0,,
IND-304,R04,2025-02-01,REG,,814356.0,,
IND-304,R04,2025-03-01,REG,,824023.0,,
IND-304,R04,2025-04-01,REG,,831138.0,,
IND-304,R04,2025-05-01,REG,,840022.0,,
IND-304,R04,2025-06-01,REG,,847757.0,,
IND-304,R04,2025-07-01,REG,,849678.0,,40.22
IND-304,R06,2021-12-01,REG,333304.0,333304.0,,
IND-304,R06,2022-01-01,REG,,328379.0,,
IND-304,R06,2022-02-01,REG,,324770.0,,
IND-304,R06,2022-03-01,REG,,319271.0,,
IND-304,R06,2022-04-01,REG,,318429.0,,
IND-304,R06,2022-05-01,REG,,317661.0,,
IND-304,R06,2022-06-01,REG,,316439.0,,
IND-304,R06,2022-07-01,REG,,309251.0,,
IND-304,R06,2022-08-01,REG,,309123.0,,
IND-304,R06,2022-09-01,REG,,309782.0,,
IND-304,R06,2022-10-01,REG,,312300.0,,
IND-304,R06,2022-11-01,REG,,312819.0,,
IND-304,R06,2022-12-01,REG,,318152.0,,
IND-304,R06,2023-01-01,REG,,321773.0,,
IND-304,R06,2023-02-01,REG,,325727.0,,
IND-304,R06,2023-03-01,REG,,329574.0,,
IND-304,R06,2023-04-01,REG,,331284.0,,
IND-304,R06,2023-05-01,REG,,340714.0,,
IND-304,R06,2023-06-01,REG,,347746.0,,
IND-304,R06,2023-07-01,REG,,357801.0,,
IND-304,R06,2023-08-01,REG,,359958.0,,
IND-304,R06,2023-09-01,REG,,365697.0,,
IND-304,R06,2023-10-01,REG,,372347.0,,
IND-304,R06,2023-11-01,REG,,379544.0,,
IND-304,R06,2023-12-01,REG,,384129.0,,
IND-304,R06,2024-01-01,REG,,388117.0,,
IND-304,R06,2024-02-01,REG,,390942.0,,
IND-304,R06,2024-03-01,REG,,392836.0,,
IND-304,R06,2024-04-01,REG,,397535.0,,
IND-304,R06,2024-05-01,REG,,399804.0,,
IND-304,R06,2024-06-01,REG,,400524.0,,
IND-304,R06,2024-07-01,REG,,409532.0,,
IND-304,R06,2024-08-01,REG,,412866.0,,
IND-304,R06,2024-09-01,REG,,413194.0,,
IND-304,R06,2024-10-01,REG,,411156.0,,
IND-304,R06,2024-11-01,REG,,411756.0,,
IND-304,R06,2024-12-01,REG,,402783.0,,
IND-304,R06,2025-01-01,REG,,414642.0,,
IND-304,R06,2025-02-01,REG,,431748.0,,
IND-304,R06,2025-03-01,REG,,443262.0,,
IND-304,R06,2025-04-01,REG,,448982.0,,
IND-304,R06,2025-05-01,REG,,452037.0,,
IND-304,R06,2025-06-01,REG,,458108.0,,
IND-304,R06,2025-07-01,REG,,459199.0,,75.54
IND-304,R11,2021-12-01,REG,11927060.0,11927060.0,,
IND-304,R11,2022-01-01,REG,,11840747.0,,
IND-304,R11,2022-02-01,REG,,11790934.0,,
IND-304,R11,2022-03-01,REG,,11732800.0,,
IND-304,R11,2022-04-01,REG,,11709082.0,,
IND-304,R11,2022-05-01,REG,,11763135.0,,
IND-304,R11,2022-06-01,REG,,11781673.0,,
IND-304,R11,2022-07-01,REG,,11818037.0,,
IND-304,R11,2022-08-01,REG,,11897336.0,,
IND-304,R11,2022-09-01,REG,,12025675.0,,
IND-304,R11,2022-10-01,REG,,12131052.0,,
IND-304,R11,2022-11-01,REG,,12238727.0,,
IND-304,R11,2022-12-01,REG,,12296873.0,,
IND-304,R11,2023-01-01,REG,,12411069.0,,
IND-304,R11,2023-02-01,REG,,12429271.0,,
IND-304,R11,2023-03-01,REG,,12404959.0,,
IND-304,R11,2023-04-01,REG,,12344932.0,,
IND-304,R11,2023-05-01,REG,,12279032.0,,
IND-304,R11,2023-06-01,REG,,12266352.0,,
IND-304,R11,2023-07-01,REG,,12154238.0,,
IND-304,R11,2023-08-01,REG,,11857135.0,,
IND-304,R11,2023-09-01,REG,,11824173.0,,
IND-304,R11,2023-10-01,REG,,11907618.0,,
IND-304,R11,2023-11-01,REG,,11909768.0,,
IND-304,R11,2023-12-01,REG,,11955425.0,,
IND-304,R11,2024-01-01,REG,,11996714.0,,
IND-304,R11,2024-02-01,REG,,12074613.0,,
IND-304,R11,2024-03-01,REG,,12155747.0,,
IND-304,R11,2024-04-01,REG,,12226067.0,,
IND-304,R11,2024-05-01,REG,,12266782.0,,
IND-304,R11,2024-06-01,REG,,12397329.0,,
IND-304,R11,2024-07-01,REG,,14698391.0,,
IND-304,R11,2024-08-01,REG,,17489699.0,,
IND-304,R11,2024-09-01,REG,,17871762.0,,
IND-304,R11,2024-10-01,REG,,17734012.0,,
IND-304,R11,2024-11-01,REG,,17699907.0,,
IND-304,R11,2024-12-01,REG,,17705506.0,,
IND-304,R11,2025-01-01,REG,,17712842.0,,
IND-304,R11,2025-02-01,REG,,17661495.0,,
IND-304,R11,2025-03-01,REG,,17668992.0,,
IND-304,R11,2025-04-01,REG,,17686435.0,,
IND-304,R11,2025-05-01,REG,,17736570.0,,
IND-304,R11,2025-06-01,REG,,17649742.0,,
IND-304,R11,2025-07-01,REG,,15593466.0,,61.48
IND-304,R24,2021-12-01,REG,2531346.0,2531346.0,,
IND-304,R24,2022-01-01,REG,,2522157.0,,
IND-304,R24,2022-02-01,REG,,2527031.0,,
IND-304,R24,2022-03-01,REG,,2543178.0,,
IND-304,R24,2022-04-01,REG,,2542244.0,,
IND-304,R24,2022-05-01,REG,,2565857.0,,
IND-304,R24,2022-06-01,REG,,2572014.0,,
IND-304,R24,2022-07-01,REG,,2574820.0,,
IND-304,R24,2022-08-01,REG,,2594252.0,,
IND-304,R24,2022-09-01,REG,,2618423.0,,
IND-304,R24,2022-10-01,REG,,2633787.0,,
IND-304,R24,2022-11-01,REG,,2649484.0,,
IND-304,R24,2022-12-01,REG,,2664192.0,,
IND-304,R24,2023-01-01,REG,,2689350.0,,
IND-304,R24,2023-02-01,REG,,2695262.0,,
IND-304,R24,2023-03-01,REG,,2701191.0,,
IND-304,R24,2023-04-01,REG,,2704833.0,,
IND-304,R24,2023-05-01,REG,,2701636.0,,
IND-304,R24,2023-06-01,REG,,2704042.0,,
IND-304,R24,2023-07-01,REG,,2711351.0,,
IND-304,R24,2023-08-01,REG,,2708275.0,,
IND-304,R24,2023-09-01,REG,,2718520.0,,
IND-304,R24,2023-10-01,REG,,2734030.0,,
IND-304,R24,2023-11-01,REG,,2744655.0,,
IND-304,R24,2023-12-01,REG,,2757502.0,,
IND-304,R24,2024-01-01,REG,,2763817.0,,
IND-304,R24,2024-02-01,REG,,2789258.0,,
IND-304,R24,2024-03-01,REG,,2783498.0,,
IND-304,R24,2024-04-01,REG,,2795381.0,,
IND-304,R24,2024-05-01,REG,,2776639.0,,
IND-304,R24,2024-06-01,REG,,2780590.0,,
IND-304,R24,2024-07-01,REG,,2846448.0,,
IND-304,R24,2024-08-01,REG,,2906704.0,,
IND-304,R24,2024-09-01,REG,,2905323.0,,
IND-304,R24,2024-10-01,REG,,2896521.0,,
IND-304,R24,2024-11-01,REG,,2891452.0,,
IND-304,R24,2024-12-01,REG,,2888584.0,,
IND-304,R24,2025-01-01,REG,,2883530.0,,
IND-304,R24,2025-02-01,REG,,2862226.0,,
IND-304,R24,2025-03-01,REG,,2863250.0,,
IND-304,R24,2025-04-01,REG,,2856628.0,,
IND-304,R24,2025-05-01,REG,,2879057.0,,
IND-304,R24,2025-06-01,REG,,2877837.0,,
IND-304,R24,2025-07-01,REG,,2835648.0,,24.04
IND-304,R27,2021-12-01,REG,3161482.0,3161482.0,,
IND-304,R27,2022-01-01,REG,,3149521.0,,
IND-304,R27,2022-02-01,REG,,3149764.0,,
IND-304,R27,2022-03-01,REG,,3154939.0,,
IND-304,R27,2022-04-01,REG,,3162281.0,,
IND-304,R27,2022-05-01,REG,,3194005.0,,
IND-304,R27,2022-06-01,REG,,3212188.0,,
IND-304,R27,2022-07-01,REG,,3240508.0,,
IND-304,R27,2022-08-01,REG,,3269169.0,,
IND-304,R27,2022-09-01,REG,,3300167.0,,
IND-304,R27,2022-10-01,REG,,3337505.0,,
IND-304,R27,2022-11-01,REG,,3374302.0,,
IND-304,R27,2022-12-01,REG,,3411812.0,,
IND-304,R27,2023-01-01,REG,,3454509.0,,
IND-304,R27,2023-02-01,REG,,3476788.0,,
IND-304,R27,2023-03-01,REG,,3496772.0,,
IND-304,R27,2023-04-01,REG,,3512067.0,,
IND-304,R27,2023-05-01,REG,,3518196.0,,
IND-304,R27,2023-06-01,REG,,3538870.0,,
IND-304,R27,2023-07-01,REG,,3554573.0,,
IND-304,R27,2023-08-01,REG,,3561689.0,,
IND-304,R27,2023-09-01,REG,,3593115.0,,
IND-304,R27,2023-10-01,REG,,3615205.0,,
IND-304,R27,2023-11-01,REG,,3630047.0,,
IND-304,R27,2023-12-01,REG,,3638989.0,,
IND-304,R27,2024-01-01,REG,,3640631.0,,
IND-304,R27,2024-02-01,REG,,3656167.0,,
IND-304,R27,2024-03-01,REG,,3656857.0,,
IND-304,R27,2024-04-01,REG,,3664010.0,,
IND-304,R27,2024-05-01,REG,,3649723.0,,
IND-304,R27,2024-06-01,REG,,3649407.0,,
IND-304,R27,2024-07-01,REG,,3706947.0,,
IND-304,R27,2024-08-01,REG,,3759648.0,,
IND-304,R27,2024-09-01,REG,,3747701.0,,
IND-304,R27,2024-10-01,REG,,3729323.0,,
IND-304,R27,2024-11-01,REG,,3718585.0,,
IND-304,R27,2024-12-01,REG,,3705731.0,,
IND-304,R27,2025-01-01,REG,,3692564.0,,
IND-304,R27,2025-02-01,REG,,3683881.0,,
IND-304,R27,2025-03-01,REG,,3669006.0,,
IND-304,R27,2025-04-01,REG,,3672050.0,,
IND-304,R27,2025-05-01,REG,,3687704.0,,
IND-304,R27,2025-06-01,REG,,3685103.0,,
IND-304,R27,2025-07-01,REG,,3648112.0,,30.78
IND-304,R28,2021-12-01,REG,3405409.0,3405409.0,,
IND-304,R28,2022-01-01,REG,,3389621.0,,
IND-304,R28,2022-02-01,REG,,3384103.0,,
IND-304,R28,2022-03-01,REG,,3405466.0,,
IND-304,R28,2022-04-01,REG,,3404051.0,,
IND-304,R28,2022-05-01,REG,,3421898.0,,
IND-304,R28,2022-06-01,REG,,3436159.0,,
IND-304,R28,2022-07-01,REG,,3446335.0,,
IND-304,R28,2022-08-01,REG,,3468154.0,,
IND-304,R28,2022-09-01,REG,,3513374.0,,
IND-304,R28,2022-10-01,REG,,3548758.0,,
IND-304,R28,2022-11-01,REG,,3581309.0,,
IND-304,R28,2022-12-01,REG,,3604479.0,,
IND-304,R28,2023-01-01,REG,,3648560.0,,
IND-304,R28,2023-02-01,REG,,3673335.0,,
IND-304,R28,2023-03-01,REG,,3688021.0,,
IND-304,R28,2023-04-01,REG,,3710705.0,,
IND-304,R28,2023-05-01,REG,,3732269.0,,
IND-304,R28,2023-06-01,REG,,3776589.0,,
IND-304,R28,2023-07-01,REG,,3802301.0,,
IND-304,R28,2023-08-01,REG,,3807604.0,,
IND-304,R28,2023-09-01,REG,,3817324.0,,
IND-304,R28,2023-10-01,REG,,3837851.0,,
IND-304,R28,2023-11-01,REG,,3850286.0,,
IND-304,R28,2023-12-01,REG,,3872382.0,,
IND-304,R28,2024-01-01,REG,,3870974.0,,
IND-304,R28,2024-02-01,REG,,3897091.0,,
IND-304,R28,2024-03-01,REG,,3886676.0,,
IND-304,R28,2024-04-01,REG,,3892985.0,,
IND-304,R28,2024-05-01,REG,,3881891.0,,
IND-304,R28,2024-06-01,REG,,3907428.0,,
IND-304,R28,2024-07-01,REG,,3974889.0,,
IND-304,R28,2024-08-01,REG,,4042787.0,,
IND-304,R28,2024-09-01,REG,,4055241.0,,
IND-304,R28,2024-10-01,REG,,4033711.0,,
IND-304,R28,2024-11-01,REG,,4038974.0,,
IND-304,R28,2024-12-01,REG,,4034210.0,,
IND-304,R28,2025-01-01,REG,,4050229.0,,
IND-304,R28,2025-02-01,REG,,4026018.0,,
IND-304,R28,2025-03-01,REG,,4047867.0,,
IND-304,R28,2025-04-01,REG,,4059163.0,,
IND-304,R28,2025-05-01,REG,,4077237.0,,
IND-304,R28,2025-06-01,REG,,4045858.0,,
IND-304,R28,2025-07-01,REG,,4025994.0,,36.45
IND-304,R32,2021-12-01,REG,5680777.0,5680777.0,,
IND-304,R32,2022-01-01,REG,,5660419.0,,
IND-304,R32,2022-02-01,REG,,5659328.0,,
IND-304,R32,2022-03-01,REG,,5666783.0,,
IND-304,R32,2022-04-01,REG,,5666018.0,,
IND-304,R32,2022-05-01,REG,,5705711.0,,
IND-304,R32,2022-06-01,REG,,5729552.0,,
IND-304,R32,2022-07-01,REG,,5757583.0,,
IND-304,R32,2022-08-01,REG,,5805947.0,,
IND-304,R32,2022-09-01,REG,,5886979.0,,
IND-304,R32,2022-10-01,REG,,5962949.0,,
IND-304,R32,2022-11-01,REG,,6041241.0,,
IND-304,R32,2022-12-01,REG,,6087603.0,,
IND-304,R32,2023-01-01,REG,,6182085.0,,
IND-304,R32,2023-02-01,REG,,6225632.0,,
IND-304,R32,2023-03-01,REG,,6246283.0,,
IND-304,R32,2023-04-01,REG,,6272772.0,,
IND-304,R32,2023-05-01,REG,,6301789.0,,
IND-304,R32,2023-06-01,REG,,6334144.0,,
IND-304,R32,2023-07-01,REG,,6380311.0,,
IND-304,R32,2023-08-01,REG,,6389793.0,,
IND-304,R32,2023-09-01,REG,,6457970.0,,
IND-304,R32,2023-10-01,REG,,6539617.0,,
IND-304,R32,2023-11-01,REG,,6577096.0,,
IND-304,R32,2023-12-01,REG,,6629382.0,,
IND-304,R32,2024-01-01,REG,,6639390.0,,
IND-304,R32,2024-02-01,REG,,6707744.0,,
IND-304,R32,2024-03-01,REG,,6770259.0,,
IND-304,R32,2024-04-01,REG,,6888647.0,,
IND-304,R32,2024-05-01,REG,,6933565.0,,
IND-304,R32,2024-06-01,REG,,7013656.0,,
IND-304,R32,2024-07-01,REG,,7269108.0,,
IND-304,R32,2024-08-01,REG,,7498167.0,,
IND-304,R32,2024-09-01,REG,,7543021.0,,
IND-304,R32,2024-10-01,REG,,7573941.0,,
IND-304,R32,2024-11-01,REG,,7632119.0,,
IND-304,R32,2024-12-01,REG,,7694130.0,,
IND-304,R32,2025-01-01,REG,,7788954.0,,
IND-304,R32,2025-02-01,REG,,7827671.0,,
IND-304,R32,2025-03-01,REG,,7908070.0,,
IND-304,R32,2025-04-01,REG,,7925681.0,,
IND-304,R32,2025-05-01,REG,,7987576.0,,
IND-304,R32,2025-06-01,REG,,8000637.0,,
IND-304,R32,2025-07-01,REG,,7892569.0,,77.87
IND-304,R44,2021-12-01,REG,5459042.0,5459042.0,,
IND-304,R44,2022-01-01,REG,,5428735.0,,
IND-304,R44,2022-02-01,REG,,5409015.0,,
IND-304,R44,2022-03-01,REG,,5437084.0,,
IND-304,R44,2022-04-01,REG,,5428537.0,,
IND-304,R44,2022-05-01,REG,,5466804.0,,
IND-304,R44,2022-06-01,REG,,5502422.0,,
IND-304,R44,2022-07-01,REG,,5539064.0,,
IND-304,R44,2022-08-01,REG,,5590243.0,,
IND-304,R44,2022-09-01,REG,,5658816.0,,
IND-304,R44,2022-10-01,REG,,5719173.0,,
IND-304,R44,2022-11-01,REG,,5777105.0,,
IND-304,R44,2022-12-01,REG,,5821729.0,,
IND-304,R44,2023-01-01,REG,,5898855.0,,
IND-304,R44,2023-02-01,REG,,5935655.0,,
IND-304,R44,2023-03-01,REG,,5945731.0,,
IND-304,R44,2023-04-01,REG,,5960375.0,,
IND-304,R44,2023-05-01,REG,,5968691.0,,
IND-304,R44,2023-06-01,REG,,5988657.0,,
IND-304,R44,2023-07-01,REG,,6026288.0,,
IND-304,R44,2023-08-01,REG,,6023870.0,,
IND-304,R44,2023-09-01,REG,,6047558.0,,
IND-304,R44,2023-10-01,REG,,6082429.0,,
IND-304,R44,2023-11-01,REG,,6115816.0,,
IND-304,R44,2023-12-01,REG,,6158096.0,,
IND-304,R44,2024-01-01,REG,,6169059.0,,
IND-304,R44,2024-02-01,REG,,6214407.0,,
IND-304,R44,2024-03-01,REG,,6220987.0,,
IND-304,R44,2024-04-01,REG,,6269469.0,,
IND-304,R44,2024-05-01,REG,,6271430.0,,
IND-304,R44,2024-06-01,REG,,6300989.0,,
IND-304,R44,2024-07-01,REG,,6397930.0,,
IND-304,R44,2024-08-01,REG,,6511302.0,,
IND-304,R44,2024-09-01,REG,,6510874.0,,
IND-304,R44,2024-10-01,REG,,6492932.0,,
IND-304,R44,2024-11-01,REG,,6485074.0,,
IND-304,R44,2024-12-01,REG,,6484137.0,,
IND-304,R44,2025-01-01,REG,,6491716.0,,
IND-304,R44,2025-02-01,REG,,6468052.0,,
IND-304,R44,2025-03-01,REG,,6499103.0,,
IND-304,R44,2025-04-01,REG,,6496679.0,,
IND-304,R44,2025-05-01,REG,,6521124.0,,
IND-304,R44,2025-06-01,REG,,6504544.0,,
IND-304,R44,2025-07-01,REG,,6451019.0,,36.34
IND-304,R52,2021-12-01,REG,3277466.0,3277466.0,,
IND-304,R52,2022-01-01,REG,,3264000.0,,
IND-304,R52,2022-02-01,REG,,3244898.0,,
IND-304,R52,2022-03-01,REG,,3243364.0,,
IND-304,R52,2022-04-01,REG,,3213721.0,,
IND-304,R52,2022-05-01,REG,,3224447.0,,
IND-304,R52,2022-06-01,REG,,3222707.0,,
IND-304,R52,2022-07-01,REG,,3227670.0,,
IND-304,R52,2022-08-01,REG,,3244546.0,,
IND-304,R52,2022-09-01,REG,,3294112.0,,
IND-304,R52,2022-10-01,REG,,3349612.0,,
IND-304,R52,2022-11-01,REG,,3390546.0,,
IND-304,R52,2022-12-01,REG,,3428421.0,,
IND-304,R52,2023-01-01,REG,,3476000.0,,
IND-304,R52,2023-02-01,REG,,3503140.0,,
IND-304,R52,2023-03-01,REG,,3523967.0,,
IND-304,R52,2023-04-01,REG,,3543276.0,,
IND-304,R52,2023-05-01,REG,,3558041.0,,
IND-304,R52,2023-06-01,REG,,3585336.0,,
IND-304,R52,2023-07-01,REG,,3603583.0,,
IND-304,R52,2023-08-01,REG,,3603998.0,,
IND-304,R52,2023-09-01,REG,,3603975.0,,
IND-304,R52,2023-10-01,REG,,3590462.0,,
IND-304,R52,2023-11-01,REG,,3590467.0,,
IND-304,R52,2023-12-01,REG,,3593193.0,,
IND-304,R52,2024-01-01,REG,,3590893.0,,
IND-304,R52,2024-02-01,REG,,3614663.0,,
IND-304,R52,2024-03-01,REG,,3604738.0,,
IND-304,R52,2024-04-01,REG,,3630187.0,,
IND-304,R52,2024-05-01,REG,,3628423.0,,
IND-304,R52,2024-06-01,REG,,3635121.0,,
IND-304,R52,2024-07-01,REG,,3717898.0,,
IND-304,R52,2024-08-01,REG,,3799359.0,,
IND-304,R52,2024-09-01,REG,,3808508.0,,
IND-304,R52,2024-10-01,REG,,3807811.0,,
IND-304,R52,2024-11-01,REG,,3816257.0,,
IND-304,R52,2024-12-01,REG,,3825294.0,,
IND-304,R52,2025-01-01,REG,,3830406.0,,
IND-304,R52,2025-02-01,REG,,3815403.0,,
IND-304,R52,2025-03-01,REG,,3838026.0,,
IND-304,R52,2025-04-01,REG,,3835494.0,,
IND-304,R52,2025-05-01,REG,,3842805.0,,
IND-304,R52,2025-06-01,REG,,3835031.0,,
IND-304,R52,2025-07-01,REG,,3795319.0,,31.6
IND-304,R53,2021-12-01,REG,2686107.0,2686107.0,,
IND-304,R53,2022-01-01,REG,,2686846.0,,
IND-304,R53,2022-02-01,REG,,2688587.0,,
IND-304,R53,2022-03-01,REG,,2694715.0,,
IND-304,R53,2022-04-01,REG,,2690709.0,,
IND-304,R53,2022-05-01,REG,,2715758.0,,
IND-304,R53,2022-06-01,REG,,2725242.0,,
IND-304,R53,2022-07-01,REG,,2744433.0,,
IND-304,R53,2022-08-01,REG,,2773030.0,,
IND-304,R53,2022-09-01,REG,,2804524.0,,
IND-304,R53,2022-10-01,REG,,2838728.0,,
IND-304,R53,2022-11-01,REG,,2872371.0,,
IND-304,R53,2022-12-01,REG,,2897186.0,,
IND-304,R53,2023-01-01,REG,,2928696.0,,
IND-304,R53,2023-02-01,REG,,2941013.0,,
IND-304,R53,2023-03-01,REG,,2939584.0,,
IND-304,R53,2023-04-01,REG,,2941811.0,,
IND-304,R53,2023-05-01,REG,,2934715.0,,
IND-304,R53,2023-06-01,REG,,2936200.0,,
IND-304,R53,2023-07-01,REG,,2937066.0,,
IND-304,R53,2023-08-01,REG,,2923926.0,,
IND-304,R53,2023-09-01,REG,,2915763.0,,
IND-304,R53,2023-10-01,REG,,2906841.0,,
IND-304,R53,2023-11-01,REG,,2912534.0,,
IND-304,R53,2023-12-01,REG,,2917465.0,,
IND-304,R53,2024-01-01,REG,,2913809.0,,
IND-304,R53,2024-02-01,REG,,2929981.0,,
IND-304,R53,2024-03-01,REG,,2925512.0,,
IND-304,R53,2024-04-01,REG,,2939153.0,,
IND-304,R53,2024-05-01,REG,,2921463.0,,
IND-304,R53,2024-06-01,REG,,2924522.0,,
IND-304,R53,2024-07-01,REG,,2971414.0,,
IND-304,R53,2024-08-01,REG,,3020427.0,,
IND-304,R53,2024-09-01,REG,,3013467.0,,
IND-304,R53,2024-10-01,REG,,2992151.0,,
IND-304,R53,2024-11-01,REG,,2975412.0,,
IND-304,R53,2024-12-01,REG,,2960292.0,,
IND-304,R53,2025-01-01,REG,,2954294.0,,
IND-304,R53,2025-02-01,REG,,2934550.0,,
IND-304,R53,2025-03-01,REG,,2939198.0,,
IND-304,R53,2025-04-01,REG,,2931916.0,,
IND-304,R53,2025-05-01,REG,,2955452.0,,
IND-304,R53,2025-06-01,REG,,2952850.0,,
IND-304,R53,2025-07-01,REG,,2935703.0,,18.58
IND-304,R75,2021-12-01,REG,6137693.0,6137693.0,,
IND-304,R75,2022-01-01,REG,,6099065.0,,
IND-304,R75,2022-02-01,REG,,6072487.0,,
IND-304,R75,2022-03-01,REG,,6060666.0,,
IND-304,R75,2022-04-01,REG,,6044509.0,,
IND-304,R75,2022-05-01,REG,,6073144.0,,
IND-304,R75,2022-06-01,REG,,6079464.0,,
IND-304,R75,2022-07-01,REG,,6102248.0,,
IND-304,R75,2022-08-01,REG,,6131395.0,,
IND-304,R75,2022-09-01,REG,,6173042.0,,
IND-304,R75,2022-10-01,REG,,6237333.0,,
IND-304,R75,2022-11-01,REG,,6304638.0,,
IND-304,R75,2022-12-01,REG,,6346273.0,,
IND-304,R75,2023-01-01,REG,,6431615.0,,
IND-304,R75,2023-02-01,REG,,6482175.0,,
IND-304,R75,2023-03-01,REG,,6551548.0,,
IND-304,R75,2023-04-01,REG,,6580510.0,,
IND-304,R75,2023-05-01,REG,,6605026.0,,
IND-304,R75,2023-06-01,REG,,6664331.0,,
IND-304,R75,2023-07-01,REG,,6728015.0,,
IND-304,R75,2023-08-01,REG,,6778973.0,,
IND-304,R75,2023-09-01,REG,,6849738.0,,
IND-304,R75,2023-10-01,REG,,6884518.0,,
IND-304,R75,2023-11-01,REG,,6898184.0,,
IND-304,R75,2023-12-01,REG,,6921206.0,,
IND-304,R75,2024-01-01,REG,,6911346.0,,
IND-304,R75,2024-02-01,REG,,6934493.0,,
IND-304,R75,2024-03-01,REG,,6900536.0,,
IND-304,R75,2024-04-01,REG,,6906910.0,,
IND-304,R75,2024-05-01,REG,,6893617.0,,
IND-304,R75,2024-06-01,REG,,6876720.0,,
IND-304,R75,2024-07-01,REG,,6994989.0,,
IND-304,R75,2024-08-01,REG,,7073840.0,,
IND-304,R75,2024-09-01,REG,,7033544.0,,
IND-304,R75,2024-10-01,REG,,7004398.0,,
IND-304,R75,2024-11-01,REG,,6999580.0,,
IND-304,R75,2024-12-01,REG,,7010820.0,,
IND-304,R75,2025-01-01,REG,,7012209.0,,
IND-304,R75,2025-02-01,REG,,7006831.0,,
IND-304,R75,2025-03-01,REG,,7004919.0,,
IND-304,R75,2025-04-01,REG,,7033071.0,,
IND-304,R75,2025-05-01,REG,,7049176.0,,
IND-304,R75,2025-06-01,REG,,7060925.0,,
IND-304,R75,2025-07-01,REG,,6996180.0,,27.97
IND-304,R76,2021-12-01,REG,6383483.0,6383483.0,,
IND-304,R76,2022-01-01,REG,,6319330.0,,
IND-304,R76,2022-02-01,REG,,6321211.0,,
IND-304,R76,2022-03-01,REG,,6305598.0,,
IND-304,R76,2022-04-01,REG,,6317605.0,,
IND-304,R76,2022-05-01,REG,,6337723.0,,
IND-304,R76,2022-06-01,REG,,6368437.0,,
IND-304,R76,2022-07-01,REG,,6403737.0,,
IND-304,R76,2022-08-01,REG,,6455115.0,,
IND-304,R76,2022-09-01,REG,,6518568.0,,
IND-304,R76,2022-10-01,REG,,6597752.0,,
IND-304,R76,2022-11-01,REG,,6683844.0,,
IND-304,R76,2022-12-01,REG,,6754066.0,,
IND-304,R76,2023-01-01,REG,,6853215.0,,
IND-304,R76,2023-02-01,REG,,6895030.0,,
IND-304,R76,2023-03-01,REG,,6924221.0,,
IND-304,R76,2023-04-01,REG,,6965360.0,,
IND-304,R76,2023-05-01,REG,,6983453.0,,
IND-304,R76,2023-06-01,REG,,7015155.0,,
IND-304,R76,2023-07-01,REG,,7035802.0,,
IND-304,R76,2023-08-01,REG,,7035906.0,,
IND-304,R76,2023-09-01,REG,,7078343.0,,
IND-304,R76,2023-10-01,REG,,7115395.0,,
IND-304,R76,2023-11-01,REG,,7143892.0,,
IND-304,R76,2023-12-01,REG,,7177864.0,,
IND-304,R76,2024-01-01,REG,,7167405.0,,
IND-304,R76,2024-02-01,REG,,7185542.0,,
IND-304,R76,2024-03-01,REG,,7191341.0,,
IND-304,R76,2024-04-01,REG,,7169430.0,,
IND-304,R76,2024-05-01,REG,,7170254.0,,
IND-304,R76,2024-06-01,REG,,7168543.0,,
IND-304,R76,2024-07-01,REG,,7317128.0,,
IND-304,R76,2024-08-01,REG,,7486445.0,,
IND-304,R76,2024-09-01,REG,,7470921.0,,
IND-304,R76,2024-10-01,REG,,7435403.0,,
IND-304,R76,2024-11-01,REG,,7411005.0,,
IND-304,R76,2024-12-01,REG,,7389206.0,,
IND-304,R76,2025-01-01,REG,,7395670.0,,
IND-304,R76,2025-02-01,REG,,7378569.0,,
IND-304,R76,2025-03-01,REG,,7400270.0,,
IND-304,R76,2025-04-01,REG,,7432488.0,,
IND-304,R76,2025-05-01,REG,,7464087.0,,
IND-304,R76,2025-06-01,REG,,7477421.0,,
IND-304,R76,2025-07-01,REG,,7420226.0,,32.48
IND-304,R84,2021-12-01,REG,7668343.0,7668343.0,,
IND-304,R84,2022-01-01,REG,,7621404.0,,
IND-304,R84,2022-02-01,REG,,7626930.0,,
IND-304,R84,2022-03-01,REG,,7619126.0,,
IND-304,R84,2022-04-01,REG,,7621178.0,,
IND-304,R84,2022-05-01,REG,,7655473.0,,
IND-304,R84,2022-06-01,REG,,7685152.0,,
IND-304,R84,2022-07-01,REG,,7726258.0,,
IND-304,R84,2022-08-01,REG,,7767664.0,,
IND-304,R84,2022-09-01,REG,,7829495.0,,
IND-304,R84,2022-10-01,REG,,7890007.0,,
IND-304,R84,2022-11-01,REG,,7958456.0,,
IND-304,R84,2022-12-01,REG,,7999608.0,,
IND-304,R84,2023-01-01,REG,,8045894.0,,
IND-304,R84,2023-02-01,REG,,8053756.0,,
IND-304,R84,2023-03-01,REG,,8033778.0,,
IND-304,R84,2023-04-01,REG,,8028633.0,,
IND-304,R84,2023-05-01,REG,,8014779.0,,
IND-304,R84,2023-06-01,REG,,8016568.0,,
IND-304,R84,2023-07-01,REG,,8004012.0,,
IND-304,R84,2023-08-01,REG,,7978294.0,,
IND-304,R84,2023-09-01,REG,,8020924.0,,
IND-304,R84,2023-10-01,REG,,8049832.0,,
IND-304,R84,2023-11-01,REG,,8066573.0,,
IND-304,R84,2023-12-01,REG,,8107401.0,,
IND-304,R84,2024-01-01,REG,,8119199.0,,
IND-304,R84,2024-02-01,REG,,8168524.0,,
IND-304,R84,2024-03-01,REG,,8206573.0,,
IND-304,R84,2024-04-01,REG,,8269156.0,,
IND-304,R84,2024-05-01,REG,,8298804.0,,
IND-304,R84,2024-06-01,REG,,8340676.0,,
IND-304,R84,2024-07-01,REG,,8513279.0,,
IND-304,R84,2024-08-01,REG,,8696445.0,,
IND-304,R84,2024-09-01,REG,,8691910.0,,
IND-304,R84,2024-10-01,REG,,8692146.0,,
IND-304,R84,2024-11-01,REG,,8715931.0,,
IND-304,R84,2024-12-01,REG,,8753871.0,,
IND-304,R84,2025-01-01,REG,,8799730.0,,
IND-304,R84,2025-02-01,REG,,8821713.0,,
IND-304,R84,2025-03-01,REG,,8840183.0,,
IND-304,R84,2025-04-01,REG,,8864134.0,,
IND-304,R84,2025-05-01,REG,,8892830.0,,
IND-304,R84,2025-06-01,REG,,8899357.0,,
IND-304,R84,2025-07-01,REG,,8829575.0,,30.29
IND-304,R93,2021-12-01,REG,5110619.0,5110619.0,,
IND-304,R93,2022-01-01,REG,,5071889.0,,
IND-304,R93,2022-02-01,REG,,5058702.0,,
IND-304,R93,2022-03-01,REG,,5059885.0,,
IND-304,R93,2022-04-01,REG,,5048253.0,,
IND-304,R93,2022-05-01,REG,,5057264.0,,
IND-304,R93,2022-06-01,REG,,5067974.0,,
IND-304,R93,2022-07-01,REG,,5079500.0,,
IND-304,R93,2022-08-01,REG,,5111574.0,,
IND-304,R93,2022-09-01,REG,,5160634.0,,
IND-304,R93,2022-10-01,REG,,5209844.0,,
IND-304,R93,2022-11-01,REG,,5285207.0,,
IND-304,R93,2022-12-01,REG,,5331971.0,,
IND-304,R93,2023-01-01,REG,,5405256.0,,
IND-304,R93,2023-02-01,REG,,5432735.0,,
IND-304,R93,2023-03-01,REG,,5444938.0,,
IND-304,R93,2023-04-01,REG,,5459611.0,,
IND-304,R93,2023-05-01,REG,,5503837.0,,
IND-304,R93,2023-06-01,REG,,5535987.0,,
IND-304,R93,2023-07-01,REG,,5543481.0,,
IND-304,R93,2023-08-01,REG,,5525088.0,,
IND-304,R93,2023-09-01,REG,,5574229.0,,
IND-304,R93,2023-10-01,REG,,5620049.0,,
IND-304,R93,2023-11-01,REG,,5650818.0,,
IND-304,R93,2023-12-01,REG,,5674963.0,,
IND-304,R93,2024-01-01,REG,,5675124.0,,
IND-304,R93,2024-02-01,REG,,5712736.0,,
IND-304,R93,2024-03-01,REG,,5713032.0,,
IND-304,R93,2024-04-01,REG,,5751473.0,,
IND-304,R93,2024-05-01,REG,,5779300.0,,
IND-304,R93,2024-06-01,REG,,5805680.0,,
IND-304,R93,2024-07-01,REG,,5993537.0,,
IND-304,R93,2024-08-01,REG,,6194741.0,,
IND-304,R93,2024-09-01,REG,,6179048.0,,
IND-304,R93,2024-10-01,REG,,6162648.0,,
IND-304,R93,2024-11-01,REG,,6155285.0,,
IND-304,R93,2024-12-01,REG,,6177731.0,,
IND-304,R93,2025-01-01,REG,,6210170.0,,
IND-304,R93,2025-02-01,REG,,6216592.0,,
IND-304,R93,2025-03-01,REG,,6278512.0,,
IND-304,R93,2025-04-01,REG,,6297544.0,,
IND-304,R93,2025-05-01,REG,,6301592.0,,
IND-304,R93,2025-06-01,REG,,6348890.0,,
IND-304,R93,2025-07-01,REG,,6242069.0,,44.28
IND-304,R94,2021-12-01,REG,527288.0,527288.0,,
IND-304,R94,2022-01-01,REG,,518059.0,,
IND-304,R94,2022-02-01,REG,,513359.0,,
IND-304,R94,2022-03-01,REG,,509892.0,,
IND-304,R94,2022-04-01,REG,,508561.0,,
IND-304,R94,2022-05-01,REG,,510955.0,,
IND-304,R94,2022-06-01,REG,,519061.0,,
IND-304,R94,2022-07-01,REG,,524851.0,,
IND-304,R94,2022-08-01,REG,,536975.0,,
IND-304,R94,2022-09-01,REG,,545500.0,,
IND-304,R94,2022-10-01,REG,,552742.0,,
IND-304,R94,2022-11-01,REG,,561846.0,,
IND-304,R94,2022-12-01,REG,,574837.0,,
IND-304,R94,2023-01-01,REG,,586260.0,,
IND-304,R94,2023-02-01,REG,,596904.0,,
IND-304,R94,2023-03-01,REG,,604296.0,,
IND-304,R94,2023-04-01,REG,,606753.0,,
IND-304,R94,2023-05-01,REG,,614482.0,,
IND-304,R94,2023-06-01,REG,,622154.0,,
IND-304,R94,2023-07-01,REG,,626946.0,,
IND-304,R94,2023-08-01,REG,,627834.0,,
IND-304,R94,2023-09-01,REG,,634850.0,,
IND-304,R94,2023-10-01,REG,,642969.0,,
IND-304,R94,2023-11-01,REG,,650870.0,,
IND-304,R94,2023-12-01,REG,,657948.0,,
IND-304,R94,2024-01-01,REG,,665090.0,,
IND-304,R94,2024-02-01,REG,,676827.0,,
IND-304,R94,2024-03-01,REG,,682671.0,,
IND-304,R94,2024-04-01,REG,,690694.0,,
IND-304,R94,2024-05-01,REG,,692057.0,,
IND-304,R94,2024-06-01,REG,,695266.0,,
IND-304,R94,2024-07-01,REG,,717947.0,,
IND-304,R94,2024-08-01,REG,,738496.0,,
IND-304,R94,2024-09-01,REG,,744738.0,,
IND-304,R94,2024-10-01,REG,,748784.0,,
IND-304,R94,2024-11-01,REG,,750362.0,,
IND-304,R94,2024-12-01,REG,,751719.0,,
IND-304,R94,2025-01-01,REG,,752647.0,,
IND-304,R94,2025-02-01,REG,,747946.0,,
IND-304,R94,2025-03-01,REG,,751157.0,,
IND-304,R94,2025-04-01,REG,,752766.0,,
IND-304,R94,2025-05-01,REG,,755731.0,,
IND-304,R94,2025-06-01,REG,,752338.0,,
IND-304,R94,2025-07-01,REG,,742265.0,,81.54
IND-304,FRANCE,2021-12-01,NAT,75056930.0,,,
IND-304,R94,2026-12-01,REG,,,790931.0,
IND-304,R93,2026-12-01,REG,,,7665925.0,
IND-304,R84,2026-12-01,REG,,,11502516.0,
IND-304,R76,2026-12-01,REG,,,9575225.0,
IND-304,R75,2026-12-01,REG,,,9206544.0,
IND-304,R53,2026-12-01,REG,,,4029159.0,
IND-304,R52,2026-12-01,REG,,,4916201.0,
IND-304,R44,2026-12-01,REG,,,8188560.0,
IND-304,R32,2026-12-01,REG,,,8521166.0,
IND-304,R28,2026-12-01,REG,,,5108115.0,
IND-304,R27,2026-12-01,REG,,,4742223.0,
IND-304,R24,2026-12-01,REG,,,3797018.0,
IND-304,R11,2026-12-01,REG,,,17890593.0,
IND-304,R06,2026-12-01,REG,,,499956.0,
IND-304,R04,2026-12-01,REG,,,1061104.0,
IND-304,R03,2026-12-01,REG,,,684192.0,
IND-304,R02,2026-12-01,REG,,,577726.0,
IND-304,R01,2026-12-01,REG,,,807048.0,
IND-304,FRANCE,2026-12-01,NAT,,,112585395.0,
IND-304,D976,2026-12-01,DEPT,,,499956.0,
IND-304,D974,2026-12-01,DEPT,,,1061104.0,
IND-304,D973,2026-12-01,DEPT,,,684192.0,
IND-304,D972,2026-12-01,DEPT,,,577726.0,
IND-304,D971,2026-12-01,DEPT,,,807048.0,
IND-304,D95,2026-12-01,DEPT,,,1505610.0,
IND-304,D94,2026-12-01,DEPT,,,1937750.0,
IND-304,D93,2026-12-01,DEPT,,,2538726.0,
IND-304,D92,2026-12-01,DEPT,,,1770728.0,
IND-304,D91,2026-12-01,DEPT,,,1658642.0,
IND-304,D90,2026-12-01,DEPT,,,218370.0,
IND-304,D89,2026-12-01,DEPT,,,641086.0,
IND-304,D88,2026-12-01,DEPT,,,614975.0,
IND-304,D87,2026-12-01,DEPT,,,612085.0,
IND-304,D86,2026-12-01,DEPT,,,653340.0,
IND-304,D85,2026-12-01,DEPT,,,803880.0,
IND-304,D84,2026-12-01,DEPT,,,884608.0,
IND-304,D83,2026-12-01,DEPT,,,1579085.0,
IND-304,D82,2026-12-01,DEPT,,,392949.0,
IND-304,D81,2026-12-01,DEPT,,,673083.0,
IND-304,D01,2026-12-01,DEPT,,,834187.0,
IND-304,D80,2026-12-01,DEPT,,,947564.0,
IND-304,D02,2026-12-01,DEPT,,,797134.0,
IND-304,D79,2026-12-01,DEPT,,,539042.0,
IND-304,D03,2026-12-01,DEPT,,,580290.0,
IND-304,D78,2026-12-01,DEPT,,,1606474.0,
IND-304,D04,2026-12-01,DEPT,,,447845.0,
IND-304,D77,2026-12-01,DEPT,,,1788585.0,
IND-304,D05,2026-12-01,DEPT,,,360437.0,
IND-304,D06,2026-12-01,DEPT,,,1560737.0,
IND-304,D07,2026-12-01,DEPT,,,582471.0,
IND-304,D08,2026-12-01,DEPT,,,499990.0,
IND-304,D09,2026-12-01,DEPT,,,402533.0,
IND-304,D10,2026-12-01,DEPT,,,447516.0,
IND-304,D11,2026-12-01,DEPT,,,708355.0,
IND-304,D12,2026-12-01,DEPT,,,575359.0,
IND-304,D13,2026-12-01,DEPT,,,2833213.0,
IND-304,D14,2026-12-01,DEPT,,,1209774.0,
IND-304,D15,2026-12-01,DEPT,,,365711.0,
IND-304,D16,2026-12-01,DEPT,,,531408.0,
IND-304,D17,2026-12-01,DEPT,,,1014618.0,
IND-304,D18,2026-12-01,DEPT,,,540152.0,
IND-304,D19,2026-12-01,DEPT,,,594189.0,
IND-304,D21,2026-12-01,DEPT,,,856848.0,
IND-304,D22,2026-12-01,DEPT,,,810808.0,
IND-304,D23,2026-12-01,DEPT,,,324170.0,
IND-304,D24,2026-12-01,DEPT,,,671760.0,
IND-304,D25,2026-12-01,DEPT,,,894582.0,
IND-304,D76,2026-12-01,DEPT,,,1712874.0,
IND-304,D26,2026-12-01,DEPT,,,904566.0,
IND-304,D27,2026-12-01,DEPT,,,915032.0,
IND-304,D28,2026-12-01,DEPT,,,665947.0,
IND-304,D29,2026-12-01,DEPT,,,1133045.0,
IND-304,D2A,2026-12-01,DEPT,,,402584.0,
IND-304,D2B,2026-12-01,DEPT,,,388347.0,
IND-304,D30,2026-12-01,DEPT,,,1259340.0,
IND-304,D31,2026-12-01,DEPT,,,1685771.0,
IND-304,D32,2026-12-01,DEPT,,,317292.0,
IND-304,D33,2026-12-01,DEPT,,,1940782.0,
IND-304,D34,2026-12-01,DEPT,,,1725166.0,
IND-304,D35,2026-12-01,DEPT,,,1245580.0,
IND-304,D36,2026-12-01,DEPT,,,393576.0,
IND-304,D37,2026-12-01,DEPT,,,744879.0,
IND-304,D38,2026-12-01,DEPT,,,1762350.0,
IND-304,D39,2026-12-01,DEPT,,,533280.0,
IND-304,D40,2026-12-01,DEPT,,,665537.0,
IND-304,D41,2026-12-01,DEPT,,,567501.0,
IND-304,D42,2026-12-01,DEPT,,,898584.0,
IND-304,D43,2026-12-01,DEPT,,,402150.0,
IND-304,D44,2026-12-01,DEPT,,,1881159.0,
IND-304,D45,2026-12-01,DEPT,,,884963.0,
IND-304,D46,2026-12-01,DEPT,,,330891.0,
IND-304,D47,2026-12-01,DEPT,,,579570.0,
IND-304,D48,2026-12-01,DEPT,,,257357.0,
IND-304,D49,2026-12-01,DEPT,,,962438.0,
IND-304,D50,2026-12-01,DEPT,,,789199.0,
IND-304,D51,2026-12-01,DEPT,,,976361.0,
IND-304,D52,2026-12-01,DEPT,,,397403.0,
IND-304,D53,2026-12-01,DEPT,,,465748.0,
IND-304,D54,2026-12-01,DEPT,,,967643.0,
IND-304,D55,2026-12-01,DEPT,,,476242.0,
IND-304,D56,2026-12-01,DEPT,,,839726.0,
IND-304,D57,2026-12-01,DEPT,,,1459655.0,
IND-304,D58,2026-12-01,DEPT,,,406263.0,
IND-304,D59,2026-12-01,DEPT,,,3314142.0,
IND-304,D60,2026-12-01,DEPT,,,1125822.0,
IND-304,D61,2026-12-01,DEPT,,,481236.0,
IND-304,D62,2026-12-01,DEPT,,,2336504.0,
IND-304,D63,2026-12-01,DEPT,,,1112642.0,
IND-304,D64,2026-12-01,DEPT,,,1080043.0,
IND-304,D65,2026-12-01,DEPT,,,473181.0,
IND-304,D66,2026-12-01,DEPT,,,773948.0,
IND-304,D67,2026-12-01,DEPT,,,1371675.0,
IND-304,D75,2026-12-01,DEPT,,,5084078.0,
IND-304,D68,2026-12-01,DEPT,,,977100.0,
IND-304,D69,2026-12-01,DEPT,,,2094309.0,
IND-304,D70,2026-12-01,DEPT,,,394824.0,
IND-304,D71,2026-12-01,DEPT,,,796970.0,
IND-304,D72,2026-12-01,DEPT,,,802976.0,
IND-304,D73,2026-12-01,DEPT,,,776786.0,
IND-304,D74,2026-12-01,DEPT,,,1188470.0,
