indic_id,enforce_zone_id,metric_enforce_date,maille,indic_vi,indic_va,indic_vc,indic_ta
IND-736,D01,2023-06-01,DEPT,,37075.0,,
IND-736,D01,2023-07-01,DEPT,,37075.0,,
IND-736,D01,2023-08-01,DEPT,,37845.0,,
IND-736,D01,2023-09-01,DEPT,,40048.0,,
IND-736,D01,2023-10-01,DEPT,,42856.0,,
IND-736,D01,2023-11-01,DEPT,,45142.0,,
IND-736,D01,2023-12-01,DEPT,,47200.0,,
IND-736,D01,2024-01-01,DEPT,,49311.0,,
IND-736,D01,2024-02-01,DEPT,,52939.0,,
IND-736,D01,2024-03-01,DEPT,,56512.0,,
IND-736,D01,2024-04-01,DEPT,,58772.0,,
IND-736,D01,2024-05-01,DEPT,,60845.0,,
IND-736,D01,2024-06-01,DEPT,,64301.0,,
IND-736,D01,2024-07-01,DEPT,,66084.0,,
IND-736,D01,2024-08-01,DEPT,,67037.0,,
IND-736,D01,2024-09-01,DEPT,,68865.0,,
IND-736,D01,2024-10-01,DEPT,,72219.0,,
IND-736,D01,2024-11-01,DEPT,,73203.0,,
IND-736,D01,2024-12-01,DEPT,,76450.0,,
IND-736,D01,2025-01-01,DEPT,,78637.0,,
IND-736,D01,2025-02-01,DEPT,,81195.0,,
IND-736,D01,2025-03-01,DEPT,,84189.0,,
IND-736,D01,2025-04-01,DEPT,,86627.0,,
IND-736,D01,2025-05-01,DEPT,,88148.0,,
IND-736,D01,2025-06-01,DEPT,,89526.0,,
IND-736,D01,2025-07-01,DEPT,,91722.0,,
IND-736,D01,2025-08-01,DEPT,,92347.0,,100.0
IND-736,D02,2023-06-01,DEPT,,32655.0,,
IND-736,D02,2023-07-01,DEPT,,33361.0,,
IND-736,D02,2023-08-01,DEPT,,33864.0,,
IND-736,D02,2023-09-01,DEPT,,34956.0,,
IND-736,D02,2023-10-01,DEPT,,35870.0,,
IND-736,D02,2023-11-01,DEPT,,38662.0,,
IND-736,D02,2023-12-01,DEPT,,39965.0,,
IND-736,D02,2024-01-01,DEPT,,41393.0,,
IND-736,D02,2024-02-01,DEPT,,43215.0,,
IND-736,D02,2024-03-01,DEPT,,44574.0,,
IND-736,D02,2024-04-01,DEPT,,46547.0,,
IND-736,D02,2024-05-01,DEPT,,47898.0,,
IND-736,D02,2024-06-01,DEPT,,49333.0,,
IND-736,D02,2024-07-01,DEPT,,50370.0,,
IND-736,D02,2024-08-01,DEPT,,51017.0,,
IND-736,D02,2024-09-01,DEPT,,52461.0,,
IND-736,D02,2024-10-01,DEPT,,55008.0,,
IND-736,D02,2024-11-01,DEPT,,55494.0,,
IND-736,D02,2024-12-01,DEPT,,57895.0,,
IND-736,D02,2025-01-01,DEPT,,59256.0,,
IND-736,D02,2025-02-01,DEPT,,60211.0,,
IND-736,D02,2025-03-01,DEPT,,62783.0,,
IND-736,D02,2025-04-01,DEPT,,64297.0,,
IND-736,D02,2025-05-01,DEPT,,65964.0,,
IND-736,D02,2025-06-01,DEPT,,68068.0,,
IND-736,D02,2025-07-01,DEPT,,69317.0,,
IND-736,D02,2025-08-01,DEPT,,69673.0,,86.13
IND-736,D03,2023-06-01,DEPT,,13720.0,,
IND-736,D03,2023-07-01,DEPT,,14754.0,,
IND-736,D03,2023-08-01,DEPT,,15033.0,,
IND-736,D03,2023-09-01,DEPT,,15598.0,,
IND-736,D03,2023-10-01,DEPT,,16167.0,,
IND-736,D03,2023-11-01,DEPT,,16546.0,,
IND-736,D03,2023-12-01,DEPT,,17553.0,,
IND-736,D03,2024-01-01,DEPT,,18001.0,,
IND-736,D03,2024-02-01,DEPT,,18835.0,,
IND-736,D03,2024-03-01,DEPT,,19858.0,,
IND-736,D03,2024-04-01,DEPT,,20937.0,,
IND-736,D03,2024-05-01,DEPT,,21576.0,,
IND-736,D03,2024-06-01,DEPT,,22271.0,,
IND-736,D03,2024-07-01,DEPT,,22761.0,,
IND-736,D03,2024-08-01,DEPT,,23063.0,,
IND-736,D03,2024-09-01,DEPT,,24077.0,,
IND-736,D03,2024-10-01,DEPT,,24971.0,,
IND-736,D03,2024-11-01,DEPT,,25344.0,,
IND-736,D03,2024-12-01,DEPT,,26665.0,,
IND-736,D03,2025-01-01,DEPT,,27271.0,,
IND-736,D03,2025-02-01,DEPT,,27958.0,,
IND-736,D03,2025-03-01,DEPT,,28925.0,,
IND-736,D03,2025-04-01,DEPT,,29716.0,,
IND-736,D03,2025-05-01,DEPT,,30279.0,,
IND-736,D03,2025-06-01,DEPT,,31723.0,,
IND-736,D03,2025-07-01,DEPT,,33010.0,,
IND-736,D03,2025-08-01,DEPT,,33130.0,,94.75
IND-736,D04,2023-06-01,DEPT,,9172.0,,
IND-736,D04,2023-07-01,DEPT,,9522.0,,
IND-736,D04,2023-08-01,DEPT,,9797.0,,
IND-736,D04,2023-09-01,DEPT,,10167.0,,
IND-736,D04,2023-10-01,DEPT,,10699.0,,
IND-736,D04,2023-11-01,DEPT,,10149.0,,
IND-736,D04,2023-12-01,DEPT,,10721.0,,
IND-736,D04,2024-01-01,DEPT,,11178.0,,
IND-736,D04,2024-02-01,DEPT,,11606.0,,
IND-736,D04,2024-03-01,DEPT,,12494.0,,
IND-736,D04,2024-04-01,DEPT,,13152.0,,
IND-736,D04,2024-05-01,DEPT,,13626.0,,
IND-736,D04,2024-06-01,DEPT,,14146.0,,
IND-736,D04,2024-07-01,DEPT,,14788.0,,
IND-736,D04,2024-08-01,DEPT,,15108.0,,
IND-736,D04,2024-09-01,DEPT,,15460.0,,
IND-736,D04,2024-10-01,DEPT,,15932.0,,
IND-736,D04,2024-11-01,DEPT,,16797.0,,
IND-736,D04,2024-12-01,DEPT,,17452.0,,
IND-736,D04,2025-01-01,DEPT,,17857.0,,
IND-736,D04,2025-02-01,DEPT,,18195.0,,
IND-736,D04,2025-03-01,DEPT,,19039.0,,
IND-736,D04,2025-04-01,DEPT,,19494.0,,
IND-736,D04,2025-05-01,DEPT,,20263.0,,
IND-736,D04,2025-06-01,DEPT,,20852.0,,
IND-736,D04,2025-07-01,DEPT,,21164.0,,
IND-736,D04,2025-08-01,DEPT,,21269.0,,100.0
IND-736,D05,2023-06-01,DEPT,,12412.0,,
IND-736,D05,2023-07-01,DEPT,,12817.0,,
IND-736,D05,2023-08-01,DEPT,,13154.0,,
IND-736,D05,2023-09-01,DEPT,,13913.0,,
IND-736,D05,2023-10-01,DEPT,,14621.0,,
IND-736,D05,2023-11-01,DEPT,,16919.0,,
IND-736,D05,2023-12-01,DEPT,,17602.0,,
IND-736,D05,2024-01-01,DEPT,,18557.0,,
IND-736,D05,2024-02-01,DEPT,,19508.0,,
IND-736,D05,2024-03-01,DEPT,,20568.0,,
IND-736,D05,2024-04-01,DEPT,,21336.0,,
IND-736,D05,2024-05-01,DEPT,,22080.0,,
IND-736,D05,2024-06-01,DEPT,,22602.0,,
IND-736,D05,2024-07-01,DEPT,,23231.0,,
IND-736,D05,2024-08-01,DEPT,,23726.0,,
IND-736,D05,2024-09-01,DEPT,,24343.0,,
IND-736,D05,2024-10-01,DEPT,,24962.0,,
IND-736,D05,2024-11-01,DEPT,,25265.0,,
IND-736,D05,2024-12-01,DEPT,,26181.0,,
IND-736,D05,2025-01-01,DEPT,,26720.0,,
IND-736,D05,2025-02-01,DEPT,,27114.0,,
IND-736,D05,2025-03-01,DEPT,,27853.0,,
IND-736,D05,2025-04-01,DEPT,,28476.0,,
IND-736,D05,2025-05-01,DEPT,,28886.0,,
IND-736,D05,2025-06-01,DEPT,,29404.0,,
IND-736,D05,2025-07-01,DEPT,,29850.0,,
IND-736,D05,2025-08-01,DEPT,,30197.0,,76.51
IND-736,D06,2023-06-01,DEPT,,23012.0,,
IND-736,D06,2023-07-01,DEPT,,23767.0,,
IND-736,D06,2023-08-01,DEPT,,24302.0,,
IND-736,D06,2023-09-01,DEPT,,25524.0,,
IND-736,D06,2023-10-01,DEPT,,27276.0,,
IND-736,D06,2023-11-01,DEPT,,29511.0,,
IND-736,D06,2023-12-01,DEPT,,31262.0,,
IND-736,D06,2024-01-01,DEPT,,33424.0,,
IND-736,D06,2024-02-01,DEPT,,35981.0,,
IND-736,D06,2024-03-01,DEPT,,38263.0,,
IND-736,D06,2024-04-01,DEPT,,40379.0,,
IND-736,D06,2024-05-01,DEPT,,42331.0,,
IND-736,D06,2024-06-01,DEPT,,44910.0,,
IND-736,D06,2024-07-01,DEPT,,46659.0,,
IND-736,D06,2024-08-01,DEPT,,47909.0,,
IND-736,D06,2024-09-01,DEPT,,49951.0,,
IND-736,D06,2024-10-01,DEPT,,52309.0,,
IND-736,D06,2024-11-01,DEPT,,52805.0,,
IND-736,D06,2024-12-01,DEPT,,56007.0,,
IND-736,D06,2025-01-01,DEPT,,57712.0,,
IND-736,D06,2025-02-01,DEPT,,59498.0,,
IND-736,D06,2025-03-01,DEPT,,61657.0,,
IND-736,D06,2025-04-01,DEPT,,63767.0,,
IND-736,D06,2025-05-01,DEPT,,65892.0,,
IND-736,D06,2025-06-01,DEPT,,67318.0,,
IND-736,D06,2025-07-01,DEPT,,69054.0,,
IND-736,D06,2025-08-01,DEPT,,69441.0,,95.82
IND-736,D07,2023-06-01,DEPT,,16835.0,,
IND-736,D07,2023-07-01,DEPT,,17452.0,,
IND-736,D07,2023-08-01,DEPT,,17732.0,,
IND-736,D07,2023-09-01,DEPT,,18516.0,,
IND-736,D07,2023-10-01,DEPT,,19430.0,,
IND-736,D07,2023-11-01,DEPT,,20435.0,,
IND-736,D07,2023-12-01,DEPT,,21024.0,,
IND-736,D07,2024-01-01,DEPT,,21966.0,,
IND-736,D07,2024-02-01,DEPT,,22967.0,,
IND-736,D07,2024-03-01,DEPT,,23751.0,,
IND-736,D07,2024-04-01,DEPT,,24581.0,,
IND-736,D07,2024-05-01,DEPT,,25524.0,,
IND-736,D07,2024-06-01,DEPT,,26274.0,,
IND-736,D07,2024-07-01,DEPT,,26787.0,,
IND-736,D07,2024-08-01,DEPT,,27395.0,,
IND-736,D07,2024-09-01,DEPT,,28361.0,,
IND-736,D07,2024-10-01,DEPT,,29621.0,,
IND-736,D07,2024-11-01,DEPT,,30028.0,,
IND-736,D07,2024-12-01,DEPT,,31352.0,,
IND-736,D07,2025-01-01,DEPT,,32121.0,,
IND-736,D07,2025-02-01,DEPT,,32785.0,,
IND-736,D07,2025-03-01,DEPT,,34611.0,,
IND-736,D07,2025-04-01,DEPT,,35422.0,,
IND-736,D07,2025-05-01,DEPT,,36122.0,,
IND-736,D07,2025-06-01,DEPT,,36770.0,,
IND-736,D07,2025-07-01,DEPT,,37322.0,,
IND-736,D07,2025-08-01,DEPT,,37538.0,,100.0
IND-736,D08,2023-06-01,DEPT,,20670.0,,
IND-736,D08,2023-07-01,DEPT,,21662.0,,
IND-736,D08,2023-08-01,DEPT,,22219.0,,
IND-736,D08,2023-09-01,DEPT,,23923.0,,
IND-736,D08,2023-10-01,DEPT,,25518.0,,
IND-736,D08,2023-11-01,DEPT,,28447.0,,
IND-736,D08,2023-12-01,DEPT,,30436.0,,
IND-736,D08,2024-01-01,DEPT,,32360.0,,
IND-736,D08,2024-02-01,DEPT,,34559.0,,
IND-736,D08,2024-03-01,DEPT,,35986.0,,
IND-736,D08,2024-04-01,DEPT,,37507.0,,
IND-736,D08,2024-05-01,DEPT,,40905.0,,
IND-736,D08,2024-06-01,DEPT,,43945.0,,
IND-736,D08,2024-07-01,DEPT,,45050.0,,
IND-736,D08,2024-08-01,DEPT,,45759.0,,
IND-736,D08,2024-09-01,DEPT,,47441.0,,
IND-736,D08,2024-10-01,DEPT,,49718.0,,
IND-736,D08,2024-11-01,DEPT,,50136.0,,
IND-736,D08,2024-12-01,DEPT,,52929.0,,
IND-736,D08,2025-01-01,DEPT,,54286.0,,
IND-736,D08,2025-02-01,DEPT,,55409.0,,
IND-736,D08,2025-03-01,DEPT,,57359.0,,
IND-736,D08,2025-04-01,DEPT,,58430.0,,
IND-736,D08,2025-05-01,DEPT,,59186.0,,
IND-736,D08,2025-06-01,DEPT,,60941.0,,
IND-736,D08,2025-07-01,DEPT,,61740.0,,
IND-736,D08,2025-08-01,DEPT,,62009.0,,100.0
IND-736,D09,2023-06-01,DEPT,,6732.0,,
IND-736,D09,2023-07-01,DEPT,,7156.0,,
IND-736,D09,2023-08-01,DEPT,,7413.0,,
IND-736,D09,2023-09-01,DEPT,,7847.0,,
IND-736,D09,2023-10-01,DEPT,,8403.0,,
IND-736,D09,2023-11-01,DEPT,,9078.0,,
IND-736,D09,2023-12-01,DEPT,,9492.0,,
IND-736,D09,2024-01-01,DEPT,,10141.0,,
IND-736,D09,2024-02-01,DEPT,,10835.0,,
IND-736,D09,2024-03-01,DEPT,,11529.0,,
IND-736,D09,2024-04-01,DEPT,,12120.0,,
IND-736,D09,2024-05-01,DEPT,,12598.0,,
IND-736,D09,2024-06-01,DEPT,,13149.0,,
IND-736,D09,2024-07-01,DEPT,,13568.0,,
IND-736,D09,2024-08-01,DEPT,,13764.0,,
IND-736,D09,2024-09-01,DEPT,,14340.0,,
IND-736,D09,2024-10-01,DEPT,,14967.0,,
IND-736,D09,2024-11-01,DEPT,,15088.0,,
IND-736,D09,2024-12-01,DEPT,,15941.0,,
IND-736,D09,2025-01-01,DEPT,,16530.0,,
IND-736,D09,2025-02-01,DEPT,,16913.0,,
IND-736,D09,2025-03-01,DEPT,,17583.0,,
IND-736,D09,2025-04-01,DEPT,,18053.0,,
IND-736,D09,2025-05-01,DEPT,,18497.0,,
IND-736,D09,2025-06-01,DEPT,,19017.0,,
IND-736,D09,2025-07-01,DEPT,,19510.0,,
IND-736,D09,2025-08-01,DEPT,,19611.0,,84.81
IND-736,D10,2023-06-01,DEPT,,23038.0,,
IND-736,D10,2023-07-01,DEPT,,23804.0,,
IND-736,D10,2023-08-01,DEPT,,24067.0,,
IND-736,D10,2023-09-01,DEPT,,25034.0,,
IND-736,D10,2023-10-01,DEPT,,26451.0,,
IND-736,D10,2023-11-01,DEPT,,27744.0,,
IND-736,D10,2023-12-01,DEPT,,28667.0,,
IND-736,D10,2024-01-01,DEPT,,29734.0,,
IND-736,D10,2024-02-01,DEPT,,31891.0,,
IND-736,D10,2024-03-01,DEPT,,33360.0,,
IND-736,D10,2024-04-01,DEPT,,34605.0,,
IND-736,D10,2024-05-01,DEPT,,35895.0,,
IND-736,D10,2024-06-01,DEPT,,37028.0,,
IND-736,D10,2024-07-01,DEPT,,37890.0,,
IND-736,D10,2024-08-01,DEPT,,38141.0,,
IND-736,D10,2024-09-01,DEPT,,39117.0,,
IND-736,D10,2024-10-01,DEPT,,40403.0,,
IND-736,D10,2024-11-01,DEPT,,40838.0,,
IND-736,D10,2024-12-01,DEPT,,42920.0,,
IND-736,D10,2025-01-01,DEPT,,43878.0,,
IND-736,D10,2025-02-01,DEPT,,44987.0,,
IND-736,D10,2025-03-01,DEPT,,46445.0,,
IND-736,D10,2025-04-01,DEPT,,48452.0,,
IND-736,D10,2025-05-01,DEPT,,49550.0,,
IND-736,D10,2025-06-01,DEPT,,50703.0,,
IND-736,D10,2025-07-01,DEPT,,52117.0,,
IND-736,D10,2025-08-01,DEPT,,52343.0,,100.0
IND-736,D11,2023-06-01,DEPT,,14866.0,,
IND-736,D11,2023-07-01,DEPT,,15471.0,,
IND-736,D11,2023-08-01,DEPT,,15892.0,,
IND-736,D11,2023-09-01,DEPT,,16575.0,,
IND-736,D11,2023-10-01,DEPT,,17210.0,,
IND-736,D11,2023-11-01,DEPT,,18014.0,,
IND-736,D11,2023-12-01,DEPT,,18646.0,,
IND-736,D11,2024-01-01,DEPT,,19527.0,,
IND-736,D11,2024-02-01,DEPT,,20259.0,,
IND-736,D11,2024-03-01,DEPT,,21153.0,,
IND-736,D11,2024-04-01,DEPT,,21841.0,,
IND-736,D11,2024-05-01,DEPT,,22461.0,,
IND-736,D11,2024-06-01,DEPT,,22984.0,,
IND-736,D11,2024-07-01,DEPT,,23389.0,,
IND-736,D11,2024-08-01,DEPT,,23734.0,,
IND-736,D11,2024-09-01,DEPT,,24266.0,,
IND-736,D11,2024-10-01,DEPT,,25279.0,,
IND-736,D11,2024-11-01,DEPT,,25567.0,,
IND-736,D11,2024-12-01,DEPT,,27805.0,,
IND-736,D11,2025-01-01,DEPT,,28686.0,,
IND-736,D11,2025-02-01,DEPT,,29344.0,,
IND-736,D11,2025-03-01,DEPT,,30634.0,,
IND-736,D11,2025-04-01,DEPT,,31447.0,,
IND-736,D11,2025-05-01,DEPT,,32011.0,,
IND-736,D11,2025-06-01,DEPT,,32556.0,,
IND-736,D11,2025-07-01,DEPT,,33073.0,,
IND-736,D11,2025-08-01,DEPT,,33357.0,,78.64
IND-736,D12,2023-06-01,DEPT,,17198.0,,
IND-736,D12,2023-07-01,DEPT,,17708.0,,
IND-736,D12,2023-08-01,DEPT,,17894.0,,
IND-736,D12,2023-09-01,DEPT,,18628.0,,
IND-736,D12,2023-10-01,DEPT,,19439.0,,
IND-736,D12,2023-11-01,DEPT,,20550.0,,
IND-736,D12,2023-12-01,DEPT,,21311.0,,
IND-736,D12,2024-01-01,DEPT,,22025.0,,
IND-736,D12,2024-02-01,DEPT,,23053.0,,
IND-736,D12,2024-03-01,DEPT,,23921.0,,
IND-736,D12,2024-04-01,DEPT,,25198.0,,
IND-736,D12,2024-05-01,DEPT,,25775.0,,
IND-736,D12,2024-06-01,DEPT,,26719.0,,
IND-736,D12,2024-07-01,DEPT,,27271.0,,
IND-736,D12,2024-08-01,DEPT,,27821.0,,
IND-736,D12,2024-09-01,DEPT,,28183.0,,
IND-736,D12,2024-10-01,DEPT,,29109.0,,
IND-736,D12,2024-11-01,DEPT,,29373.0,,
IND-736,D12,2024-12-01,DEPT,,31180.0,,
IND-736,D12,2025-01-01,DEPT,,31768.0,,
IND-736,D12,2025-02-01,DEPT,,32613.0,,
IND-736,D12,2025-03-01,DEPT,,33954.0,,
IND-736,D12,2025-04-01,DEPT,,35834.0,,
IND-736,D12,2025-05-01,DEPT,,36871.0,,
IND-736,D12,2025-06-01,DEPT,,37697.0,,
IND-736,D12,2025-07-01,DEPT,,38913.0,,
IND-736,D12,2025-08-01,DEPT,,38990.0,,100.0
IND-736,D13,2023-06-01,DEPT,,51330.0,,
IND-736,D13,2023-07-01,DEPT,,53248.0,,
IND-736,D13,2023-08-01,DEPT,,54600.0,,
IND-736,D13,2023-09-01,DEPT,,56810.0,,
IND-736,D13,2023-10-01,DEPT,,59996.0,,
IND-736,D13,2023-11-01,DEPT,,64274.0,,
IND-736,D13,2023-12-01,DEPT,,66767.0,,
IND-736,D13,2024-01-01,DEPT,,71153.0,,
IND-736,D13,2024-02-01,DEPT,,75195.0,,
IND-736,D13,2024-03-01,DEPT,,78225.0,,
IND-736,D13,2024-04-01,DEPT,,82041.0,,
IND-736,D13,2024-05-01,DEPT,,85650.0,,
IND-736,D13,2024-06-01,DEPT,,88108.0,,
IND-736,D13,2024-07-01,DEPT,,90225.0,,
IND-736,D13,2024-08-01,DEPT,,92303.0,,
IND-736,D13,2024-09-01,DEPT,,95554.0,,
IND-736,D13,2024-10-01,DEPT,,99195.0,,
IND-736,D13,2024-11-01,DEPT,,99259.0,,
IND-736,D13,2024-12-01,DEPT,,106333.0,,
IND-736,D13,2025-01-01,DEPT,,109064.0,,
IND-736,D13,2025-02-01,DEPT,,110179.0,,
IND-736,D13,2025-03-01,DEPT,,113734.0,,
IND-736,D13,2025-04-01,DEPT,,116341.0,,
IND-736,D13,2025-05-01,DEPT,,118619.0,,
IND-736,D13,2025-06-01,DEPT,,120747.0,,
IND-736,D13,2025-07-01,DEPT,,123972.0,,
IND-736,D13,2025-08-01,DEPT,,124871.0,,84.85
IND-736,D14,2023-06-01,DEPT,,30497.0,,
IND-736,D14,2023-07-01,DEPT,,32103.0,,
IND-736,D14,2023-08-01,DEPT,,32970.0,,
IND-736,D14,2023-09-01,DEPT,,34576.0,,
IND-736,D14,2023-10-01,DEPT,,36587.0,,
IND-736,D14,2023-11-01,DEPT,,38623.0,,
IND-736,D14,2023-12-01,DEPT,,39869.0,,
IND-736,D14,2024-01-01,DEPT,,41613.0,,
IND-736,D14,2024-02-01,DEPT,,43404.0,,
IND-736,D14,2024-03-01,DEPT,,45207.0,,
IND-736,D14,2024-04-01,DEPT,,47120.0,,
IND-736,D14,2024-05-01,DEPT,,48626.0,,
IND-736,D14,2024-06-01,DEPT,,49907.0,,
IND-736,D14,2024-07-01,DEPT,,51461.0,,
IND-736,D14,2024-08-01,DEPT,,52432.0,,
IND-736,D14,2024-09-01,DEPT,,53575.0,,
IND-736,D14,2024-10-01,DEPT,,55802.0,,
IND-736,D14,2024-11-01,DEPT,,56448.0,,
IND-736,D14,2024-12-01,DEPT,,58071.0,,
IND-736,D14,2025-01-01,DEPT,,59401.0,,
IND-736,D14,2025-02-01,DEPT,,60401.0,,
IND-736,D14,2025-03-01,DEPT,,62454.0,,
IND-736,D14,2025-04-01,DEPT,,63977.0,,
IND-736,D14,2025-05-01,DEPT,,65077.0,,
IND-736,D14,2025-06-01,DEPT,,67177.0,,
IND-736,D14,2025-07-01,DEPT,,68463.0,,
IND-736,D14,2025-08-01,DEPT,,68994.0,,100.0
IND-736,D15,2023-06-01,DEPT,,15110.0,,
IND-736,D15,2023-07-01,DEPT,,15698.0,,
IND-736,D15,2023-08-01,DEPT,,16012.0,,
IND-736,D15,2023-09-01,DEPT,,16338.0,,
IND-736,D15,2023-10-01,DEPT,,16776.0,,
IND-736,D15,2023-11-01,DEPT,,17258.0,,
IND-736,D15,2023-12-01,DEPT,,17546.0,,
IND-736,D15,2024-01-01,DEPT,,18183.0,,
IND-736,D15,2024-02-01,DEPT,,18804.0,,
IND-736,D15,2024-03-01,DEPT,,19271.0,,
IND-736,D15,2024-04-01,DEPT,,19710.0,,
IND-736,D15,2024-05-01,DEPT,,20253.0,,
IND-736,D15,2024-06-01,DEPT,,21382.0,,
IND-736,D15,2024-07-01,DEPT,,21678.0,,
IND-736,D15,2024-08-01,DEPT,,21786.0,,
IND-736,D15,2024-09-01,DEPT,,22094.0,,
IND-736,D15,2024-10-01,DEPT,,22507.0,,
IND-736,D15,2024-11-01,DEPT,,22662.0,,
IND-736,D15,2024-12-01,DEPT,,23699.0,,
IND-736,D15,2025-01-01,DEPT,,24038.0,,
IND-736,D15,2025-02-01,DEPT,,24478.0,,
IND-736,D15,2025-03-01,DEPT,,24949.0,,
IND-736,D15,2025-04-01,DEPT,,25516.0,,
IND-736,D15,2025-05-01,DEPT,,25783.0,,
IND-736,D15,2025-06-01,DEPT,,27247.0,,
IND-736,D15,2025-07-01,DEPT,,27590.0,,
IND-736,D15,2025-08-01,DEPT,,27706.0,,100.0
IND-736,D16,2023-06-01,DEPT,,21052.0,,
IND-736,D16,2023-07-01,DEPT,,21963.0,,
IND-736,D16,2023-08-01,DEPT,,22287.0,,
IND-736,D16,2023-09-01,DEPT,,23135.0,,
IND-736,D16,2023-10-01,DEPT,,24016.0,,
IND-736,D16,2023-11-01,DEPT,,25105.0,,
IND-736,D16,2023-12-01,DEPT,,26003.0,,
IND-736,D16,2024-01-01,DEPT,,27215.0,,
IND-736,D16,2024-02-01,DEPT,,28347.0,,
IND-736,D16,2024-03-01,DEPT,,29505.0,,
IND-736,D16,2024-04-01,DEPT,,30533.0,,
IND-736,D16,2024-05-01,DEPT,,31214.0,,
IND-736,D16,2024-06-01,DEPT,,31888.0,,
IND-736,D16,2024-07-01,DEPT,,32427.0,,
IND-736,D16,2024-08-01,DEPT,,32654.0,,
IND-736,D16,2024-09-01,DEPT,,33362.0,,
IND-736,D16,2024-10-01,DEPT,,34505.0,,
IND-736,D16,2024-11-01,DEPT,,34858.0,,
IND-736,D16,2024-12-01,DEPT,,36270.0,,
IND-736,D16,2025-01-01,DEPT,,37321.0,,
IND-736,D16,2025-02-01,DEPT,,38061.0,,
IND-736,D16,2025-03-01,DEPT,,39349.0,,
IND-736,D16,2025-04-01,DEPT,,40208.0,,
IND-736,D16,2025-05-01,DEPT,,41216.0,,
IND-736,D16,2025-06-01,DEPT,,41947.0,,
IND-736,D16,2025-07-01,DEPT,,42707.0,,
IND-736,D16,2025-08-01,DEPT,,42859.0,,69.49
IND-736,D17,2023-06-01,DEPT,,26289.0,,
IND-736,D17,2023-07-01,DEPT,,27342.0,,
IND-736,D17,2023-08-01,DEPT,,28163.0,,
IND-736,D17,2023-09-01,DEPT,,29330.0,,
IND-736,D17,2023-10-01,DEPT,,30849.0,,
IND-736,D17,2023-11-01,DEPT,,32989.0,,
IND-736,D17,2023-12-01,DEPT,,34409.0,,
IND-736,D17,2024-01-01,DEPT,,36262.0,,
IND-736,D17,2024-02-01,DEPT,,38281.0,,
IND-736,D17,2024-03-01,DEPT,,40465.0,,
IND-736,D17,2024-04-01,DEPT,,42002.0,,
IND-736,D17,2024-05-01,DEPT,,43113.0,,
IND-736,D17,2024-06-01,DEPT,,44175.0,,
IND-736,D17,2024-07-01,DEPT,,45267.0,,
IND-736,D17,2024-08-01,DEPT,,45807.0,,
IND-736,D17,2024-09-01,DEPT,,46697.0,,
IND-736,D17,2024-10-01,DEPT,,48506.0,,
IND-736,D17,2024-11-01,DEPT,,49176.0,,
IND-736,D17,2024-12-01,DEPT,,51552.0,,
IND-736,D17,2025-01-01,DEPT,,52836.0,,
IND-736,D17,2025-02-01,DEPT,,54100.0,,
IND-736,D17,2025-03-01,DEPT,,56780.0,,
IND-736,D17,2025-04-01,DEPT,,58451.0,,
IND-736,D17,2025-05-01,DEPT,,59820.0,,
IND-736,D17,2025-06-01,DEPT,,61075.0,,
IND-736,D17,2025-07-01,DEPT,,62509.0,,
IND-736,D17,2025-08-01,DEPT,,63137.0,,89.06
IND-736,D18,2023-06-01,DEPT,,15483.0,,
IND-736,D18,2023-07-01,DEPT,,16135.0,,
IND-736,D18,2023-08-01,DEPT,,16516.0,,
IND-736,D18,2023-09-01,DEPT,,17423.0,,
IND-736,D18,2023-10-01,DEPT,,18388.0,,
IND-736,D18,2023-11-01,DEPT,,19183.0,,
IND-736,D18,2023-12-01,DEPT,,20253.0,,
IND-736,D18,2024-01-01,DEPT,,20954.0,,
IND-736,D18,2024-02-01,DEPT,,22032.0,,
IND-736,D18,2024-03-01,DEPT,,23154.0,,
IND-736,D18,2024-04-01,DEPT,,24551.0,,
IND-736,D18,2024-05-01,DEPT,,25312.0,,
IND-736,D18,2024-06-01,DEPT,,27084.0,,
IND-736,D18,2024-07-01,DEPT,,27629.0,,
IND-736,D18,2024-08-01,DEPT,,28013.0,,
IND-736,D18,2024-09-01,DEPT,,28932.0,,
IND-736,D18,2024-10-01,DEPT,,29598.0,,
IND-736,D18,2024-11-01,DEPT,,29745.0,,
IND-736,D18,2024-12-01,DEPT,,31248.0,,
IND-736,D18,2025-01-01,DEPT,,31820.0,,
IND-736,D18,2025-02-01,DEPT,,33754.0,,
IND-736,D18,2025-03-01,DEPT,,34202.0,,
IND-736,D18,2025-04-01,DEPT,,34908.0,,
IND-736,D18,2025-05-01,DEPT,,35448.0,,
IND-736,D18,2025-06-01,DEPT,,36436.0,,
IND-736,D18,2025-07-01,DEPT,,36988.0,,
IND-736,D18,2025-08-01,DEPT,,37254.0,,83.4
IND-736,D19,2023-06-01,DEPT,,14107.0,,
IND-736,D19,2023-07-01,DEPT,,14762.0,,
IND-736,D19,2023-08-01,DEPT,,15085.0,,
IND-736,D19,2023-09-01,DEPT,,15708.0,,
IND-736,D19,2023-10-01,DEPT,,16425.0,,
IND-736,D19,2023-11-01,DEPT,,17176.0,,
IND-736,D19,2023-12-01,DEPT,,17811.0,,
IND-736,D19,2024-01-01,DEPT,,18597.0,,
IND-736,D19,2024-02-01,DEPT,,19188.0,,
IND-736,D19,2024-03-01,DEPT,,19892.0,,
IND-736,D19,2024-04-01,DEPT,,20814.0,,
IND-736,D19,2024-05-01,DEPT,,21543.0,,
IND-736,D19,2024-06-01,DEPT,,22115.0,,
IND-736,D19,2024-07-01,DEPT,,22883.0,,
IND-736,D19,2024-08-01,DEPT,,23320.0,,
IND-736,D19,2024-09-01,DEPT,,23900.0,,
IND-736,D19,2024-10-01,DEPT,,24692.0,,
IND-736,D19,2024-11-01,DEPT,,24835.0,,
IND-736,D19,2024-12-01,DEPT,,26528.0,,
IND-736,D19,2025-01-01,DEPT,,26977.0,,
IND-736,D19,2025-02-01,DEPT,,27806.0,,
IND-736,D19,2025-03-01,DEPT,,29683.0,,
IND-736,D19,2025-04-01,DEPT,,30581.0,,
IND-736,D19,2025-05-01,DEPT,,30991.0,,
IND-736,D19,2025-06-01,DEPT,,32101.0,,
IND-736,D19,2025-07-01,DEPT,,32833.0,,
IND-736,D19,2025-08-01,DEPT,,33234.0,,62.81
IND-736,D21,2023-06-01,DEPT,,24158.0,,
IND-736,D21,2023-07-01,DEPT,,25070.0,,
IND-736,D21,2023-08-01,DEPT,,25679.0,,
IND-736,D21,2023-09-01,DEPT,,26625.0,,
IND-736,D21,2023-10-01,DEPT,,28066.0,,
IND-736,D21,2023-11-01,DEPT,,29282.0,,
IND-736,D21,2023-12-01,DEPT,,30267.0,,
IND-736,D21,2024-01-01,DEPT,,31245.0,,
IND-736,D21,2024-02-01,DEPT,,32891.0,,
IND-736,D21,2024-03-01,DEPT,,34060.0,,
IND-736,D21,2024-04-01,DEPT,,35571.0,,
IND-736,D21,2024-05-01,DEPT,,36919.0,,
IND-736,D21,2024-06-01,DEPT,,37843.0,,
IND-736,D21,2024-07-01,DEPT,,38632.0,,
IND-736,D21,2024-08-01,DEPT,,37738.0,,
IND-736,D21,2024-09-01,DEPT,,38485.0,,
IND-736,D21,2024-10-01,DEPT,,41005.0,,
IND-736,D21,2024-11-01,DEPT,,41485.0,,
IND-736,D21,2024-12-01,DEPT,,44341.0,,
IND-736,D21,2025-01-01,DEPT,,45200.0,,
IND-736,D21,2025-02-01,DEPT,,46274.0,,
IND-736,D21,2025-03-01,DEPT,,48113.0,,
IND-736,D21,2025-04-01,DEPT,,49974.0,,
IND-736,D21,2025-05-01,DEPT,,51327.0,,
IND-736,D21,2025-06-01,DEPT,,52222.0,,
IND-736,D21,2025-07-01,DEPT,,54167.0,,
IND-736,D21,2025-08-01,DEPT,,54428.0,,74.55
IND-736,D22,2023-06-01,DEPT,,28126.0,,
IND-736,D22,2023-07-01,DEPT,,29152.0,,
IND-736,D22,2023-08-01,DEPT,,29708.0,,
IND-736,D22,2023-09-01,DEPT,,31194.0,,
IND-736,D22,2023-10-01,DEPT,,32703.0,,
IND-736,D22,2023-11-01,DEPT,,34290.0,,
IND-736,D22,2023-12-01,DEPT,,35354.0,,
IND-736,D22,2024-01-01,DEPT,,36556.0,,
IND-736,D22,2024-02-01,DEPT,,38185.0,,
IND-736,D22,2024-03-01,DEPT,,40170.0,,
IND-736,D22,2024-04-01,DEPT,,42132.0,,
IND-736,D22,2024-05-01,DEPT,,43303.0,,
IND-736,D22,2024-06-01,DEPT,,46226.0,,
IND-736,D22,2024-07-01,DEPT,,47461.0,,
IND-736,D22,2024-08-01,DEPT,,48073.0,,
IND-736,D22,2024-09-01,DEPT,,49816.0,,
IND-736,D22,2024-10-01,DEPT,,51879.0,,
IND-736,D22,2024-11-01,DEPT,,52508.0,,
IND-736,D22,2024-12-01,DEPT,,54525.0,,
IND-736,D22,2025-01-01,DEPT,,55721.0,,
IND-736,D22,2025-02-01,DEPT,,56915.0,,
IND-736,D22,2025-03-01,DEPT,,59020.0,,
IND-736,D22,2025-04-01,DEPT,,60344.0,,
IND-736,D22,2025-05-01,DEPT,,62509.0,,
IND-736,D22,2025-06-01,DEPT,,64472.0,,
IND-736,D22,2025-07-01,DEPT,,65574.0,,
IND-736,D22,2025-08-01,DEPT,,66024.0,,100.0
IND-736,D23,2023-06-01,DEPT,,9640.0,,
IND-736,D23,2023-07-01,DEPT,,9654.0,,
IND-736,D23,2023-08-01,DEPT,,9697.0,,
IND-736,D23,2023-09-01,DEPT,,9766.0,,
IND-736,D23,2023-10-01,DEPT,,9906.0,,
IND-736,D23,2023-11-01,DEPT,,10060.0,,
IND-736,D23,2023-12-01,DEPT,,10137.0,,
IND-736,D23,2024-01-01,DEPT,,10231.0,,
IND-736,D23,2024-02-01,DEPT,,10320.0,,
IND-736,D23,2024-03-01,DEPT,,10423.0,,
IND-736,D23,2024-04-01,DEPT,,10522.0,,
IND-736,D23,2024-05-01,DEPT,,10595.0,,
IND-736,D23,2024-06-01,DEPT,,10719.0,,
IND-736,D23,2024-07-01,DEPT,,10822.0,,
IND-736,D23,2024-08-01,DEPT,,11137.0,,
IND-736,D23,2024-09-01,DEPT,,12176.0,,
IND-736,D23,2024-10-01,DEPT,,12508.0,,
IND-736,D23,2024-11-01,DEPT,,12628.0,,
IND-736,D23,2024-12-01,DEPT,,12964.0,,
IND-736,D23,2025-01-01,DEPT,,13141.0,,
IND-736,D23,2025-02-01,DEPT,,13440.0,,
IND-736,D23,2025-03-01,DEPT,,13654.0,,
IND-736,D23,2025-04-01,DEPT,,13911.0,,
IND-736,D23,2025-05-01,DEPT,,14092.0,,
IND-736,D23,2025-06-01,DEPT,,14235.0,,
IND-736,D23,2025-07-01,DEPT,,14380.0,,
IND-736,D23,2025-08-01,DEPT,,14449.0,,61.71
IND-736,D24,2023-06-01,DEPT,,21563.0,,
IND-736,D24,2023-07-01,DEPT,,22561.0,,
IND-736,D24,2023-08-01,DEPT,,23247.0,,
IND-736,D24,2023-09-01,DEPT,,24666.0,,
IND-736,D24,2023-10-01,DEPT,,25995.0,,
IND-736,D24,2023-11-01,DEPT,,27457.0,,
IND-736,D24,2023-12-01,DEPT,,28611.0,,
IND-736,D24,2024-01-01,DEPT,,29719.0,,
IND-736,D24,2024-02-01,DEPT,,31198.0,,
IND-736,D24,2024-03-01,DEPT,,32902.0,,
IND-736,D24,2024-04-01,DEPT,,34677.0,,
IND-736,D24,2024-05-01,DEPT,,35834.0,,
IND-736,D24,2024-06-01,DEPT,,37242.0,,
IND-736,D24,2024-07-01,DEPT,,38568.0,,
IND-736,D24,2024-08-01,DEPT,,39029.0,,
IND-736,D24,2024-09-01,DEPT,,40054.0,,
IND-736,D24,2024-10-01,DEPT,,41473.0,,
IND-736,D24,2024-11-01,DEPT,,41978.0,,
IND-736,D24,2024-12-01,DEPT,,43571.0,,
IND-736,D24,2025-01-01,DEPT,,44546.0,,
IND-736,D24,2025-02-01,DEPT,,45324.0,,
IND-736,D24,2025-03-01,DEPT,,47809.0,,
IND-736,D24,2025-04-01,DEPT,,49296.0,,
IND-736,D24,2025-05-01,DEPT,,50215.0,,
IND-736,D24,2025-06-01,DEPT,,51289.0,,
IND-736,D24,2025-07-01,DEPT,,52054.0,,
IND-736,D24,2025-08-01,DEPT,,52299.0,,100.0
IND-736,D25,2023-06-01,DEPT,,19163.0,,
IND-736,D25,2023-07-01,DEPT,,20253.0,,
IND-736,D25,2023-08-01,DEPT,,20933.0,,
IND-736,D25,2023-09-01,DEPT,,22171.0,,
IND-736,D25,2023-10-01,DEPT,,23420.0,,
IND-736,D25,2023-11-01,DEPT,,25401.0,,
IND-736,D25,2023-12-01,DEPT,,26548.0,,
IND-736,D25,2024-01-01,DEPT,,27665.0,,
IND-736,D25,2024-02-01,DEPT,,28817.0,,
IND-736,D25,2024-03-01,DEPT,,30129.0,,
IND-736,D25,2024-04-01,DEPT,,31319.0,,
IND-736,D25,2024-05-01,DEPT,,32312.0,,
IND-736,D25,2024-06-01,DEPT,,34663.0,,
IND-736,D25,2024-07-01,DEPT,,35424.0,,
IND-736,D25,2024-08-01,DEPT,,37571.0,,
IND-736,D25,2024-09-01,DEPT,,38475.0,,
IND-736,D25,2024-10-01,DEPT,,39795.0,,
IND-736,D25,2024-11-01,DEPT,,40156.0,,
IND-736,D25,2024-12-01,DEPT,,41793.0,,
IND-736,D25,2025-01-01,DEPT,,42931.0,,
IND-736,D25,2025-02-01,DEPT,,43785.0,,
IND-736,D25,2025-03-01,DEPT,,45284.0,,
IND-736,D25,2025-04-01,DEPT,,46741.0,,
IND-736,D25,2025-05-01,DEPT,,47710.0,,
IND-736,D25,2025-06-01,DEPT,,48960.0,,
IND-736,D25,2025-07-01,DEPT,,49621.0,,
IND-736,D25,2025-08-01,DEPT,,49863.0,,90.51
IND-736,D26,2023-06-01,DEPT,,21483.0,,
IND-736,D26,2023-07-01,DEPT,,22450.0,,
IND-736,D26,2023-08-01,DEPT,,22869.0,,
IND-736,D26,2023-09-01,DEPT,,23694.0,,
IND-736,D26,2023-10-01,DEPT,,24914.0,,
IND-736,D26,2023-11-01,DEPT,,26346.0,,
IND-736,D26,2023-12-01,DEPT,,27340.0,,
IND-736,D26,2024-01-01,DEPT,,29048.0,,
IND-736,D26,2024-02-01,DEPT,,29799.0,,
IND-736,D26,2024-03-01,DEPT,,30901.0,,
IND-736,D26,2024-04-01,DEPT,,33147.0,,
IND-736,D26,2024-05-01,DEPT,,34276.0,,
IND-736,D26,2024-06-01,DEPT,,35618.0,,
IND-736,D26,2024-07-01,DEPT,,36475.0,,
IND-736,D26,2024-08-01,DEPT,,36844.0,,
IND-736,D26,2024-09-01,DEPT,,37909.0,,
IND-736,D26,2024-10-01,DEPT,,39435.0,,
IND-736,D26,2024-11-01,DEPT,,39977.0,,
IND-736,D26,2024-12-01,DEPT,,43581.0,,
IND-736,D26,2025-01-01,DEPT,,45561.0,,
IND-736,D26,2025-02-01,DEPT,,47587.0,,
IND-736,D26,2025-03-01,DEPT,,50925.0,,
IND-736,D26,2025-04-01,DEPT,,54117.0,,
IND-736,D26,2025-05-01,DEPT,,57752.0,,
IND-736,D26,2025-06-01,DEPT,,60921.0,,
IND-736,D26,2025-07-01,DEPT,,62950.0,,
IND-736,D26,2025-08-01,DEPT,,63842.0,,100.0
IND-736,D27,2023-06-01,DEPT,,21410.0,,
IND-736,D27,2023-07-01,DEPT,,22270.0,,
IND-736,D27,2023-08-01,DEPT,,22908.0,,
IND-736,D27,2023-09-01,DEPT,,24095.0,,
IND-736,D27,2023-10-01,DEPT,,25449.0,,
IND-736,D27,2023-11-01,DEPT,,27154.0,,
IND-736,D27,2023-12-01,DEPT,,28600.0,,
IND-736,D27,2024-01-01,DEPT,,30451.0,,
IND-736,D27,2024-02-01,DEPT,,32238.0,,
IND-736,D27,2024-03-01,DEPT,,33791.0,,
IND-736,D27,2024-04-01,DEPT,,35203.0,,
IND-736,D27,2024-05-01,DEPT,,36438.0,,
IND-736,D27,2024-06-01,DEPT,,37595.0,,
IND-736,D27,2024-07-01,DEPT,,38808.0,,
IND-736,D27,2024-08-01,DEPT,,39454.0,,
IND-736,D27,2024-09-01,DEPT,,40819.0,,
IND-736,D27,2024-10-01,DEPT,,42589.0,,
IND-736,D27,2024-11-01,DEPT,,43201.0,,
IND-736,D27,2024-12-01,DEPT,,45748.0,,
IND-736,D27,2025-01-01,DEPT,,47242.0,,
IND-736,D27,2025-02-01,DEPT,,48489.0,,
IND-736,D27,2025-03-01,DEPT,,50375.0,,
IND-736,D27,2025-04-01,DEPT,,51462.0,,
IND-736,D27,2025-05-01,DEPT,,52795.0,,
IND-736,D27,2025-06-01,DEPT,,53903.0,,
IND-736,D27,2025-07-01,DEPT,,55390.0,,
IND-736,D27,2025-08-01,DEPT,,55723.0,,91.16
IND-736,D28,2023-06-01,DEPT,,8254.0,,
IND-736,D28,2023-07-01,DEPT,,8543.0,,
IND-736,D28,2023-08-01,DEPT,,8799.0,,
IND-736,D28,2023-09-01,DEPT,,9593.0,,
IND-736,D28,2023-10-01,DEPT,,10305.0,,
IND-736,D28,2023-11-01,DEPT,,10914.0,,
IND-736,D28,2023-12-01,DEPT,,11477.0,,
IND-736,D28,2024-01-01,DEPT,,11905.0,,
IND-736,D28,2024-02-01,DEPT,,12385.0,,
IND-736,D28,2024-03-01,DEPT,,12891.0,,
IND-736,D28,2024-04-01,DEPT,,13542.0,,
IND-736,D28,2024-05-01,DEPT,,14282.0,,
IND-736,D28,2024-06-01,DEPT,,15037.0,,
IND-736,D28,2024-07-01,DEPT,,15583.0,,
IND-736,D28,2024-08-01,DEPT,,15726.0,,
IND-736,D28,2024-09-01,DEPT,,16107.0,,
IND-736,D28,2024-10-01,DEPT,,16915.0,,
IND-736,D28,2024-11-01,DEPT,,17034.0,,
IND-736,D28,2024-12-01,DEPT,,18232.0,,
IND-736,D28,2025-01-01,DEPT,,18931.0,,
IND-736,D28,2025-02-01,DEPT,,19688.0,,
IND-736,D28,2025-03-01,DEPT,,21415.0,,
IND-736,D28,2025-04-01,DEPT,,22377.0,,
IND-736,D28,2025-05-01,DEPT,,23185.0,,
IND-736,D28,2025-06-01,DEPT,,24061.0,,
IND-736,D28,2025-07-01,DEPT,,24391.0,,
IND-736,D28,2025-08-01,DEPT,,24601.0,,67.76
IND-736,D29,2023-06-01,DEPT,,31780.0,,
IND-736,D29,2023-07-01,DEPT,,33128.0,,
IND-736,D29,2023-08-01,DEPT,,34016.0,,
IND-736,D29,2023-09-01,DEPT,,35664.0,,
IND-736,D29,2023-10-01,DEPT,,37250.0,,
IND-736,D29,2023-11-01,DEPT,,38905.0,,
IND-736,D29,2023-12-01,DEPT,,40426.0,,
IND-736,D29,2024-01-01,DEPT,,42402.0,,
IND-736,D29,2024-02-01,DEPT,,44442.0,,
IND-736,D29,2024-03-01,DEPT,,46354.0,,
IND-736,D29,2024-04-01,DEPT,,48330.0,,
IND-736,D29,2024-05-01,DEPT,,49935.0,,
IND-736,D29,2024-06-01,DEPT,,51431.0,,
IND-736,D29,2024-07-01,DEPT,,52360.0,,
IND-736,D29,2024-08-01,DEPT,,53243.0,,
IND-736,D29,2024-09-01,DEPT,,54909.0,,
IND-736,D29,2024-10-01,DEPT,,56565.0,,
IND-736,D29,2024-11-01,DEPT,,57078.0,,
IND-736,D29,2024-12-01,DEPT,,59315.0,,
IND-736,D29,2025-01-01,DEPT,,60761.0,,
IND-736,D29,2025-02-01,DEPT,,62806.0,,
IND-736,D29,2025-03-01,DEPT,,65534.0,,
IND-736,D29,2025-04-01,DEPT,,67310.0,,
IND-736,D29,2025-05-01,DEPT,,68853.0,,
IND-736,D29,2025-06-01,DEPT,,70420.0,,
IND-736,D29,2025-07-01,DEPT,,72013.0,,
IND-736,D29,2025-08-01,DEPT,,72638.0,,100.0
IND-736,D2A,2023-06-01,DEPT,,3521.0,,
IND-736,D2A,2023-07-01,DEPT,,3673.0,,
IND-736,D2A,2023-08-01,DEPT,,3852.0,,
IND-736,D2A,2023-09-01,DEPT,,4026.0,,
IND-736,D2A,2023-10-01,DEPT,,4382.0,,
IND-736,D2A,2023-11-01,DEPT,,4452.0,,
IND-736,D2A,2023-12-01,DEPT,,4693.0,,
IND-736,D2A,2024-01-01,DEPT,,4762.0,,
IND-736,D2A,2024-02-01,DEPT,,5155.0,,
IND-736,D2A,2024-03-01,DEPT,,5359.0,,
IND-736,D2A,2024-04-01,DEPT,,5779.0,,
IND-736,D2A,2024-05-01,DEPT,,5864.0,,
IND-736,D2A,2024-06-01,DEPT,,6040.0,,
IND-736,D2A,2024-07-01,DEPT,,6082.0,,
IND-736,D2A,2024-08-01,DEPT,,6123.0,,
IND-736,D2A,2024-09-01,DEPT,,6175.0,,
IND-736,D2A,2024-10-01,DEPT,,6213.0,,
IND-736,D2A,2024-11-01,DEPT,,6222.0,,
IND-736,D2A,2024-12-01,DEPT,,6265.0,,
IND-736,D2A,2025-01-01,DEPT,,6292.0,,
IND-736,D2A,2025-02-01,DEPT,,6479.0,,
IND-736,D2A,2025-03-01,DEPT,,6522.0,,
IND-736,D2A,2025-04-01,DEPT,,6546.0,,
IND-736,D2A,2025-05-01,DEPT,,6569.0,,
IND-736,D2A,2025-06-01,DEPT,,6686.0,,
IND-736,D2A,2025-07-01,DEPT,,6699.0,,
IND-736,D2A,2025-08-01,DEPT,,6705.0,,19.87
IND-736,D2B,2023-06-01,DEPT,,5864.0,,
IND-736,D2B,2023-07-01,DEPT,,6107.0,,
IND-736,D2B,2023-08-01,DEPT,,6208.0,,
IND-736,D2B,2023-09-01,DEPT,,6546.0,,
IND-736,D2B,2023-10-01,DEPT,,6935.0,,
IND-736,D2B,2023-11-01,DEPT,,7429.0,,
IND-736,D2B,2023-12-01,DEPT,,7911.0,,
IND-736,D2B,2024-01-01,DEPT,,8265.0,,
IND-736,D2B,2024-02-01,DEPT,,8847.0,,
IND-736,D2B,2024-03-01,DEPT,,9388.0,,
IND-736,D2B,2024-04-01,DEPT,,9852.0,,
IND-736,D2B,2024-05-01,DEPT,,10279.0,,
IND-736,D2B,2024-06-01,DEPT,,10681.0,,
IND-736,D2B,2024-07-01,DEPT,,11392.0,,
IND-736,D2B,2024-08-01,DEPT,,11646.0,,
IND-736,D2B,2024-09-01,DEPT,,12170.0,,
IND-736,D2B,2024-10-01,DEPT,,12771.0,,
IND-736,D2B,2024-11-01,DEPT,,12951.0,,
IND-736,D2B,2024-12-01,DEPT,,13590.0,,
IND-736,D2B,2025-01-01,DEPT,,14061.0,,
IND-736,D2B,2025-02-01,DEPT,,14425.0,,
IND-736,D2B,2025-03-01,DEPT,,15037.0,,
IND-736,D2B,2025-04-01,DEPT,,15571.0,,
IND-736,D2B,2025-05-01,DEPT,,16031.0,,
IND-736,D2B,2025-06-01,DEPT,,16652.0,,
IND-736,D2B,2025-07-01,DEPT,,17444.0,,
IND-736,D2B,2025-08-01,DEPT,,17672.0,,66.05
IND-736,D30,2023-06-01,DEPT,,29337.0,,
IND-736,D30,2023-07-01,DEPT,,30924.0,,
IND-736,D30,2023-08-01,DEPT,,31911.0,,
IND-736,D30,2023-09-01,DEPT,,34312.0,,
IND-736,D30,2023-10-01,DEPT,,36370.0,,
IND-736,D30,2023-11-01,DEPT,,38391.0,,
IND-736,D30,2023-12-01,DEPT,,40591.0,,
IND-736,D30,2024-01-01,DEPT,,42461.0,,
IND-736,D30,2024-02-01,DEPT,,44652.0,,
IND-736,D30,2024-03-01,DEPT,,47174.0,,
IND-736,D30,2024-04-01,DEPT,,48753.0,,
IND-736,D30,2024-05-01,DEPT,,51246.0,,
IND-736,D30,2024-06-01,DEPT,,53879.0,,
IND-736,D30,2024-07-01,DEPT,,55288.0,,
IND-736,D30,2024-08-01,DEPT,,56170.0,,
IND-736,D30,2024-09-01,DEPT,,57855.0,,
IND-736,D30,2024-10-01,DEPT,,59818.0,,
IND-736,D30,2024-11-01,DEPT,,60576.0,,
IND-736,D30,2024-12-01,DEPT,,63088.0,,
IND-736,D30,2025-01-01,DEPT,,64754.0,,
IND-736,D30,2025-02-01,DEPT,,65734.0,,
IND-736,D30,2025-03-01,DEPT,,67779.0,,
IND-736,D30,2025-04-01,DEPT,,69402.0,,
IND-736,D30,2025-05-01,DEPT,,71116.0,,
IND-736,D30,2025-06-01,DEPT,,73277.0,,
IND-736,D30,2025-07-01,DEPT,,75707.0,,
IND-736,D30,2025-08-01,DEPT,,76212.0,,99.55
IND-736,D31,2023-06-01,DEPT,,35460.0,,
IND-736,D31,2023-07-01,DEPT,,36609.0,,
IND-736,D31,2023-08-01,DEPT,,37308.0,,
IND-736,D31,2023-09-01,DEPT,,38547.0,,
IND-736,D31,2023-10-01,DEPT,,40234.0,,
IND-736,D31,2023-11-01,DEPT,,42083.0,,
IND-736,D31,2023-12-01,DEPT,,43565.0,,
IND-736,D31,2024-01-01,DEPT,,45107.0,,
IND-736,D31,2024-02-01,DEPT,,46956.0,,
IND-736,D31,2024-03-01,DEPT,,50182.0,,
IND-736,D31,2024-04-01,DEPT,,51810.0,,
IND-736,D31,2024-05-01,DEPT,,53402.0,,
IND-736,D31,2024-06-01,DEPT,,55380.0,,
IND-736,D31,2024-07-01,DEPT,,58203.0,,
IND-736,D31,2024-08-01,DEPT,,60338.0,,
IND-736,D31,2024-09-01,DEPT,,61754.0,,
IND-736,D31,2024-10-01,DEPT,,63516.0,,
IND-736,D31,2024-11-01,DEPT,,64293.0,,
IND-736,D31,2024-12-01,DEPT,,67487.0,,
IND-736,D31,2025-01-01,DEPT,,69151.0,,
IND-736,D31,2025-02-01,DEPT,,70324.0,,
IND-736,D31,2025-03-01,DEPT,,72722.0,,
IND-736,D31,2025-04-01,DEPT,,74469.0,,
IND-736,D31,2025-05-01,DEPT,,76052.0,,
IND-736,D31,2025-06-01,DEPT,,77586.0,,
IND-736,D31,2025-07-01,DEPT,,78503.0,,
IND-736,D31,2025-08-01,DEPT,,78863.0,,76.52
IND-736,D32,2023-06-01,DEPT,,8561.0,,
IND-736,D32,2023-07-01,DEPT,,8860.0,,
IND-736,D32,2023-08-01,DEPT,,9134.0,,
IND-736,D32,2023-09-01,DEPT,,9395.0,,
IND-736,D32,2023-10-01,DEPT,,9817.0,,
IND-736,D32,2023-11-01,DEPT,,10364.0,,
IND-736,D32,2023-12-01,DEPT,,10944.0,,
IND-736,D32,2024-01-01,DEPT,,11457.0,,
IND-736,D32,2024-02-01,DEPT,,12081.0,,
IND-736,D32,2024-03-01,DEPT,,12612.0,,
IND-736,D32,2024-04-01,DEPT,,13231.0,,
IND-736,D32,2024-05-01,DEPT,,13702.0,,
IND-736,D32,2024-06-01,DEPT,,14286.0,,
IND-736,D32,2024-07-01,DEPT,,14684.0,,
IND-736,D32,2024-08-01,DEPT,,15208.0,,
IND-736,D32,2024-09-01,DEPT,,15630.0,,
IND-736,D32,2024-10-01,DEPT,,16226.0,,
IND-736,D32,2024-11-01,DEPT,,16482.0,,
IND-736,D32,2024-12-01,DEPT,,17819.0,,
IND-736,D32,2025-01-01,DEPT,,18456.0,,
IND-736,D32,2025-02-01,DEPT,,19159.0,,
IND-736,D32,2025-03-01,DEPT,,19941.0,,
IND-736,D32,2025-04-01,DEPT,,20687.0,,
IND-736,D32,2025-05-01,DEPT,,21166.0,,
IND-736,D32,2025-06-01,DEPT,,21725.0,,
IND-736,D32,2025-07-01,DEPT,,22372.0,,
IND-736,D32,2025-08-01,DEPT,,22640.0,,81.35
IND-736,D33,2023-06-01,DEPT,,65361.0,,
IND-736,D33,2023-07-01,DEPT,,68021.0,,
IND-736,D33,2023-08-01,DEPT,,69613.0,,
IND-736,D33,2023-09-01,DEPT,,72844.0,,
IND-736,D33,2023-10-01,DEPT,,76124.0,,
IND-736,D33,2023-11-01,DEPT,,79857.0,,
IND-736,D33,2023-12-01,DEPT,,82762.0,,
IND-736,D33,2024-01-01,DEPT,,87550.0,,
IND-736,D33,2024-02-01,DEPT,,91825.0,,
IND-736,D33,2024-03-01,DEPT,,95875.0,,
IND-736,D33,2024-04-01,DEPT,,98868.0,,
IND-736,D33,2024-05-01,DEPT,,102768.0,,
IND-736,D33,2024-06-01,DEPT,,106175.0,,
IND-736,D33,2024-07-01,DEPT,,109041.0,,
IND-736,D33,2024-08-01,DEPT,,111216.0,,
IND-736,D33,2024-09-01,DEPT,,114306.0,,
IND-736,D33,2024-10-01,DEPT,,118730.0,,
IND-736,D33,2024-11-01,DEPT,,120061.0,,
IND-736,D33,2024-12-01,DEPT,,126622.0,,
IND-736,D33,2025-01-01,DEPT,,130374.0,,
IND-736,D33,2025-02-01,DEPT,,134553.0,,
IND-736,D33,2025-03-01,DEPT,,140547.0,,
IND-736,D33,2025-04-01,DEPT,,145304.0,,
IND-736,D33,2025-05-01,DEPT,,148748.0,,
IND-736,D33,2025-06-01,DEPT,,153440.0,,
IND-736,D33,2025-07-01,DEPT,,157630.0,,
IND-736,D33,2025-08-01,DEPT,,159207.0,,100.0
IND-736,D34,2023-06-01,DEPT,,54664.0,,
IND-736,D34,2023-07-01,DEPT,,57115.0,,
IND-736,D34,2023-08-01,DEPT,,59075.0,,
IND-736,D34,2023-09-01,DEPT,,62232.0,,
IND-736,D34,2023-10-01,DEPT,,65162.0,,
IND-736,D34,2023-11-01,DEPT,,69415.0,,
IND-736,D34,2023-12-01,DEPT,,72338.0,,
IND-736,D34,2024-01-01,DEPT,,75347.0,,
IND-736,D34,2024-02-01,DEPT,,78151.0,,
IND-736,D34,2024-03-01,DEPT,,81800.0,,
IND-736,D34,2024-04-01,DEPT,,85447.0,,
IND-736,D34,2024-05-01,DEPT,,88379.0,,
IND-736,D34,2024-06-01,DEPT,,91239.0,,
IND-736,D34,2024-07-01,DEPT,,93682.0,,
IND-736,D34,2024-08-01,DEPT,,96024.0,,
IND-736,D34,2024-09-01,DEPT,,98820.0,,
IND-736,D34,2024-10-01,DEPT,,102268.0,,
IND-736,D34,2024-11-01,DEPT,,103205.0,,
IND-736,D34,2024-12-01,DEPT,,108570.0,,
IND-736,D34,2025-01-01,DEPT,,111618.0,,
IND-736,D34,2025-02-01,DEPT,,113866.0,,
IND-736,D34,2025-03-01,DEPT,,118353.0,,
IND-736,D34,2025-04-01,DEPT,,121396.0,,
IND-736,D34,2025-05-01,DEPT,,123686.0,,
IND-736,D34,2025-06-01,DEPT,,127194.0,,
IND-736,D34,2025-07-01,DEPT,,129917.0,,
IND-736,D34,2025-08-01,DEPT,,130969.0,,100.0
IND-736,D35,2023-06-01,DEPT,,37528.0,,
IND-736,D35,2023-07-01,DEPT,,38824.0,,
IND-736,D35,2023-08-01,DEPT,,39596.0,,
IND-736,D35,2023-09-01,DEPT,,40932.0,,
IND-736,D35,2023-10-01,DEPT,,42498.0,,
IND-736,D35,2023-11-01,DEPT,,44241.0,,
IND-736,D35,2023-12-01,DEPT,,46991.0,,
IND-736,D35,2024-01-01,DEPT,,49009.0,,
IND-736,D35,2024-02-01,DEPT,,51100.0,,
IND-736,D35,2024-03-01,DEPT,,53071.0,,
IND-736,D35,2024-04-01,DEPT,,55665.0,,
IND-736,D35,2024-05-01,DEPT,,57577.0,,
IND-736,D35,2024-06-01,DEPT,,60119.0,,
IND-736,D35,2024-07-01,DEPT,,61447.0,,
IND-736,D35,2024-08-01,DEPT,,62089.0,,
IND-736,D35,2024-09-01,DEPT,,63923.0,,
IND-736,D35,2024-10-01,DEPT,,65409.0,,
IND-736,D35,2024-11-01,DEPT,,66024.0,,
IND-736,D35,2024-12-01,DEPT,,69159.0,,
IND-736,D35,2025-01-01,DEPT,,70989.0,,
IND-736,D35,2025-02-01,DEPT,,72629.0,,
IND-736,D35,2025-03-01,DEPT,,75581.0,,
IND-736,D35,2025-04-01,DEPT,,77477.0,,
IND-736,D35,2025-05-01,DEPT,,78855.0,,
IND-736,D35,2025-06-01,DEPT,,80114.0,,
IND-736,D35,2025-07-01,DEPT,,80986.0,,
IND-736,D35,2025-08-01,DEPT,,81406.0,,100.0
IND-736,D36,2023-06-01,DEPT,,14230.0,,
IND-736,D36,2023-07-01,DEPT,,14942.0,,
IND-736,D36,2023-08-01,DEPT,,15661.0,,
IND-736,D36,2023-09-01,DEPT,,16751.0,,
IND-736,D36,2023-10-01,DEPT,,17904.0,,
IND-736,D36,2023-11-01,DEPT,,19799.0,,
IND-736,D36,2023-12-01,DEPT,,20881.0,,
IND-736,D36,2024-01-01,DEPT,,21987.0,,
IND-736,D36,2024-02-01,DEPT,,23159.0,,
IND-736,D36,2024-03-01,DEPT,,24400.0,,
IND-736,D36,2024-04-01,DEPT,,26305.0,,
IND-736,D36,2024-05-01,DEPT,,27462.0,,
IND-736,D36,2024-06-01,DEPT,,28465.0,,
IND-736,D36,2024-07-01,DEPT,,29356.0,,
IND-736,D36,2024-08-01,DEPT,,30191.0,,
IND-736,D36,2024-09-01,DEPT,,31363.0,,
IND-736,D36,2024-10-01,DEPT,,32642.0,,
IND-736,D36,2024-11-01,DEPT,,33153.0,,
IND-736,D36,2024-12-01,DEPT,,34741.0,,
IND-736,D36,2025-01-01,DEPT,,35676.0,,
IND-736,D36,2025-02-01,DEPT,,36837.0,,
IND-736,D36,2025-03-01,DEPT,,38093.0,,
IND-736,D36,2025-04-01,DEPT,,39399.0,,
IND-736,D36,2025-05-01,DEPT,,41198.0,,
IND-736,D36,2025-06-01,DEPT,,42677.0,,
IND-736,D36,2025-07-01,DEPT,,43674.0,,
IND-736,D36,2025-08-01,DEPT,,44111.0,,100.0
IND-736,D37,2023-06-01,DEPT,,17936.0,,
IND-736,D37,2023-07-01,DEPT,,18644.0,,
IND-736,D37,2023-08-01,DEPT,,18926.0,,
IND-736,D37,2023-09-01,DEPT,,19680.0,,
IND-736,D37,2023-10-01,DEPT,,20691.0,,
IND-736,D37,2023-11-01,DEPT,,21780.0,,
IND-736,D37,2023-12-01,DEPT,,22694.0,,
IND-736,D37,2024-01-01,DEPT,,23589.0,,
IND-736,D37,2024-02-01,DEPT,,24621.0,,
IND-736,D37,2024-03-01,DEPT,,25471.0,,
IND-736,D37,2024-04-01,DEPT,,26467.0,,
IND-736,D37,2024-05-01,DEPT,,27140.0,,
IND-736,D37,2024-06-01,DEPT,,27837.0,,
IND-736,D37,2024-07-01,DEPT,,28362.0,,
IND-736,D37,2024-08-01,DEPT,,29042.0,,
IND-736,D37,2024-09-01,DEPT,,30172.0,,
IND-736,D37,2024-10-01,DEPT,,31432.0,,
IND-736,D37,2024-11-01,DEPT,,32018.0,,
IND-736,D37,2024-12-01,DEPT,,33630.0,,
IND-736,D37,2025-01-01,DEPT,,34568.0,,
IND-736,D37,2025-02-01,DEPT,,36108.0,,
IND-736,D37,2025-03-01,DEPT,,37970.0,,
IND-736,D37,2025-04-01,DEPT,,39057.0,,
IND-736,D37,2025-05-01,DEPT,,40163.0,,
IND-736,D37,2025-06-01,DEPT,,42076.0,,
IND-736,D37,2025-07-01,DEPT,,43422.0,,
IND-736,D37,2025-08-01,DEPT,,43774.0,,89.52
IND-736,D38,2023-06-01,DEPT,,23004.0,,
IND-736,D38,2023-07-01,DEPT,,23587.0,,
IND-736,D38,2023-08-01,DEPT,,23928.0,,
IND-736,D38,2023-09-01,DEPT,,24980.0,,
IND-736,D38,2023-10-01,DEPT,,26124.0,,
IND-736,D38,2023-11-01,DEPT,,27080.0,,
IND-736,D38,2023-12-01,DEPT,,27656.0,,
IND-736,D38,2024-01-01,DEPT,,28574.0,,
IND-736,D38,2024-02-01,DEPT,,29817.0,,
IND-736,D38,2024-03-01,DEPT,,30879.0,,
IND-736,D38,2024-04-01,DEPT,,32536.0,,
IND-736,D38,2024-05-01,DEPT,,33500.0,,
IND-736,D38,2024-06-01,DEPT,,34536.0,,
IND-736,D38,2024-07-01,DEPT,,35521.0,,
IND-736,D38,2024-08-01,DEPT,,35841.0,,
IND-736,D38,2024-09-01,DEPT,,36520.0,,
IND-736,D38,2024-10-01,DEPT,,37602.0,,
IND-736,D38,2024-11-01,DEPT,,37971.0,,
IND-736,D38,2024-12-01,DEPT,,39844.0,,
IND-736,D38,2025-01-01,DEPT,,40635.0,,
IND-736,D38,2025-02-01,DEPT,,41815.0,,
IND-736,D38,2025-03-01,DEPT,,43373.0,,
IND-736,D38,2025-04-01,DEPT,,44245.0,,
IND-736,D38,2025-05-01,DEPT,,45066.0,,
IND-736,D38,2025-06-01,DEPT,,46551.0,,
IND-736,D38,2025-07-01,DEPT,,47581.0,,
IND-736,D38,2025-08-01,DEPT,,47890.0,,79.84
IND-736,D39,2023-06-01,DEPT,,8615.0,,
IND-736,D39,2023-07-01,DEPT,,9256.0,,
IND-736,D39,2023-08-01,DEPT,,9523.0,,
IND-736,D39,2023-09-01,DEPT,,10032.0,,
IND-736,D39,2023-10-01,DEPT,,10646.0,,
IND-736,D39,2023-11-01,DEPT,,11133.0,,
IND-736,D39,2023-12-01,DEPT,,11749.0,,
IND-736,D39,2024-01-01,DEPT,,12269.0,,
IND-736,D39,2024-02-01,DEPT,,12937.0,,
IND-736,D39,2024-03-01,DEPT,,13604.0,,
IND-736,D39,2024-04-01,DEPT,,14366.0,,
IND-736,D39,2024-05-01,DEPT,,14878.0,,
IND-736,D39,2024-06-01,DEPT,,15342.0,,
IND-736,D39,2024-07-01,DEPT,,15646.0,,
IND-736,D39,2024-08-01,DEPT,,15770.0,,
IND-736,D39,2024-09-01,DEPT,,16215.0,,
IND-736,D39,2024-10-01,DEPT,,18171.0,,
IND-736,D39,2024-11-01,DEPT,,18457.0,,
IND-736,D39,2024-12-01,DEPT,,21263.0,,
IND-736,D39,2025-01-01,DEPT,,21870.0,,
IND-736,D39,2025-02-01,DEPT,,22511.0,,
IND-736,D39,2025-03-01,DEPT,,23411.0,,
IND-736,D39,2025-04-01,DEPT,,24119.0,,
IND-736,D39,2025-05-01,DEPT,,24757.0,,
IND-736,D39,2025-06-01,DEPT,,25423.0,,
IND-736,D39,2025-07-01,DEPT,,25940.0,,
IND-736,D39,2025-08-01,DEPT,,26030.0,,79.9
IND-736,D40,2023-06-01,DEPT,,19269.0,,
IND-736,D40,2023-07-01,DEPT,,19974.0,,
IND-736,D40,2023-08-01,DEPT,,20457.0,,
IND-736,D40,2023-09-01,DEPT,,21261.0,,
IND-736,D40,2023-10-01,DEPT,,22240.0,,
IND-736,D40,2023-11-01,DEPT,,23356.0,,
IND-736,D40,2023-12-01,DEPT,,24561.0,,
IND-736,D40,2024-01-01,DEPT,,25747.0,,
IND-736,D40,2024-02-01,DEPT,,27334.0,,
IND-736,D40,2024-03-01,DEPT,,29035.0,,
IND-736,D40,2024-04-01,DEPT,,30418.0,,
IND-736,D40,2024-05-01,DEPT,,31738.0,,
IND-736,D40,2024-06-01,DEPT,,33499.0,,
IND-736,D40,2024-07-01,DEPT,,34348.0,,
IND-736,D40,2024-08-01,DEPT,,34877.0,,
IND-736,D40,2024-09-01,DEPT,,35887.0,,
IND-736,D40,2024-10-01,DEPT,,37127.0,,
IND-736,D40,2024-11-01,DEPT,,37778.0,,
IND-736,D40,2024-12-01,DEPT,,41015.0,,
IND-736,D40,2025-01-01,DEPT,,41979.0,,
IND-736,D40,2025-02-01,DEPT,,43016.0,,
IND-736,D40,2025-03-01,DEPT,,44611.0,,
IND-736,D40,2025-04-01,DEPT,,45388.0,,
IND-736,D40,2025-05-01,DEPT,,46213.0,,
IND-736,D40,2025-06-01,DEPT,,47183.0,,
IND-736,D40,2025-07-01,DEPT,,48409.0,,
IND-736,D40,2025-08-01,DEPT,,48598.0,,97.71
IND-736,D41,2023-06-01,DEPT,,15025.0,,
IND-736,D41,2023-07-01,DEPT,,15594.0,,
IND-736,D41,2023-08-01,DEPT,,16195.0,,
IND-736,D41,2023-09-01,DEPT,,16968.0,,
IND-736,D41,2023-10-01,DEPT,,17992.0,,
IND-736,D41,2023-11-01,DEPT,,19185.0,,
IND-736,D41,2023-12-01,DEPT,,20104.0,,
IND-736,D41,2024-01-01,DEPT,,21133.0,,
IND-736,D41,2024-02-01,DEPT,,22182.0,,
IND-736,D41,2024-03-01,DEPT,,23223.0,,
IND-736,D41,2024-04-01,DEPT,,24532.0,,
IND-736,D41,2024-05-01,DEPT,,25356.0,,
IND-736,D41,2024-06-01,DEPT,,26289.0,,
IND-736,D41,2024-07-01,DEPT,,26639.0,,
IND-736,D41,2024-08-01,DEPT,,27105.0,,
IND-736,D41,2024-09-01,DEPT,,27740.0,,
IND-736,D41,2024-10-01,DEPT,,28635.0,,
IND-736,D41,2024-11-01,DEPT,,28875.0,,
IND-736,D41,2024-12-01,DEPT,,32308.0,,
IND-736,D41,2025-01-01,DEPT,,32958.0,,
IND-736,D41,2025-02-01,DEPT,,33730.0,,
IND-736,D41,2025-03-01,DEPT,,34662.0,,
IND-736,D41,2025-04-01,DEPT,,35524.0,,
IND-736,D41,2025-05-01,DEPT,,36551.0,,
IND-736,D41,2025-06-01,DEPT,,37344.0,,
IND-736,D41,2025-07-01,DEPT,,38439.0,,
IND-736,D41,2025-08-01,DEPT,,38663.0,,100.0
IND-736,D42,2023-06-01,DEPT,,20952.0,,
IND-736,D42,2023-07-01,DEPT,,21824.0,,
IND-736,D42,2023-08-01,DEPT,,22160.0,,
IND-736,D42,2023-09-01,DEPT,,23450.0,,
IND-736,D42,2023-10-01,DEPT,,24801.0,,
IND-736,D42,2023-11-01,DEPT,,26346.0,,
IND-736,D42,2023-12-01,DEPT,,27441.0,,
IND-736,D42,2024-01-01,DEPT,,28457.0,,
IND-736,D42,2024-02-01,DEPT,,30125.0,,
IND-736,D42,2024-03-01,DEPT,,32134.0,,
IND-736,D42,2024-04-01,DEPT,,35154.0,,
IND-736,D42,2024-05-01,DEPT,,36642.0,,
IND-736,D42,2024-06-01,DEPT,,38284.0,,
IND-736,D42,2024-07-01,DEPT,,39459.0,,
IND-736,D42,2024-08-01,DEPT,,39793.0,,
IND-736,D42,2024-09-01,DEPT,,40891.0,,
IND-736,D42,2024-10-01,DEPT,,43007.0,,
IND-736,D42,2024-11-01,DEPT,,44376.0,,
IND-736,D42,2024-12-01,DEPT,,47617.0,,
IND-736,D42,2025-01-01,DEPT,,48913.0,,
IND-736,D42,2025-02-01,DEPT,,50264.0,,
IND-736,D42,2025-03-01,DEPT,,52193.0,,
IND-736,D42,2025-04-01,DEPT,,54412.0,,
IND-736,D42,2025-05-01,DEPT,,55635.0,,
IND-736,D42,2025-06-01,DEPT,,57778.0,,
IND-736,D42,2025-07-01,DEPT,,59070.0,,
IND-736,D42,2025-08-01,DEPT,,59265.0,,85.52
IND-736,D43,2023-06-01,DEPT,,15805.0,,
IND-736,D43,2023-07-01,DEPT,,16695.0,,
IND-736,D43,2023-08-01,DEPT,,16943.0,,
IND-736,D43,2023-09-01,DEPT,,17612.0,,
IND-736,D43,2023-10-01,DEPT,,18567.0,,
IND-736,D43,2023-11-01,DEPT,,19496.0,,
IND-736,D43,2023-12-01,DEPT,,20040.0,,
IND-736,D43,2024-01-01,DEPT,,20927.0,,
IND-736,D43,2024-02-01,DEPT,,21878.0,,
IND-736,D43,2024-03-01,DEPT,,22732.0,,
IND-736,D43,2024-04-01,DEPT,,23491.0,,
IND-736,D43,2024-05-01,DEPT,,24114.0,,
IND-736,D43,2024-06-01,DEPT,,24944.0,,
IND-736,D43,2024-07-01,DEPT,,25656.0,,
IND-736,D43,2024-08-01,DEPT,,26038.0,,
IND-736,D43,2024-09-01,DEPT,,26761.0,,
IND-736,D43,2024-10-01,DEPT,,27732.0,,
IND-736,D43,2024-11-01,DEPT,,28105.0,,
IND-736,D43,2024-12-01,DEPT,,29176.0,,
IND-736,D43,2025-01-01,DEPT,,29746.0,,
IND-736,D43,2025-02-01,DEPT,,30392.0,,
IND-736,D43,2025-03-01,DEPT,,31250.0,,
IND-736,D43,2025-04-01,DEPT,,31878.0,,
IND-736,D43,2025-05-01,DEPT,,32593.0,,
IND-736,D43,2025-06-01,DEPT,,33262.0,,
IND-736,D43,2025-07-01,DEPT,,33885.0,,
IND-736,D43,2025-08-01,DEPT,,34094.0,,100.0
IND-736,D44,2023-06-01,DEPT,,32138.0,,
IND-736,D44,2023-07-01,DEPT,,33157.0,,
IND-736,D44,2023-08-01,DEPT,,33947.0,,
IND-736,D44,2023-09-01,DEPT,,35653.0,,
IND-736,D44,2023-10-01,DEPT,,37973.0,,
IND-736,D44,2023-11-01,DEPT,,40109.0,,
IND-736,D44,2023-12-01,DEPT,,42003.0,,
IND-736,D44,2024-01-01,DEPT,,44236.0,,
IND-736,D44,2024-02-01,DEPT,,46116.0,,
IND-736,D44,2024-03-01,DEPT,,48126.0,,
IND-736,D44,2024-04-01,DEPT,,50359.0,,
IND-736,D44,2024-05-01,DEPT,,51931.0,,
IND-736,D44,2024-06-01,DEPT,,53329.0,,
IND-736,D44,2024-07-01,DEPT,,54243.0,,
IND-736,D44,2024-08-01,DEPT,,55269.0,,
IND-736,D44,2024-09-01,DEPT,,56473.0,,
IND-736,D44,2024-10-01,DEPT,,58571.0,,
IND-736,D44,2024-11-01,DEPT,,59232.0,,
IND-736,D44,2024-12-01,DEPT,,62287.0,,
IND-736,D44,2025-01-01,DEPT,,64073.0,,
IND-736,D44,2025-02-01,DEPT,,65642.0,,
IND-736,D44,2025-03-01,DEPT,,68770.0,,
IND-736,D44,2025-04-01,DEPT,,70497.0,,
IND-736,D44,2025-05-01,DEPT,,71973.0,,
IND-736,D44,2025-06-01,DEPT,,74025.0,,
IND-736,D44,2025-07-01,DEPT,,76081.0,,
IND-736,D44,2025-08-01,DEPT,,76681.0,,100.0
IND-736,D45,2023-06-01,DEPT,,17413.0,,
IND-736,D45,2023-07-01,DEPT,,18119.0,,
IND-736,D45,2023-08-01,DEPT,,18592.0,,
IND-736,D45,2023-09-01,DEPT,,19295.0,,
IND-736,D45,2023-10-01,DEPT,,20524.0,,
IND-736,D45,2023-11-01,DEPT,,22052.0,,
IND-736,D45,2023-12-01,DEPT,,22841.0,,
IND-736,D45,2024-01-01,DEPT,,23991.0,,
IND-736,D45,2024-02-01,DEPT,,25021.0,,
IND-736,D45,2024-03-01,DEPT,,26112.0,,
IND-736,D45,2024-04-01,DEPT,,27275.0,,
IND-736,D45,2024-05-01,DEPT,,28445.0,,
IND-736,D45,2024-06-01,DEPT,,29703.0,,
IND-736,D45,2024-07-01,DEPT,,30287.0,,
IND-736,D45,2024-08-01,DEPT,,31079.0,,
IND-736,D45,2024-09-01,DEPT,,31640.0,,
IND-736,D45,2024-10-01,DEPT,,32725.0,,
IND-736,D45,2024-11-01,DEPT,,32924.0,,
IND-736,D45,2024-12-01,DEPT,,34439.0,,
IND-736,D45,2025-01-01,DEPT,,35452.0,,
IND-736,D45,2025-02-01,DEPT,,36233.0,,
IND-736,D45,2025-03-01,DEPT,,37227.0,,
IND-736,D45,2025-04-01,DEPT,,38271.0,,
IND-736,D45,2025-05-01,DEPT,,38987.0,,
IND-736,D45,2025-06-01,DEPT,,39694.0,,
IND-736,D45,2025-07-01,DEPT,,40437.0,,
IND-736,D45,2025-08-01,DEPT,,40688.0,,75.65
IND-736,D46,2023-06-01,DEPT,,13519.0,,
IND-736,D46,2023-07-01,DEPT,,14082.0,,
IND-736,D46,2023-08-01,DEPT,,14511.0,,
IND-736,D46,2023-09-01,DEPT,,15108.0,,
IND-736,D46,2023-10-01,DEPT,,15971.0,,
IND-736,D46,2023-11-01,DEPT,,16939.0,,
IND-736,D46,2023-12-01,DEPT,,17489.0,,
IND-736,D46,2024-01-01,DEPT,,18305.0,,
IND-736,D46,2024-02-01,DEPT,,19016.0,,
IND-736,D46,2024-03-01,DEPT,,19815.0,,
IND-736,D46,2024-04-01,DEPT,,21056.0,,
IND-736,D46,2024-05-01,DEPT,,21677.0,,
IND-736,D46,2024-06-01,DEPT,,22288.0,,
IND-736,D46,2024-07-01,DEPT,,22848.0,,
IND-736,D46,2024-08-01,DEPT,,23135.0,,
IND-736,D46,2024-09-01,DEPT,,23948.0,,
IND-736,D46,2024-10-01,DEPT,,24773.0,,
IND-736,D46,2024-11-01,DEPT,,25118.0,,
IND-736,D46,2024-12-01,DEPT,,26290.0,,
IND-736,D46,2025-01-01,DEPT,,27168.0,,
IND-736,D46,2025-02-01,DEPT,,27749.0,,
IND-736,D46,2025-03-01,DEPT,,28638.0,,
IND-736,D46,2025-04-01,DEPT,,29423.0,,
IND-736,D46,2025-05-01,DEPT,,29925.0,,
IND-736,D46,2025-06-01,DEPT,,30627.0,,
IND-736,D46,2025-07-01,DEPT,,31092.0,,
IND-736,D46,2025-08-01,DEPT,,31354.0,,88.44
IND-736,D47,2023-06-01,DEPT,,29756.0,,
IND-736,D47,2023-07-01,DEPT,,30961.0,,
IND-736,D47,2023-08-01,DEPT,,31721.0,,
IND-736,D47,2023-09-01,DEPT,,33167.0,,
IND-736,D47,2023-10-01,DEPT,,34581.0,,
IND-736,D47,2023-11-01,DEPT,,36105.0,,
IND-736,D47,2023-12-01,DEPT,,37534.0,,
IND-736,D47,2024-01-01,DEPT,,38975.0,,
IND-736,D47,2024-02-01,DEPT,,40740.0,,
IND-736,D47,2024-03-01,DEPT,,42618.0,,
IND-736,D47,2024-04-01,DEPT,,44423.0,,
IND-736,D47,2024-05-01,DEPT,,46077.0,,
IND-736,D47,2024-06-01,DEPT,,47430.0,,
IND-736,D47,2024-07-01,DEPT,,48363.0,,
IND-736,D47,2024-08-01,DEPT,,49200.0,,
IND-736,D47,2024-09-01,DEPT,,50734.0,,
IND-736,D47,2024-10-01,DEPT,,52590.0,,
IND-736,D47,2024-11-01,DEPT,,53169.0,,
IND-736,D47,2024-12-01,DEPT,,55504.0,,
IND-736,D47,2025-01-01,DEPT,,56732.0,,
IND-736,D47,2025-02-01,DEPT,,58028.0,,
IND-736,D47,2025-03-01,DEPT,,59555.0,,
IND-736,D47,2025-04-01,DEPT,,61011.0,,
IND-736,D47,2025-05-01,DEPT,,62032.0,,
IND-736,D47,2025-06-01,DEPT,,63398.0,,
IND-736,D47,2025-07-01,DEPT,,64513.0,,
IND-736,D47,2025-08-01,DEPT,,64923.0,,100.0
IND-736,D48,2023-06-01,DEPT,,13816.0,,
IND-736,D48,2023-07-01,DEPT,,14511.0,,
IND-736,D48,2023-08-01,DEPT,,14899.0,,
IND-736,D48,2023-09-01,DEPT,,15670.0,,
IND-736,D48,2023-10-01,DEPT,,16106.0,,
IND-736,D48,2023-11-01,DEPT,,16732.0,,
IND-736,D48,2023-12-01,DEPT,,17132.0,,
IND-736,D48,2024-01-01,DEPT,,17730.0,,
IND-736,D48,2024-02-01,DEPT,,18294.0,,
IND-736,D48,2024-03-01,DEPT,,19488.0,,
IND-736,D48,2024-04-01,DEPT,,20023.0,,
IND-736,D48,2024-05-01,DEPT,,21015.0,,
IND-736,D48,2024-06-01,DEPT,,21880.0,,
IND-736,D48,2024-07-01,DEPT,,22463.0,,
IND-736,D48,2024-08-01,DEPT,,22662.0,,
IND-736,D48,2024-09-01,DEPT,,23080.0,,
IND-736,D48,2024-10-01,DEPT,,23809.0,,
IND-736,D48,2024-11-01,DEPT,,24098.0,,
IND-736,D48,2024-12-01,DEPT,,24856.0,,
IND-736,D48,2025-01-01,DEPT,,25521.0,,
IND-736,D48,2025-02-01,DEPT,,25885.0,,
IND-736,D48,2025-03-01,DEPT,,26909.0,,
IND-736,D48,2025-04-01,DEPT,,27398.0,,
IND-736,D48,2025-05-01,DEPT,,27839.0,,
IND-736,D48,2025-06-01,DEPT,,28414.0,,
IND-736,D48,2025-07-01,DEPT,,28890.0,,
IND-736,D48,2025-08-01,DEPT,,29129.0,,100.0
IND-736,D49,2023-06-01,DEPT,,24287.0,,
IND-736,D49,2023-07-01,DEPT,,25019.0,,
IND-736,D49,2023-08-01,DEPT,,25304.0,,
IND-736,D49,2023-09-01,DEPT,,26410.0,,
IND-736,D49,2023-10-01,DEPT,,28244.0,,
IND-736,D49,2023-11-01,DEPT,,29792.0,,
IND-736,D49,2023-12-01,DEPT,,31070.0,,
IND-736,D49,2024-01-01,DEPT,,32409.0,,
IND-736,D49,2024-02-01,DEPT,,34708.0,,
IND-736,D49,2024-03-01,DEPT,,36140.0,,
IND-736,D49,2024-04-01,DEPT,,38278.0,,
IND-736,D49,2024-05-01,DEPT,,39867.0,,
IND-736,D49,2024-06-01,DEPT,,41421.0,,
IND-736,D49,2024-07-01,DEPT,,42434.0,,
IND-736,D49,2024-08-01,DEPT,,42835.0,,
IND-736,D49,2024-09-01,DEPT,,43700.0,,
IND-736,D49,2024-10-01,DEPT,,45572.0,,
IND-736,D49,2024-11-01,DEPT,,45939.0,,
IND-736,D49,2024-12-01,DEPT,,49457.0,,
IND-736,D49,2025-01-01,DEPT,,50537.0,,
IND-736,D49,2025-02-01,DEPT,,51772.0,,
IND-736,D49,2025-03-01,DEPT,,53790.0,,
IND-736,D49,2025-04-01,DEPT,,56561.0,,
IND-736,D49,2025-05-01,DEPT,,58027.0,,
IND-736,D49,2025-06-01,DEPT,,59342.0,,
IND-736,D49,2025-07-01,DEPT,,60418.0,,
IND-736,D49,2025-08-01,DEPT,,60582.0,,100.0
IND-736,D50,2023-06-01,DEPT,,22358.0,,
IND-736,D50,2023-07-01,DEPT,,23033.0,,
IND-736,D50,2023-08-01,DEPT,,23566.0,,
IND-736,D50,2023-09-01,DEPT,,24681.0,,
IND-736,D50,2023-10-01,DEPT,,25739.0,,
IND-736,D50,2023-11-01,DEPT,,27198.0,,
IND-736,D50,2023-12-01,DEPT,,28485.0,,
IND-736,D50,2024-01-01,DEPT,,29482.0,,
IND-736,D50,2024-02-01,DEPT,,30708.0,,
IND-736,D50,2024-03-01,DEPT,,33100.0,,
IND-736,D50,2024-04-01,DEPT,,34667.0,,
IND-736,D50,2024-05-01,DEPT,,35611.0,,
IND-736,D50,2024-06-01,DEPT,,36794.0,,
IND-736,D50,2024-07-01,DEPT,,37599.0,,
IND-736,D50,2024-08-01,DEPT,,38037.0,,
IND-736,D50,2024-09-01,DEPT,,38923.0,,
IND-736,D50,2024-10-01,DEPT,,40628.0,,
IND-736,D50,2024-11-01,DEPT,,40917.0,,
IND-736,D50,2024-12-01,DEPT,,45581.0,,
IND-736,D50,2025-01-01,DEPT,,46595.0,,
IND-736,D50,2025-02-01,DEPT,,47795.0,,
IND-736,D50,2025-03-01,DEPT,,51082.0,,
IND-736,D50,2025-04-01,DEPT,,53706.0,,
IND-736,D50,2025-05-01,DEPT,,56007.0,,
IND-736,D50,2025-06-01,DEPT,,57410.0,,
IND-736,D50,2025-07-01,DEPT,,59087.0,,
IND-736,D50,2025-08-01,DEPT,,59302.0,,100.0
IND-736,D51,2023-06-01,DEPT,,24454.0,,
IND-736,D51,2023-07-01,DEPT,,25277.0,,
IND-736,D51,2023-08-01,DEPT,,26040.0,,
IND-736,D51,2023-09-01,DEPT,,26629.0,,
IND-736,D51,2023-10-01,DEPT,,27663.0,,
IND-736,D51,2023-11-01,DEPT,,28690.0,,
IND-736,D51,2023-12-01,DEPT,,29355.0,,
IND-736,D51,2024-01-01,DEPT,,30107.0,,
IND-736,D51,2024-02-01,DEPT,,31290.0,,
IND-736,D51,2024-03-01,DEPT,,32319.0,,
IND-736,D51,2024-04-01,DEPT,,33537.0,,
IND-736,D51,2024-05-01,DEPT,,34483.0,,
IND-736,D51,2024-06-01,DEPT,,35262.0,,
IND-736,D51,2024-07-01,DEPT,,35924.0,,
IND-736,D51,2024-08-01,DEPT,,36225.0,,
IND-736,D51,2024-09-01,DEPT,,36696.0,,
IND-736,D51,2024-10-01,DEPT,,37613.0,,
IND-736,D51,2024-11-01,DEPT,,37904.0,,
IND-736,D51,2024-12-01,DEPT,,39449.0,,
IND-736,D51,2025-01-01,DEPT,,40208.0,,
IND-736,D51,2025-02-01,DEPT,,40699.0,,
IND-736,D51,2025-03-01,DEPT,,41790.0,,
IND-736,D51,2025-04-01,DEPT,,42582.0,,
IND-736,D51,2025-05-01,DEPT,,43220.0,,
IND-736,D51,2025-06-01,DEPT,,43998.0,,
IND-736,D51,2025-07-01,DEPT,,44671.0,,
IND-736,D51,2025-08-01,DEPT,,44863.0,,100.0
IND-736,D52,2023-06-01,DEPT,,13745.0,,
IND-736,D52,2023-07-01,DEPT,,14430.0,,
IND-736,D52,2023-08-01,DEPT,,14772.0,,
IND-736,D52,2023-09-01,DEPT,,15508.0,,
IND-736,D52,2023-10-01,DEPT,,16915.0,,
IND-736,D52,2023-11-01,DEPT,,17856.0,,
IND-736,D52,2023-12-01,DEPT,,18691.0,,
IND-736,D52,2024-01-01,DEPT,,19673.0,,
IND-736,D52,2024-02-01,DEPT,,20846.0,,
IND-736,D52,2024-03-01,DEPT,,21956.0,,
IND-736,D52,2024-04-01,DEPT,,22988.0,,
IND-736,D52,2024-05-01,DEPT,,23947.0,,
IND-736,D52,2024-06-01,DEPT,,24802.0,,
IND-736,D52,2024-07-01,DEPT,,25503.0,,
IND-736,D52,2024-08-01,DEPT,,25840.0,,
IND-736,D52,2024-09-01,DEPT,,26531.0,,
IND-736,D52,2024-10-01,DEPT,,27642.0,,
IND-736,D52,2024-11-01,DEPT,,27999.0,,
IND-736,D52,2024-12-01,DEPT,,29476.0,,
IND-736,D52,2025-01-01,DEPT,,30158.0,,
IND-736,D52,2025-02-01,DEPT,,31079.0,,
IND-736,D52,2025-03-01,DEPT,,32312.0,,
IND-736,D52,2025-04-01,DEPT,,34057.0,,
IND-736,D52,2025-05-01,DEPT,,35083.0,,
IND-736,D52,2025-06-01,DEPT,,35957.0,,
IND-736,D52,2025-07-01,DEPT,,36846.0,,
IND-736,D52,2025-08-01,DEPT,,37084.0,,100.0
IND-736,D53,2023-06-01,DEPT,,9524.0,,
IND-736,D53,2023-07-01,DEPT,,9941.0,,
IND-736,D53,2023-08-01,DEPT,,10158.0,,
IND-736,D53,2023-09-01,DEPT,,10702.0,,
IND-736,D53,2023-10-01,DEPT,,11407.0,,
IND-736,D53,2023-11-01,DEPT,,11986.0,,
IND-736,D53,2023-12-01,DEPT,,12540.0,,
IND-736,D53,2024-01-01,DEPT,,13101.0,,
IND-736,D53,2024-02-01,DEPT,,13741.0,,
IND-736,D53,2024-03-01,DEPT,,15375.0,,
IND-736,D53,2024-04-01,DEPT,,16681.0,,
IND-736,D53,2024-05-01,DEPT,,17523.0,,
IND-736,D53,2024-06-01,DEPT,,18341.0,,
IND-736,D53,2024-07-01,DEPT,,18804.0,,
IND-736,D53,2024-08-01,DEPT,,18979.0,,
IND-736,D53,2024-09-01,DEPT,,19686.0,,
IND-736,D53,2024-10-01,DEPT,,20912.0,,
IND-736,D53,2024-11-01,DEPT,,21277.0,,
IND-736,D53,2024-12-01,DEPT,,22480.0,,
IND-736,D53,2025-01-01,DEPT,,23360.0,,
IND-736,D53,2025-02-01,DEPT,,24054.0,,
IND-736,D53,2025-03-01,DEPT,,25196.0,,
IND-736,D53,2025-04-01,DEPT,,25994.0,,
IND-736,D53,2025-05-01,DEPT,,27293.0,,
IND-736,D53,2025-06-01,DEPT,,28560.0,,
IND-736,D53,2025-07-01,DEPT,,29055.0,,
IND-736,D53,2025-08-01,DEPT,,29189.0,,78.55
IND-736,D54,2023-06-01,DEPT,,30403.0,,
IND-736,D54,2023-07-01,DEPT,,31815.0,,
IND-736,D54,2023-08-01,DEPT,,32683.0,,
IND-736,D54,2023-09-01,DEPT,,34096.0,,
IND-736,D54,2023-10-01,DEPT,,35739.0,,
IND-736,D54,2023-11-01,DEPT,,37974.0,,
IND-736,D54,2023-12-01,DEPT,,39633.0,,
IND-736,D54,2024-01-01,DEPT,,41787.0,,
IND-736,D54,2024-02-01,DEPT,,44219.0,,
IND-736,D54,2024-03-01,DEPT,,47578.0,,
IND-736,D54,2024-04-01,DEPT,,49777.0,,
IND-736,D54,2024-05-01,DEPT,,51702.0,,
IND-736,D54,2024-06-01,DEPT,,53552.0,,
IND-736,D54,2024-07-01,DEPT,,54853.0,,
IND-736,D54,2024-08-01,DEPT,,56120.0,,
IND-736,D54,2024-09-01,DEPT,,58187.0,,
IND-736,D54,2024-10-01,DEPT,,60090.0,,
IND-736,D54,2024-11-01,DEPT,,60632.0,,
IND-736,D54,2024-12-01,DEPT,,63410.0,,
IND-736,D54,2025-01-01,DEPT,,65145.0,,
IND-736,D54,2025-02-01,DEPT,,66558.0,,
IND-736,D54,2025-03-01,DEPT,,68665.0,,
IND-736,D54,2025-04-01,DEPT,,71398.0,,
IND-736,D54,2025-05-01,DEPT,,73096.0,,
IND-736,D54,2025-06-01,DEPT,,74901.0,,
IND-736,D54,2025-07-01,DEPT,,76496.0,,
IND-736,D54,2025-08-01,DEPT,,76888.0,,93.79
IND-736,D55,2023-06-01,DEPT,,16648.0,,
IND-736,D55,2023-07-01,DEPT,,17717.0,,
IND-736,D55,2023-08-01,DEPT,,18181.0,,
IND-736,D55,2023-09-01,DEPT,,18802.0,,
IND-736,D55,2023-10-01,DEPT,,19529.0,,
IND-736,D55,2023-11-01,DEPT,,20458.0,,
IND-736,D55,2023-12-01,DEPT,,21075.0,,
IND-736,D55,2024-01-01,DEPT,,21747.0,,
IND-736,D55,2024-02-01,DEPT,,22608.0,,
IND-736,D55,2024-03-01,DEPT,,24100.0,,
IND-736,D55,2024-04-01,DEPT,,25129.0,,
IND-736,D55,2024-05-01,DEPT,,26926.0,,
IND-736,D55,2024-06-01,DEPT,,27888.0,,
IND-736,D55,2024-07-01,DEPT,,28227.0,,
IND-736,D55,2024-08-01,DEPT,,28745.0,,
IND-736,D55,2024-09-01,DEPT,,29237.0,,
IND-736,D55,2024-10-01,DEPT,,29828.0,,
IND-736,D55,2024-11-01,DEPT,,30011.0,,
IND-736,D55,2024-12-01,DEPT,,31275.0,,
IND-736,D55,2025-01-01,DEPT,,31569.0,,
IND-736,D55,2025-02-01,DEPT,,32176.0,,
IND-736,D55,2025-03-01,DEPT,,32684.0,,
IND-736,D55,2025-04-01,DEPT,,33462.0,,
IND-736,D55,2025-05-01,DEPT,,33866.0,,
IND-736,D55,2025-06-01,DEPT,,34354.0,,
IND-736,D55,2025-07-01,DEPT,,34630.0,,
IND-736,D55,2025-08-01,DEPT,,34791.0,,100.0
IND-736,D56,2023-06-01,DEPT,,39844.0,,
IND-736,D56,2023-07-01,DEPT,,41851.0,,
IND-736,D56,2023-08-01,DEPT,,43119.0,,
IND-736,D56,2023-09-01,DEPT,,44877.0,,
IND-736,D56,2023-10-01,DEPT,,47711.0,,
IND-736,D56,2023-11-01,DEPT,,49879.0,,
IND-736,D56,2023-12-01,DEPT,,51486.0,,
IND-736,D56,2024-01-01,DEPT,,53461.0,,
IND-736,D56,2024-02-01,DEPT,,55685.0,,
IND-736,D56,2024-03-01,DEPT,,57758.0,,
IND-736,D56,2024-04-01,DEPT,,60344.0,,
IND-736,D56,2024-05-01,DEPT,,62360.0,,
IND-736,D56,2024-06-01,DEPT,,63080.0,,
IND-736,D56,2024-07-01,DEPT,,64651.0,,
IND-736,D56,2024-08-01,DEPT,,65374.0,,
IND-736,D56,2024-09-01,DEPT,,66932.0,,
IND-736,D56,2024-10-01,DEPT,,69017.0,,
IND-736,D56,2024-11-01,DEPT,,69487.0,,
IND-736,D56,2024-12-01,DEPT,,72653.0,,
IND-736,D56,2025-01-01,DEPT,,74421.0,,
IND-736,D56,2025-02-01,DEPT,,75938.0,,
IND-736,D56,2025-03-01,DEPT,,78211.0,,
IND-736,D56,2025-04-01,DEPT,,79942.0,,
IND-736,D56,2025-05-01,DEPT,,81312.0,,
IND-736,D56,2025-06-01,DEPT,,82430.0,,
IND-736,D56,2025-07-01,DEPT,,83654.0,,
IND-736,D56,2025-08-01,DEPT,,84093.0,,100.0
IND-736,D57,2023-06-01,DEPT,,33162.0,,
IND-736,D57,2023-07-01,DEPT,,34204.0,,
IND-736,D57,2023-08-01,DEPT,,34869.0,,
IND-736,D57,2023-09-01,DEPT,,36527.0,,
IND-736,D57,2023-10-01,DEPT,,38579.0,,
IND-736,D57,2023-11-01,DEPT,,41145.0,,
IND-736,D57,2023-12-01,DEPT,,42559.0,,
IND-736,D57,2024-01-01,DEPT,,44489.0,,
IND-736,D57,2024-02-01,DEPT,,46949.0,,
IND-736,D57,2024-03-01,DEPT,,49026.0,,
IND-736,D57,2024-04-01,DEPT,,50983.0,,
IND-736,D57,2024-05-01,DEPT,,52584.0,,
IND-736,D57,2024-06-01,DEPT,,54678.0,,
IND-736,D57,2024-07-01,DEPT,,55924.0,,
IND-736,D57,2024-08-01,DEPT,,57328.0,,
IND-736,D57,2024-09-01,DEPT,,58536.0,,
IND-736,D57,2024-10-01,DEPT,,60788.0,,
IND-736,D57,2024-11-01,DEPT,,61547.0,,
IND-736,D57,2024-12-01,DEPT,,64706.0,,
IND-736,D57,2025-01-01,DEPT,,67267.0,,
IND-736,D57,2025-02-01,DEPT,,69440.0,,
IND-736,D57,2025-03-01,DEPT,,73475.0,,
IND-736,D57,2025-04-01,DEPT,,76026.0,,
IND-736,D57,2025-05-01,DEPT,,79174.0,,
IND-736,D57,2025-06-01,DEPT,,81870.0,,
IND-736,D57,2025-07-01,DEPT,,83372.0,,
IND-736,D57,2025-08-01,DEPT,,83948.0,,100.0
IND-736,D58,2023-06-01,DEPT,,24522.0,,
IND-736,D58,2023-07-01,DEPT,,25059.0,,
IND-736,D58,2023-08-01,DEPT,,25366.0,,
IND-736,D58,2023-09-01,DEPT,,26192.0,,
IND-736,D58,2023-10-01,DEPT,,26926.0,,
IND-736,D58,2023-11-01,DEPT,,27949.0,,
IND-736,D58,2023-12-01,DEPT,,28493.0,,
IND-736,D58,2024-01-01,DEPT,,29050.0,,
IND-736,D58,2024-02-01,DEPT,,29665.0,,
IND-736,D58,2024-03-01,DEPT,,30549.0,,
IND-736,D58,2024-04-01,DEPT,,31018.0,,
IND-736,D58,2024-05-01,DEPT,,31468.0,,
IND-736,D58,2024-06-01,DEPT,,31863.0,,
IND-736,D58,2024-07-01,DEPT,,32963.0,,
IND-736,D58,2024-08-01,DEPT,,33798.0,,
IND-736,D58,2024-09-01,DEPT,,35136.0,,
IND-736,D58,2024-10-01,DEPT,,36077.0,,
IND-736,D58,2024-11-01,DEPT,,36422.0,,
IND-736,D58,2024-12-01,DEPT,,37936.0,,
IND-736,D58,2025-01-01,DEPT,,38516.0,,
IND-736,D58,2025-02-01,DEPT,,39525.0,,
IND-736,D58,2025-03-01,DEPT,,41160.0,,
IND-736,D58,2025-04-01,DEPT,,42144.0,,
IND-736,D58,2025-05-01,DEPT,,43341.0,,
IND-736,D58,2025-06-01,DEPT,,44624.0,,
IND-736,D58,2025-07-01,DEPT,,46221.0,,
IND-736,D58,2025-08-01,DEPT,,46379.0,,83.85
IND-736,D59,2023-06-01,DEPT,,85716.0,,
IND-736,D59,2023-07-01,DEPT,,89577.0,,
IND-736,D59,2023-08-01,DEPT,,91878.0,,
IND-736,D59,2023-09-01,DEPT,,97017.0,,
IND-736,D59,2023-10-01,DEPT,,101977.0,,
IND-736,D59,2023-11-01,DEPT,,107849.0,,
IND-736,D59,2023-12-01,DEPT,,112865.0,,
IND-736,D59,2024-01-01,DEPT,,117896.0,,
IND-736,D59,2024-02-01,DEPT,,123406.0,,
IND-736,D59,2024-03-01,DEPT,,128623.0,,
IND-736,D59,2024-04-01,DEPT,,134807.0,,
IND-736,D59,2024-05-01,DEPT,,140440.0,,
IND-736,D59,2024-06-01,DEPT,,145554.0,,
IND-736,D59,2024-07-01,DEPT,,149310.0,,
IND-736,D59,2024-08-01,DEPT,,152073.0,,
IND-736,D59,2024-09-01,DEPT,,156189.0,,
IND-736,D59,2024-10-01,DEPT,,162380.0,,
IND-736,D59,2024-11-01,DEPT,,164189.0,,
IND-736,D59,2024-12-01,DEPT,,172127.0,,
IND-736,D59,2025-01-01,DEPT,,175762.0,,
IND-736,D59,2025-02-01,DEPT,,178922.0,,
IND-736,D59,2025-03-01,DEPT,,185353.0,,
IND-736,D59,2025-04-01,DEPT,,189087.0,,
IND-736,D59,2025-05-01,DEPT,,192351.0,,
IND-736,D59,2025-06-01,DEPT,,196506.0,,
IND-736,D59,2025-07-01,DEPT,,199690.0,,
IND-736,D59,2025-08-01,DEPT,,200870.0,,100.0
IND-736,D60,2023-06-01,DEPT,,9960.0,,
IND-736,D60,2023-07-01,DEPT,,10472.0,,
IND-736,D60,2023-08-01,DEPT,,10824.0,,
IND-736,D60,2023-09-01,DEPT,,11423.0,,
IND-736,D60,2023-10-01,DEPT,,11971.0,,
IND-736,D60,2023-11-01,DEPT,,12784.0,,
IND-736,D60,2023-12-01,DEPT,,13287.0,,
IND-736,D60,2024-01-01,DEPT,,14078.0,,
IND-736,D60,2024-02-01,DEPT,,15424.0,,
IND-736,D60,2024-03-01,DEPT,,16271.0,,
IND-736,D60,2024-04-01,DEPT,,17007.0,,
IND-736,D60,2024-05-01,DEPT,,17704.0,,
IND-736,D60,2024-06-01,DEPT,,18220.0,,
IND-736,D60,2024-07-01,DEPT,,18726.0,,
IND-736,D60,2024-08-01,DEPT,,18981.0,,
IND-736,D60,2024-09-01,DEPT,,19416.0,,
IND-736,D60,2024-10-01,DEPT,,20356.0,,
IND-736,D60,2024-11-01,DEPT,,20814.0,,
IND-736,D60,2024-12-01,DEPT,,22463.0,,
IND-736,D60,2025-01-01,DEPT,,23251.0,,
IND-736,D60,2025-02-01,DEPT,,23876.0,,
IND-736,D60,2025-03-01,DEPT,,25901.0,,
IND-736,D60,2025-04-01,DEPT,,27046.0,,
IND-736,D60,2025-05-01,DEPT,,27455.0,,
IND-736,D60,2025-06-01,DEPT,,28022.0,,
IND-736,D60,2025-07-01,DEPT,,29066.0,,
IND-736,D60,2025-08-01,DEPT,,29262.0,,51.09
IND-736,D61,2023-06-01,DEPT,,16906.0,,
IND-736,D61,2023-07-01,DEPT,,17712.0,,
IND-736,D61,2023-08-01,DEPT,,18443.0,,
IND-736,D61,2023-09-01,DEPT,,19422.0,,
IND-736,D61,2023-10-01,DEPT,,20606.0,,
IND-736,D61,2023-11-01,DEPT,,21598.0,,
IND-736,D61,2023-12-01,DEPT,,22271.0,,
IND-736,D61,2024-01-01,DEPT,,23110.0,,
IND-736,D61,2024-02-01,DEPT,,24187.0,,
IND-736,D61,2024-03-01,DEPT,,25267.0,,
IND-736,D61,2024-04-01,DEPT,,26222.0,,
IND-736,D61,2024-05-01,DEPT,,26937.0,,
IND-736,D61,2024-06-01,DEPT,,27964.0,,
IND-736,D61,2024-07-01,DEPT,,28830.0,,
IND-736,D61,2024-08-01,DEPT,,29445.0,,
IND-736,D61,2024-09-01,DEPT,,30636.0,,
IND-736,D61,2024-10-01,DEPT,,31951.0,,
IND-736,D61,2024-11-01,DEPT,,32516.0,,
IND-736,D61,2024-12-01,DEPT,,34051.0,,
IND-736,D61,2025-01-01,DEPT,,34908.0,,
IND-736,D61,2025-02-01,DEPT,,35810.0,,
IND-736,D61,2025-03-01,DEPT,,37622.0,,
IND-736,D61,2025-04-01,DEPT,,38719.0,,
IND-736,D61,2025-05-01,DEPT,,39450.0,,
IND-736,D61,2025-06-01,DEPT,,40081.0,,
IND-736,D61,2025-07-01,DEPT,,40712.0,,
IND-736,D61,2025-08-01,DEPT,,40974.0,,89.2
IND-736,D62,2023-06-01,DEPT,,35134.0,,
IND-736,D62,2023-07-01,DEPT,,36665.0,,
IND-736,D62,2023-08-01,DEPT,,37702.0,,
IND-736,D62,2023-09-01,DEPT,,39966.0,,
IND-736,D62,2023-10-01,DEPT,,42407.0,,
IND-736,D62,2023-11-01,DEPT,,44718.0,,
IND-736,D62,2023-12-01,DEPT,,46731.0,,
IND-736,D62,2024-01-01,DEPT,,49127.0,,
IND-736,D62,2024-02-01,DEPT,,51917.0,,
IND-736,D62,2024-03-01,DEPT,,54279.0,,
IND-736,D62,2024-04-01,DEPT,,57622.0,,
IND-736,D62,2024-05-01,DEPT,,60007.0,,
IND-736,D62,2024-06-01,DEPT,,62924.0,,
IND-736,D62,2024-07-01,DEPT,,64727.0,,
IND-736,D62,2024-08-01,DEPT,,65618.0,,
IND-736,D62,2024-09-01,DEPT,,67604.0,,
IND-736,D62,2024-10-01,DEPT,,70423.0,,
IND-736,D62,2024-11-01,DEPT,,71215.0,,
IND-736,D62,2024-12-01,DEPT,,74767.0,,
IND-736,D62,2025-01-01,DEPT,,77084.0,,
IND-736,D62,2025-02-01,DEPT,,78934.0,,
IND-736,D62,2025-03-01,DEPT,,85059.0,,
IND-736,D62,2025-04-01,DEPT,,87502.0,,
IND-736,D62,2025-05-01,DEPT,,90778.0,,
IND-736,D62,2025-06-01,DEPT,,93428.0,,
IND-736,D62,2025-07-01,DEPT,,95731.0,,
IND-736,D62,2025-08-01,DEPT,,96894.0,,100.0
IND-736,D63,2023-06-01,DEPT,,15044.0,,
IND-736,D63,2023-07-01,DEPT,,15770.0,,
IND-736,D63,2023-08-01,DEPT,,16193.0,,
IND-736,D63,2023-09-01,DEPT,,19189.0,,
IND-736,D63,2023-10-01,DEPT,,22119.0,,
IND-736,D63,2023-11-01,DEPT,,23385.0,,
IND-736,D63,2023-12-01,DEPT,,24115.0,,
IND-736,D63,2024-01-01,DEPT,,24855.0,,
IND-736,D63,2024-02-01,DEPT,,25882.0,,
IND-736,D63,2024-03-01,DEPT,,26859.0,,
IND-736,D63,2024-04-01,DEPT,,27665.0,,
IND-736,D63,2024-05-01,DEPT,,28647.0,,
IND-736,D63,2024-06-01,DEPT,,29619.0,,
IND-736,D63,2024-07-01,DEPT,,30285.0,,
IND-736,D63,2024-08-01,DEPT,,30718.0,,
IND-736,D63,2024-09-01,DEPT,,31325.0,,
IND-736,D63,2024-10-01,DEPT,,32665.0,,
IND-736,D63,2024-11-01,DEPT,,33460.0,,
IND-736,D63,2024-12-01,DEPT,,35573.0,,
IND-736,D63,2025-01-01,DEPT,,36500.0,,
IND-736,D63,2025-02-01,DEPT,,37257.0,,
IND-736,D63,2025-03-01,DEPT,,38542.0,,
IND-736,D63,2025-04-01,DEPT,,39357.0,,
IND-736,D63,2025-05-01,DEPT,,40518.0,,
IND-736,D63,2025-06-01,DEPT,,41756.0,,
IND-736,D63,2025-07-01,DEPT,,42828.0,,
IND-736,D63,2025-08-01,DEPT,,43013.0,,71.4
IND-736,D64,2023-06-01,DEPT,,29918.0,,
IND-736,D64,2023-07-01,DEPT,,30729.0,,
IND-736,D64,2023-08-01,DEPT,,31281.0,,
IND-736,D64,2023-09-01,DEPT,,32452.0,,
IND-736,D64,2023-10-01,DEPT,,33876.0,,
IND-736,D64,2023-11-01,DEPT,,35779.0,,
IND-736,D64,2023-12-01,DEPT,,37268.0,,
IND-736,D64,2024-01-01,DEPT,,38475.0,,
IND-736,D64,2024-02-01,DEPT,,40194.0,,
IND-736,D64,2024-03-01,DEPT,,41637.0,,
IND-736,D64,2024-04-01,DEPT,,42595.0,,
IND-736,D64,2024-05-01,DEPT,,43519.0,,
IND-736,D64,2024-06-01,DEPT,,44939.0,,
IND-736,D64,2024-07-01,DEPT,,45599.0,,
IND-736,D64,2024-08-01,DEPT,,46411.0,,
IND-736,D64,2024-09-01,DEPT,,47145.0,,
IND-736,D64,2024-10-01,DEPT,,48235.0,,
IND-736,D64,2024-11-01,DEPT,,48566.0,,
IND-736,D64,2024-12-01,DEPT,,50796.0,,
IND-736,D64,2025-01-01,DEPT,,51740.0,,
IND-736,D64,2025-02-01,DEPT,,52563.0,,
IND-736,D64,2025-03-01,DEPT,,53355.0,,
IND-736,D64,2025-04-01,DEPT,,54260.0,,
IND-736,D64,2025-05-01,DEPT,,56460.0,,
IND-736,D64,2025-06-01,DEPT,,57673.0,,
IND-736,D64,2025-07-01,DEPT,,58021.0,,
IND-736,D64,2025-08-01,DEPT,,58168.0,,90.05
IND-736,D65,2023-06-01,DEPT,,14232.0,,
IND-736,D65,2023-07-01,DEPT,,14887.0,,
IND-736,D65,2023-08-01,DEPT,,15389.0,,
IND-736,D65,2023-09-01,DEPT,,15873.0,,
IND-736,D65,2023-10-01,DEPT,,16614.0,,
IND-736,D65,2023-11-01,DEPT,,17400.0,,
IND-736,D65,2023-12-01,DEPT,,18027.0,,
IND-736,D65,2024-01-01,DEPT,,18838.0,,
IND-736,D65,2024-02-01,DEPT,,19716.0,,
IND-736,D65,2024-03-01,DEPT,,20693.0,,
IND-736,D65,2024-04-01,DEPT,,21451.0,,
IND-736,D65,2024-05-01,DEPT,,22153.0,,
IND-736,D65,2024-06-01,DEPT,,23553.0,,
IND-736,D65,2024-07-01,DEPT,,24029.0,,
IND-736,D65,2024-08-01,DEPT,,24581.0,,
IND-736,D65,2024-09-01,DEPT,,25231.0,,
IND-736,D65,2024-10-01,DEPT,,25841.0,,
IND-736,D65,2024-11-01,DEPT,,25975.0,,
IND-736,D65,2024-12-01,DEPT,,26612.0,,
IND-736,D65,2025-01-01,DEPT,,26959.0,,
IND-736,D65,2025-02-01,DEPT,,27255.0,,
IND-736,D65,2025-03-01,DEPT,,27931.0,,
IND-736,D65,2025-04-01,DEPT,,28311.0,,
IND-736,D65,2025-05-01,DEPT,,28649.0,,
IND-736,D65,2025-06-01,DEPT,,29105.0,,
IND-736,D65,2025-07-01,DEPT,,29799.0,,
IND-736,D65,2025-08-01,DEPT,,30072.0,,75.01
IND-736,D66,2023-06-01,DEPT,,30519.0,,
IND-736,D66,2023-07-01,DEPT,,31525.0,,
IND-736,D66,2023-08-01,DEPT,,32392.0,,
IND-736,D66,2023-09-01,DEPT,,33880.0,,
IND-736,D66,2023-10-01,DEPT,,36200.0,,
IND-736,D66,2023-11-01,DEPT,,38095.0,,
IND-736,D66,2023-12-01,DEPT,,39653.0,,
IND-736,D66,2024-01-01,DEPT,,42036.0,,
IND-736,D66,2024-02-01,DEPT,,47677.0,,
IND-736,D66,2024-03-01,DEPT,,51505.0,,
IND-736,D66,2024-04-01,DEPT,,54337.0,,
IND-736,D66,2024-05-01,DEPT,,56614.0,,
IND-736,D66,2024-06-01,DEPT,,58968.0,,
IND-736,D66,2024-07-01,DEPT,,61325.0,,
IND-736,D66,2024-08-01,DEPT,,62885.0,,
IND-736,D66,2024-09-01,DEPT,,65060.0,,
IND-736,D66,2024-10-01,DEPT,,67172.0,,
IND-736,D66,2024-11-01,DEPT,,67940.0,,
IND-736,D66,2024-12-01,DEPT,,70182.0,,
IND-736,D66,2025-01-01,DEPT,,71595.0,,
IND-736,D66,2025-02-01,DEPT,,72828.0,,
IND-736,D66,2025-03-01,DEPT,,75392.0,,
IND-736,D66,2025-04-01,DEPT,,78020.0,,
IND-736,D66,2025-05-01,DEPT,,79578.0,,
IND-736,D66,2025-06-01,DEPT,,80835.0,,
IND-736,D66,2025-07-01,DEPT,,82333.0,,
IND-736,D66,2025-08-01,DEPT,,83102.0,,100.0
IND-736,D67,2023-06-01,DEPT,,28434.0,,
IND-736,D67,2023-07-01,DEPT,,29371.0,,
IND-736,D67,2023-08-01,DEPT,,30031.0,,
IND-736,D67,2023-09-01,DEPT,,31324.0,,
IND-736,D67,2023-10-01,DEPT,,32966.0,,
IND-736,D67,2023-11-01,DEPT,,34719.0,,
IND-736,D67,2023-12-01,DEPT,,36067.0,,
IND-736,D67,2024-01-01,DEPT,,37906.0,,
IND-736,D67,2024-02-01,DEPT,,39484.0,,
IND-736,D67,2024-03-01,DEPT,,41288.0,,
IND-736,D67,2024-04-01,DEPT,,43054.0,,
IND-736,D67,2024-05-01,DEPT,,44831.0,,
IND-736,D67,2024-06-01,DEPT,,46018.0,,
IND-736,D67,2024-07-01,DEPT,,47145.0,,
IND-736,D67,2024-08-01,DEPT,,47653.0,,
IND-736,D67,2024-09-01,DEPT,,49159.0,,
IND-736,D67,2024-10-01,DEPT,,51654.0,,
IND-736,D67,2024-11-01,DEPT,,52144.0,,
IND-736,D67,2024-12-01,DEPT,,54925.0,,
IND-736,D67,2025-01-01,DEPT,,56121.0,,
IND-736,D67,2025-02-01,DEPT,,57791.0,,
IND-736,D67,2025-03-01,DEPT,,60078.0,,
IND-736,D67,2025-04-01,DEPT,,61425.0,,
IND-736,D67,2025-05-01,DEPT,,62492.0,,
IND-736,D67,2025-06-01,DEPT,,64033.0,,
IND-736,D67,2025-07-01,DEPT,,64996.0,,
IND-736,D67,2025-08-01,DEPT,,65297.0,,100.0
IND-736,D68,2023-06-01,DEPT,,12523.0,,
IND-736,D68,2023-07-01,DEPT,,13536.0,,
IND-736,D68,2023-08-01,DEPT,,14594.0,,
IND-736,D68,2023-09-01,DEPT,,16342.0,,
IND-736,D68,2023-10-01,DEPT,,18352.0,,
IND-736,D68,2023-11-01,DEPT,,19713.0,,
IND-736,D68,2023-12-01,DEPT,,20549.0,,
IND-736,D68,2024-01-01,DEPT,,22096.0,,
IND-736,D68,2024-02-01,DEPT,,23544.0,,
IND-736,D68,2024-03-01,DEPT,,24650.0,,
IND-736,D68,2024-04-01,DEPT,,25715.0,,
IND-736,D68,2024-05-01,DEPT,,26738.0,,
IND-736,D68,2024-06-01,DEPT,,27997.0,,
IND-736,D68,2024-07-01,DEPT,,29090.0,,
IND-736,D68,2024-08-01,DEPT,,29860.0,,
IND-736,D68,2024-09-01,DEPT,,30461.0,,
IND-736,D68,2024-10-01,DEPT,,31854.0,,
IND-736,D68,2024-11-01,DEPT,,32337.0,,
IND-736,D68,2024-12-01,DEPT,,33625.0,,
IND-736,D68,2025-01-01,DEPT,,34989.0,,
IND-736,D68,2025-02-01,DEPT,,36459.0,,
IND-736,D68,2025-03-01,DEPT,,37755.0,,
IND-736,D68,2025-04-01,DEPT,,39440.0,,
IND-736,D68,2025-05-01,DEPT,,40976.0,,
IND-736,D68,2025-06-01,DEPT,,42919.0,,
IND-736,D68,2025-07-01,DEPT,,44432.0,,
IND-736,D68,2025-08-01,DEPT,,45263.0,,100.0
IND-736,D69,2023-06-01,DEPT,,55312.0,,
IND-736,D69,2023-07-01,DEPT,,57355.0,,
IND-736,D69,2023-08-01,DEPT,,58079.0,,
IND-736,D69,2023-09-01,DEPT,,60341.0,,
IND-736,D69,2023-10-01,DEPT,,63225.0,,
IND-736,D69,2023-11-01,DEPT,,66314.0,,
IND-736,D69,2023-12-01,DEPT,,68623.0,,
IND-736,D69,2024-01-01,DEPT,,71515.0,,
IND-736,D69,2024-02-01,DEPT,,74604.0,,
IND-736,D69,2024-03-01,DEPT,,78207.0,,
IND-736,D69,2024-04-01,DEPT,,81652.0,,
IND-736,D69,2024-05-01,DEPT,,84804.0,,
IND-736,D69,2024-06-01,DEPT,,87192.0,,
IND-736,D69,2024-07-01,DEPT,,89386.0,,
IND-736,D69,2024-08-01,DEPT,,90612.0,,
IND-736,D69,2024-09-01,DEPT,,93194.0,,
IND-736,D69,2024-10-01,DEPT,,96780.0,,
IND-736,D69,2024-11-01,DEPT,,97769.0,,
IND-736,D69,2024-12-01,DEPT,,103655.0,,
IND-736,D69,2025-01-01,DEPT,,106070.0,,
IND-736,D69,2025-02-01,DEPT,,108104.0,,
IND-736,D69,2025-03-01,DEPT,,110899.0,,
IND-736,D69,2025-04-01,DEPT,,113482.0,,
IND-736,D69,2025-05-01,DEPT,,115735.0,,
IND-736,D69,2025-06-01,DEPT,,118199.0,,
IND-736,D69,2025-07-01,DEPT,,120929.0,,
IND-736,D69,2025-08-01,DEPT,,121453.0,,98.29
IND-736,D70,2023-06-01,DEPT,,17813.0,,
IND-736,D70,2023-07-01,DEPT,,18844.0,,
IND-736,D70,2023-08-01,DEPT,,19268.0,,
IND-736,D70,2023-09-01,DEPT,,21571.0,,
IND-736,D70,2023-10-01,DEPT,,23906.0,,
IND-736,D70,2023-11-01,DEPT,,27447.0,,
IND-736,D70,2023-12-01,DEPT,,29374.0,,
IND-736,D70,2024-01-01,DEPT,,32491.0,,
IND-736,D70,2024-02-01,DEPT,,35807.0,,
IND-736,D70,2024-03-01,DEPT,,38630.0,,
IND-736,D70,2024-04-01,DEPT,,41766.0,,
IND-736,D70,2024-05-01,DEPT,,44444.0,,
IND-736,D70,2024-06-01,DEPT,,47238.0,,
IND-736,D70,2024-07-01,DEPT,,48668.0,,
IND-736,D70,2024-08-01,DEPT,,48913.0,,
IND-736,D70,2024-09-01,DEPT,,50370.0,,
IND-736,D70,2024-10-01,DEPT,,53500.0,,
IND-736,D70,2024-11-01,DEPT,,54105.0,,
IND-736,D70,2024-12-01,DEPT,,59872.0,,
IND-736,D70,2025-01-01,DEPT,,62573.0,,
IND-736,D70,2025-02-01,DEPT,,65142.0,,
IND-736,D70,2025-03-01,DEPT,,68065.0,,
IND-736,D70,2025-04-01,DEPT,,70433.0,,
IND-736,D70,2025-05-01,DEPT,,71877.0,,
IND-736,D70,2025-06-01,DEPT,,73518.0,,
IND-736,D70,2025-07-01,DEPT,,74704.0,,
IND-736,D70,2025-08-01,DEPT,,74846.0,,100.0
IND-736,D71,2023-06-01,DEPT,,24782.0,,
IND-736,D71,2023-07-01,DEPT,,25706.0,,
IND-736,D71,2023-08-01,DEPT,,26241.0,,
IND-736,D71,2023-09-01,DEPT,,26978.0,,
IND-736,D71,2023-10-01,DEPT,,28501.0,,
IND-736,D71,2023-11-01,DEPT,,29575.0,,
IND-736,D71,2023-12-01,DEPT,,31136.0,,
IND-736,D71,2024-01-01,DEPT,,32300.0,,
IND-736,D71,2024-02-01,DEPT,,33971.0,,
IND-736,D71,2024-03-01,DEPT,,34913.0,,
IND-736,D71,2024-04-01,DEPT,,36312.0,,
IND-736,D71,2024-05-01,DEPT,,37696.0,,
IND-736,D71,2024-06-01,DEPT,,38759.0,,
IND-736,D71,2024-07-01,DEPT,,39412.0,,
IND-736,D71,2024-08-01,DEPT,,39940.0,,
IND-736,D71,2024-09-01,DEPT,,40730.0,,
IND-736,D71,2024-10-01,DEPT,,42096.0,,
IND-736,D71,2024-11-01,DEPT,,42693.0,,
IND-736,D71,2024-12-01,DEPT,,43591.0,,
IND-736,D71,2025-01-01,DEPT,,44272.0,,
IND-736,D71,2025-02-01,DEPT,,44943.0,,
IND-736,D71,2025-03-01,DEPT,,46337.0,,
IND-736,D71,2025-04-01,DEPT,,47337.0,,
IND-736,D71,2025-05-01,DEPT,,48562.0,,
IND-736,D71,2025-06-01,DEPT,,49604.0,,
IND-736,D71,2025-07-01,DEPT,,50547.0,,
IND-736,D71,2025-08-01,DEPT,,50838.0,,95.53
IND-736,D72,2023-06-01,DEPT,,29982.0,,
IND-736,D72,2023-07-01,DEPT,,31846.0,,
IND-736,D72,2023-08-01,DEPT,,32733.0,,
IND-736,D72,2023-09-01,DEPT,,34609.0,,
IND-736,D72,2023-10-01,DEPT,,36893.0,,
IND-736,D72,2023-11-01,DEPT,,38821.0,,
IND-736,D72,2023-12-01,DEPT,,40133.0,,
IND-736,D72,2024-01-01,DEPT,,42206.0,,
IND-736,D72,2024-02-01,DEPT,,44657.0,,
IND-736,D72,2024-03-01,DEPT,,46341.0,,
IND-736,D72,2024-04-01,DEPT,,48078.0,,
IND-736,D72,2024-05-01,DEPT,,49885.0,,
IND-736,D72,2024-06-01,DEPT,,52480.0,,
IND-736,D72,2024-07-01,DEPT,,53705.0,,
IND-736,D72,2024-08-01,DEPT,,54876.0,,
IND-736,D72,2024-09-01,DEPT,,56766.0,,
IND-736,D72,2024-10-01,DEPT,,58755.0,,
IND-736,D72,2024-11-01,DEPT,,59361.0,,
IND-736,D72,2024-12-01,DEPT,,61816.0,,
IND-736,D72,2025-01-01,DEPT,,63166.0,,
IND-736,D72,2025-02-01,DEPT,,64077.0,,
IND-736,D72,2025-03-01,DEPT,,66555.0,,
IND-736,D72,2025-04-01,DEPT,,67791.0,,
IND-736,D72,2025-05-01,DEPT,,69351.0,,
IND-736,D72,2025-06-01,DEPT,,71081.0,,
IND-736,D72,2025-07-01,DEPT,,72341.0,,
IND-736,D72,2025-08-01,DEPT,,72713.0,,100.0
IND-736,D73,2023-06-01,DEPT,,13682.0,,
IND-736,D73,2023-07-01,DEPT,,14410.0,,
IND-736,D73,2023-08-01,DEPT,,14849.0,,
IND-736,D73,2023-09-01,DEPT,,15467.0,,
IND-736,D73,2023-10-01,DEPT,,16475.0,,
IND-736,D73,2023-11-01,DEPT,,17518.0,,
IND-736,D73,2023-12-01,DEPT,,18496.0,,
IND-736,D73,2024-01-01,DEPT,,19046.0,,
IND-736,D73,2024-02-01,DEPT,,20022.0,,
IND-736,D73,2024-03-01,DEPT,,20944.0,,
IND-736,D73,2024-04-01,DEPT,,21912.0,,
IND-736,D73,2024-05-01,DEPT,,22747.0,,
IND-736,D73,2024-06-01,DEPT,,23628.0,,
IND-736,D73,2024-07-01,DEPT,,24354.0,,
IND-736,D73,2024-08-01,DEPT,,24780.0,,
IND-736,D73,2024-09-01,DEPT,,25394.0,,
IND-736,D73,2024-10-01,DEPT,,26149.0,,
IND-736,D73,2024-11-01,DEPT,,26467.0,,
IND-736,D73,2024-12-01,DEPT,,27898.0,,
IND-736,D73,2025-01-01,DEPT,,28549.0,,
IND-736,D73,2025-02-01,DEPT,,29060.0,,
IND-736,D73,2025-03-01,DEPT,,30257.0,,
IND-736,D73,2025-04-01,DEPT,,31348.0,,
IND-736,D73,2025-05-01,DEPT,,32244.0,,
IND-736,D73,2025-06-01,DEPT,,33017.0,,
IND-736,D73,2025-07-01,DEPT,,33684.0,,
IND-736,D73,2025-08-01,DEPT,,33906.0,,100.0
IND-736,D74,2023-06-01,DEPT,,18574.0,,
IND-736,D74,2023-07-01,DEPT,,19294.0,,
IND-736,D74,2023-08-01,DEPT,,19939.0,,
IND-736,D74,2023-09-01,DEPT,,20606.0,,
IND-736,D74,2023-10-01,DEPT,,21510.0,,
IND-736,D74,2023-11-01,DEPT,,22893.0,,
IND-736,D74,2023-12-01,DEPT,,23855.0,,
IND-736,D74,2024-01-01,DEPT,,24844.0,,
IND-736,D74,2024-02-01,DEPT,,25875.0,,
IND-736,D74,2024-03-01,DEPT,,27126.0,,
IND-736,D74,2024-04-01,DEPT,,28539.0,,
IND-736,D74,2024-05-01,DEPT,,29393.0,,
IND-736,D74,2024-06-01,DEPT,,30299.0,,
IND-736,D74,2024-07-01,DEPT,,30945.0,,
IND-736,D74,2024-08-01,DEPT,,31512.0,,
IND-736,D74,2024-09-01,DEPT,,31982.0,,
IND-736,D74,2024-10-01,DEPT,,33089.0,,
IND-736,D74,2024-11-01,DEPT,,33269.0,,
IND-736,D74,2024-12-01,DEPT,,34890.0,,
IND-736,D74,2025-01-01,DEPT,,35566.0,,
IND-736,D74,2025-02-01,DEPT,,36634.0,,
IND-736,D74,2025-03-01,DEPT,,38071.0,,
IND-736,D74,2025-04-01,DEPT,,39720.0,,
IND-736,D74,2025-05-01,DEPT,,40976.0,,
IND-736,D74,2025-06-01,DEPT,,42272.0,,
IND-736,D74,2025-07-01,DEPT,,43051.0,,
IND-736,D74,2025-08-01,DEPT,,43192.0,,90.89
IND-736,D75,2023-06-01,DEPT,,47978.0,,
IND-736,D75,2023-07-01,DEPT,,50099.0,,
IND-736,D75,2023-08-01,DEPT,,51930.0,,
IND-736,D75,2023-09-01,DEPT,,54338.0,,
IND-736,D75,2023-10-01,DEPT,,56957.0,,
IND-736,D75,2023-11-01,DEPT,,60453.0,,
IND-736,D75,2023-12-01,DEPT,,63827.0,,
IND-736,D75,2024-01-01,DEPT,,69281.0,,
IND-736,D75,2024-02-01,DEPT,,72674.0,,
IND-736,D75,2024-03-01,DEPT,,76309.0,,
IND-736,D75,2024-04-01,DEPT,,80590.0,,
IND-736,D75,2024-05-01,DEPT,,85787.0,,
IND-736,D75,2024-06-01,DEPT,,88721.0,,
IND-736,D75,2024-07-01,DEPT,,92349.0,,
IND-736,D75,2024-08-01,DEPT,,93979.0,,
IND-736,D75,2024-09-01,DEPT,,97354.0,,
IND-736,D75,2024-10-01,DEPT,,100357.0,,
IND-736,D75,2024-11-01,DEPT,,101437.0,,
IND-736,D75,2024-12-01,DEPT,,105122.0,,
IND-736,D75,2025-01-01,DEPT,,107465.0,,
IND-736,D75,2025-02-01,DEPT,,109828.0,,
IND-736,D75,2025-03-01,DEPT,,112758.0,,
IND-736,D75,2025-04-01,DEPT,,115856.0,,
IND-736,D75,2025-05-01,DEPT,,118714.0,,
IND-736,D75,2025-06-01,DEPT,,120773.0,,
IND-736,D75,2025-07-01,DEPT,,123401.0,,
IND-736,D75,2025-08-01,DEPT,,124419.0,,97.05
IND-736,D76,2023-06-01,DEPT,,32792.0,,
IND-736,D76,2023-07-01,DEPT,,34518.0,,
IND-736,D76,2023-08-01,DEPT,,36084.0,,
IND-736,D76,2023-09-01,DEPT,,38067.0,,
IND-736,D76,2023-10-01,DEPT,,40026.0,,
IND-736,D76,2023-11-01,DEPT,,41864.0,,
IND-736,D76,2023-12-01,DEPT,,43603.0,,
IND-736,D76,2024-01-01,DEPT,,45906.0,,
IND-736,D76,2024-02-01,DEPT,,48220.0,,
IND-736,D76,2024-03-01,DEPT,,50396.0,,
IND-736,D76,2024-04-01,DEPT,,52661.0,,
IND-736,D76,2024-05-01,DEPT,,54428.0,,
IND-736,D76,2024-06-01,DEPT,,56112.0,,
IND-736,D76,2024-07-01,DEPT,,57740.0,,
IND-736,D76,2024-08-01,DEPT,,58483.0,,
IND-736,D76,2024-09-01,DEPT,,60117.0,,
IND-736,D76,2024-10-01,DEPT,,62901.0,,
IND-736,D76,2024-11-01,DEPT,,63568.0,,
IND-736,D76,2024-12-01,DEPT,,67795.0,,
IND-736,D76,2025-01-01,DEPT,,69711.0,,
IND-736,D76,2025-02-01,DEPT,,71331.0,,
IND-736,D76,2025-03-01,DEPT,,74435.0,,
IND-736,D76,2025-04-01,DEPT,,77302.0,,
IND-736,D76,2025-05-01,DEPT,,79856.0,,
IND-736,D76,2025-06-01,DEPT,,82610.0,,
IND-736,D76,2025-07-01,DEPT,,85206.0,,
IND-736,D76,2025-08-01,DEPT,,86107.0,,100.0
IND-736,D77,2023-06-01,DEPT,,23652.0,,
IND-736,D77,2023-07-01,DEPT,,24329.0,,
IND-736,D77,2023-08-01,DEPT,,24778.0,,
IND-736,D77,2023-09-01,DEPT,,25562.0,,
IND-736,D77,2023-10-01,DEPT,,27024.0,,
IND-736,D77,2023-11-01,DEPT,,28325.0,,
IND-736,D77,2023-12-01,DEPT,,29299.0,,
IND-736,D77,2024-01-01,DEPT,,30365.0,,
IND-736,D77,2024-02-01,DEPT,,31203.0,,
IND-736,D77,2024-03-01,DEPT,,33312.0,,
IND-736,D77,2024-04-01,DEPT,,34284.0,,
IND-736,D77,2024-05-01,DEPT,,35592.0,,
IND-736,D77,2024-06-01,DEPT,,36873.0,,
IND-736,D77,2024-07-01,DEPT,,37633.0,,
IND-736,D77,2024-08-01,DEPT,,38606.0,,
IND-736,D77,2024-09-01,DEPT,,39752.0,,
IND-736,D77,2024-10-01,DEPT,,41172.0,,
IND-736,D77,2024-11-01,DEPT,,41533.0,,
IND-736,D77,2024-12-01,DEPT,,43817.0,,
IND-736,D77,2025-01-01,DEPT,,45557.0,,
IND-736,D77,2025-02-01,DEPT,,47761.0,,
IND-736,D77,2025-03-01,DEPT,,50498.0,,
IND-736,D77,2025-04-01,DEPT,,51792.0,,
IND-736,D77,2025-05-01,DEPT,,53842.0,,
IND-736,D77,2025-06-01,DEPT,,55877.0,,
IND-736,D77,2025-07-01,DEPT,,57504.0,,
IND-736,D77,2025-08-01,DEPT,,58065.0,,90.28
IND-736,D78,2023-06-01,DEPT,,19672.0,,
IND-736,D78,2023-07-01,DEPT,,20357.0,,
IND-736,D78,2023-08-01,DEPT,,20716.0,,
IND-736,D78,2023-09-01,DEPT,,21602.0,,
IND-736,D78,2023-10-01,DEPT,,22601.0,,
IND-736,D78,2023-11-01,DEPT,,23783.0,,
IND-736,D78,2023-12-01,DEPT,,24411.0,,
IND-736,D78,2024-01-01,DEPT,,25328.0,,
IND-736,D78,2024-02-01,DEPT,,26303.0,,
IND-736,D78,2024-03-01,DEPT,,27538.0,,
IND-736,D78,2024-04-01,DEPT,,28724.0,,
IND-736,D78,2024-05-01,DEPT,,29559.0,,
IND-736,D78,2024-06-01,DEPT,,31022.0,,
IND-736,D78,2024-07-01,DEPT,,32285.0,,
IND-736,D78,2024-08-01,DEPT,,32634.0,,
IND-736,D78,2024-09-01,DEPT,,34490.0,,
IND-736,D78,2024-10-01,DEPT,,37499.0,,
IND-736,D78,2024-11-01,DEPT,,38215.0,,
IND-736,D78,2024-12-01,DEPT,,40748.0,,
IND-736,D78,2025-01-01,DEPT,,41930.0,,
IND-736,D78,2025-02-01,DEPT,,43141.0,,
IND-736,D78,2025-03-01,DEPT,,45327.0,,
IND-736,D78,2025-04-01,DEPT,,46755.0,,
IND-736,D78,2025-05-01,DEPT,,48338.0,,
IND-736,D78,2025-06-01,DEPT,,49122.0,,
IND-736,D78,2025-07-01,DEPT,,50672.0,,
IND-736,D78,2025-08-01,DEPT,,51236.0,,84.49
IND-736,D79,2023-06-01,DEPT,,16699.0,,
IND-736,D79,2023-07-01,DEPT,,17577.0,,
IND-736,D79,2023-08-01,DEPT,,18085.0,,
IND-736,D79,2023-09-01,DEPT,,18901.0,,
IND-736,D79,2023-10-01,DEPT,,19900.0,,
IND-736,D79,2023-11-01,DEPT,,20698.0,,
IND-736,D79,2023-12-01,DEPT,,21228.0,,
IND-736,D79,2024-01-01,DEPT,,22054.0,,
IND-736,D79,2024-02-01,DEPT,,23035.0,,
IND-736,D79,2024-03-01,DEPT,,24050.0,,
IND-736,D79,2024-04-01,DEPT,,25043.0,,
IND-736,D79,2024-05-01,DEPT,,25587.0,,
IND-736,D79,2024-06-01,DEPT,,26042.0,,
IND-736,D79,2024-07-01,DEPT,,26425.0,,
IND-736,D79,2024-08-01,DEPT,,26795.0,,
IND-736,D79,2024-09-01,DEPT,,27305.0,,
IND-736,D79,2024-10-01,DEPT,,27908.0,,
IND-736,D79,2024-11-01,DEPT,,28293.0,,
IND-736,D79,2024-12-01,DEPT,,28843.0,,
IND-736,D79,2025-01-01,DEPT,,29350.0,,
IND-736,D79,2025-02-01,DEPT,,30391.0,,
IND-736,D79,2025-03-01,DEPT,,31459.0,,
IND-736,D79,2025-04-01,DEPT,,32068.0,,
IND-736,D79,2025-05-01,DEPT,,32499.0,,
IND-736,D79,2025-06-01,DEPT,,33150.0,,
IND-736,D79,2025-07-01,DEPT,,33698.0,,
IND-736,D79,2025-08-01,DEPT,,33913.0,,100.0
IND-736,D80,2023-06-01,DEPT,,13698.0,,
IND-736,D80,2023-07-01,DEPT,,14350.0,,
IND-736,D80,2023-08-01,DEPT,,14776.0,,
IND-736,D80,2023-09-01,DEPT,,15401.0,,
IND-736,D80,2023-10-01,DEPT,,16477.0,,
IND-736,D80,2023-11-01,DEPT,,17506.0,,
IND-736,D80,2023-12-01,DEPT,,18337.0,,
IND-736,D80,2024-01-01,DEPT,,19541.0,,
IND-736,D80,2024-02-01,DEPT,,20334.0,,
IND-736,D80,2024-03-01,DEPT,,21657.0,,
IND-736,D80,2024-04-01,DEPT,,22511.0,,
IND-736,D80,2024-05-01,DEPT,,23595.0,,
IND-736,D80,2024-06-01,DEPT,,24214.0,,
IND-736,D80,2024-07-01,DEPT,,24906.0,,
IND-736,D80,2024-08-01,DEPT,,25308.0,,
IND-736,D80,2024-09-01,DEPT,,25994.0,,
IND-736,D80,2024-10-01,DEPT,,26910.0,,
IND-736,D80,2024-11-01,DEPT,,27417.0,,
IND-736,D80,2024-12-01,DEPT,,28804.0,,
IND-736,D80,2025-01-01,DEPT,,29548.0,,
IND-736,D80,2025-02-01,DEPT,,30077.0,,
IND-736,D80,2025-03-01,DEPT,,30835.0,,
IND-736,D80,2025-04-01,DEPT,,31910.0,,
IND-736,D80,2025-05-01,DEPT,,33374.0,,
IND-736,D80,2025-06-01,DEPT,,34277.0,,
IND-736,D80,2025-07-01,DEPT,,34921.0,,
IND-736,D80,2025-08-01,DEPT,,35153.0,,64.47
IND-736,D81,2023-06-01,DEPT,,20472.0,,
IND-736,D81,2023-07-01,DEPT,,21521.0,,
IND-736,D81,2023-08-01,DEPT,,22990.0,,
IND-736,D81,2023-09-01,DEPT,,24512.0,,
IND-736,D81,2023-10-01,DEPT,,26584.0,,
IND-736,D81,2023-11-01,DEPT,,28255.0,,
IND-736,D81,2023-12-01,DEPT,,29655.0,,
IND-736,D81,2024-01-01,DEPT,,31313.0,,
IND-736,D81,2024-02-01,DEPT,,32415.0,,
IND-736,D81,2024-03-01,DEPT,,33893.0,,
IND-736,D81,2024-04-01,DEPT,,35144.0,,
IND-736,D81,2024-05-01,DEPT,,36195.0,,
IND-736,D81,2024-06-01,DEPT,,37095.0,,
IND-736,D81,2024-07-01,DEPT,,38108.0,,
IND-736,D81,2024-08-01,DEPT,,38828.0,,
IND-736,D81,2024-09-01,DEPT,,39637.0,,
IND-736,D81,2024-10-01,DEPT,,40996.0,,
IND-736,D81,2024-11-01,DEPT,,41483.0,,
IND-736,D81,2024-12-01,DEPT,,44265.0,,
IND-736,D81,2025-01-01,DEPT,,45486.0,,
IND-736,D81,2025-02-01,DEPT,,46517.0,,
IND-736,D81,2025-03-01,DEPT,,48171.0,,
IND-736,D81,2025-04-01,DEPT,,49700.0,,
IND-736,D81,2025-05-01,DEPT,,50877.0,,
IND-736,D81,2025-06-01,DEPT,,51995.0,,
IND-736,D81,2025-07-01,DEPT,,52822.0,,
IND-736,D81,2025-08-01,DEPT,,53062.0,,86.64
IND-736,D82,2023-06-01,DEPT,,18857.0,,
IND-736,D82,2023-07-01,DEPT,,19705.0,,
IND-736,D82,2023-08-01,DEPT,,20181.0,,
IND-736,D82,2023-09-01,DEPT,,20770.0,,
IND-736,D82,2023-10-01,DEPT,,21435.0,,
IND-736,D82,2023-11-01,DEPT,,22038.0,,
IND-736,D82,2023-12-01,DEPT,,23041.0,,
IND-736,D82,2024-01-01,DEPT,,23993.0,,
IND-736,D82,2024-02-01,DEPT,,25282.0,,
IND-736,D82,2024-03-01,DEPT,,26526.0,,
IND-736,D82,2024-04-01,DEPT,,27759.0,,
IND-736,D82,2024-05-01,DEPT,,29196.0,,
IND-736,D82,2024-06-01,DEPT,,30951.0,,
IND-736,D82,2024-07-01,DEPT,,31586.0,,
IND-736,D82,2024-08-01,DEPT,,32170.0,,
IND-736,D82,2024-09-01,DEPT,,33891.0,,
IND-736,D82,2024-10-01,DEPT,,34923.0,,
IND-736,D82,2024-11-01,DEPT,,35388.0,,
IND-736,D82,2024-12-01,DEPT,,37486.0,,
IND-736,D82,2025-01-01,DEPT,,38513.0,,
IND-736,D82,2025-02-01,DEPT,,39457.0,,
IND-736,D82,2025-03-01,DEPT,,40938.0,,
IND-736,D82,2025-04-01,DEPT,,41614.0,,
IND-736,D82,2025-05-01,DEPT,,42753.0,,
IND-736,D82,2025-06-01,DEPT,,44105.0,,
IND-736,D82,2025-07-01,DEPT,,44865.0,,
IND-736,D82,2025-08-01,DEPT,,45223.0,,100.0
IND-736,D83,2023-06-01,DEPT,,28455.0,,
IND-736,D83,2023-07-01,DEPT,,30240.0,,
IND-736,D83,2023-08-01,DEPT,,31627.0,,
IND-736,D83,2023-09-01,DEPT,,34410.0,,
IND-736,D83,2023-10-01,DEPT,,37236.0,,
IND-736,D83,2023-11-01,DEPT,,40722.0,,
IND-736,D83,2023-12-01,DEPT,,43059.0,,
IND-736,D83,2024-01-01,DEPT,,44940.0,,
IND-736,D83,2024-02-01,DEPT,,46748.0,,
IND-736,D83,2024-03-01,DEPT,,48410.0,,
IND-736,D83,2024-04-01,DEPT,,50942.0,,
IND-736,D83,2024-05-01,DEPT,,53424.0,,
IND-736,D83,2024-06-01,DEPT,,56271.0,,
IND-736,D83,2024-07-01,DEPT,,58568.0,,
IND-736,D83,2024-08-01,DEPT,,59673.0,,
IND-736,D83,2024-09-01,DEPT,,62290.0,,
IND-736,D83,2024-10-01,DEPT,,64774.0,,
IND-736,D83,2024-11-01,DEPT,,66804.0,,
IND-736,D83,2024-12-01,DEPT,,68410.0,,
IND-736,D83,2025-01-01,DEPT,,69974.0,,
IND-736,D83,2025-02-01,DEPT,,72501.0,,
IND-736,D83,2025-03-01,DEPT,,75153.0,,
IND-736,D83,2025-04-01,DEPT,,76948.0,,
IND-736,D83,2025-05-01,DEPT,,78488.0,,
IND-736,D83,2025-06-01,DEPT,,80031.0,,
IND-736,D83,2025-07-01,DEPT,,81862.0,,
IND-736,D83,2025-08-01,DEPT,,82265.0,,100.0
IND-736,D84,2023-06-01,DEPT,,25660.0,,
IND-736,D84,2023-07-01,DEPT,,27279.0,,
IND-736,D84,2023-08-01,DEPT,,28297.0,,
IND-736,D84,2023-09-01,DEPT,,30207.0,,
IND-736,D84,2023-10-01,DEPT,,32898.0,,
IND-736,D84,2023-11-01,DEPT,,35032.0,,
IND-736,D84,2023-12-01,DEPT,,36656.0,,
IND-736,D84,2024-01-01,DEPT,,38891.0,,
IND-736,D84,2024-02-01,DEPT,,41146.0,,
IND-736,D84,2024-03-01,DEPT,,42943.0,,
IND-736,D84,2024-04-01,DEPT,,45319.0,,
IND-736,D84,2024-05-01,DEPT,,46792.0,,
IND-736,D84,2024-06-01,DEPT,,48529.0,,
IND-736,D84,2024-07-01,DEPT,,49852.0,,
IND-736,D84,2024-08-01,DEPT,,51286.0,,
IND-736,D84,2024-09-01,DEPT,,52886.0,,
IND-736,D84,2024-10-01,DEPT,,55209.0,,
IND-736,D84,2024-11-01,DEPT,,55917.0,,
IND-736,D84,2024-12-01,DEPT,,58577.0,,
IND-736,D84,2025-01-01,DEPT,,59830.0,,
IND-736,D84,2025-02-01,DEPT,,61056.0,,
IND-736,D84,2025-03-01,DEPT,,62970.0,,
IND-736,D84,2025-04-01,DEPT,,64462.0,,
IND-736,D84,2025-05-01,DEPT,,65819.0,,
IND-736,D84,2025-06-01,DEPT,,68131.0,,
IND-736,D84,2025-07-01,DEPT,,69184.0,,
IND-736,D84,2025-08-01,DEPT,,69436.0,,88.93
IND-736,D85,2023-06-01,DEPT,,26384.0,,
IND-736,D85,2023-07-01,DEPT,,27256.0,,
IND-736,D85,2023-08-01,DEPT,,27913.0,,
IND-736,D85,2023-09-01,DEPT,,29375.0,,
IND-736,D85,2023-10-01,DEPT,,31393.0,,
IND-736,D85,2023-11-01,DEPT,,33311.0,,
IND-736,D85,2023-12-01,DEPT,,34719.0,,
IND-736,D85,2024-01-01,DEPT,,35985.0,,
IND-736,D85,2024-02-01,DEPT,,38716.0,,
IND-736,D85,2024-03-01,DEPT,,40574.0,,
IND-736,D85,2024-04-01,DEPT,,42315.0,,
IND-736,D85,2024-05-01,DEPT,,45037.0,,
IND-736,D85,2024-06-01,DEPT,,46867.0,,
IND-736,D85,2024-07-01,DEPT,,47542.0,,
IND-736,D85,2024-08-01,DEPT,,47953.0,,
IND-736,D85,2024-09-01,DEPT,,49393.0,,
IND-736,D85,2024-10-01,DEPT,,51436.0,,
IND-736,D85,2024-11-01,DEPT,,52031.0,,
IND-736,D85,2024-12-01,DEPT,,55860.0,,
IND-736,D85,2025-01-01,DEPT,,57609.0,,
IND-736,D85,2025-02-01,DEPT,,58882.0,,
IND-736,D85,2025-03-01,DEPT,,62481.0,,
IND-736,D85,2025-04-01,DEPT,,63870.0,,
IND-736,D85,2025-05-01,DEPT,,65117.0,,
IND-736,D85,2025-06-01,DEPT,,66804.0,,
IND-736,D85,2025-07-01,DEPT,,69723.0,,
IND-736,D85,2025-08-01,DEPT,,69998.0,,100.0
IND-736,D86,2023-06-01,DEPT,,23618.0,,
IND-736,D86,2023-07-01,DEPT,,24474.0,,
IND-736,D86,2023-08-01,DEPT,,25058.0,,
IND-736,D86,2023-09-01,DEPT,,25903.0,,
IND-736,D86,2023-10-01,DEPT,,27018.0,,
IND-736,D86,2023-11-01,DEPT,,28268.0,,
IND-736,D86,2023-12-01,DEPT,,29691.0,,
IND-736,D86,2024-01-01,DEPT,,30855.0,,
IND-736,D86,2024-02-01,DEPT,,32547.0,,
IND-736,D86,2024-03-01,DEPT,,33908.0,,
IND-736,D86,2024-04-01,DEPT,,35004.0,,
IND-736,D86,2024-05-01,DEPT,,36197.0,,
IND-736,D86,2024-06-01,DEPT,,37342.0,,
IND-736,D86,2024-07-01,DEPT,,38323.0,,
IND-736,D86,2024-08-01,DEPT,,38770.0,,
IND-736,D86,2024-09-01,DEPT,,39625.0,,
IND-736,D86,2024-10-01,DEPT,,40654.0,,
IND-736,D86,2024-11-01,DEPT,,41101.0,,
IND-736,D86,2024-12-01,DEPT,,43229.0,,
IND-736,D86,2025-01-01,DEPT,,44096.0,,
IND-736,D86,2025-02-01,DEPT,,44910.0,,
IND-736,D86,2025-03-01,DEPT,,46538.0,,
IND-736,D86,2025-04-01,DEPT,,47545.0,,
IND-736,D86,2025-05-01,DEPT,,48728.0,,
IND-736,D86,2025-06-01,DEPT,,50039.0,,
IND-736,D86,2025-07-01,DEPT,,50988.0,,
IND-736,D86,2025-08-01,DEPT,,51281.0,,90.23
IND-736,D87,2023-06-01,DEPT,,26133.0,,
IND-736,D87,2023-07-01,DEPT,,26814.0,,
IND-736,D87,2023-08-01,DEPT,,27161.0,,
IND-736,D87,2023-09-01,DEPT,,27935.0,,
IND-736,D87,2023-10-01,DEPT,,29370.0,,
IND-736,D87,2023-11-01,DEPT,,30891.0,,
IND-736,D87,2023-12-01,DEPT,,32020.0,,
IND-736,D87,2024-01-01,DEPT,,33210.0,,
IND-736,D87,2024-02-01,DEPT,,33952.0,,
IND-736,D87,2024-03-01,DEPT,,34779.0,,
IND-736,D87,2024-04-01,DEPT,,35653.0,,
IND-736,D87,2024-05-01,DEPT,,36318.0,,
IND-736,D87,2024-06-01,DEPT,,36901.0,,
IND-736,D87,2024-07-01,DEPT,,37426.0,,
IND-736,D87,2024-08-01,DEPT,,37872.0,,
IND-736,D87,2024-09-01,DEPT,,39302.0,,
IND-736,D87,2024-10-01,DEPT,,40709.0,,
IND-736,D87,2024-11-01,DEPT,,41051.0,,
IND-736,D87,2024-12-01,DEPT,,42317.0,,
IND-736,D87,2025-01-01,DEPT,,42631.0,,
IND-736,D87,2025-02-01,DEPT,,43640.0,,
IND-736,D87,2025-03-01,DEPT,,44626.0,,
IND-736,D87,2025-04-01,DEPT,,45507.0,,
IND-736,D87,2025-05-01,DEPT,,45816.0,,
IND-736,D87,2025-06-01,DEPT,,46934.0,,
IND-736,D87,2025-07-01,DEPT,,48504.0,,
IND-736,D87,2025-08-01,DEPT,,48680.0,,90.09
IND-736,D88,2023-06-01,DEPT,,21985.0,,
IND-736,D88,2023-07-01,DEPT,,22989.0,,
IND-736,D88,2023-08-01,DEPT,,23794.0,,
IND-736,D88,2023-09-01,DEPT,,25581.0,,
IND-736,D88,2023-10-01,DEPT,,27283.0,,
IND-736,D88,2023-11-01,DEPT,,28763.0,,
IND-736,D88,2023-12-01,DEPT,,29899.0,,
IND-736,D88,2024-01-01,DEPT,,31230.0,,
IND-736,D88,2024-02-01,DEPT,,33023.0,,
IND-736,D88,2024-03-01,DEPT,,35383.0,,
IND-736,D88,2024-04-01,DEPT,,37363.0,,
IND-736,D88,2024-05-01,DEPT,,38810.0,,
IND-736,D88,2024-06-01,DEPT,,40539.0,,
IND-736,D88,2024-07-01,DEPT,,41642.0,,
IND-736,D88,2024-08-01,DEPT,,42173.0,,
IND-736,D88,2024-09-01,DEPT,,43723.0,,
IND-736,D88,2024-10-01,DEPT,,45697.0,,
IND-736,D88,2024-11-01,DEPT,,45978.0,,
IND-736,D88,2024-12-01,DEPT,,48235.0,,
IND-736,D88,2025-01-01,DEPT,,49022.0,,
IND-736,D88,2025-02-01,DEPT,,50523.0,,
IND-736,D88,2025-03-01,DEPT,,52629.0,,
IND-736,D88,2025-04-01,DEPT,,54880.0,,
IND-736,D88,2025-05-01,DEPT,,55958.0,,
IND-736,D88,2025-06-01,DEPT,,57621.0,,
IND-736,D88,2025-07-01,DEPT,,58503.0,,
IND-736,D88,2025-08-01,DEPT,,58686.0,,100.0
IND-736,D89,2023-06-01,DEPT,,11274.0,,
IND-736,D89,2023-07-01,DEPT,,11945.0,,
IND-736,D89,2023-08-01,DEPT,,12462.0,,
IND-736,D89,2023-09-01,DEPT,,13445.0,,
IND-736,D89,2023-10-01,DEPT,,14679.0,,
IND-736,D89,2023-11-01,DEPT,,16309.0,,
IND-736,D89,2023-12-01,DEPT,,16914.0,,
IND-736,D89,2024-01-01,DEPT,,17957.0,,
IND-736,D89,2024-02-01,DEPT,,18827.0,,
IND-736,D89,2024-03-01,DEPT,,19610.0,,
IND-736,D89,2024-04-01,DEPT,,20145.0,,
IND-736,D89,2024-05-01,DEPT,,21142.0,,
IND-736,D89,2024-06-01,DEPT,,22038.0,,
IND-736,D89,2024-07-01,DEPT,,22352.0,,
IND-736,D89,2024-08-01,DEPT,,22499.0,,
IND-736,D89,2024-09-01,DEPT,,23442.0,,
IND-736,D89,2024-10-01,DEPT,,24107.0,,
IND-736,D89,2024-11-01,DEPT,,24331.0,,
IND-736,D89,2024-12-01,DEPT,,26055.0,,
IND-736,D89,2025-01-01,DEPT,,26646.0,,
IND-736,D89,2025-02-01,DEPT,,27139.0,,
IND-736,D89,2025-03-01,DEPT,,27952.0,,
IND-736,D89,2025-04-01,DEPT,,28395.0,,
IND-736,D89,2025-05-01,DEPT,,29167.0,,
IND-736,D89,2025-06-01,DEPT,,29607.0,,
IND-736,D89,2025-07-01,DEPT,,29967.0,,
IND-736,D89,2025-08-01,DEPT,,30328.0,,68.34
IND-736,D90,2023-06-01,DEPT,,7582.0,,
IND-736,D90,2023-07-01,DEPT,,8067.0,,
IND-736,D90,2023-08-01,DEPT,,8497.0,,
IND-736,D90,2023-09-01,DEPT,,9138.0,,
IND-736,D90,2023-10-01,DEPT,,9728.0,,
IND-736,D90,2023-11-01,DEPT,,10500.0,,
IND-736,D90,2023-12-01,DEPT,,10991.0,,
IND-736,D90,2024-01-01,DEPT,,11455.0,,
IND-736,D90,2024-02-01,DEPT,,12045.0,,
IND-736,D90,2024-03-01,DEPT,,12507.0,,
IND-736,D90,2024-04-01,DEPT,,13105.0,,
IND-736,D90,2024-05-01,DEPT,,13590.0,,
IND-736,D90,2024-06-01,DEPT,,14099.0,,
IND-736,D90,2024-07-01,DEPT,,14498.0,,
IND-736,D90,2024-08-01,DEPT,,14295.0,,
IND-736,D90,2024-09-01,DEPT,,14931.0,,
IND-736,D90,2024-10-01,DEPT,,15543.0,,
IND-736,D90,2024-11-01,DEPT,,15640.0,,
IND-736,D90,2024-12-01,DEPT,,16510.0,,
IND-736,D90,2025-01-01,DEPT,,17058.0,,
IND-736,D90,2025-02-01,DEPT,,17612.0,,
IND-736,D90,2025-03-01,DEPT,,18578.0,,
IND-736,D90,2025-04-01,DEPT,,19096.0,,
IND-736,D90,2025-05-01,DEPT,,19533.0,,
IND-736,D90,2025-06-01,DEPT,,20341.0,,
IND-736,D90,2025-07-01,DEPT,,20747.0,,
IND-736,D90,2025-08-01,DEPT,,20942.0,,64.55
IND-736,D91,2023-06-01,DEPT,,21621.0,,
IND-736,D91,2023-07-01,DEPT,,22754.0,,
IND-736,D91,2023-08-01,DEPT,,23862.0,,
IND-736,D91,2023-09-01,DEPT,,25324.0,,
IND-736,D91,2023-10-01,DEPT,,26950.0,,
IND-736,D91,2023-11-01,DEPT,,28997.0,,
IND-736,D91,2023-12-01,DEPT,,30499.0,,
IND-736,D91,2024-01-01,DEPT,,33208.0,,
IND-736,D91,2024-02-01,DEPT,,34695.0,,
IND-736,D91,2024-03-01,DEPT,,36690.0,,
IND-736,D91,2024-04-01,DEPT,,38550.0,,
IND-736,D91,2024-05-01,DEPT,,40164.0,,
IND-736,D91,2024-06-01,DEPT,,41864.0,,
IND-736,D91,2024-07-01,DEPT,,42898.0,,
IND-736,D91,2024-08-01,DEPT,,44217.0,,
IND-736,D91,2024-09-01,DEPT,,45277.0,,
IND-736,D91,2024-10-01,DEPT,,46885.0,,
IND-736,D91,2024-11-01,DEPT,,47277.0,,
IND-736,D91,2024-12-01,DEPT,,49738.0,,
IND-736,D91,2025-01-01,DEPT,,50838.0,,
IND-736,D91,2025-02-01,DEPT,,52096.0,,
IND-736,D91,2025-03-01,DEPT,,53447.0,,
IND-736,D91,2025-04-01,DEPT,,54539.0,,
IND-736,D91,2025-05-01,DEPT,,55594.0,,
IND-736,D91,2025-06-01,DEPT,,56647.0,,
IND-736,D91,2025-07-01,DEPT,,58680.0,,
IND-736,D91,2025-08-01,DEPT,,59167.0,,66.5
IND-736,D92,2023-06-01,DEPT,,21909.0,,
IND-736,D92,2023-07-01,DEPT,,23038.0,,
IND-736,D92,2023-08-01,DEPT,,23510.0,,
IND-736,D92,2023-09-01,DEPT,,24449.0,,
IND-736,D92,2023-10-01,DEPT,,25415.0,,
IND-736,D92,2023-11-01,DEPT,,26617.0,,
IND-736,D92,2023-12-01,DEPT,,27872.0,,
IND-736,D92,2024-01-01,DEPT,,29239.0,,
IND-736,D92,2024-02-01,DEPT,,30584.0,,
IND-736,D92,2024-03-01,DEPT,,32336.0,,
IND-736,D92,2024-04-01,DEPT,,33812.0,,
IND-736,D92,2024-05-01,DEPT,,34765.0,,
IND-736,D92,2024-06-01,DEPT,,36816.0,,
IND-736,D92,2024-07-01,DEPT,,37961.0,,
IND-736,D92,2024-08-01,DEPT,,38297.0,,
IND-736,D92,2024-09-01,DEPT,,39298.0,,
IND-736,D92,2024-10-01,DEPT,,40872.0,,
IND-736,D92,2024-11-01,DEPT,,41316.0,,
IND-736,D92,2024-12-01,DEPT,,43136.0,,
IND-736,D92,2025-01-01,DEPT,,43831.0,,
IND-736,D92,2025-02-01,DEPT,,44742.0,,
IND-736,D92,2025-03-01,DEPT,,45864.0,,
IND-736,D92,2025-04-01,DEPT,,46855.0,,
IND-736,D92,2025-05-01,DEPT,,47655.0,,
IND-736,D92,2025-06-01,DEPT,,48690.0,,
IND-736,D92,2025-07-01,DEPT,,49465.0,,
IND-736,D92,2025-08-01,DEPT,,49660.0,,56.76
IND-736,D93,2023-06-01,DEPT,,44224.0,,
IND-736,D93,2023-07-01,DEPT,,46493.0,,
IND-736,D93,2023-08-01,DEPT,,48210.0,,
IND-736,D93,2023-09-01,DEPT,,51057.0,,
IND-736,D93,2023-10-01,DEPT,,53967.0,,
IND-736,D93,2023-11-01,DEPT,,57519.0,,
IND-736,D93,2023-12-01,DEPT,,60585.0,,
IND-736,D93,2024-01-01,DEPT,,63718.0,,
IND-736,D93,2024-02-01,DEPT,,66442.0,,
IND-736,D93,2024-03-01,DEPT,,70779.0,,
IND-736,D93,2024-04-01,DEPT,,74888.0,,
IND-736,D93,2024-05-01,DEPT,,77299.0,,
IND-736,D93,2024-06-01,DEPT,,79673.0,,
IND-736,D93,2024-07-01,DEPT,,81924.0,,
IND-736,D93,2024-08-01,DEPT,,83441.0,,
IND-736,D93,2024-09-01,DEPT,,86566.0,,
IND-736,D93,2024-10-01,DEPT,,89802.0,,
IND-736,D93,2024-11-01,DEPT,,90999.0,,
IND-736,D93,2024-12-01,DEPT,,94506.0,,
IND-736,D93,2025-01-01,DEPT,,95495.0,,
IND-736,D93,2025-02-01,DEPT,,97431.0,,
IND-736,D93,2025-03-01,DEPT,,99491.0,,
IND-736,D93,2025-04-01,DEPT,,101393.0,,
IND-736,D93,2025-05-01,DEPT,,103335.0,,
IND-736,D93,2025-06-01,DEPT,,105283.0,,
IND-736,D93,2025-07-01,DEPT,,108886.0,,
IND-736,D93,2025-08-01,DEPT,,109591.0,,69.5
IND-736,D94,2023-06-01,DEPT,,28542.0,,
IND-736,D94,2023-07-01,DEPT,,29530.0,,
IND-736,D94,2023-08-01,DEPT,,30258.0,,
IND-736,D94,2023-09-01,DEPT,,31473.0,,
IND-736,D94,2023-10-01,DEPT,,32878.0,,
IND-736,D94,2023-11-01,DEPT,,34326.0,,
IND-736,D94,2023-12-01,DEPT,,35802.0,,
IND-736,D94,2024-01-01,DEPT,,37805.0,,
IND-736,D94,2024-02-01,DEPT,,39887.0,,
IND-736,D94,2024-03-01,DEPT,,42807.0,,
IND-736,D94,2024-04-01,DEPT,,44820.0,,
IND-736,D94,2024-05-01,DEPT,,46797.0,,
IND-736,D94,2024-06-01,DEPT,,48917.0,,
IND-736,D94,2024-07-01,DEPT,,50619.0,,
IND-736,D94,2024-08-01,DEPT,,51487.0,,
IND-736,D94,2024-09-01,DEPT,,52884.0,,
IND-736,D94,2024-10-01,DEPT,,54827.0,,
IND-736,D94,2024-11-01,DEPT,,55436.0,,
IND-736,D94,2024-12-01,DEPT,,58500.0,,
IND-736,D94,2025-01-01,DEPT,,59922.0,,
IND-736,D94,2025-02-01,DEPT,,62472.0,,
IND-736,D94,2025-03-01,DEPT,,64917.0,,
IND-736,D94,2025-04-01,DEPT,,66540.0,,
IND-736,D94,2025-05-01,DEPT,,67977.0,,
IND-736,D94,2025-06-01,DEPT,,70261.0,,
IND-736,D94,2025-07-01,DEPT,,71484.0,,
IND-736,D94,2025-08-01,DEPT,,72027.0,,68.58
IND-736,D95,2023-06-01,DEPT,,22066.0,,
IND-736,D95,2023-07-01,DEPT,,22912.0,,
IND-736,D95,2023-08-01,DEPT,,23312.0,,
IND-736,D95,2023-09-01,DEPT,,23851.0,,
IND-736,D95,2023-10-01,DEPT,,24527.0,,
IND-736,D95,2023-11-01,DEPT,,25633.0,,
IND-736,D95,2023-12-01,DEPT,,26586.0,,
IND-736,D95,2024-01-01,DEPT,,27419.0,,
IND-736,D95,2024-02-01,DEPT,,28214.0,,
IND-736,D95,2024-03-01,DEPT,,29100.0,,
IND-736,D95,2024-04-01,DEPT,,29997.0,,
IND-736,D95,2024-05-01,DEPT,,30997.0,,
IND-736,D95,2024-06-01,DEPT,,32012.0,,
IND-736,D95,2024-07-01,DEPT,,32664.0,,
IND-736,D95,2024-08-01,DEPT,,33428.0,,
IND-736,D95,2024-09-01,DEPT,,34894.0,,
IND-736,D95,2024-10-01,DEPT,,36008.0,,
IND-736,D95,2024-11-01,DEPT,,36386.0,,
IND-736,D95,2024-12-01,DEPT,,39071.0,,
IND-736,D95,2025-01-01,DEPT,,39755.0,,
IND-736,D95,2025-02-01,DEPT,,40690.0,,
IND-736,D95,2025-03-01,DEPT,,41851.0,,
IND-736,D95,2025-04-01,DEPT,,42695.0,,
IND-736,D95,2025-05-01,DEPT,,43947.0,,
IND-736,D95,2025-06-01,DEPT,,45275.0,,
IND-736,D95,2025-07-01,DEPT,,46247.0,,
IND-736,D95,2025-08-01,DEPT,,46708.0,,56.94
IND-736,D971,2023-06-01,DEPT,,18541.0,,
IND-736,D971,2023-07-01,DEPT,,19823.0,,
IND-736,D971,2023-08-01,DEPT,,20855.0,,
IND-736,D971,2023-09-01,DEPT,,22451.0,,
IND-736,D971,2023-10-01,DEPT,,24055.0,,
IND-736,D971,2023-11-01,DEPT,,26020.0,,
IND-736,D971,2023-12-01,DEPT,,27056.0,,
IND-736,D971,2024-01-01,DEPT,,28074.0,,
IND-736,D971,2024-02-01,DEPT,,28963.0,,
IND-736,D971,2024-03-01,DEPT,,30079.0,,
IND-736,D971,2024-04-01,DEPT,,31789.0,,
IND-736,D971,2024-05-01,DEPT,,33829.0,,
IND-736,D971,2024-06-01,DEPT,,35609.0,,
IND-736,D971,2024-07-01,DEPT,,37359.0,,
IND-736,D971,2024-08-01,DEPT,,37900.0,,
IND-736,D971,2024-09-01,DEPT,,39075.0,,
IND-736,D971,2024-10-01,DEPT,,40457.0,,
IND-736,D971,2024-11-01,DEPT,,40934.0,,
IND-736,D971,2024-12-01,DEPT,,42785.0,,
IND-736,D971,2025-01-01,DEPT,,43991.0,,
IND-736,D971,2025-02-01,DEPT,,45324.0,,
IND-736,D971,2025-03-01,DEPT,,47680.0,,
IND-736,D971,2025-04-01,DEPT,,48735.0,,
IND-736,D971,2025-05-01,DEPT,,49576.0,,
IND-736,D971,2025-06-01,DEPT,,50735.0,,
IND-736,D971,2025-07-01,DEPT,,51508.0,,
IND-736,D971,2025-08-01,DEPT,,51873.0,,60.61
IND-736,D972,2023-06-01,DEPT,,19971.0,,
IND-736,D972,2023-07-01,DEPT,,21466.0,,
IND-736,D972,2023-08-01,DEPT,,23312.0,,
IND-736,D972,2023-09-01,DEPT,,24408.0,,
IND-736,D972,2023-10-01,DEPT,,26053.0,,
IND-736,D972,2023-11-01,DEPT,,27758.0,,
IND-736,D972,2023-12-01,DEPT,,29054.0,,
IND-736,D972,2024-01-01,DEPT,,31421.0,,
IND-736,D972,2024-02-01,DEPT,,32637.0,,
IND-736,D972,2024-03-01,DEPT,,34087.0,,
IND-736,D972,2024-04-01,DEPT,,36243.0,,
IND-736,D972,2024-05-01,DEPT,,37424.0,,
IND-736,D972,2024-06-01,DEPT,,40591.0,,
IND-736,D972,2024-07-01,DEPT,,41540.0,,
IND-736,D972,2024-08-01,DEPT,,42407.0,,
IND-736,D972,2024-09-01,DEPT,,43733.0,,
IND-736,D972,2024-10-01,DEPT,,44586.0,,
IND-736,D972,2024-11-01,DEPT,,45001.0,,
IND-736,D972,2024-12-01,DEPT,,46638.0,,
IND-736,D972,2025-01-01,DEPT,,47378.0,,
IND-736,D972,2025-02-01,DEPT,,48444.0,,
IND-736,D972,2025-03-01,DEPT,,49568.0,,
IND-736,D972,2025-04-01,DEPT,,50273.0,,
IND-736,D972,2025-05-01,DEPT,,51064.0,,
IND-736,D972,2025-06-01,DEPT,,51847.0,,
IND-736,D972,2025-07-01,DEPT,,52855.0,,
IND-736,D972,2025-08-01,DEPT,,53250.0,,72.62
IND-736,D973,2023-06-01,DEPT,,10494.0,,
IND-736,D973,2023-07-01,DEPT,,11132.0,,
IND-736,D973,2023-08-01,DEPT,,11418.0,,
IND-736,D973,2023-09-01,DEPT,,11817.0,,
IND-736,D973,2023-10-01,DEPT,,12161.0,,
IND-736,D973,2023-11-01,DEPT,,12508.0,,
IND-736,D973,2023-12-01,DEPT,,12922.0,,
IND-736,D973,2024-01-01,DEPT,,13157.0,,
IND-736,D973,2024-02-01,DEPT,,13419.0,,
IND-736,D973,2024-03-01,DEPT,,13773.0,,
IND-736,D973,2024-04-01,DEPT,,14306.0,,
IND-736,D973,2024-05-01,DEPT,,15164.0,,
IND-736,D973,2024-06-01,DEPT,,16168.0,,
IND-736,D973,2024-07-01,DEPT,,16628.0,,
IND-736,D973,2024-08-01,DEPT,,16912.0,,
IND-736,D973,2024-09-01,DEPT,,17112.0,,
IND-736,D973,2024-10-01,DEPT,,17579.0,,
IND-736,D973,2024-11-01,DEPT,,17797.0,,
IND-736,D973,2024-12-01,DEPT,,19093.0,,
IND-736,D973,2025-01-01,DEPT,,19405.0,,
IND-736,D973,2025-02-01,DEPT,,19503.0,,
IND-736,D973,2025-03-01,DEPT,,19715.0,,
IND-736,D973,2025-04-01,DEPT,,19875.0,,
IND-736,D973,2025-05-01,DEPT,,20102.0,,
IND-736,D973,2025-06-01,DEPT,,20570.0,,
IND-736,D973,2025-07-01,DEPT,,20844.0,,
IND-736,D973,2025-08-01,DEPT,,21071.0,,25.48
IND-736,D974,2023-06-01,DEPT,,42157.0,,
IND-736,D974,2023-07-01,DEPT,,44899.0,,
IND-736,D974,2023-08-01,DEPT,,47648.0,,
IND-736,D974,2023-09-01,DEPT,,49893.0,,
IND-736,D974,2023-10-01,DEPT,,52458.0,,
IND-736,D974,2023-11-01,DEPT,,55923.0,,
IND-736,D974,2023-12-01,DEPT,,57967.0,,
IND-736,D974,2024-01-01,DEPT,,60776.0,,
IND-736,D974,2024-02-01,DEPT,,63514.0,,
IND-736,D974,2024-03-01,DEPT,,66011.0,,
IND-736,D974,2024-04-01,DEPT,,69465.0,,
IND-736,D974,2024-05-01,DEPT,,72200.0,,
IND-736,D974,2024-06-01,DEPT,,75303.0,,
IND-736,D974,2024-07-01,DEPT,,78147.0,,
IND-736,D974,2024-08-01,DEPT,,80612.0,,
IND-736,D974,2024-09-01,DEPT,,83355.0,,
IND-736,D974,2024-10-01,DEPT,,86504.0,,
IND-736,D974,2024-11-01,DEPT,,87751.0,,
IND-736,D974,2024-12-01,DEPT,,91523.0,,
IND-736,D974,2025-01-01,DEPT,,93427.0,,
IND-736,D974,2025-02-01,DEPT,,95084.0,,
IND-736,D974,2025-03-01,DEPT,,97931.0,,
IND-736,D974,2025-04-01,DEPT,,100087.0,,
IND-736,D974,2025-05-01,DEPT,,101639.0,,
IND-736,D974,2025-06-01,DEPT,,104139.0,,
IND-736,D974,2025-07-01,DEPT,,106115.0,,
IND-736,D974,2025-08-01,DEPT,,107073.0,,100.0
IND-736,D976,2023-06-01,DEPT,,21505.0,,
IND-736,D976,2023-07-01,DEPT,,22703.0,,
IND-736,D976,2023-08-01,DEPT,,23783.0,,
IND-736,D976,2023-09-01,DEPT,,24165.0,,
IND-736,D976,2023-10-01,DEPT,,24257.0,,
IND-736,D976,2023-11-01,DEPT,,24925.0,,
IND-736,D976,2023-12-01,DEPT,,25038.0,,
IND-736,D976,2024-01-01,DEPT,,25050.0,,
IND-736,D976,2024-02-01,DEPT,,25050.0,,
IND-736,D976,2024-03-01,DEPT,,25073.0,,
IND-736,D976,2024-04-01,DEPT,,25073.0,,
IND-736,D976,2024-05-01,DEPT,,25073.0,,
IND-736,D976,2024-06-01,DEPT,,25209.0,,
IND-736,D976,2024-07-01,DEPT,,25352.0,,
IND-736,D976,2024-08-01,DEPT,,25453.0,,
IND-736,D976,2024-09-01,DEPT,,25575.0,,
IND-736,D976,2024-10-01,DEPT,,25720.0,,
IND-736,D976,2024-11-01,DEPT,,25783.0,,
IND-736,D976,2024-12-01,DEPT,,26013.0,,
IND-736,D976,2025-01-01,DEPT,,26152.0,,
IND-736,D976,2025-02-01,DEPT,,26376.0,,
IND-736,D976,2025-03-01,DEPT,,26556.0,,
IND-736,D976,2025-04-01,DEPT,,26802.0,,
IND-736,D976,2025-05-01,DEPT,,27050.0,,
IND-736,D976,2025-06-01,DEPT,,27238.0,,
IND-736,D976,2025-07-01,DEPT,,27437.0,,
IND-736,D976,2025-08-01,DEPT,,27544.0,,31.96
IND-736,FRANCE,2023-06-01,NAT,,2362023.0,,
IND-736,FRANCE,2023-07-01,NAT,,2462675.0,,
IND-736,FRANCE,2023-08-01,NAT,,2531272.0,,
IND-736,FRANCE,2023-09-01,NAT,,2654897.0,,
IND-736,FRANCE,2023-10-01,NAT,,2800007.0,,
IND-736,FRANCE,2023-11-01,NAT,,2960437.0,,
IND-736,FRANCE,2023-12-01,NAT,,3083785.0,,
IND-736,FRANCE,2024-01-01,NAT,,3228990.0,,
IND-736,FRANCE,2024-02-01,NAT,,3387842.0,,
IND-736,FRANCE,2024-03-01,NAT,,3550071.0,,
IND-736,FRANCE,2024-04-01,NAT,,3711640.0,,
IND-736,FRANCE,2024-05-01,NAT,,3852302.0,,
IND-736,FRANCE,2024-06-01,NAT,,3999131.0,,
IND-736,FRANCE,2024-07-01,NAT,,4105306.0,,
IND-736,FRANCE,2024-08-01,NAT,,4176037.0,,
IND-736,FRANCE,2024-09-01,NAT,,4297913.0,,
IND-736,FRANCE,2024-10-01,NAT,,4460336.0,,
IND-736,FRANCE,2024-11-01,NAT,,4511876.0,,
IND-736,FRANCE,2024-12-01,NAT,,4746460.0,,
IND-736,FRANCE,2025-01-01,NAT,,4862700.0,,
IND-736,FRANCE,2025-02-01,NAT,,4980307.0,,
IND-736,FRANCE,2025-03-01,NAT,,5169361.0,,
IND-736,FRANCE,2025-04-01,NAT,,5311647.0,,
IND-736,FRANCE,2025-05-01,NAT,,5436905.0,,
IND-736,FRANCE,2025-06-01,NAT,,5574511.0,,
IND-736,FRANCE,2025-07-01,NAT,,5696487.0,,
IND-736,FRANCE,2025-08-01,NAT,,5734441.0,,94.52
IND-736,R01,2023-06-01,REG,,18541.0,,
IND-736,R01,2023-07-01,REG,,19823.0,,
IND-736,R01,2023-08-01,REG,,20855.0,,
IND-736,R01,2023-09-01,REG,,22451.0,,
IND-736,R01,2023-10-01,REG,,24055.0,,
IND-736,R01,2023-11-01,REG,,26020.0,,
IND-736,R01,2023-12-01,REG,,27056.0,,
IND-736,R01,2024-01-01,REG,,28074.0,,
IND-736,R01,2024-02-01,REG,,28963.0,,
IND-736,R01,2024-03-01,REG,,30079.0,,
IND-736,R01,2024-04-01,REG,,31789.0,,
IND-736,R01,2024-05-01,REG,,33829.0,,
IND-736,R01,2024-06-01,REG,,35609.0,,
IND-736,R01,2024-07-01,REG,,37359.0,,
IND-736,R01,2024-08-01,REG,,37900.0,,
IND-736,R01,2024-09-01,REG,,39075.0,,
IND-736,R01,2024-10-01,REG,,40457.0,,
IND-736,R01,2024-11-01,REG,,40934.0,,
IND-736,R01,2024-12-01,REG,,42785.0,,
IND-736,R01,2025-01-01,REG,,43991.0,,
IND-736,R01,2025-02-01,REG,,45324.0,,
IND-736,R01,2025-03-01,REG,,47680.0,,
IND-736,R01,2025-04-01,REG,,48735.0,,
IND-736,R01,2025-05-01,REG,,49576.0,,
IND-736,R01,2025-06-01,REG,,50735.0,,
IND-736,R01,2025-07-01,REG,,51508.0,,
IND-736,R01,2025-08-01,REG,,51873.0,,60.61
IND-736,R02,2023-06-01,REG,,19971.0,,
IND-736,R02,2023-07-01,REG,,21466.0,,
IND-736,R02,2023-08-01,REG,,23312.0,,
IND-736,R02,2023-09-01,REG,,24408.0,,
IND-736,R02,2023-10-01,REG,,26053.0,,
IND-736,R02,2023-11-01,REG,,27758.0,,
IND-736,R02,2023-12-01,REG,,29054.0,,
IND-736,R02,2024-01-01,REG,,31421.0,,
IND-736,R02,2024-02-01,REG,,32637.0,,
IND-736,R02,2024-03-01,REG,,34087.0,,
IND-736,R02,2024-04-01,REG,,36243.0,,
IND-736,R02,2024-05-01,REG,,37424.0,,
IND-736,R02,2024-06-01,REG,,40591.0,,
IND-736,R02,2024-07-01,REG,,41540.0,,
IND-736,R02,2024-08-01,REG,,42407.0,,
IND-736,R02,2024-09-01,REG,,43733.0,,
IND-736,R02,2024-10-01,REG,,44586.0,,
IND-736,R02,2024-11-01,REG,,45001.0,,
IND-736,R02,2024-12-01,REG,,46638.0,,
IND-736,R02,2025-01-01,REG,,47378.0,,
IND-736,R02,2025-02-01,REG,,48444.0,,
IND-736,R02,2025-03-01,REG,,49568.0,,
IND-736,R02,2025-04-01,REG,,50273.0,,
IND-736,R02,2025-05-01,REG,,51064.0,,
IND-736,R02,2025-06-01,REG,,51847.0,,
IND-736,R02,2025-07-01,REG,,52855.0,,
IND-736,R02,2025-08-01,REG,,53250.0,,72.62
IND-736,R03,2023-06-01,REG,,10494.0,,
IND-736,R03,2023-07-01,REG,,11132.0,,
IND-736,R03,2023-08-01,REG,,11418.0,,
IND-736,R03,2023-09-01,REG,,11817.0,,
IND-736,R03,2023-10-01,REG,,12161.0,,
IND-736,R03,2023-11-01,REG,,12508.0,,
IND-736,R03,2023-12-01,REG,,12922.0,,
IND-736,R03,2024-01-01,REG,,13157.0,,
IND-736,R03,2024-02-01,REG,,13419.0,,
IND-736,R03,2024-03-01,REG,,13773.0,,
IND-736,R03,2024-04-01,REG,,14306.0,,
IND-736,R03,2024-05-01,REG,,15164.0,,
IND-736,R03,2024-06-01,REG,,16168.0,,
IND-736,R03,2024-07-01,REG,,16628.0,,
IND-736,R03,2024-08-01,REG,,16912.0,,
IND-736,R03,2024-09-01,REG,,17112.0,,
IND-736,R03,2024-10-01,REG,,17579.0,,
IND-736,R03,2024-11-01,REG,,17797.0,,
IND-736,R03,2024-12-01,REG,,19093.0,,
IND-736,R03,2025-01-01,REG,,19405.0,,
IND-736,R03,2025-02-01,REG,,19503.0,,
IND-736,R03,2025-03-01,REG,,19715.0,,
IND-736,R03,2025-04-01,REG,,19875.0,,
IND-736,R03,2025-05-01,REG,,20102.0,,
IND-736,R03,2025-06-01,REG,,20570.0,,
IND-736,R03,2025-07-01,REG,,20844.0,,
IND-736,R03,2025-08-01,REG,,21071.0,,25.48
IND-736,R04,2023-06-01,REG,,42157.0,,
IND-736,R04,2023-07-01,REG,,44899.0,,
IND-736,R04,2023-08-01,REG,,47648.0,,
IND-736,R04,2023-09-01,REG,,49893.0,,
IND-736,R04,2023-10-01,REG,,52458.0,,
IND-736,R04,2023-11-01,REG,,55923.0,,
IND-736,R04,2023-12-01,REG,,57967.0,,
IND-736,R04,2024-01-01,REG,,60776.0,,
IND-736,R04,2024-02-01,REG,,63514.0,,
IND-736,R04,2024-03-01,REG,,66011.0,,
IND-736,R04,2024-04-01,REG,,69465.0,,
IND-736,R04,2024-05-01,REG,,72200.0,,
IND-736,R04,2024-06-01,REG,,75303.0,,
IND-736,R04,2024-07-01,REG,,78147.0,,
IND-736,R04,2024-08-01,REG,,80612.0,,
IND-736,R04,2024-09-01,REG,,83355.0,,
IND-736,R04,2024-10-01,REG,,86504.0,,
IND-736,R04,2024-11-01,REG,,87751.0,,
IND-736,R04,2024-12-01,REG,,91523.0,,
IND-736,R04,2025-01-01,REG,,93427.0,,
IND-736,R04,2025-02-01,REG,,95084.0,,
IND-736,R04,2025-03-01,REG,,97931.0,,
IND-736,R04,2025-04-01,REG,,100087.0,,
IND-736,R04,2025-05-01,REG,,101639.0,,
IND-736,R04,2025-06-01,REG,,104139.0,,
IND-736,R04,2025-07-01,REG,,106115.0,,
IND-736,R04,2025-08-01,REG,,107073.0,,100.0
IND-736,R06,2023-06-01,REG,,21505.0,,
IND-736,R06,2023-07-01,REG,,22703.0,,
IND-736,R06,2023-08-01,REG,,23783.0,,
IND-736,R06,2023-09-01,REG,,24165.0,,
IND-736,R06,2023-10-01,REG,,24257.0,,
IND-736,R06,2023-11-01,REG,,24925.0,,
IND-736,R06,2023-12-01,REG,,25038.0,,
IND-736,R06,2024-01-01,REG,,25050.0,,
IND-736,R06,2024-02-01,REG,,25050.0,,
IND-736,R06,2024-03-01,REG,,25073.0,,
IND-736,R06,2024-04-01,REG,,25073.0,,
IND-736,R06,2024-05-01,REG,,25073.0,,
IND-736,R06,2024-06-01,REG,,25209.0,,
IND-736,R06,2024-07-01,REG,,25352.0,,
IND-736,R06,2024-08-01,REG,,25453.0,,
IND-736,R06,2024-09-01,REG,,25575.0,,
IND-736,R06,2024-10-01,REG,,25720.0,,
IND-736,R06,2024-11-01,REG,,25783.0,,
IND-736,R06,2024-12-01,REG,,26013.0,,
IND-736,R06,2025-01-01,REG,,26152.0,,
IND-736,R06,2025-02-01,REG,,26376.0,,
IND-736,R06,2025-03-01,REG,,26556.0,,
IND-736,R06,2025-04-01,REG,,26802.0,,
IND-736,R06,2025-05-01,REG,,27050.0,,
IND-736,R06,2025-06-01,REG,,27238.0,,
IND-736,R06,2025-07-01,REG,,27437.0,,
IND-736,R06,2025-08-01,REG,,27544.0,,31.96
IND-736,R11,2023-06-01,REG,,229664.0,,
IND-736,R11,2023-07-01,REG,,239512.0,,
IND-736,R11,2023-08-01,REG,,246576.0,,
IND-736,R11,2023-09-01,REG,,257656.0,,
IND-736,R11,2023-10-01,REG,,270319.0,,
IND-736,R11,2023-11-01,REG,,285653.0,,
IND-736,R11,2023-12-01,REG,,298881.0,,
IND-736,R11,2024-01-01,REG,,316363.0,,
IND-736,R11,2024-02-01,REG,,330002.0,,
IND-736,R11,2024-03-01,REG,,348871.0,,
IND-736,R11,2024-04-01,REG,,365665.0,,
IND-736,R11,2024-05-01,REG,,380960.0,,
IND-736,R11,2024-06-01,REG,,395898.0,,
IND-736,R11,2024-07-01,REG,,408333.0,,
IND-736,R11,2024-08-01,REG,,416089.0,,
IND-736,R11,2024-09-01,REG,,430515.0,,
IND-736,R11,2024-10-01,REG,,447422.0,,
IND-736,R11,2024-11-01,REG,,452599.0,,
IND-736,R11,2024-12-01,REG,,474638.0,,
IND-736,R11,2025-01-01,REG,,484793.0,,
IND-736,R11,2025-02-01,REG,,498161.0,,
IND-736,R11,2025-03-01,REG,,514153.0,,
IND-736,R11,2025-04-01,REG,,526425.0,,
IND-736,R11,2025-05-01,REG,,539402.0,,
IND-736,R11,2025-06-01,REG,,551928.0,,
IND-736,R11,2025-07-01,REG,,566339.0,,
IND-736,R11,2025-08-01,REG,,570873.0,,73.71
IND-736,R24,2023-06-01,REG,,88341.0,,
IND-736,R24,2023-07-01,REG,,91977.0,,
IND-736,R24,2023-08-01,REG,,94689.0,,
IND-736,R24,2023-09-01,REG,,99710.0,,
IND-736,R24,2023-10-01,REG,,105804.0,,
IND-736,R24,2023-11-01,REG,,112913.0,,
IND-736,R24,2023-12-01,REG,,118250.0,,
IND-736,R24,2024-01-01,REG,,123559.0,,
IND-736,R24,2024-02-01,REG,,129400.0,,
IND-736,R24,2024-03-01,REG,,135251.0,,
IND-736,R24,2024-04-01,REG,,142672.0,,
IND-736,R24,2024-05-01,REG,,147997.0,,
IND-736,R24,2024-06-01,REG,,154415.0,,
IND-736,R24,2024-07-01,REG,,157856.0,,
IND-736,R24,2024-08-01,REG,,161156.0,,
IND-736,R24,2024-09-01,REG,,165954.0,,
IND-736,R24,2024-10-01,REG,,171947.0,,
IND-736,R24,2024-11-01,REG,,173749.0,,
IND-736,R24,2024-12-01,REG,,184598.0,,
IND-736,R24,2025-01-01,REG,,189405.0,,
IND-736,R24,2025-02-01,REG,,196350.0,,
IND-736,R24,2025-03-01,REG,,203569.0,,
IND-736,R24,2025-04-01,REG,,209536.0,,
IND-736,R24,2025-05-01,REG,,215532.0,,
IND-736,R24,2025-06-01,REG,,222288.0,,
IND-736,R24,2025-07-01,REG,,227351.0,,
IND-736,R24,2025-08-01,REG,,229091.0,,87.29
IND-736,R27,2023-06-01,REG,,137909.0,,
IND-736,R27,2023-07-01,REG,,144200.0,,
IND-736,R27,2023-08-01,REG,,147969.0,,
IND-736,R27,2023-09-01,REG,,156152.0,,
IND-736,R27,2023-10-01,REG,,165872.0,,
IND-736,R27,2023-11-01,REG,,177596.0,,
IND-736,R27,2023-12-01,REG,,185472.0,,
IND-736,R27,2024-01-01,REG,,194432.0,,
IND-736,R27,2024-02-01,REG,,204960.0,,
IND-736,R27,2024-03-01,REG,,214002.0,,
IND-736,R27,2024-04-01,REG,,223602.0,,
IND-736,R27,2024-05-01,REG,,232449.0,,
IND-736,R27,2024-06-01,REG,,241845.0,,
IND-736,R27,2024-07-01,REG,,247595.0,,
IND-736,R27,2024-08-01,REG,,250524.0,,
IND-736,R27,2024-09-01,REG,,257784.0,,
IND-736,R27,2024-10-01,REG,,270294.0,,
IND-736,R27,2024-11-01,REG,,273289.0,,
IND-736,R27,2024-12-01,REG,,291361.0,,
IND-736,R27,2025-01-01,REG,,299066.0,,
IND-736,R27,2025-02-01,REG,,306931.0,,
IND-736,R27,2025-03-01,REG,,318900.0,,
IND-736,R27,2025-04-01,REG,,328239.0,,
IND-736,R27,2025-05-01,REG,,336274.0,,
IND-736,R27,2025-06-01,REG,,344299.0,,
IND-736,R27,2025-07-01,REG,,351914.0,,
IND-736,R27,2025-08-01,REG,,353654.0,,95.32
IND-736,R28,2023-06-01,REG,,123963.0,,
IND-736,R28,2023-07-01,REG,,129636.0,,
IND-736,R28,2023-08-01,REG,,133971.0,,
IND-736,R28,2023-09-01,REG,,140841.0,,
IND-736,R28,2023-10-01,REG,,148407.0,,
IND-736,R28,2023-11-01,REG,,156437.0,,
IND-736,R28,2023-12-01,REG,,162828.0,,
IND-736,R28,2024-01-01,REG,,170562.0,,
IND-736,R28,2024-02-01,REG,,178757.0,,
IND-736,R28,2024-03-01,REG,,187761.0,,
IND-736,R28,2024-04-01,REG,,195873.0,,
IND-736,R28,2024-05-01,REG,,202040.0,,
IND-736,R28,2024-06-01,REG,,208372.0,,
IND-736,R28,2024-07-01,REG,,214438.0,,
IND-736,R28,2024-08-01,REG,,217851.0,,
IND-736,R28,2024-09-01,REG,,224070.0,,
IND-736,R28,2024-10-01,REG,,233871.0,,
IND-736,R28,2024-11-01,REG,,236650.0,,
IND-736,R28,2024-12-01,REG,,251246.0,,
IND-736,R28,2025-01-01,REG,,257857.0,,
IND-736,R28,2025-02-01,REG,,263826.0,,
IND-736,R28,2025-03-01,REG,,275968.0,,
IND-736,R28,2025-04-01,REG,,285166.0,,
IND-736,R28,2025-05-01,REG,,293185.0,,
IND-736,R28,2025-06-01,REG,,301181.0,,
IND-736,R28,2025-07-01,REG,,308858.0,,
IND-736,R28,2025-08-01,REG,,311100.0,,100.0
IND-736,R32,2023-06-01,REG,,177163.0,,
IND-736,R32,2023-07-01,REG,,184425.0,,
IND-736,R32,2023-08-01,REG,,189044.0,,
IND-736,R32,2023-09-01,REG,,198763.0,,
IND-736,R32,2023-10-01,REG,,208702.0,,
IND-736,R32,2023-11-01,REG,,221519.0,,
IND-736,R32,2023-12-01,REG,,231185.0,,
IND-736,R32,2024-01-01,REG,,242035.0,,
IND-736,R32,2024-02-01,REG,,254296.0,,
IND-736,R32,2024-03-01,REG,,265404.0,,
IND-736,R32,2024-04-01,REG,,278494.0,,
IND-736,R32,2024-05-01,REG,,289644.0,,
IND-736,R32,2024-06-01,REG,,300245.0,,
IND-736,R32,2024-07-01,REG,,308039.0,,
IND-736,R32,2024-08-01,REG,,312997.0,,
IND-736,R32,2024-09-01,REG,,321664.0,,
IND-736,R32,2024-10-01,REG,,335077.0,,
IND-736,R32,2024-11-01,REG,,339129.0,,
IND-736,R32,2024-12-01,REG,,356056.0,,
IND-736,R32,2025-01-01,REG,,364901.0,,
IND-736,R32,2025-02-01,REG,,372020.0,,
IND-736,R32,2025-03-01,REG,,389931.0,,
IND-736,R32,2025-04-01,REG,,399842.0,,
IND-736,R32,2025-05-01,REG,,409922.0,,
IND-736,R32,2025-06-01,REG,,420301.0,,
IND-736,R32,2025-07-01,REG,,428725.0,,
IND-736,R32,2025-08-01,REG,,431852.0,,92.6
IND-736,R44,2023-06-01,REG,,225062.0,,
IND-736,R44,2023-07-01,REG,,234805.0,,
IND-736,R44,2023-08-01,REG,,241250.0,,
IND-736,R44,2023-09-01,REG,,253766.0,,
IND-736,R44,2023-10-01,REG,,268995.0,,
IND-736,R44,2023-11-01,REG,,285509.0,,
IND-736,R44,2023-12-01,REG,,296931.0,,
IND-736,R44,2024-01-01,REG,,311129.0,,
IND-736,R44,2024-02-01,REG,,328413.0,,
IND-736,R44,2024-03-01,REG,,345646.0,,
IND-736,R44,2024-04-01,REG,,360658.0,,
IND-736,R44,2024-05-01,REG,,376821.0,,
IND-736,R44,2024-06-01,REG,,391709.0,,
IND-736,R44,2024-07-01,REG,,401248.0,,
IND-736,R44,2024-08-01,REG,,407844.0,,
IND-736,R44,2024-09-01,REG,,419088.0,,
IND-736,R44,2024-10-01,REG,,435287.0,,
IND-736,R44,2024-11-01,REG,,439526.0,,
IND-736,R44,2024-12-01,REG,,460950.0,,
IND-736,R44,2025-01-01,REG,,472643.0,,
IND-736,R44,2025-02-01,REG,,485121.0,,
IND-736,R44,2025-03-01,REG,,503192.0,,
IND-736,R44,2025-04-01,REG,,520152.0,,
IND-736,R44,2025-05-01,REG,,532601.0,,
IND-736,R44,2025-06-01,REG,,547297.0,,
IND-736,R44,2025-07-01,REG,,557803.0,,
IND-736,R44,2025-08-01,REG,,561172.0,,100.0
IND-736,R52,2023-06-01,REG,,122315.0,,
IND-736,R52,2023-07-01,REG,,127219.0,,
IND-736,R52,2023-08-01,REG,,130055.0,,
IND-736,R52,2023-09-01,REG,,136749.0,,
IND-736,R52,2023-10-01,REG,,145910.0,,
IND-736,R52,2023-11-01,REG,,154019.0,,
IND-736,R52,2023-12-01,REG,,160465.0,,
IND-736,R52,2024-01-01,REG,,167937.0,,
IND-736,R52,2024-02-01,REG,,177938.0,,
IND-736,R52,2024-03-01,REG,,186556.0,,
IND-736,R52,2024-04-01,REG,,195711.0,,
IND-736,R52,2024-05-01,REG,,204243.0,,
IND-736,R52,2024-06-01,REG,,212438.0,,
IND-736,R52,2024-07-01,REG,,216728.0,,
IND-736,R52,2024-08-01,REG,,219912.0,,
IND-736,R52,2024-09-01,REG,,226018.0,,
IND-736,R52,2024-10-01,REG,,235246.0,,
IND-736,R52,2024-11-01,REG,,237840.0,,
IND-736,R52,2024-12-01,REG,,251900.0,,
IND-736,R52,2025-01-01,REG,,258745.0,,
IND-736,R52,2025-02-01,REG,,264427.0,,
IND-736,R52,2025-03-01,REG,,276792.0,,
IND-736,R52,2025-04-01,REG,,284713.0,,
IND-736,R52,2025-05-01,REG,,291761.0,,
IND-736,R52,2025-06-01,REG,,299812.0,,
IND-736,R52,2025-07-01,REG,,307618.0,,
IND-736,R52,2025-08-01,REG,,309163.0,,100.0
IND-736,R53,2023-06-01,REG,,137278.0,,
IND-736,R53,2023-07-01,REG,,142955.0,,
IND-736,R53,2023-08-01,REG,,146439.0,,
IND-736,R53,2023-09-01,REG,,152667.0,,
IND-736,R53,2023-10-01,REG,,160162.0,,
IND-736,R53,2023-11-01,REG,,167315.0,,
IND-736,R53,2023-12-01,REG,,174257.0,,
IND-736,R53,2024-01-01,REG,,181428.0,,
IND-736,R53,2024-02-01,REG,,189412.0,,
IND-736,R53,2024-03-01,REG,,197353.0,,
IND-736,R53,2024-04-01,REG,,206471.0,,
IND-736,R53,2024-05-01,REG,,213175.0,,
IND-736,R53,2024-06-01,REG,,220856.0,,
IND-736,R53,2024-07-01,REG,,225919.0,,
IND-736,R53,2024-08-01,REG,,228779.0,,
IND-736,R53,2024-09-01,REG,,235580.0,,
IND-736,R53,2024-10-01,REG,,242870.0,,
IND-736,R53,2024-11-01,REG,,245097.0,,
IND-736,R53,2024-12-01,REG,,255652.0,,
IND-736,R53,2025-01-01,REG,,261892.0,,
IND-736,R53,2025-02-01,REG,,268288.0,,
IND-736,R53,2025-03-01,REG,,278346.0,,
IND-736,R53,2025-04-01,REG,,285073.0,,
IND-736,R53,2025-05-01,REG,,291529.0,,
IND-736,R53,2025-06-01,REG,,297436.0,,
IND-736,R53,2025-07-01,REG,,302227.0,,
IND-736,R53,2025-08-01,REG,,304161.0,,100.0
IND-736,R75,2023-06-01,REG,,303405.0,,
IND-736,R75,2023-07-01,REG,,314832.0,,
IND-736,R75,2023-08-01,REG,,321855.0,,
IND-736,R75,2023-09-01,REG,,335068.0,,
IND-736,R75,2023-10-01,REG,,350300.0,,
IND-736,R75,2023-11-01,REG,,367741.0,,
IND-736,R75,2023-12-01,REG,,382035.0,,
IND-736,R75,2024-01-01,REG,,398890.0,,
IND-736,R75,2024-02-01,REG,,416961.0,,
IND-736,R75,2024-03-01,REG,,435089.0,,
IND-736,R75,2024-04-01,REG,,450552.0,,
IND-736,R75,2024-05-01,REG,,464503.0,,
IND-736,R75,2024-06-01,REG,,478467.0,,
IND-736,R75,2024-07-01,REG,,489492.0,,
IND-736,R75,2024-08-01,REG,,497088.0,,
IND-736,R75,2024-09-01,REG,,510493.0,,
IND-736,R75,2024-10-01,REG,,527637.0,,
IND-736,R75,2024-11-01,REG,,533494.0,,
IND-736,R75,2024-12-01,REG,,559211.0,,
IND-736,R75,2025-01-01,REG,,571723.0,,
IND-736,R75,2025-02-01,REG,,585832.0,,
IND-736,R75,2025-03-01,REG,,607966.0,,
IND-736,R75,2025-04-01,REG,,623530.0,,
IND-736,R75,2025-05-01,REG,,636830.0,,
IND-736,R75,2025-06-01,REG,,652464.0,,
IND-736,R75,2025-07-01,REG,,666246.0,,
IND-736,R75,2025-08-01,REG,,670748.0,,98.33
IND-736,R76,2023-06-01,REG,,278233.0,,
IND-736,R76,2023-07-01,REG,,290074.0,,
IND-736,R76,2023-08-01,REG,,298989.0,,
IND-736,R76,2023-09-01,REG,,313349.0,,
IND-736,R76,2023-10-01,REG,,329545.0,,
IND-736,R76,2023-11-01,REG,,347354.0,,
IND-736,R76,2023-12-01,REG,,361884.0,,
IND-736,R76,2024-01-01,REG,,378280.0,,
IND-736,R76,2024-02-01,REG,,398387.0,,
IND-736,R76,2024-03-01,REG,,420291.0,,
IND-736,R76,2024-04-01,REG,,438170.0,,
IND-736,R76,2024-05-01,REG,,454413.0,,
IND-736,R76,2024-06-01,REG,,472371.0,,
IND-736,R76,2024-07-01,REG,,486444.0,,
IND-736,R76,2024-08-01,REG,,497320.0,,
IND-736,R76,2024-09-01,REG,,511695.0,,
IND-736,R76,2024-10-01,REG,,528697.0,,
IND-736,R76,2024-11-01,REG,,534586.0,,
IND-736,R76,2024-12-01,REG,,561581.0,,
IND-736,R76,2025-01-01,REG,,576205.0,,
IND-736,R76,2025-02-01,REG,,587644.0,,
IND-736,R76,2025-03-01,REG,,608945.0,,
IND-736,R76,2025-04-01,REG,,625754.0,,
IND-736,R76,2025-05-01,REG,,639020.0,,
IND-736,R76,2025-06-01,REG,,654133.0,,
IND-736,R76,2025-07-01,REG,,667796.0,,
IND-736,R76,2025-08-01,REG,,672584.0,,100.0
IND-736,R84,2023-06-01,REG,,266596.0,,
IND-736,R84,2023-07-01,REG,,276364.0,,
IND-736,R84,2023-08-01,REG,,281582.0,,
IND-736,R84,2023-09-01,REG,,295839.0,,
IND-736,R84,2023-10-01,REG,,312964.0,,
IND-736,R84,2023-11-01,REG,,328759.0,,
IND-736,R84,2023-12-01,REG,,340889.0,,
IND-736,R84,2024-01-01,REG,,354727.0,,
IND-736,R84,2024-02-01,REG,,371547.0,,
IND-736,R84,2024-03-01,REG,,389174.0,,
IND-736,R84,2024-04-01,REG,,408096.0,,
IND-736,R84,2024-05-01,REG,,422321.0,,
IND-736,R84,2024-06-01,REG,,438348.0,,
IND-736,R84,2024-07-01,REG,,449391.0,,
IND-736,R84,2024-08-01,REG,,455419.0,,
IND-736,R84,2024-09-01,REG,,467373.0,,
IND-736,R84,2024-10-01,REG,,485777.0,,
IND-736,R84,2024-11-01,REG,,492631.0,,
IND-736,R84,2024-12-01,REG,,520400.0,,
IND-736,R84,2025-01-01,REG,,533607.0,,
IND-736,R84,2025-02-01,REG,,547529.0,,
IND-736,R84,2025-03-01,REG,,568184.0,,
IND-736,R84,2025-04-01,REG,,585840.0,,
IND-736,R84,2025-05-01,REG,,600851.0,,
IND-736,R84,2025-06-01,REG,,619022.0,,
IND-736,R84,2025-07-01,REG,,633622.0,,
IND-736,R84,2025-08-01,REG,,637376.0,,100.0
IND-736,R93,2023-06-01,REG,,150041.0,,
IND-736,R93,2023-07-01,REG,,156873.0,,
IND-736,R93,2023-08-01,REG,,161777.0,,
IND-736,R93,2023-09-01,REG,,171031.0,,
IND-736,R93,2023-10-01,REG,,182726.0,,
IND-736,R93,2023-11-01,REG,,196607.0,,
IND-736,R93,2023-12-01,REG,,206067.0,,
IND-736,R93,2024-01-01,REG,,218143.0,,
IND-736,R93,2024-02-01,REG,,230184.0,,
IND-736,R93,2024-03-01,REG,,240903.0,,
IND-736,R93,2024-04-01,REG,,253169.0,,
IND-736,R93,2024-05-01,REG,,263903.0,,
IND-736,R93,2024-06-01,REG,,274566.0,,
IND-736,R93,2024-07-01,REG,,283323.0,,
IND-736,R93,2024-08-01,REG,,290005.0,,
IND-736,R93,2024-09-01,REG,,300484.0,,
IND-736,R93,2024-10-01,REG,,312381.0,,
IND-736,R93,2024-11-01,REG,,316847.0,,
IND-736,R93,2024-12-01,REG,,332960.0,,
IND-736,R93,2025-01-01,REG,,341157.0,,
IND-736,R93,2025-02-01,REG,,348543.0,,
IND-736,R93,2025-03-01,REG,,360406.0,,
IND-736,R93,2025-04-01,REG,,369488.0,,
IND-736,R93,2025-05-01,REG,,377967.0,,
IND-736,R93,2025-06-01,REG,,386483.0,,
IND-736,R93,2025-07-01,REG,,395086.0,,
IND-736,R93,2025-08-01,REG,,397479.0,,93.92
IND-736,R94,2023-06-01,REG,,9385.0,,
IND-736,R94,2023-07-01,REG,,9780.0,,
IND-736,R94,2023-08-01,REG,,10060.0,,
IND-736,R94,2023-09-01,REG,,10572.0,,
IND-736,R94,2023-10-01,REG,,11317.0,,
IND-736,R94,2023-11-01,REG,,11881.0,,
IND-736,R94,2023-12-01,REG,,12604.0,,
IND-736,R94,2024-01-01,REG,,13027.0,,
IND-736,R94,2024-02-01,REG,,14002.0,,
IND-736,R94,2024-03-01,REG,,14747.0,,
IND-736,R94,2024-04-01,REG,,15631.0,,
IND-736,R94,2024-05-01,REG,,16143.0,,
IND-736,R94,2024-06-01,REG,,16721.0,,
IND-736,R94,2024-07-01,REG,,17474.0,,
IND-736,R94,2024-08-01,REG,,17769.0,,
IND-736,R94,2024-09-01,REG,,18345.0,,
IND-736,R94,2024-10-01,REG,,18984.0,,
IND-736,R94,2024-11-01,REG,,19173.0,,
IND-736,R94,2024-12-01,REG,,19855.0,,
IND-736,R94,2025-01-01,REG,,20353.0,,
IND-736,R94,2025-02-01,REG,,20904.0,,
IND-736,R94,2025-03-01,REG,,21559.0,,
IND-736,R94,2025-04-01,REG,,22117.0,,
IND-736,R94,2025-05-01,REG,,22600.0,,
IND-736,R94,2025-06-01,REG,,23338.0,,
IND-736,R94,2025-07-01,REG,,24143.0,,
IND-736,R94,2025-08-01,REG,,24377.0,,41.88
IND-736,R94,2026-12-01,REG,,,52500.0,
IND-736,R93,2026-12-01,REG,,,418500.0,
IND-736,R84,2026-12-01,REG,,,618000.0,
IND-736,R76,2026-12-01,REG,,,666000.0,
IND-736,R75,2026-12-01,REG,,,679500.0,
IND-736,R53,2026-12-01,REG,,,271500.0,
IND-736,R52,2026-12-01,REG,,,271500.0,
IND-736,R44,2026-12-01,REG,,,502500.0,
IND-736,R32,2026-12-01,REG,,,459000.0,
IND-736,R28,2026-12-01,REG,,,306000.0,
IND-736,R27,2026-12-01,REG,,,367500.0,
IND-736,R24,2026-12-01,REG,,,256500.0,
IND-736,R11,2026-12-01,REG,,,735000.0,
IND-736,R06,2026-12-01,REG,,,72000.0,
IND-736,R04,2026-12-01,REG,,,105000.0,
IND-736,R03,2026-12-01,REG,,,67500.0,
IND-736,R02,2026-12-01,REG,,,70500.0,
IND-736,R01,2026-12-01,REG,,,81000.0,
IND-736,FRANCE,2026-12-01,NAT,,,6000000.0,
IND-736,D976,2026-12-01,DEPT,,,72000.0,
IND-736,D974,2026-12-01,DEPT,,,105000.0,
IND-736,D973,2026-12-01,DEPT,,,67500.0,
IND-736,D972,2026-12-01,DEPT,,,70500.0,
IND-736,D971,2026-12-01,DEPT,,,81000.0,
IND-736,D95,2026-12-01,DEPT,,,75000.0,
IND-736,D94,2026-12-01,DEPT,,,97500.0,
IND-736,D93,2026-12-01,DEPT,,,150000.0,
IND-736,D92,2026-12-01,DEPT,,,79500.0,
IND-736,D91,2026-12-01,DEPT,,,84000.0,
IND-736,D90,2026-12-01,DEPT,,,30000.0,
IND-736,D89,2026-12-01,DEPT,,,42000.0,
IND-736,D88,2026-12-01,DEPT,,,52500.0,
IND-736,D87,2026-12-01,DEPT,,,52500.0,
IND-736,D86,2026-12-01,DEPT,,,55500.0,
IND-736,D85,2026-12-01,DEPT,,,49500.0,
IND-736,D84,2026-12-01,DEPT,,,76500.0,
IND-736,D83,2026-12-01,DEPT,,,69000.0,
IND-736,D82,2026-12-01,DEPT,,,37500.0,
IND-736,D81,2026-12-01,DEPT,,,60000.0,
IND-736,D80,2026-12-01,DEPT,,,51000.0,
IND-736,D79,2026-12-01,DEPT,,,31500.0,
IND-736,D78,2026-12-01,DEPT,,,58500.0,
IND-736,D77,2026-12-01,DEPT,,,63000.0,
IND-736,D76,2026-12-01,DEPT,,,85500.0,
IND-736,D75,2026-12-01,DEPT,,,127500.0,
IND-736,D74,2026-12-01,DEPT,,,46500.0,
IND-736,D73,2026-12-01,DEPT,,,30000.0,
IND-736,D72,2026-12-01,DEPT,,,52500.0,
IND-736,D71,2026-12-01,DEPT,,,52500.0,
IND-736,D70,2026-12-01,DEPT,,,36000.0,
IND-736,D69,2026-12-01,DEPT,,,123000.0,
IND-736,D68,2026-12-01,DEPT,,,33000.0,
IND-736,D67,2026-12-01,DEPT,,,57000.0,
IND-736,D66,2026-12-01,DEPT,,,66000.0,
IND-736,D65,2026-12-01,DEPT,,,37500.0,
IND-736,D64,2026-12-01,DEPT,,,63000.0,
IND-736,D63,2026-12-01,DEPT,,,57000.0,
IND-736,D62,2026-12-01,DEPT,,,91500.0,
IND-736,D61,2026-12-01,DEPT,,,45000.0,
IND-736,D60,2026-12-01,DEPT,,,52500.0,
IND-736,D59,2026-12-01,DEPT,,,186000.0,
IND-736,D58,2026-12-01,DEPT,,,52500.0,
IND-736,D57,2026-12-01,DEPT,,,82500.0,
IND-736,D56,2026-12-01,DEPT,,,69000.0,
IND-736,D55,2026-12-01,DEPT,,,30000.0,
IND-736,D54,2026-12-01,DEPT,,,81000.0,
IND-736,D53,2026-12-01,DEPT,,,36000.0,
IND-736,D52,2026-12-01,DEPT,,,30000.0,
IND-736,D51,2026-12-01,DEPT,,,43500.0,
IND-736,D50,2026-12-01,DEPT,,,48000.0,
IND-736,D01,2026-12-01,DEPT,,,61500.0,
IND-736,D02,2026-12-01,DEPT,,,78000.0,
IND-736,D03,2026-12-01,DEPT,,,34500.0,
IND-736,D04,2026-12-01,DEPT,,,21000.0,
IND-736,D05,2026-12-01,DEPT,,,37500.0,
IND-736,D06,2026-12-01,DEPT,,,72000.0,
IND-736,D07,2026-12-01,DEPT,,,36000.0,
IND-736,D08,2026-12-01,DEPT,,,49500.0,
IND-736,D09,2026-12-01,DEPT,,,22500.0,
IND-736,D10,2026-12-01,DEPT,,,43500.0,
IND-736,D11,2026-12-01,DEPT,,,40500.0,
IND-736,D12,2026-12-01,DEPT,,,37500.0,
IND-736,D13,2026-12-01,DEPT,,,142500.0,
IND-736,D14,2026-12-01,DEPT,,,67500.0,
IND-736,D15,2026-12-01,DEPT,,,27000.0,
IND-736,D16,2026-12-01,DEPT,,,57000.0,
IND-736,D17,2026-12-01,DEPT,,,69000.0,
IND-736,D18,2026-12-01,DEPT,,,43500.0,
IND-736,D19,2026-12-01,DEPT,,,49500.0,
IND-736,D21,2026-12-01,DEPT,,,69000.0,
IND-736,D49,2026-12-01,DEPT,,,57000.0,
IND-736,D22,2026-12-01,DEPT,,,57000.0,
IND-736,D23,2026-12-01,DEPT,,,21000.0,
IND-736,D24,2026-12-01,DEPT,,,49500.0,
IND-736,D25,2026-12-01,DEPT,,,54000.0,
IND-736,D26,2026-12-01,DEPT,,,48000.0,
IND-736,D27,2026-12-01,DEPT,,,60000.0,
IND-736,D28,2026-12-01,DEPT,,,34500.0,
IND-736,D29,2026-12-01,DEPT,,,72000.0,
IND-736,D2A,2026-12-01,DEPT,,,27000.0,
IND-736,D2B,2026-12-01,DEPT,,,25500.0,
IND-736,D30,2026-12-01,DEPT,,,76500.0,
IND-736,D31,2026-12-01,DEPT,,,97500.0,
IND-736,D32,2026-12-01,DEPT,,,27000.0,
IND-736,D33,2026-12-01,DEPT,,,121500.0,
IND-736,D34,2026-12-01,DEPT,,,105000.0,
IND-736,D35,2026-12-01,DEPT,,,73500.0,
IND-736,D36,2026-12-01,DEPT,,,42000.0,
IND-736,D37,2026-12-01,DEPT,,,48000.0,
IND-736,D38,2026-12-01,DEPT,,,57000.0,
IND-736,D39,2026-12-01,DEPT,,,31500.0,
IND-736,D40,2026-12-01,DEPT,,,49500.0,
IND-736,D41,2026-12-01,DEPT,,,37500.0,
IND-736,D42,2026-12-01,DEPT,,,67500.0,
IND-736,D43,2026-12-01,DEPT,,,30000.0,
IND-736,D44,2026-12-01,DEPT,,,76500.0,
IND-736,D45,2026-12-01,DEPT,,,51000.0,
IND-736,D46,2026-12-01,DEPT,,,34500.0,
IND-736,D48,2026-12-01,DEPT,,,24000.0,
IND-736,D47,2026-12-01,DEPT,,,60000.0,
IND-736,D79,2022-12-01,DEPT,7668.0,,,
IND-736,D78,2022-12-01,DEPT,11661.0,,,
IND-736,D77,2022-12-01,DEPT,12254.0,,,
IND-736,D76,2022-12-01,DEPT,17648.0,,,
IND-736,D75,2022-12-01,DEPT,23205.0,,,
IND-736,D74,2022-12-01,DEPT,10191.0,,,
IND-736,D73,2022-12-01,DEPT,6493.0,,,
IND-736,D72,2022-12-01,DEPT,14122.0,,,
IND-736,D71,2022-12-01,DEPT,15353.0,,,
IND-736,D70,2022-12-01,DEPT,5431.0,,,
IND-736,D69,2022-12-01,DEPT,32391.0,,,
IND-736,D68,2022-12-01,DEPT,4731.0,,,
IND-736,D67,2022-12-01,DEPT,14185.0,,,
IND-736,D66,2022-12-01,DEPT,15030.0,,,
IND-736,D65,2022-12-01,DEPT,7774.0,,,
IND-736,D64,2022-12-01,DEPT,14435.0,,,
IND-736,D63,2022-12-01,DEPT,8092.0,,,
IND-736,D62,2022-12-01,DEPT,18414.0,,,
IND-736,D61,2022-12-01,DEPT,7708.0,,,
IND-736,D60,2022-12-01,DEPT,4992.0,,,
IND-736,D59,2022-12-01,DEPT,44212.0,,,
IND-736,D58,2022-12-01,DEPT,14603.0,,,
IND-736,D01,2022-12-01,DEPT,16456.0,,,
IND-736,D02,2022-12-01,DEPT,17946.0,,,
IND-736,D03,2022-12-01,DEPT,8391.0,,,
IND-736,D04,2022-12-01,DEPT,5167.0,,,
IND-736,D05,2022-12-01,DEPT,6407.0,,,
IND-736,D06,2022-12-01,DEPT,10749.0,,,
IND-736,D07,2022-12-01,DEPT,6893.0,,,
IND-736,D08,2022-12-01,DEPT,8198.0,,,
IND-736,D09,2022-12-01,DEPT,3476.0,,,
IND-736,D10,2022-12-01,DEPT,13439.0,,,
IND-736,D11,2022-12-01,DEPT,7065.0,,,
IND-736,D57,2022-12-01,DEPT,15097.0,,,
IND-736,D12,2022-12-01,DEPT,9207.0,,,
IND-736,D13,2022-12-01,DEPT,26175.0,,,
IND-736,D14,2022-12-01,DEPT,12546.0,,,
IND-736,D15,2022-12-01,DEPT,6573.0,,,
IND-736,D16,2022-12-01,DEPT,10647.0,,,
IND-736,D17,2022-12-01,DEPT,15415.0,,,
IND-736,D18,2022-12-01,DEPT,5864.0,,,
IND-736,D19,2022-12-01,DEPT,5760.0,,,
IND-736,D21,2022-12-01,DEPT,11736.0,,,
IND-736,D22,2022-12-01,DEPT,14083.0,,,
IND-736,D23,2022-12-01,DEPT,3891.0,,,
IND-736,D24,2022-12-01,DEPT,10446.0,,,
IND-736,D25,2022-12-01,DEPT,10414.0,,,
IND-736,D26,2022-12-01,DEPT,9195.0,,,
IND-736,D27,2022-12-01,DEPT,11623.0,,,
IND-736,D28,2022-12-01,DEPT,3795.0,,,
IND-736,D2A,2022-12-01,DEPT,1671.0,,,
IND-736,D2B,2022-12-01,DEPT,2444.0,,,
IND-736,D30,2022-12-01,DEPT,12580.0,,,
IND-736,D31,2022-12-01,DEPT,18126.0,,,
IND-736,D32,2022-12-01,DEPT,3618.0,,,
IND-736,D33,2022-12-01,DEPT,35370.0,,,
IND-736,D34,2022-12-01,DEPT,25292.0,,,
IND-736,D35,2022-12-01,DEPT,20034.0,,,
IND-736,D36,2022-12-01,DEPT,7286.0,,,
IND-736,D37,2022-12-01,DEPT,7659.0,,,
IND-736,D56,2022-12-01,DEPT,21174.0,,,
IND-736,D38,2022-12-01,DEPT,11810.0,,,
IND-736,D39,2022-12-01,DEPT,4288.0,,,
IND-736,D40,2022-12-01,DEPT,10161.0,,,
IND-736,D41,2022-12-01,DEPT,7512.0,,,
IND-736,D42,2022-12-01,DEPT,10648.0,,,
IND-736,D43,2022-12-01,DEPT,8251.0,,,
IND-736,D44,2022-12-01,DEPT,13818.0,,,
IND-736,D45,2022-12-01,DEPT,8653.0,,,
IND-736,D46,2022-12-01,DEPT,7289.0,,,
IND-736,D47,2022-12-01,DEPT,14846.0,,,
IND-736,D48,2022-12-01,DEPT,7375.0,,,
IND-736,D49,2022-12-01,DEPT,10417.0,,,
IND-736,D50,2022-12-01,DEPT,10404.0,,,
IND-736,D51,2022-12-01,DEPT,13773.0,,,
IND-736,D52,2022-12-01,DEPT,5329.0,,,
IND-736,D53,2022-12-01,DEPT,4240.0,,,
IND-736,D54,2022-12-01,DEPT,14788.0,,,
IND-736,D55,2022-12-01,DEPT,6947.0,,,
IND-736,D29,2022-12-01,DEPT,16464.0,,,
IND-736,R94,2022-12-01,REG,4115.0,,,
IND-736,R93,2022-12-01,REG,72790.0,,,
IND-736,R84,2022-12-01,REG,135384.0,,,
IND-736,R76,2022-12-01,REG,135091.0,,,
IND-736,R75,2022-12-01,REG,154896.0,,,
IND-736,R53,2022-12-01,REG,71755.0,,,
IND-736,R52,2022-12-01,REG,57226.0,,,
IND-736,R44,2022-12-01,REG,104686.0,,,
IND-736,R32,2022-12-01,REG,91962.0,,,
IND-736,R28,2022-12-01,REG,59929.0,,,
IND-736,R27,2022-12-01,REG,71408.0,,,
IND-736,R24,2022-12-01,REG,40769.0,,,
IND-736,R11,2022-12-01,REG,110733.0,,,
IND-736,R06,2022-12-01,REG,6665.0,,,
IND-736,R04,2022-12-01,REG,19426.0,,,
IND-736,R03,2022-12-01,REG,5193.0,,,
IND-736,R02,2022-12-01,REG,7491.0,,,
IND-736,R01,2022-12-01,REG,7051.0,,,
IND-736,FRANCE,2022-12-01,NAT,1156570.0,,,
IND-736,D976,2022-12-01,DEPT,6665.0,,,
IND-736,D974,2022-12-01,DEPT,19426.0,,,
IND-736,D973,2022-12-01,DEPT,5193.0,,,
IND-736,D972,2022-12-01,DEPT,7491.0,,,
IND-736,D971,2022-12-01,DEPT,7051.0,,,
IND-736,D95,2022-12-01,DEPT,9299.0,,,
IND-736,D94,2022-12-01,DEPT,16434.0,,,
IND-736,D93,2022-12-01,DEPT,17519.0,,,
IND-736,D92,2022-12-01,DEPT,10482.0,,,
IND-736,D91,2022-12-01,DEPT,9879.0,,,
IND-736,D90,2022-12-01,DEPT,4450.0,,,
IND-736,D89,2022-12-01,DEPT,5133.0,,,
IND-736,D88,2022-12-01,DEPT,8199.0,,,
IND-736,D87,2022-12-01,DEPT,13952.0,,,
IND-736,D86,2022-12-01,DEPT,12305.0,,,
IND-736,D85,2022-12-01,DEPT,14629.0,,,
IND-736,D84,2022-12-01,DEPT,12671.0,,,
IND-736,D83,2022-12-01,DEPT,11621.0,,,
IND-736,D82,2022-12-01,DEPT,10177.0,,,
IND-736,D81,2022-12-01,DEPT,8082.0,,,
IND-736,D80,2022-12-01,DEPT,6398.0,,,
