indic_id,enforce_zone_id,metric_enforce_date,maille,indic_vi,indic_va,indic_vc,indic_ta
IND-328,D01,2022-01-01,DEPT,,197.0,,
IND-328,D01,2022-02-01,DEPT,,181.0,,
IND-328,D01,2022-03-01,DEPT,,188.0,,
IND-328,D01,2022-04-01,DEPT,,150.0,,
IND-328,D01,2022-05-01,DEPT,,184.0,,
IND-328,D01,2022-06-01,DEPT,,159.0,,
IND-328,D01,2022-07-01,DEPT,,186.0,,
IND-328,D01,2022-08-01,DEPT,,222.0,,
IND-328,D01,2022-09-01,DEPT,,153.0,,
IND-328,D01,2022-10-01,DEPT,,200.0,,
IND-328,D01,2022-11-01,DEPT,,288.0,,
IND-328,D01,2022-12-01,DEPT,2441.0,333.0,,
IND-328,D01,2023-01-01,DEPT,,194.0,,
IND-328,D01,2023-02-01,DEPT,,2451.0,,
IND-328,D01,2023-03-01,DEPT,,2456.0,,
IND-328,D01,2023-04-01,DEPT,,2444.0,,
IND-328,D01,2023-05-01,DEPT,,2392.0,,
IND-328,D01,2023-06-01,DEPT,,2340.0,,
IND-328,D01,2023-07-01,DEPT,,2291.0,,
IND-328,D01,2023-08-01,DEPT,,2266.0,,
IND-328,D01,2023-09-01,DEPT,,2241.0,,
IND-328,D01,2023-10-01,DEPT,,2217.0,,
IND-328,D01,2023-11-01,DEPT,,2156.0,,
IND-328,D01,2023-12-01,DEPT,,2117.0,,
IND-328,D01,2024-01-01,DEPT,,2140.0,,
IND-328,D01,2024-02-01,DEPT,,2119.0,,
IND-328,D01,2024-03-01,DEPT,,2105.0,,
IND-328,D01,2024-04-01,DEPT,,2143.0,,
IND-328,D01,2024-05-01,DEPT,,2215.0,,
IND-328,D01,2024-06-01,DEPT,,2296.0,,
IND-328,D01,2024-07-01,DEPT,,2407.0,,
IND-328,D01,2024-08-01,DEPT,,2447.0,,
IND-328,D01,2024-09-01,DEPT,,2510.0,,
IND-328,D01,2024-10-01,DEPT,,2620.0,,
IND-328,D01,2024-11-01,DEPT,,2719.0,,
IND-328,D02,2022-01-01,DEPT,,95.0,,
IND-328,D02,2022-02-01,DEPT,,97.0,,
IND-328,D02,2022-03-01,DEPT,,113.0,,
IND-328,D02,2022-04-01,DEPT,,132.0,,
IND-328,D02,2022-05-01,DEPT,,178.0,,
IND-328,D02,2022-06-01,DEPT,,148.0,,
IND-328,D02,2022-07-01,DEPT,,138.0,,
IND-328,D02,2022-08-01,DEPT,,145.0,,
IND-328,D02,2022-09-01,DEPT,,148.0,,
IND-328,D02,2022-10-01,DEPT,,157.0,,
IND-328,D02,2022-11-01,DEPT,,186.0,,
IND-328,D02,2022-12-01,DEPT,1705.0,168.0,,
IND-328,D02,2023-01-01,DEPT,,144.0,,
IND-328,D02,2023-02-01,DEPT,,1765.0,,
IND-328,D02,2023-03-01,DEPT,,1784.0,,
IND-328,D02,2023-04-01,DEPT,,1764.0,,
IND-328,D02,2023-05-01,DEPT,,1729.0,,
IND-328,D02,2023-06-01,DEPT,,1675.0,,
IND-328,D02,2023-07-01,DEPT,,1635.0,,
IND-328,D02,2023-08-01,DEPT,,1636.0,,
IND-328,D02,2023-09-01,DEPT,,1605.0,,
IND-328,D02,2023-10-01,DEPT,,1560.0,,
IND-328,D02,2023-11-01,DEPT,,1529.0,,
IND-328,D02,2023-12-01,DEPT,,1540.0,,
IND-328,D02,2024-01-01,DEPT,,1530.0,,
IND-328,D02,2024-02-01,DEPT,,1531.0,,
IND-328,D02,2024-03-01,DEPT,,1520.0,,
IND-328,D02,2024-04-01,DEPT,,1541.0,,
IND-328,D02,2024-05-01,DEPT,,1520.0,,
IND-328,D02,2024-06-01,DEPT,,1522.0,,
IND-328,D02,2024-07-01,DEPT,,1539.0,,
IND-328,D02,2024-08-01,DEPT,,1504.0,,
IND-328,D02,2024-09-01,DEPT,,1519.0,,
IND-328,D02,2024-10-01,DEPT,,1558.0,,
IND-328,D02,2024-11-01,DEPT,,1601.0,,
IND-328,D03,2022-01-01,DEPT,,48.0,,
IND-328,D03,2022-02-01,DEPT,,47.0,,
IND-328,D03,2022-03-01,DEPT,,66.0,,
IND-328,D03,2022-04-01,DEPT,,64.0,,
IND-328,D03,2022-05-01,DEPT,,97.0,,
IND-328,D03,2022-06-01,DEPT,,37.0,,
IND-328,D03,2022-07-01,DEPT,,48.0,,
IND-328,D03,2022-08-01,DEPT,,98.0,,
IND-328,D03,2022-09-01,DEPT,,58.0,,
IND-328,D03,2022-10-01,DEPT,,51.0,,
IND-328,D03,2022-11-01,DEPT,,114.0,,
IND-328,D03,2022-12-01,DEPT,807.0,79.0,,
IND-328,D03,2023-01-01,DEPT,,60.0,,
IND-328,D03,2023-02-01,DEPT,,836.0,,
IND-328,D03,2023-03-01,DEPT,,857.0,,
IND-328,D03,2023-04-01,DEPT,,861.0,,
IND-328,D03,2023-05-01,DEPT,,835.0,,
IND-328,D03,2023-06-01,DEPT,,857.0,,
IND-328,D03,2023-07-01,DEPT,,880.0,,
IND-328,D03,2023-08-01,DEPT,,854.0,,
IND-328,D03,2023-09-01,DEPT,,869.0,,
IND-328,D03,2023-10-01,DEPT,,888.0,,
IND-328,D03,2023-11-01,DEPT,,870.0,,
IND-328,D03,2023-12-01,DEPT,,872.0,,
IND-328,D03,2024-01-01,DEPT,,913.0,,
IND-328,D03,2024-02-01,DEPT,,894.0,,
IND-328,D03,2024-03-01,DEPT,,877.0,,
IND-328,D03,2024-04-01,DEPT,,892.0,,
IND-328,D03,2024-05-01,DEPT,,907.0,,
IND-328,D03,2024-06-01,DEPT,,921.0,,
IND-328,D03,2024-07-01,DEPT,,922.0,,
IND-328,D03,2024-08-01,DEPT,,937.0,,
IND-328,D03,2024-09-01,DEPT,,950.0,,
IND-328,D03,2024-10-01,DEPT,,957.0,,
IND-328,D03,2024-11-01,DEPT,,1000.0,,
IND-328,D04,2022-01-01,DEPT,,61.0,,
IND-328,D04,2022-02-01,DEPT,,72.0,,
IND-328,D04,2022-03-01,DEPT,,52.0,,
IND-328,D04,2022-04-01,DEPT,,45.0,,
IND-328,D04,2022-05-01,DEPT,,35.0,,
IND-328,D04,2022-06-01,DEPT,,39.0,,
IND-328,D04,2022-07-01,DEPT,,36.0,,
IND-328,D04,2022-08-01,DEPT,,39.0,,
IND-328,D04,2022-09-01,DEPT,,29.0,,
IND-328,D04,2022-10-01,DEPT,,25.0,,
IND-328,D04,2022-11-01,DEPT,,35.0,,
IND-328,D04,2022-12-01,DEPT,508.0,40.0,,
IND-328,D04,2023-01-01,DEPT,,32.0,,
IND-328,D04,2023-02-01,DEPT,,435.0,,
IND-328,D04,2023-03-01,DEPT,,403.0,,
IND-328,D04,2023-04-01,DEPT,,399.0,,
IND-328,D04,2023-05-01,DEPT,,407.0,,
IND-328,D04,2023-06-01,DEPT,,403.0,,
IND-328,D04,2023-07-01,DEPT,,409.0,,
IND-328,D04,2023-08-01,DEPT,,425.0,,
IND-328,D04,2023-09-01,DEPT,,430.0,,
IND-328,D04,2023-10-01,DEPT,,463.0,,
IND-328,D04,2023-11-01,DEPT,,492.0,,
IND-328,D04,2023-12-01,DEPT,,505.0,,
IND-328,D04,2024-01-01,DEPT,,504.0,,
IND-328,D04,2024-02-01,DEPT,,520.0,,
IND-328,D04,2024-03-01,DEPT,,538.0,,
IND-328,D04,2024-04-01,DEPT,,534.0,,
IND-328,D04,2024-05-01,DEPT,,537.0,,
IND-328,D04,2024-06-01,DEPT,,532.0,,
IND-328,D04,2024-07-01,DEPT,,558.0,,
IND-328,D04,2024-08-01,DEPT,,552.0,,
IND-328,D04,2024-09-01,DEPT,,577.0,,
IND-328,D04,2024-10-01,DEPT,,570.0,,
IND-328,D04,2024-11-01,DEPT,,550.0,,
IND-328,D05,2022-01-01,DEPT,,25.0,,
IND-328,D05,2022-02-01,DEPT,,21.0,,
IND-328,D05,2022-03-01,DEPT,,15.0,,
IND-328,D05,2022-04-01,DEPT,,22.0,,
IND-328,D05,2022-05-01,DEPT,,22.0,,
IND-328,D05,2022-06-01,DEPT,,17.0,,
IND-328,D05,2022-07-01,DEPT,,26.0,,
IND-328,D05,2022-08-01,DEPT,,43.0,,
IND-328,D05,2022-09-01,DEPT,,22.0,,
IND-328,D05,2022-10-01,DEPT,,23.0,,
IND-328,D05,2022-11-01,DEPT,,20.0,,
IND-328,D05,2022-12-01,DEPT,292.0,36.0,,
IND-328,D05,2023-01-01,DEPT,,29.0,,
IND-328,D05,2023-02-01,DEPT,,306.0,,
IND-328,D05,2023-03-01,DEPT,,311.0,,
IND-328,D05,2023-04-01,DEPT,,314.0,,
IND-328,D05,2023-05-01,DEPT,,312.0,,
IND-328,D05,2023-06-01,DEPT,,307.0,,
IND-328,D05,2023-07-01,DEPT,,308.0,,
IND-328,D05,2023-08-01,DEPT,,294.0,,
IND-328,D05,2023-09-01,DEPT,,307.0,,
IND-328,D05,2023-10-01,DEPT,,321.0,,
IND-328,D05,2023-11-01,DEPT,,310.0,,
IND-328,D05,2023-12-01,DEPT,,305.0,,
IND-328,D05,2024-01-01,DEPT,,293.0,,
IND-328,D05,2024-02-01,DEPT,,285.0,,
IND-328,D05,2024-03-01,DEPT,,289.0,,
IND-328,D05,2024-04-01,DEPT,,278.0,,
IND-328,D05,2024-05-01,DEPT,,272.0,,
IND-328,D05,2024-06-01,DEPT,,294.0,,
IND-328,D05,2024-07-01,DEPT,,300.0,,
IND-328,D05,2024-08-01,DEPT,,306.0,,
IND-328,D05,2024-09-01,DEPT,,295.0,,
IND-328,D05,2024-10-01,DEPT,,291.0,,
IND-328,D05,2024-11-01,DEPT,,334.0,,
IND-328,D06,2022-01-01,DEPT,,260.0,,
IND-328,D06,2022-02-01,DEPT,,239.0,,
IND-328,D06,2022-03-01,DEPT,,307.0,,
IND-328,D06,2022-04-01,DEPT,,212.0,,
IND-328,D06,2022-05-01,DEPT,,299.0,,
IND-328,D06,2022-06-01,DEPT,,347.0,,
IND-328,D06,2022-07-01,DEPT,,384.0,,
IND-328,D06,2022-08-01,DEPT,,342.0,,
IND-328,D06,2022-09-01,DEPT,,284.0,,
IND-328,D06,2022-10-01,DEPT,,279.0,,
IND-328,D06,2022-11-01,DEPT,,271.0,,
IND-328,D06,2022-12-01,DEPT,3507.0,283.0,,
IND-328,D06,2023-01-01,DEPT,,299.0,,
IND-328,D06,2023-02-01,DEPT,,3499.0,,
IND-328,D06,2023-03-01,DEPT,,3437.0,,
IND-328,D06,2023-04-01,DEPT,,3443.0,,
IND-328,D06,2023-05-01,DEPT,,3424.0,,
IND-328,D06,2023-06-01,DEPT,,3394.0,,
IND-328,D06,2023-07-01,DEPT,,3385.0,,
IND-328,D06,2023-08-01,DEPT,,3466.0,,
IND-328,D06,2023-09-01,DEPT,,3554.0,,
IND-328,D06,2023-10-01,DEPT,,3506.0,,
IND-328,D06,2023-11-01,DEPT,,3526.0,,
IND-328,D06,2023-12-01,DEPT,,3552.0,,
IND-328,D06,2024-01-01,DEPT,,3554.0,,
IND-328,D06,2024-02-01,DEPT,,3548.0,,
IND-328,D06,2024-03-01,DEPT,,3565.0,,
IND-328,D06,2024-04-01,DEPT,,3549.0,,
IND-328,D06,2024-05-01,DEPT,,3505.0,,
IND-328,D06,2024-06-01,DEPT,,3466.0,,
IND-328,D06,2024-07-01,DEPT,,3575.0,,
IND-328,D06,2024-08-01,DEPT,,3514.0,,
IND-328,D06,2024-09-01,DEPT,,3371.0,,
IND-328,D06,2024-10-01,DEPT,,3379.0,,
IND-328,D06,2024-11-01,DEPT,,3276.0,,
IND-328,D07,2022-01-01,DEPT,,43.0,,
IND-328,D07,2022-02-01,DEPT,,67.0,,
IND-328,D07,2022-03-01,DEPT,,49.0,,
IND-328,D07,2022-04-01,DEPT,,73.0,,
IND-328,D07,2022-05-01,DEPT,,68.0,,
IND-328,D07,2022-06-01,DEPT,,69.0,,
IND-328,D07,2022-07-01,DEPT,,58.0,,
IND-328,D07,2022-08-01,DEPT,,43.0,,
IND-328,D07,2022-09-01,DEPT,,61.0,,
IND-328,D07,2022-10-01,DEPT,,73.0,,
IND-328,D07,2022-11-01,DEPT,,73.0,,
IND-328,D07,2022-12-01,DEPT,763.0,86.0,,
IND-328,D07,2023-01-01,DEPT,,72.0,,
IND-328,D07,2023-02-01,DEPT,,772.0,,
IND-328,D07,2023-03-01,DEPT,,772.0,,
IND-328,D07,2023-04-01,DEPT,,750.0,,
IND-328,D07,2023-05-01,DEPT,,740.0,,
IND-328,D07,2023-06-01,DEPT,,723.0,,
IND-328,D07,2023-07-01,DEPT,,720.0,,
IND-328,D07,2023-08-01,DEPT,,728.0,,
IND-328,D07,2023-09-01,DEPT,,727.0,,
IND-328,D07,2023-10-01,DEPT,,727.0,,
IND-328,D07,2023-11-01,DEPT,,724.0,,
IND-328,D07,2023-12-01,DEPT,,681.0,,
IND-328,D07,2024-01-01,DEPT,,653.0,,
IND-328,D07,2024-02-01,DEPT,,661.0,,
IND-328,D07,2024-03-01,DEPT,,660.0,,
IND-328,D07,2024-04-01,DEPT,,652.0,,
IND-328,D07,2024-05-01,DEPT,,652.0,,
IND-328,D07,2024-06-01,DEPT,,655.0,,
IND-328,D07,2024-07-01,DEPT,,667.0,,
IND-328,D07,2024-08-01,DEPT,,675.0,,
IND-328,D07,2024-09-01,DEPT,,685.0,,
IND-328,D07,2024-10-01,DEPT,,689.0,,
IND-328,D07,2024-11-01,DEPT,,680.0,,
IND-328,D08,2022-01-01,DEPT,,61.0,,
IND-328,D08,2022-02-01,DEPT,,77.0,,
IND-328,D08,2022-03-01,DEPT,,33.0,,
IND-328,D08,2022-04-01,DEPT,,34.0,,
IND-328,D08,2022-05-01,DEPT,,51.0,,
IND-328,D08,2022-06-01,DEPT,,47.0,,
IND-328,D08,2022-07-01,DEPT,,61.0,,
IND-328,D08,2022-08-01,DEPT,,69.0,,
IND-328,D08,2022-09-01,DEPT,,56.0,,
IND-328,D08,2022-10-01,DEPT,,73.0,,
IND-328,D08,2022-11-01,DEPT,,64.0,,
IND-328,D08,2022-12-01,DEPT,685.0,59.0,,
IND-328,D08,2023-01-01,DEPT,,62.0,,
IND-328,D08,2023-02-01,DEPT,,644.0,,
IND-328,D08,2023-03-01,DEPT,,678.0,,
IND-328,D08,2023-04-01,DEPT,,693.0,,
IND-328,D08,2023-05-01,DEPT,,690.0,,
IND-328,D08,2023-06-01,DEPT,,704.0,,
IND-328,D08,2023-07-01,DEPT,,679.0,,
IND-328,D08,2023-08-01,DEPT,,672.0,,
IND-328,D08,2023-09-01,DEPT,,679.0,,
IND-328,D08,2023-10-01,DEPT,,683.0,,
IND-328,D08,2023-11-01,DEPT,,703.0,,
IND-328,D08,2023-12-01,DEPT,,720.0,,
IND-328,D08,2024-01-01,DEPT,,731.0,,
IND-328,D08,2024-02-01,DEPT,,770.0,,
IND-328,D08,2024-03-01,DEPT,,772.0,,
IND-328,D08,2024-04-01,DEPT,,792.0,,
IND-328,D08,2024-05-01,DEPT,,796.0,,
IND-328,D08,2024-06-01,DEPT,,802.0,,
IND-328,D08,2024-07-01,DEPT,,818.0,,
IND-328,D08,2024-08-01,DEPT,,830.0,,
IND-328,D08,2024-09-01,DEPT,,854.0,,
IND-328,D08,2024-10-01,DEPT,,858.0,,
IND-328,D08,2024-11-01,DEPT,,855.0,,
IND-328,D09,2022-01-01,DEPT,,16.0,,
IND-328,D09,2022-02-01,DEPT,,23.0,,
IND-328,D09,2022-03-01,DEPT,,25.0,,
IND-328,D09,2022-04-01,DEPT,,23.0,,
IND-328,D09,2022-05-01,DEPT,,22.0,,
IND-328,D09,2022-06-01,DEPT,,21.0,,
IND-328,D09,2022-07-01,DEPT,,26.0,,
IND-328,D09,2022-08-01,DEPT,,39.0,,
IND-328,D09,2022-09-01,DEPT,,21.0,,
IND-328,D09,2022-10-01,DEPT,,63.0,,
IND-328,D09,2022-11-01,DEPT,,43.0,,
IND-328,D09,2022-12-01,DEPT,350.0,28.0,,
IND-328,D09,2023-01-01,DEPT,,31.0,,
IND-328,D09,2023-02-01,DEPT,,363.0,,
IND-328,D09,2023-03-01,DEPT,,365.0,,
IND-328,D09,2023-04-01,DEPT,,378.0,,
IND-328,D09,2023-05-01,DEPT,,406.0,,
IND-328,D09,2023-06-01,DEPT,,419.0,,
IND-328,D09,2023-07-01,DEPT,,428.0,,
IND-328,D09,2023-08-01,DEPT,,429.0,,
IND-328,D09,2023-09-01,DEPT,,445.0,,
IND-328,D09,2023-10-01,DEPT,,410.0,,
IND-328,D09,2023-11-01,DEPT,,395.0,,
IND-328,D09,2023-12-01,DEPT,,400.0,,
IND-328,D09,2024-01-01,DEPT,,403.0,,
IND-328,D09,2024-02-01,DEPT,,404.0,,
IND-328,D09,2024-03-01,DEPT,,423.0,,
IND-328,D09,2024-04-01,DEPT,,420.0,,
IND-328,D09,2024-05-01,DEPT,,396.0,,
IND-328,D09,2024-06-01,DEPT,,397.0,,
IND-328,D09,2024-07-01,DEPT,,390.0,,
IND-328,D09,2024-08-01,DEPT,,382.0,,
IND-328,D09,2024-09-01,DEPT,,372.0,,
IND-328,D09,2024-10-01,DEPT,,387.0,,
IND-328,D09,2024-11-01,DEPT,,404.0,,
IND-328,D10,2022-01-01,DEPT,,96.0,,
IND-328,D10,2022-02-01,DEPT,,83.0,,
IND-328,D10,2022-03-01,DEPT,,63.0,,
IND-328,D10,2022-04-01,DEPT,,56.0,,
IND-328,D10,2022-05-01,DEPT,,80.0,,
IND-328,D10,2022-06-01,DEPT,,54.0,,
IND-328,D10,2022-07-01,DEPT,,78.0,,
IND-328,D10,2022-08-01,DEPT,,80.0,,
IND-328,D10,2022-09-01,DEPT,,53.0,,
IND-328,D10,2022-10-01,DEPT,,80.0,,
IND-328,D10,2022-11-01,DEPT,,97.0,,
IND-328,D10,2022-12-01,DEPT,934.0,114.0,,
IND-328,D10,2023-01-01,DEPT,,87.0,,
IND-328,D10,2023-02-01,DEPT,,905.0,,
IND-328,D10,2023-03-01,DEPT,,902.0,,
IND-328,D10,2023-04-01,DEPT,,937.0,,
IND-328,D10,2023-05-01,DEPT,,937.0,,
IND-328,D10,2023-06-01,DEPT,,934.0,,
IND-328,D10,2023-07-01,DEPT,,925.0,,
IND-328,D10,2023-08-01,DEPT,,932.0,,
IND-328,D10,2023-09-01,DEPT,,967.0,,
IND-328,D10,2023-10-01,DEPT,,994.0,,
IND-328,D10,2023-11-01,DEPT,,1023.0,,
IND-328,D10,2023-12-01,DEPT,,1026.0,,
IND-328,D10,2024-01-01,DEPT,,1084.0,,
IND-328,D10,2024-02-01,DEPT,,1101.0,,
IND-328,D10,2024-03-01,DEPT,,1126.0,,
IND-328,D10,2024-04-01,DEPT,,1096.0,,
IND-328,D10,2024-05-01,DEPT,,1100.0,,
IND-328,D10,2024-06-01,DEPT,,1139.0,,
IND-328,D10,2024-07-01,DEPT,,1171.0,,
IND-328,D10,2024-08-01,DEPT,,1184.0,,
IND-328,D10,2024-09-01,DEPT,,1193.0,,
IND-328,D10,2024-10-01,DEPT,,1183.0,,
IND-328,D10,2024-11-01,DEPT,,1140.0,,
IND-328,D11,2022-01-01,DEPT,,87.0,,
IND-328,D11,2022-02-01,DEPT,,104.0,,
IND-328,D11,2022-03-01,DEPT,,119.0,,
IND-328,D11,2022-04-01,DEPT,,114.0,,
IND-328,D11,2022-05-01,DEPT,,135.0,,
IND-328,D11,2022-06-01,DEPT,,130.0,,
IND-328,D11,2022-07-01,DEPT,,145.0,,
IND-328,D11,2022-08-01,DEPT,,158.0,,
IND-328,D11,2022-09-01,DEPT,,134.0,,
IND-328,D11,2022-10-01,DEPT,,121.0,,
IND-328,D11,2022-11-01,DEPT,,137.0,,
IND-328,D11,2022-12-01,DEPT,1567.0,183.0,,
IND-328,D11,2023-01-01,DEPT,,129.0,,
IND-328,D11,2023-02-01,DEPT,,1556.0,,
IND-328,D11,2023-03-01,DEPT,,1541.0,,
IND-328,D11,2023-04-01,DEPT,,1515.0,,
IND-328,D11,2023-05-01,DEPT,,1518.0,,
IND-328,D11,2023-06-01,DEPT,,1509.0,,
IND-328,D11,2023-07-01,DEPT,,1487.0,,
IND-328,D11,2023-08-01,DEPT,,1441.0,,
IND-328,D11,2023-09-01,DEPT,,1428.0,,
IND-328,D11,2023-10-01,DEPT,,1433.0,,
IND-328,D11,2023-11-01,DEPT,,1439.0,,
IND-328,D11,2023-12-01,DEPT,,1403.0,,
IND-328,D11,2024-01-01,DEPT,,1372.0,,
IND-328,D11,2024-02-01,DEPT,,1422.0,,
IND-328,D11,2024-03-01,DEPT,,1430.0,,
IND-328,D11,2024-04-01,DEPT,,1449.0,,
IND-328,D11,2024-05-01,DEPT,,1445.0,,
IND-328,D11,2024-06-01,DEPT,,1458.0,,
IND-328,D11,2024-07-01,DEPT,,1504.0,,
IND-328,D11,2024-08-01,DEPT,,1516.0,,
IND-328,D11,2024-09-01,DEPT,,1499.0,,
IND-328,D11,2024-10-01,DEPT,,1521.0,,
IND-328,D11,2024-11-01,DEPT,,1536.0,,
IND-328,D12,2022-01-01,DEPT,,20.0,,
IND-328,D12,2022-02-01,DEPT,,23.0,,
IND-328,D12,2022-03-01,DEPT,,33.0,,
IND-328,D12,2022-04-01,DEPT,,16.0,,
IND-328,D12,2022-05-01,DEPT,,30.0,,
IND-328,D12,2022-06-01,DEPT,,15.0,,
IND-328,D12,2022-07-01,DEPT,,35.0,,
IND-328,D12,2022-08-01,DEPT,,26.0,,
IND-328,D12,2022-09-01,DEPT,,31.0,,
IND-328,D12,2022-10-01,DEPT,,21.0,,
IND-328,D12,2022-11-01,DEPT,,22.0,,
IND-328,D12,2022-12-01,DEPT,328.0,56.0,,
IND-328,D12,2023-01-01,DEPT,,32.0,,
IND-328,D12,2023-02-01,DEPT,,346.0,,
IND-328,D12,2023-03-01,DEPT,,343.0,,
IND-328,D12,2023-04-01,DEPT,,350.0,,
IND-328,D12,2023-05-01,DEPT,,369.0,,
IND-328,D12,2023-06-01,DEPT,,388.0,,
IND-328,D12,2023-07-01,DEPT,,387.0,,
IND-328,D12,2023-08-01,DEPT,,392.0,,
IND-328,D12,2023-09-01,DEPT,,384.0,,
IND-328,D12,2023-10-01,DEPT,,406.0,,
IND-328,D12,2023-11-01,DEPT,,440.0,,
IND-328,D12,2023-12-01,DEPT,,439.0,,
IND-328,D12,2024-01-01,DEPT,,467.0,,
IND-328,D12,2024-02-01,DEPT,,497.0,,
IND-328,D12,2024-03-01,DEPT,,498.0,,
IND-328,D12,2024-04-01,DEPT,,506.0,,
IND-328,D12,2024-05-01,DEPT,,510.0,,
IND-328,D12,2024-06-01,DEPT,,532.0,,
IND-328,D12,2024-07-01,DEPT,,550.0,,
IND-328,D12,2024-08-01,DEPT,,570.0,,
IND-328,D12,2024-09-01,DEPT,,586.0,,
IND-328,D12,2024-10-01,DEPT,,586.0,,
IND-328,D12,2024-11-01,DEPT,,573.0,,
IND-328,D13,2022-01-01,DEPT,,1006.0,,
IND-328,D13,2022-02-01,DEPT,,976.0,,
IND-328,D13,2022-03-01,DEPT,,1134.0,,
IND-328,D13,2022-04-01,DEPT,,914.0,,
IND-328,D13,2022-05-01,DEPT,,878.0,,
IND-328,D13,2022-06-01,DEPT,,902.0,,
IND-328,D13,2022-07-01,DEPT,,971.0,,
IND-328,D13,2022-08-01,DEPT,,1036.0,,
IND-328,D13,2022-09-01,DEPT,,1052.0,,
IND-328,D13,2022-10-01,DEPT,,935.0,,
IND-328,D13,2022-11-01,DEPT,,1069.0,,
IND-328,D13,2022-12-01,DEPT,11926.0,1053.0,,
IND-328,D13,2023-01-01,DEPT,,1018.0,,
IND-328,D13,2023-02-01,DEPT,,11819.0,,
IND-328,D13,2023-03-01,DEPT,,11626.0,,
IND-328,D13,2023-04-01,DEPT,,11532.0,,
IND-328,D13,2023-05-01,DEPT,,11517.0,,
IND-328,D13,2023-06-01,DEPT,,11495.0,,
IND-328,D13,2023-07-01,DEPT,,11294.0,,
IND-328,D13,2023-08-01,DEPT,,11287.0,,
IND-328,D13,2023-09-01,DEPT,,11364.0,,
IND-328,D13,2023-10-01,DEPT,,11465.0,,
IND-328,D13,2023-11-01,DEPT,,11352.0,,
IND-328,D13,2023-12-01,DEPT,,11310.0,,
IND-328,D13,2024-01-01,DEPT,,11283.0,,
IND-328,D13,2024-02-01,DEPT,,11299.0,,
IND-328,D13,2024-03-01,DEPT,,11236.0,,
IND-328,D13,2024-04-01,DEPT,,11237.0,,
IND-328,D13,2024-05-01,DEPT,,11124.0,,
IND-328,D13,2024-06-01,DEPT,,11066.0,,
IND-328,D13,2024-07-01,DEPT,,11096.0,,
IND-328,D13,2024-08-01,DEPT,,10826.0,,
IND-328,D13,2024-09-01,DEPT,,10428.0,,
IND-328,D13,2024-10-01,DEPT,,10173.0,,
IND-328,D13,2024-11-01,DEPT,,10033.0,,
IND-328,D14,2022-01-01,DEPT,,76.0,,
IND-328,D14,2022-02-01,DEPT,,40.0,,
IND-328,D14,2022-03-01,DEPT,,70.0,,
IND-328,D14,2022-04-01,DEPT,,56.0,,
IND-328,D14,2022-05-01,DEPT,,114.0,,
IND-328,D14,2022-06-01,DEPT,,148.0,,
IND-328,D14,2022-07-01,DEPT,,134.0,,
IND-328,D14,2022-08-01,DEPT,,145.0,,
IND-328,D14,2022-09-01,DEPT,,120.0,,
IND-328,D14,2022-10-01,DEPT,,94.0,,
IND-328,D14,2022-11-01,DEPT,,100.0,,
IND-328,D14,2022-12-01,DEPT,1221.0,124.0,,
IND-328,D14,2023-01-01,DEPT,,82.0,,
IND-328,D14,2023-02-01,DEPT,,1243.0,,
IND-328,D14,2023-03-01,DEPT,,1262.0,,
IND-328,D14,2023-04-01,DEPT,,1295.0,,
IND-328,D14,2023-05-01,DEPT,,1304.0,,
IND-328,D14,2023-06-01,DEPT,,1383.0,,
IND-328,D14,2023-07-01,DEPT,,1462.0,,
IND-328,D14,2023-08-01,DEPT,,1525.0,,
IND-328,D14,2023-09-01,DEPT,,1636.0,,
IND-328,D14,2023-10-01,DEPT,,1679.0,,
IND-328,D14,2023-11-01,DEPT,,1710.0,,
IND-328,D14,2023-12-01,DEPT,,1775.0,,
IND-328,D14,2024-01-01,DEPT,,1824.0,,
IND-328,D14,2024-02-01,DEPT,,1860.0,,
IND-328,D14,2024-03-01,DEPT,,1921.0,,
IND-328,D14,2024-04-01,DEPT,,2005.0,,
IND-328,D14,2024-05-01,DEPT,,1998.0,,
IND-328,D14,2024-06-01,DEPT,,1935.0,,
IND-328,D14,2024-07-01,DEPT,,1861.0,,
IND-328,D14,2024-08-01,DEPT,,1812.0,,
IND-328,D14,2024-09-01,DEPT,,1682.0,,
IND-328,D14,2024-10-01,DEPT,,1680.0,,
IND-328,D14,2024-11-01,DEPT,,1641.0,,
IND-328,D15,2022-01-01,DEPT,,18.0,,
IND-328,D15,2022-02-01,DEPT,,21.0,,
IND-328,D15,2022-03-01,DEPT,,9.0,,
IND-328,D15,2022-04-01,DEPT,,8.0,,
IND-328,D15,2022-05-01,DEPT,,21.0,,
IND-328,D15,2022-06-01,DEPT,,13.0,,
IND-328,D15,2022-07-01,DEPT,,15.0,,
IND-328,D15,2022-08-01,DEPT,,18.0,,
IND-328,D15,2022-09-01,DEPT,,7.0,,
IND-328,D15,2022-10-01,DEPT,,12.0,,
IND-328,D15,2022-11-01,DEPT,,18.0,,
IND-328,D15,2022-12-01,DEPT,171.0,11.0,,
IND-328,D15,2023-01-01,DEPT,,9.0,,
IND-328,D15,2023-02-01,DEPT,,151.0,,
IND-328,D15,2023-03-01,DEPT,,158.0,,
IND-328,D15,2023-04-01,DEPT,,163.0,,
IND-328,D15,2023-05-01,DEPT,,165.0,,
IND-328,D15,2023-06-01,DEPT,,164.0,,
IND-328,D15,2023-07-01,DEPT,,160.0,,
IND-328,D15,2023-08-01,DEPT,,158.0,,
IND-328,D15,2023-09-01,DEPT,,160.0,,
IND-328,D15,2023-10-01,DEPT,,173.0,,
IND-328,D15,2023-11-01,DEPT,,164.0,,
IND-328,D15,2023-12-01,DEPT,,165.0,,
IND-328,D15,2024-01-01,DEPT,,170.0,,
IND-328,D15,2024-02-01,DEPT,,172.0,,
IND-328,D15,2024-03-01,DEPT,,171.0,,
IND-328,D15,2024-04-01,DEPT,,170.0,,
IND-328,D15,2024-05-01,DEPT,,165.0,,
IND-328,D15,2024-06-01,DEPT,,168.0,,
IND-328,D15,2024-07-01,DEPT,,188.0,,
IND-328,D15,2024-08-01,DEPT,,186.0,,
IND-328,D15,2024-09-01,DEPT,,189.0,,
IND-328,D15,2024-10-01,DEPT,,175.0,,
IND-328,D15,2024-11-01,DEPT,,183.0,,
IND-328,D16,2022-01-01,DEPT,,67.0,,
IND-328,D16,2022-02-01,DEPT,,76.0,,
IND-328,D16,2022-03-01,DEPT,,77.0,,
IND-328,D16,2022-04-01,DEPT,,86.0,,
IND-328,D16,2022-05-01,DEPT,,57.0,,
IND-328,D16,2022-06-01,DEPT,,83.0,,
IND-328,D16,2022-07-01,DEPT,,69.0,,
IND-328,D16,2022-08-01,DEPT,,48.0,,
IND-328,D16,2022-09-01,DEPT,,67.0,,
IND-328,D16,2022-10-01,DEPT,,81.0,,
IND-328,D16,2022-11-01,DEPT,,80.0,,
IND-328,D16,2022-12-01,DEPT,879.0,88.0,,
IND-328,D16,2023-01-01,DEPT,,74.0,,
IND-328,D16,2023-02-01,DEPT,,849.0,,
IND-328,D16,2023-03-01,DEPT,,841.0,,
IND-328,D16,2023-04-01,DEPT,,812.0,,
IND-328,D16,2023-05-01,DEPT,,837.0,,
IND-328,D16,2023-06-01,DEPT,,845.0,,
IND-328,D16,2023-07-01,DEPT,,868.0,,
IND-328,D16,2023-08-01,DEPT,,878.0,,
IND-328,D16,2023-09-01,DEPT,,880.0,,
IND-328,D16,2023-10-01,DEPT,,869.0,,
IND-328,D16,2023-11-01,DEPT,,862.0,,
IND-328,D16,2023-12-01,DEPT,,889.0,,
IND-328,D16,2024-01-01,DEPT,,883.0,,
IND-328,D16,2024-02-01,DEPT,,926.0,,
IND-328,D16,2024-03-01,DEPT,,962.0,,
IND-328,D16,2024-04-01,DEPT,,990.0,,
IND-328,D16,2024-05-01,DEPT,,1005.0,,
IND-328,D16,2024-06-01,DEPT,,990.0,,
IND-328,D16,2024-07-01,DEPT,,1003.0,,
IND-328,D16,2024-08-01,DEPT,,1039.0,,
IND-328,D16,2024-09-01,DEPT,,1085.0,,
IND-328,D16,2024-10-01,DEPT,,1091.0,,
IND-328,D16,2024-11-01,DEPT,,1124.0,,
IND-328,D17,2022-01-01,DEPT,,123.0,,
IND-328,D17,2022-02-01,DEPT,,134.0,,
IND-328,D17,2022-03-01,DEPT,,131.0,,
IND-328,D17,2022-04-01,DEPT,,184.0,,
IND-328,D17,2022-05-01,DEPT,,170.0,,
IND-328,D17,2022-06-01,DEPT,,259.0,,
IND-328,D17,2022-07-01,DEPT,,243.0,,
IND-328,D17,2022-08-01,DEPT,,258.0,,
IND-328,D17,2022-09-01,DEPT,,183.0,,
IND-328,D17,2022-10-01,DEPT,,168.0,,
IND-328,D17,2022-11-01,DEPT,,199.0,,
IND-328,D17,2022-12-01,DEPT,2228.0,176.0,,
IND-328,D17,2023-01-01,DEPT,,157.0,,
IND-328,D17,2023-02-01,DEPT,,2285.0,,
IND-328,D17,2023-03-01,DEPT,,2304.0,,
IND-328,D17,2023-04-01,DEPT,,2278.0,,
IND-328,D17,2023-05-01,DEPT,,2278.0,,
IND-328,D17,2023-06-01,DEPT,,2216.0,,
IND-328,D17,2023-07-01,DEPT,,2169.0,,
IND-328,D17,2023-08-01,DEPT,,2129.0,,
IND-328,D17,2023-09-01,DEPT,,2150.0,,
IND-328,D17,2023-10-01,DEPT,,2183.0,,
IND-328,D17,2023-11-01,DEPT,,2193.0,,
IND-328,D17,2023-12-01,DEPT,,2206.0,,
IND-328,D17,2024-01-01,DEPT,,2235.0,,
IND-328,D17,2024-02-01,DEPT,,2226.0,,
IND-328,D17,2024-03-01,DEPT,,2310.0,,
IND-328,D17,2024-04-01,DEPT,,2383.0,,
IND-328,D17,2024-05-01,DEPT,,2396.0,,
IND-328,D17,2024-06-01,DEPT,,2384.0,,
IND-328,D17,2024-07-01,DEPT,,2419.0,,
IND-328,D17,2024-08-01,DEPT,,2417.0,,
IND-328,D17,2024-09-01,DEPT,,2391.0,,
IND-328,D17,2024-10-01,DEPT,,2413.0,,
IND-328,D17,2024-11-01,DEPT,,2451.0,,
IND-328,D18,2022-01-01,DEPT,,94.0,,
IND-328,D18,2022-02-01,DEPT,,77.0,,
IND-328,D18,2022-03-01,DEPT,,63.0,,
IND-328,D18,2022-04-01,DEPT,,83.0,,
IND-328,D18,2022-05-01,DEPT,,112.0,,
IND-328,D18,2022-06-01,DEPT,,55.0,,
IND-328,D18,2022-07-01,DEPT,,74.0,,
IND-328,D18,2022-08-01,DEPT,,83.0,,
IND-328,D18,2022-09-01,DEPT,,75.0,,
IND-328,D18,2022-10-01,DEPT,,65.0,,
IND-328,D18,2022-11-01,DEPT,,90.0,,
IND-328,D18,2022-12-01,DEPT,968.0,97.0,,
IND-328,D18,2023-01-01,DEPT,,90.0,,
IND-328,D18,2023-02-01,DEPT,,967.0,,
IND-328,D18,2023-03-01,DEPT,,999.0,,
IND-328,D18,2023-04-01,DEPT,,990.0,,
IND-328,D18,2023-05-01,DEPT,,997.0,,
IND-328,D18,2023-06-01,DEPT,,1021.0,,
IND-328,D18,2023-07-01,DEPT,,1060.0,,
IND-328,D18,2023-08-01,DEPT,,1116.0,,
IND-328,D18,2023-09-01,DEPT,,1187.0,,
IND-328,D18,2023-10-01,DEPT,,1243.0,,
IND-328,D18,2023-11-01,DEPT,,1244.0,,
IND-328,D18,2023-12-01,DEPT,,1261.0,,
IND-328,D18,2024-01-01,DEPT,,1284.0,,
IND-328,D18,2024-02-01,DEPT,,1281.0,,
IND-328,D18,2024-03-01,DEPT,,1274.0,,
IND-328,D18,2024-04-01,DEPT,,1330.0,,
IND-328,D18,2024-05-01,DEPT,,1330.0,,
IND-328,D18,2024-06-01,DEPT,,1362.0,,
IND-328,D18,2024-07-01,DEPT,,1390.0,,
IND-328,D18,2024-08-01,DEPT,,1367.0,,
IND-328,D18,2024-09-01,DEPT,,1339.0,,
IND-328,D18,2024-10-01,DEPT,,1339.0,,
IND-328,D18,2024-11-01,DEPT,,1413.0,,
IND-328,D19,2022-01-01,DEPT,,37.0,,
IND-328,D19,2022-02-01,DEPT,,31.0,,
IND-328,D19,2022-03-01,DEPT,,35.0,,
IND-328,D19,2022-04-01,DEPT,,38.0,,
IND-328,D19,2022-05-01,DEPT,,30.0,,
IND-328,D19,2022-06-01,DEPT,,29.0,,
IND-328,D19,2022-07-01,DEPT,,30.0,,
IND-328,D19,2022-08-01,DEPT,,34.0,,
IND-328,D19,2022-09-01,DEPT,,24.0,,
IND-328,D19,2022-10-01,DEPT,,29.0,,
IND-328,D19,2022-11-01,DEPT,,38.0,,
IND-328,D19,2022-12-01,DEPT,412.0,57.0,,
IND-328,D19,2023-01-01,DEPT,,30.0,,
IND-328,D19,2023-02-01,DEPT,,411.0,,
IND-328,D19,2023-03-01,DEPT,,407.0,,
IND-328,D19,2023-04-01,DEPT,,395.0,,
IND-328,D19,2023-05-01,DEPT,,399.0,,
IND-328,D19,2023-06-01,DEPT,,398.0,,
IND-328,D19,2023-07-01,DEPT,,393.0,,
IND-328,D19,2023-08-01,DEPT,,372.0,,
IND-328,D19,2023-09-01,DEPT,,372.0,,
IND-328,D19,2023-10-01,DEPT,,379.0,,
IND-328,D19,2023-11-01,DEPT,,379.0,,
IND-328,D19,2023-12-01,DEPT,,365.0,,
IND-328,D19,2024-01-01,DEPT,,377.0,,
IND-328,D19,2024-02-01,DEPT,,369.0,,
IND-328,D19,2024-03-01,DEPT,,393.0,,
IND-328,D19,2024-04-01,DEPT,,415.0,,
IND-328,D19,2024-05-01,DEPT,,427.0,,
IND-328,D19,2024-06-01,DEPT,,430.0,,
IND-328,D19,2024-07-01,DEPT,,475.0,,
IND-328,D19,2024-08-01,DEPT,,520.0,,
IND-328,D19,2024-09-01,DEPT,,548.0,,
IND-328,D19,2024-10-01,DEPT,,587.0,,
IND-328,D19,2024-11-01,DEPT,,610.0,,
IND-328,D21,2022-01-01,DEPT,,75.0,,
IND-328,D21,2022-02-01,DEPT,,95.0,,
IND-328,D21,2022-03-01,DEPT,,129.0,,
IND-328,D21,2022-04-01,DEPT,,73.0,,
IND-328,D21,2022-05-01,DEPT,,108.0,,
IND-328,D21,2022-06-01,DEPT,,94.0,,
IND-328,D21,2022-07-01,DEPT,,76.0,,
IND-328,D21,2022-08-01,DEPT,,120.0,,
IND-328,D21,2022-09-01,DEPT,,113.0,,
IND-328,D21,2022-10-01,DEPT,,118.0,,
IND-328,D21,2022-11-01,DEPT,,126.0,,
IND-328,D21,2022-12-01,DEPT,1268.0,141.0,,
IND-328,D21,2023-01-01,DEPT,,125.0,,
IND-328,D21,2023-02-01,DEPT,,1305.0,,
IND-328,D21,2023-03-01,DEPT,,1287.0,,
IND-328,D21,2023-04-01,DEPT,,1297.0,,
IND-328,D21,2023-05-01,DEPT,,1297.0,,
IND-328,D21,2023-06-01,DEPT,,1293.0,,
IND-328,D21,2023-07-01,DEPT,,1307.0,,
IND-328,D21,2023-08-01,DEPT,,1310.0,,
IND-328,D21,2023-09-01,DEPT,,1296.0,,
IND-328,D21,2023-10-01,DEPT,,1272.0,,
IND-328,D21,2023-11-01,DEPT,,1260.0,,
IND-328,D21,2023-12-01,DEPT,,1252.0,,
IND-328,D21,2024-01-01,DEPT,,1268.0,,
IND-328,D21,2024-02-01,DEPT,,1285.0,,
IND-328,D21,2024-03-01,DEPT,,1291.0,,
IND-328,D21,2024-04-01,DEPT,,1328.0,,
IND-328,D21,2024-05-01,DEPT,,1353.0,,
IND-328,D21,2024-06-01,DEPT,,1364.0,,
IND-328,D21,2024-07-01,DEPT,,1375.0,,
IND-328,D21,2024-08-01,DEPT,,1342.0,,
IND-328,D21,2024-09-01,DEPT,,1342.0,,
IND-328,D21,2024-10-01,DEPT,,1307.0,,
IND-328,D21,2024-11-01,DEPT,,1263.0,,
IND-328,D22,2022-01-01,DEPT,,62.0,,
IND-328,D22,2022-02-01,DEPT,,104.0,,
IND-328,D22,2022-03-01,DEPT,,137.0,,
IND-328,D22,2022-04-01,DEPT,,108.0,,
IND-328,D22,2022-05-01,DEPT,,87.0,,
IND-328,D22,2022-06-01,DEPT,,105.0,,
IND-328,D22,2022-07-01,DEPT,,114.0,,
IND-328,D22,2022-08-01,DEPT,,116.0,,
IND-328,D22,2022-09-01,DEPT,,93.0,,
IND-328,D22,2022-10-01,DEPT,,139.0,,
IND-328,D22,2022-11-01,DEPT,,111.0,,
IND-328,D22,2022-12-01,DEPT,1303.0,127.0,,
IND-328,D22,2023-01-01,DEPT,,154.0,,
IND-328,D22,2023-02-01,DEPT,,1398.0,,
IND-328,D22,2023-03-01,DEPT,,1370.0,,
IND-328,D22,2023-04-01,DEPT,,1364.0,,
IND-328,D22,2023-05-01,DEPT,,1391.0,,
IND-328,D22,2023-06-01,DEPT,,1393.0,,
IND-328,D22,2023-07-01,DEPT,,1406.0,,
IND-328,D22,2023-08-01,DEPT,,1365.0,,
IND-328,D22,2023-09-01,DEPT,,1357.0,,
IND-328,D22,2023-10-01,DEPT,,1330.0,,
IND-328,D22,2023-11-01,DEPT,,1300.0,,
IND-328,D22,2023-12-01,DEPT,,1273.0,,
IND-328,D22,2024-01-01,DEPT,,1238.0,,
IND-328,D22,2024-02-01,DEPT,,1188.0,,
IND-328,D22,2024-03-01,DEPT,,1167.0,,
IND-328,D22,2024-04-01,DEPT,,1140.0,,
IND-328,D22,2024-05-01,DEPT,,1110.0,,
IND-328,D22,2024-06-01,DEPT,,1114.0,,
IND-328,D22,2024-07-01,DEPT,,1139.0,,
IND-328,D22,2024-08-01,DEPT,,1181.0,,
IND-328,D22,2024-09-01,DEPT,,1225.0,,
IND-328,D22,2024-10-01,DEPT,,1225.0,,
IND-328,D22,2024-11-01,DEPT,,1240.0,,
IND-328,D23,2022-01-01,DEPT,,21.0,,
IND-328,D23,2022-02-01,DEPT,,16.0,,
IND-328,D23,2022-03-01,DEPT,,26.0,,
IND-328,D23,2022-04-01,DEPT,,27.0,,
IND-328,D23,2022-05-01,DEPT,,22.0,,
IND-328,D23,2022-06-01,DEPT,,21.0,,
IND-328,D23,2022-07-01,DEPT,,20.0,,
IND-328,D23,2022-08-01,DEPT,,37.0,,
IND-328,D23,2022-09-01,DEPT,,27.0,,
IND-328,D23,2022-10-01,DEPT,,17.0,,
IND-328,D23,2022-11-01,DEPT,,18.0,,
IND-328,D23,2022-12-01,DEPT,276.0,24.0,,
IND-328,D23,2023-01-01,DEPT,,9.0,,
IND-328,D23,2023-02-01,DEPT,,279.0,,
IND-328,D23,2023-03-01,DEPT,,292.0,,
IND-328,D23,2023-04-01,DEPT,,291.0,,
IND-328,D23,2023-05-01,DEPT,,296.0,,
IND-328,D23,2023-06-01,DEPT,,303.0,,
IND-328,D23,2023-07-01,DEPT,,296.0,,
IND-328,D23,2023-08-01,DEPT,,281.0,,
IND-328,D23,2023-09-01,DEPT,,276.0,,
IND-328,D23,2023-10-01,DEPT,,281.0,,
IND-328,D23,2023-11-01,DEPT,,284.0,,
IND-328,D23,2023-12-01,DEPT,,282.0,,
IND-328,D23,2024-01-01,DEPT,,299.0,,
IND-328,D23,2024-02-01,DEPT,,273.0,,
IND-328,D23,2024-03-01,DEPT,,261.0,,
IND-328,D23,2024-04-01,DEPT,,260.0,,
IND-328,D23,2024-05-01,DEPT,,263.0,,
IND-328,D23,2024-06-01,DEPT,,259.0,,
IND-328,D23,2024-07-01,DEPT,,268.0,,
IND-328,D23,2024-08-01,DEPT,,267.0,,
IND-328,D23,2024-09-01,DEPT,,270.0,,
IND-328,D23,2024-10-01,DEPT,,278.0,,
IND-328,D23,2024-11-01,DEPT,,277.0,,
IND-328,D24,2022-01-01,DEPT,,118.0,,
IND-328,D24,2022-02-01,DEPT,,121.0,,
IND-328,D24,2022-03-01,DEPT,,127.0,,
IND-328,D24,2022-04-01,DEPT,,141.0,,
IND-328,D24,2022-05-01,DEPT,,80.0,,
IND-328,D24,2022-06-01,DEPT,,89.0,,
IND-328,D24,2022-07-01,DEPT,,97.0,,
IND-328,D24,2022-08-01,DEPT,,93.0,,
IND-328,D24,2022-09-01,DEPT,,68.0,,
IND-328,D24,2022-10-01,DEPT,,100.0,,
IND-328,D24,2022-11-01,DEPT,,93.0,,
IND-328,D24,2022-12-01,DEPT,1221.0,94.0,,
IND-328,D24,2023-01-01,DEPT,,94.0,,
IND-328,D24,2023-02-01,DEPT,,1157.0,,
IND-328,D24,2023-03-01,DEPT,,1129.0,,
IND-328,D24,2023-04-01,DEPT,,1081.0,,
IND-328,D24,2023-05-01,DEPT,,1095.0,,
IND-328,D24,2023-06-01,DEPT,,1091.0,,
IND-328,D24,2023-07-01,DEPT,,1095.0,,
IND-328,D24,2023-08-01,DEPT,,1101.0,,
IND-328,D24,2023-09-01,DEPT,,1152.0,,
IND-328,D24,2023-10-01,DEPT,,1166.0,,
IND-328,D24,2023-11-01,DEPT,,1166.0,,
IND-328,D24,2023-12-01,DEPT,,1184.0,,
IND-328,D24,2024-01-01,DEPT,,1181.0,,
IND-328,D24,2024-02-01,DEPT,,1149.0,,
IND-328,D24,2024-03-01,DEPT,,1147.0,,
IND-328,D24,2024-04-01,DEPT,,1163.0,,
IND-328,D24,2024-05-01,DEPT,,1167.0,,
IND-328,D24,2024-06-01,DEPT,,1180.0,,
IND-328,D24,2024-07-01,DEPT,,1163.0,,
IND-328,D24,2024-08-01,DEPT,,1118.0,,
IND-328,D24,2024-09-01,DEPT,,1099.0,,
IND-328,D24,2024-10-01,DEPT,,1082.0,,
IND-328,D24,2024-11-01,DEPT,,1111.0,,
IND-328,D25,2022-01-01,DEPT,,59.0,,
IND-328,D25,2022-02-01,DEPT,,77.0,,
IND-328,D25,2022-03-01,DEPT,,61.0,,
IND-328,D25,2022-04-01,DEPT,,52.0,,
IND-328,D25,2022-05-01,DEPT,,82.0,,
IND-328,D25,2022-06-01,DEPT,,73.0,,
IND-328,D25,2022-07-01,DEPT,,77.0,,
IND-328,D25,2022-08-01,DEPT,,72.0,,
IND-328,D25,2022-09-01,DEPT,,69.0,,
IND-328,D25,2022-10-01,DEPT,,90.0,,
IND-328,D25,2022-11-01,DEPT,,81.0,,
IND-328,D25,2022-12-01,DEPT,885.0,92.0,,
IND-328,D25,2023-01-01,DEPT,,75.0,,
IND-328,D25,2023-02-01,DEPT,,870.0,,
IND-328,D25,2023-03-01,DEPT,,884.0,,
IND-328,D25,2023-04-01,DEPT,,897.0,,
IND-328,D25,2023-05-01,DEPT,,893.0,,
IND-328,D25,2023-06-01,DEPT,,899.0,,
IND-328,D25,2023-07-01,DEPT,,885.0,,
IND-328,D25,2023-08-01,DEPT,,894.0,,
IND-328,D25,2023-09-01,DEPT,,921.0,,
IND-328,D25,2023-10-01,DEPT,,913.0,,
IND-328,D25,2023-11-01,DEPT,,925.0,,
IND-328,D25,2023-12-01,DEPT,,914.0,,
IND-328,D25,2024-01-01,DEPT,,936.0,,
IND-328,D25,2024-02-01,DEPT,,989.0,,
IND-328,D25,2024-03-01,DEPT,,998.0,,
IND-328,D25,2024-04-01,DEPT,,999.0,,
IND-328,D25,2024-05-01,DEPT,,988.0,,
IND-328,D25,2024-06-01,DEPT,,963.0,,
IND-328,D25,2024-07-01,DEPT,,987.0,,
IND-328,D25,2024-08-01,DEPT,,969.0,,
IND-328,D25,2024-09-01,DEPT,,939.0,,
IND-328,D25,2024-10-01,DEPT,,900.0,,
IND-328,D25,2024-11-01,DEPT,,884.0,,
IND-328,D26,2022-01-01,DEPT,,87.0,,
IND-328,D26,2022-02-01,DEPT,,102.0,,
IND-328,D26,2022-03-01,DEPT,,183.0,,
IND-328,D26,2022-04-01,DEPT,,147.0,,
IND-328,D26,2022-05-01,DEPT,,147.0,,
IND-328,D26,2022-06-01,DEPT,,151.0,,
IND-328,D26,2022-07-01,DEPT,,139.0,,
IND-328,D26,2022-08-01,DEPT,,159.0,,
IND-328,D26,2022-09-01,DEPT,,163.0,,
IND-328,D26,2022-10-01,DEPT,,153.0,,
IND-328,D26,2022-11-01,DEPT,,166.0,,
IND-328,D26,2022-12-01,DEPT,1840.0,243.0,,
IND-328,D26,2023-01-01,DEPT,,161.0,,
IND-328,D26,2023-02-01,DEPT,,1962.0,,
IND-328,D26,2023-03-01,DEPT,,1945.0,,
IND-328,D26,2023-04-01,DEPT,,1967.0,,
IND-328,D26,2023-05-01,DEPT,,1983.0,,
IND-328,D26,2023-06-01,DEPT,,1944.0,,
IND-328,D26,2023-07-01,DEPT,,1905.0,,
IND-328,D26,2023-08-01,DEPT,,1905.0,,
IND-328,D26,2023-09-01,DEPT,,1894.0,,
IND-328,D26,2023-10-01,DEPT,,1911.0,,
IND-328,D26,2023-11-01,DEPT,,1907.0,,
IND-328,D26,2023-12-01,DEPT,,1821.0,,
IND-328,D26,2024-01-01,DEPT,,1774.0,,
IND-328,D26,2024-02-01,DEPT,,1737.0,,
IND-328,D26,2024-03-01,DEPT,,1725.0,,
IND-328,D26,2024-04-01,DEPT,,1678.0,,
IND-328,D26,2024-05-01,DEPT,,1654.0,,
IND-328,D26,2024-06-01,DEPT,,1702.0,,
IND-328,D26,2024-07-01,DEPT,,1744.0,,
IND-328,D26,2024-08-01,DEPT,,1732.0,,
IND-328,D26,2024-09-01,DEPT,,1702.0,,
IND-328,D26,2024-10-01,DEPT,,1707.0,,
IND-328,D26,2024-11-01,DEPT,,1688.0,,
IND-328,D27,2022-01-01,DEPT,,106.0,,
IND-328,D27,2022-02-01,DEPT,,87.0,,
IND-328,D27,2022-03-01,DEPT,,101.0,,
IND-328,D27,2022-04-01,DEPT,,102.0,,
IND-328,D27,2022-05-01,DEPT,,110.0,,
IND-328,D27,2022-06-01,DEPT,,119.0,,
IND-328,D27,2022-07-01,DEPT,,143.0,,
IND-328,D27,2022-08-01,DEPT,,116.0,,
IND-328,D27,2022-09-01,DEPT,,99.0,,
IND-328,D27,2022-10-01,DEPT,,127.0,,
IND-328,D27,2022-11-01,DEPT,,140.0,,
IND-328,D27,2022-12-01,DEPT,1410.0,160.0,,
IND-328,D27,2023-01-01,DEPT,,119.0,,
IND-328,D27,2023-02-01,DEPT,,1425.0,,
IND-328,D27,2023-03-01,DEPT,,1484.0,,
IND-328,D27,2023-04-01,DEPT,,1513.0,,
IND-328,D27,2023-05-01,DEPT,,1532.0,,
IND-328,D27,2023-06-01,DEPT,,1553.0,,
IND-328,D27,2023-07-01,DEPT,,1565.0,,
IND-328,D27,2023-08-01,DEPT,,1583.0,,
IND-328,D27,2023-09-01,DEPT,,1610.0,,
IND-328,D27,2023-10-01,DEPT,,1605.0,,
IND-328,D27,2023-11-01,DEPT,,1633.0,,
IND-328,D27,2023-12-01,DEPT,,1659.0,,
IND-328,D27,2024-01-01,DEPT,,1688.0,,
IND-328,D27,2024-02-01,DEPT,,1762.0,,
IND-328,D27,2024-03-01,DEPT,,1724.0,,
IND-328,D27,2024-04-01,DEPT,,1712.0,,
IND-328,D27,2024-05-01,DEPT,,1709.0,,
IND-328,D27,2024-06-01,DEPT,,1694.0,,
IND-328,D27,2024-07-01,DEPT,,1702.0,,
IND-328,D27,2024-08-01,DEPT,,1689.0,,
IND-328,D27,2024-09-01,DEPT,,1699.0,,
IND-328,D27,2024-10-01,DEPT,,1699.0,,
IND-328,D27,2024-11-01,DEPT,,1666.0,,
IND-328,D28,2022-01-01,DEPT,,78.0,,
IND-328,D28,2022-02-01,DEPT,,64.0,,
IND-328,D28,2022-03-01,DEPT,,83.0,,
IND-328,D28,2022-04-01,DEPT,,36.0,,
IND-328,D28,2022-05-01,DEPT,,73.0,,
IND-328,D28,2022-06-01,DEPT,,56.0,,
IND-328,D28,2022-07-01,DEPT,,54.0,,
IND-328,D28,2022-08-01,DEPT,,65.0,,
IND-328,D28,2022-09-01,DEPT,,64.0,,
IND-328,D28,2022-10-01,DEPT,,72.0,,
IND-328,D28,2022-11-01,DEPT,,71.0,,
IND-328,D28,2022-12-01,DEPT,841.0,125.0,,
IND-328,D28,2023-01-01,DEPT,,112.0,,
IND-328,D28,2023-02-01,DEPT,,865.0,,
IND-328,D28,2023-03-01,DEPT,,864.0,,
IND-328,D28,2023-04-01,DEPT,,914.0,,
IND-328,D28,2023-05-01,DEPT,,927.0,,
IND-328,D28,2023-06-01,DEPT,,952.0,,
IND-328,D28,2023-07-01,DEPT,,1031.0,,
IND-328,D28,2023-08-01,DEPT,,1107.0,,
IND-328,D28,2023-09-01,DEPT,,1143.0,,
IND-328,D28,2023-10-01,DEPT,,1157.0,,
IND-328,D28,2023-11-01,DEPT,,1218.0,,
IND-328,D28,2023-12-01,DEPT,,1214.0,,
IND-328,D28,2024-01-01,DEPT,,1209.0,,
IND-328,D28,2024-02-01,DEPT,,1255.0,,
IND-328,D28,2024-03-01,DEPT,,1273.0,,
IND-328,D28,2024-04-01,DEPT,,1314.0,,
IND-328,D28,2024-05-01,DEPT,,1300.0,,
IND-328,D28,2024-06-01,DEPT,,1295.0,,
IND-328,D28,2024-07-01,DEPT,,1286.0,,
IND-328,D28,2024-08-01,DEPT,,1216.0,,
IND-328,D28,2024-09-01,DEPT,,1229.0,,
IND-328,D28,2024-10-01,DEPT,,1265.0,,
IND-328,D28,2024-11-01,DEPT,,1244.0,,
IND-328,D29,2022-01-01,DEPT,,140.0,,
IND-328,D29,2022-02-01,DEPT,,163.0,,
IND-328,D29,2022-03-01,DEPT,,185.0,,
IND-328,D29,2022-04-01,DEPT,,128.0,,
IND-328,D29,2022-05-01,DEPT,,165.0,,
IND-328,D29,2022-06-01,DEPT,,206.0,,
IND-328,D29,2022-07-01,DEPT,,213.0,,
IND-328,D29,2022-08-01,DEPT,,195.0,,
IND-328,D29,2022-09-01,DEPT,,133.0,,
IND-328,D29,2022-10-01,DEPT,,155.0,,
IND-328,D29,2022-11-01,DEPT,,178.0,,
IND-328,D29,2022-12-01,DEPT,2036.0,175.0,,
IND-328,D29,2023-01-01,DEPT,,209.0,,
IND-328,D29,2023-02-01,DEPT,,2156.0,,
IND-328,D29,2023-03-01,DEPT,,2158.0,,
IND-328,D29,2023-04-01,DEPT,,2167.0,,
IND-328,D29,2023-05-01,DEPT,,2214.0,,
IND-328,D29,2023-06-01,DEPT,,2201.0,,
IND-328,D29,2023-07-01,DEPT,,2241.0,,
IND-328,D29,2023-08-01,DEPT,,2182.0,,
IND-328,D29,2023-09-01,DEPT,,2252.0,,
IND-328,D29,2023-10-01,DEPT,,2369.0,,
IND-328,D29,2023-11-01,DEPT,,2436.0,,
IND-328,D29,2023-12-01,DEPT,,2454.0,,
IND-328,D29,2024-01-01,DEPT,,2410.0,,
IND-328,D29,2024-02-01,DEPT,,2406.0,,
IND-328,D29,2024-03-01,DEPT,,2443.0,,
IND-328,D29,2024-04-01,DEPT,,2452.0,,
IND-328,D29,2024-05-01,DEPT,,2407.0,,
IND-328,D29,2024-06-01,DEPT,,2372.0,,
IND-328,D29,2024-07-01,DEPT,,2355.0,,
IND-328,D29,2024-08-01,DEPT,,2371.0,,
IND-328,D29,2024-09-01,DEPT,,2327.0,,
IND-328,D29,2024-10-01,DEPT,,2218.0,,
IND-328,D29,2024-11-01,DEPT,,2181.0,,
IND-328,D2A,2022-01-01,DEPT,,18.0,,
IND-328,D2A,2022-02-01,DEPT,,11.0,,
IND-328,D2A,2022-03-01,DEPT,,11.0,,
IND-328,D2A,2022-04-01,DEPT,,15.0,,
IND-328,D2A,2022-05-01,DEPT,,8.0,,
IND-328,D2A,2022-06-01,DEPT,,16.0,,
IND-328,D2A,2022-07-01,DEPT,,24.0,,
IND-328,D2A,2022-08-01,DEPT,,24.0,,
IND-328,D2A,2022-09-01,DEPT,,15.0,,
IND-328,D2A,2022-10-01,DEPT,,10.0,,
IND-328,D2A,2022-11-01,DEPT,,9.0,,
IND-328,D2A,2022-12-01,DEPT,175.0,14.0,,
IND-328,D2A,2023-01-01,DEPT,,15.0,,
IND-328,D2A,2023-02-01,DEPT,,173.0,,
IND-328,D2A,2023-03-01,DEPT,,172.0,,
IND-328,D2A,2023-04-01,DEPT,,173.0,,
IND-328,D2A,2023-05-01,DEPT,,187.0,,
IND-328,D2A,2023-06-01,DEPT,,191.0,,
IND-328,D2A,2023-07-01,DEPT,,208.0,,
IND-328,D2A,2023-08-01,DEPT,,210.0,,
IND-328,D2A,2023-09-01,DEPT,,227.0,,
IND-328,D2A,2023-11-01,DEPT,,230.0,,
IND-328,D2A,2023-12-01,DEPT,,233.0,,
IND-328,D2A,2024-01-01,DEPT,,227.0,,
IND-328,D2A,2024-02-01,DEPT,,227.0,,
IND-328,D2A,2024-03-01,DEPT,,231.0,,
IND-328,D2A,2024-04-01,DEPT,,222.0,,
IND-328,D2A,2024-05-01,DEPT,,217.0,,
IND-328,D2A,2024-06-01,DEPT,,206.0,,
IND-328,D2A,2024-07-01,DEPT,,180.0,,
IND-328,D2A,2024-08-01,DEPT,,165.0,,
IND-328,D2A,2024-09-01,DEPT,,143.0,,
IND-328,D2A,2024-10-01,DEPT,,146.0,,
IND-328,D2A,2024-11-01,DEPT,,134.0,,
IND-328,D2B,2022-01-01,DEPT,,6.0,,
IND-328,D2B,2022-02-01,DEPT,,20.0,,
IND-328,D2B,2022-03-01,DEPT,,15.0,,
IND-328,D2B,2022-04-01,DEPT,,16.0,,
IND-328,D2B,2022-05-01,DEPT,,20.0,,
IND-328,D2B,2022-06-01,DEPT,,15.0,,
IND-328,D2B,2022-07-01,DEPT,,13.0,,
IND-328,D2B,2022-08-01,DEPT,,16.0,,
IND-328,D2B,2022-09-01,DEPT,,15.0,,
IND-328,D2B,2022-10-01,DEPT,,14.0,,
IND-328,D2B,2022-11-01,DEPT,,5.0,,
IND-328,D2B,2022-12-01,DEPT,167.0,12.0,,
IND-328,D2B,2023-01-01,DEPT,,13.0,,
IND-328,D2B,2023-02-01,DEPT,,160.0,,
IND-328,D2B,2023-03-01,DEPT,,155.0,,
IND-328,D2B,2023-04-01,DEPT,,147.0,,
IND-328,D2B,2023-05-01,DEPT,,144.0,,
IND-328,D2B,2023-06-01,DEPT,,146.0,,
IND-328,D2B,2023-07-01,DEPT,,148.0,,
IND-328,D2B,2023-08-01,DEPT,,151.0,,
IND-328,D2B,2023-09-01,DEPT,,151.0,,
IND-328,D2B,2023-10-01,DEPT,,146.0,,
IND-328,D2B,2023-11-01,DEPT,,160.0,,
IND-328,D2B,2023-12-01,DEPT,,160.0,,
IND-328,D2B,2024-01-01,DEPT,,160.0,,
IND-328,D2B,2024-02-01,DEPT,,165.0,,
IND-328,D2B,2024-03-01,DEPT,,168.0,,
IND-328,D2B,2024-04-01,DEPT,,165.0,,
IND-328,D2B,2024-05-01,DEPT,,155.0,,
IND-328,D2B,2024-06-01,DEPT,,153.0,,
IND-328,D2B,2024-07-01,DEPT,,141.0,,
IND-328,D2B,2024-08-01,DEPT,,132.0,,
IND-328,D2B,2024-09-01,DEPT,,129.0,,
IND-328,D2B,2024-10-01,DEPT,,131.0,,
IND-328,D2B,2024-11-01,DEPT,,120.0,,
IND-328,D30,2022-01-01,DEPT,,228.0,,
IND-328,D30,2022-02-01,DEPT,,177.0,,
IND-328,D30,2022-03-01,DEPT,,232.0,,
IND-328,D30,2022-04-01,DEPT,,196.0,,
IND-328,D30,2022-05-01,DEPT,,236.0,,
IND-328,D30,2022-06-01,DEPT,,229.0,,
IND-328,D30,2022-07-01,DEPT,,218.0,,
IND-328,D30,2022-08-01,DEPT,,225.0,,
IND-328,D30,2022-09-01,DEPT,,194.0,,
IND-328,D30,2022-10-01,DEPT,,182.0,,
IND-328,D30,2022-11-01,DEPT,,188.0,,
IND-328,D30,2022-12-01,DEPT,2572.0,267.0,,
IND-328,D30,2023-01-01,DEPT,,215.0,,
IND-328,D30,2023-02-01,DEPT,,2567.0,,
IND-328,D30,2023-03-01,DEPT,,2534.0,,
IND-328,D30,2023-04-01,DEPT,,2568.0,,
IND-328,D30,2023-05-01,DEPT,,2566.0,,
IND-328,D30,2023-06-01,DEPT,,2537.0,,
IND-328,D30,2023-07-01,DEPT,,2519.0,,
IND-328,D30,2023-08-01,DEPT,,2563.0,,
IND-328,D30,2023-09-01,DEPT,,2580.0,,
IND-328,D30,2023-10-01,DEPT,,2648.0,,
IND-328,D30,2023-11-01,DEPT,,2676.0,,
IND-328,D30,2023-12-01,DEPT,,2656.0,,
IND-328,D30,2024-01-01,DEPT,,2686.0,,
IND-328,D30,2024-02-01,DEPT,,2718.0,,
IND-328,D30,2024-03-01,DEPT,,2766.0,,
IND-328,D30,2024-04-01,DEPT,,2736.0,,
IND-328,D30,2024-05-01,DEPT,,2729.0,,
IND-328,D30,2024-06-01,DEPT,,2784.0,,
IND-328,D30,2024-07-01,DEPT,,2888.0,,
IND-328,D30,2024-08-01,DEPT,,2891.0,,
IND-328,D30,2024-09-01,DEPT,,2909.0,,
IND-328,D30,2024-10-01,DEPT,,2913.0,,
IND-328,D30,2024-11-01,DEPT,,2951.0,,
IND-328,D31,2022-01-01,DEPT,,467.0,,
IND-328,D31,2022-02-01,DEPT,,513.0,,
IND-328,D31,2022-03-01,DEPT,,562.0,,
IND-328,D31,2022-04-01,DEPT,,477.0,,
IND-328,D31,2022-05-01,DEPT,,459.0,,
IND-328,D31,2022-06-01,DEPT,,476.0,,
IND-328,D31,2022-07-01,DEPT,,458.0,,
IND-328,D31,2022-08-01,DEPT,,663.0,,
IND-328,D31,2022-09-01,DEPT,,540.0,,
IND-328,D31,2022-10-01,DEPT,,562.0,,
IND-328,D31,2022-11-01,DEPT,,642.0,,
IND-328,D31,2022-12-01,DEPT,6400.0,581.0,,
IND-328,D31,2023-01-01,DEPT,,503.0,,
IND-328,D31,2023-02-01,DEPT,,6207.0,,
IND-328,D31,2023-03-01,DEPT,,6159.0,,
IND-328,D31,2023-04-01,DEPT,,6102.0,,
IND-328,D31,2023-05-01,DEPT,,6051.0,,
IND-328,D31,2023-06-01,DEPT,,6066.0,,
IND-328,D31,2023-07-01,DEPT,,6003.0,,
IND-328,D31,2023-08-01,DEPT,,5841.0,,
IND-328,D31,2023-09-01,DEPT,,5911.0,,
IND-328,D31,2023-10-01,DEPT,,6014.0,,
IND-328,D31,2023-11-01,DEPT,,6051.0,,
IND-328,D31,2023-12-01,DEPT,,6210.0,,
IND-328,D31,2024-01-01,DEPT,,6427.0,,
IND-328,D31,2024-02-01,DEPT,,6510.0,,
IND-328,D31,2024-03-01,DEPT,,6420.0,,
IND-328,D31,2024-04-01,DEPT,,6511.0,,
IND-328,D31,2024-05-01,DEPT,,6532.0,,
IND-328,D31,2024-06-01,DEPT,,6577.0,,
IND-328,D31,2024-07-01,DEPT,,6796.0,,
IND-328,D31,2024-08-01,DEPT,,6739.0,,
IND-328,D31,2024-09-01,DEPT,,6603.0,,
IND-328,D31,2024-10-01,DEPT,,6639.0,,
IND-328,D31,2024-11-01,DEPT,,6552.0,,
IND-328,D32,2022-01-01,DEPT,,30.0,,
IND-328,D32,2022-02-01,DEPT,,34.0,,
IND-328,D32,2022-03-01,DEPT,,48.0,,
IND-328,D32,2022-04-01,DEPT,,48.0,,
IND-328,D32,2022-05-01,DEPT,,37.0,,
IND-328,D32,2022-06-01,DEPT,,33.0,,
IND-328,D32,2022-07-01,DEPT,,34.0,,
IND-328,D32,2022-08-01,DEPT,,48.0,,
IND-328,D32,2022-09-01,DEPT,,28.0,,
IND-328,D32,2022-10-01,DEPT,,35.0,,
IND-328,D32,2022-11-01,DEPT,,48.0,,
IND-328,D32,2022-12-01,DEPT,456.0,33.0,,
IND-328,D32,2023-01-01,DEPT,,42.0,,
IND-328,D32,2023-02-01,DEPT,,467.0,,
IND-328,D32,2023-03-01,DEPT,,469.0,,
IND-328,D32,2023-04-01,DEPT,,445.0,,
IND-328,D32,2023-05-01,DEPT,,449.0,,
IND-328,D32,2023-06-01,DEPT,,440.0,,
IND-328,D32,2023-07-01,DEPT,,425.0,,
IND-328,D32,2023-08-01,DEPT,,434.0,,
IND-328,D32,2023-09-01,DEPT,,492.0,,
IND-328,D32,2023-10-01,DEPT,,504.0,,
IND-328,D32,2023-11-01,DEPT,,504.0,,
IND-328,D32,2023-12-01,DEPT,,529.0,,
IND-328,D32,2024-01-01,DEPT,,555.0,,
IND-328,D32,2024-02-01,DEPT,,589.0,,
IND-328,D32,2024-03-01,DEPT,,605.0,,
IND-328,D32,2024-04-01,DEPT,,649.0,,
IND-328,D32,2024-05-01,DEPT,,661.0,,
IND-328,D32,2024-06-01,DEPT,,710.0,,
IND-328,D32,2024-07-01,DEPT,,748.0,,
IND-328,D32,2024-08-01,DEPT,,744.0,,
IND-328,D32,2024-09-01,DEPT,,720.0,,
IND-328,D32,2024-10-01,DEPT,,769.0,,
IND-328,D32,2024-11-01,DEPT,,797.0,,
IND-328,D33,2022-01-01,DEPT,,598.0,,
IND-328,D33,2022-02-01,DEPT,,656.0,,
IND-328,D33,2022-03-01,DEPT,,700.0,,
IND-328,D33,2022-04-01,DEPT,,597.0,,
IND-328,D33,2022-05-01,DEPT,,663.0,,
IND-328,D33,2022-06-01,DEPT,,642.0,,
IND-328,D33,2022-07-01,DEPT,,749.0,,
IND-328,D33,2022-08-01,DEPT,,820.0,,
IND-328,D33,2022-09-01,DEPT,,657.0,,
IND-328,D33,2022-10-01,DEPT,,531.0,,
IND-328,D33,2022-11-01,DEPT,,493.0,,
IND-328,D33,2022-12-01,DEPT,7731.0,625.0,,
IND-328,D33,2023-01-01,DEPT,,512.0,,
IND-328,D33,2023-02-01,DEPT,,7441.0,,
IND-328,D33,2023-03-01,DEPT,,7313.0,,
IND-328,D33,2023-04-01,DEPT,,7302.0,,
IND-328,D33,2023-05-01,DEPT,,7284.0,,
IND-328,D33,2023-06-01,DEPT,,7305.0,,
IND-328,D33,2023-07-01,DEPT,,7241.0,,
IND-328,D33,2023-08-01,DEPT,,7228.0,,
IND-328,D33,2023-09-01,DEPT,,7263.0,,
IND-328,D33,2023-10-01,DEPT,,7421.0,,
IND-328,D33,2023-11-01,DEPT,,7719.0,,
IND-328,D33,2023-12-01,DEPT,,7953.0,,
IND-328,D33,2024-01-01,DEPT,,8163.0,,
IND-328,D33,2024-02-01,DEPT,,8216.0,,
IND-328,D33,2024-03-01,DEPT,,8210.0,,
IND-328,D33,2024-04-01,DEPT,,8284.0,,
IND-328,D33,2024-05-01,DEPT,,8248.0,,
IND-328,D33,2024-06-01,DEPT,,8234.0,,
IND-328,D33,2024-07-01,DEPT,,8222.0,,
IND-328,D33,2024-08-01,DEPT,,8124.0,,
IND-328,D33,2024-09-01,DEPT,,8081.0,,
IND-328,D33,2024-10-01,DEPT,,8036.0,,
IND-328,D33,2024-11-01,DEPT,,7936.0,,
IND-328,D34,2022-01-01,DEPT,,401.0,,
IND-328,D34,2022-02-01,DEPT,,366.0,,
IND-328,D34,2022-03-01,DEPT,,371.0,,
IND-328,D34,2022-04-01,DEPT,,276.0,,
IND-328,D34,2022-05-01,DEPT,,327.0,,
IND-328,D34,2022-06-01,DEPT,,344.0,,
IND-328,D34,2022-07-01,DEPT,,318.0,,
IND-328,D34,2022-08-01,DEPT,,422.0,,
IND-328,D34,2022-09-01,DEPT,,427.0,,
IND-328,D34,2022-10-01,DEPT,,316.0,,
IND-328,D34,2022-11-01,DEPT,,299.0,,
IND-328,D34,2022-12-01,DEPT,4243.0,376.0,,
IND-328,D34,2023-01-01,DEPT,,359.0,,
IND-328,D34,2023-02-01,DEPT,,4147.0,,
IND-328,D34,2023-03-01,DEPT,,4130.0,,
IND-328,D34,2023-04-01,DEPT,,4175.0,,
IND-328,D34,2023-05-01,DEPT,,4226.0,,
IND-328,D34,2023-06-01,DEPT,,4226.0,,
IND-328,D34,2023-07-01,DEPT,,4337.0,,
IND-328,D34,2023-08-01,DEPT,,4374.0,,
IND-328,D34,2023-09-01,DEPT,,4385.0,,
IND-328,D34,2023-10-01,DEPT,,4498.0,,
IND-328,D34,2023-11-01,DEPT,,4638.0,,
IND-328,D34,2023-12-01,DEPT,,4736.0,,
IND-328,D34,2024-01-01,DEPT,,4775.0,,
IND-328,D34,2024-02-01,DEPT,,4870.0,,
IND-328,D34,2024-03-01,DEPT,,4924.0,,
IND-328,D34,2024-04-01,DEPT,,5034.0,,
IND-328,D34,2024-05-01,DEPT,,5076.0,,
IND-328,D34,2024-06-01,DEPT,,5201.0,,
IND-328,D34,2024-07-01,DEPT,,5220.0,,
IND-328,D34,2024-08-01,DEPT,,5212.0,,
IND-328,D34,2024-09-01,DEPT,,5193.0,,
IND-328,D34,2024-10-01,DEPT,,5189.0,,
IND-328,D34,2024-11-01,DEPT,,5112.0,,
IND-328,D35,2022-01-01,DEPT,,153.0,,
IND-328,D35,2022-02-01,DEPT,,171.0,,
IND-328,D35,2022-03-01,DEPT,,135.0,,
IND-328,D35,2022-04-01,DEPT,,136.0,,
IND-328,D35,2022-05-01,DEPT,,181.0,,
IND-328,D35,2022-06-01,DEPT,,243.0,,
IND-328,D35,2022-07-01,DEPT,,327.0,,
IND-328,D35,2022-08-01,DEPT,,339.0,,
IND-328,D35,2022-09-01,DEPT,,224.0,,
IND-328,D35,2022-10-01,DEPT,,262.0,,
IND-328,D35,2022-11-01,DEPT,,205.0,,
IND-328,D35,2022-12-01,DEPT,2666.0,290.0,,
IND-328,D35,2023-01-01,DEPT,,227.0,,
IND-328,D35,2023-02-01,DEPT,,2772.0,,
IND-328,D35,2023-03-01,DEPT,,2880.0,,
IND-328,D35,2023-04-01,DEPT,,2921.0,,
IND-328,D35,2023-05-01,DEPT,,3002.0,,
IND-328,D35,2023-06-01,DEPT,,3018.0,,
IND-328,D35,2023-07-01,DEPT,,3029.0,,
IND-328,D35,2023-08-01,DEPT,,3083.0,,
IND-328,D35,2023-09-01,DEPT,,3084.0,,
IND-328,D35,2023-10-01,DEPT,,3041.0,,
IND-328,D35,2023-11-01,DEPT,,3074.0,,
IND-328,D35,2023-12-01,DEPT,,3065.0,,
IND-328,D35,2024-01-01,DEPT,,3044.0,,
IND-328,D35,2024-02-01,DEPT,,3057.0,,
IND-328,D35,2024-03-01,DEPT,,3078.0,,
IND-328,D35,2024-04-01,DEPT,,3144.0,,
IND-328,D35,2024-05-01,DEPT,,3155.0,,
IND-328,D35,2024-06-01,DEPT,,3211.0,,
IND-328,D35,2024-07-01,DEPT,,3282.0,,
IND-328,D35,2024-08-01,DEPT,,3285.0,,
IND-328,D35,2024-09-01,DEPT,,3269.0,,
IND-328,D35,2024-10-01,DEPT,,3307.0,,
IND-328,D35,2024-11-01,DEPT,,3290.0,,
IND-328,D36,2022-01-01,DEPT,,51.0,,
IND-328,D36,2022-02-01,DEPT,,42.0,,
IND-328,D36,2022-03-01,DEPT,,29.0,,
IND-328,D36,2022-04-01,DEPT,,44.0,,
IND-328,D36,2022-05-01,DEPT,,65.0,,
IND-328,D36,2022-06-01,DEPT,,43.0,,
IND-328,D36,2022-07-01,DEPT,,55.0,,
IND-328,D36,2022-08-01,DEPT,,49.0,,
IND-328,D36,2022-09-01,DEPT,,34.0,,
IND-328,D36,2022-10-01,DEPT,,26.0,,
IND-328,D36,2022-11-01,DEPT,,74.0,,
IND-328,D36,2022-12-01,DEPT,551.0,39.0,,
IND-328,D36,2023-01-01,DEPT,,45.0,,
IND-328,D36,2023-02-01,DEPT,,558.0,,
IND-328,D36,2023-03-01,DEPT,,590.0,,
IND-328,D36,2023-04-01,DEPT,,591.0,,
IND-328,D36,2023-05-01,DEPT,,583.0,,
IND-328,D36,2023-06-01,DEPT,,588.0,,
IND-328,D36,2023-07-01,DEPT,,573.0,,
IND-328,D36,2023-08-01,DEPT,,579.0,,
IND-328,D36,2023-09-01,DEPT,,605.0,,
IND-328,D36,2023-10-01,DEPT,,635.0,,
IND-328,D36,2023-11-01,DEPT,,620.0,,
IND-328,D36,2023-12-01,DEPT,,638.0,,
IND-328,D36,2024-01-01,DEPT,,643.0,,
IND-328,D36,2024-02-01,DEPT,,655.0,,
IND-328,D36,2024-03-01,DEPT,,644.0,,
IND-328,D36,2024-04-01,DEPT,,648.0,,
IND-328,D36,2024-05-01,DEPT,,669.0,,
IND-328,D36,2024-06-01,DEPT,,684.0,,
IND-328,D36,2024-07-01,DEPT,,732.0,,
IND-328,D36,2024-08-01,DEPT,,750.0,,
IND-328,D36,2024-09-01,DEPT,,747.0,,
IND-328,D36,2024-10-01,DEPT,,771.0,,
IND-328,D36,2024-11-01,DEPT,,824.0,,
IND-328,D37,2022-01-01,DEPT,,135.0,,
IND-328,D37,2022-02-01,DEPT,,113.0,,
IND-328,D37,2022-03-01,DEPT,,132.0,,
IND-328,D37,2022-04-01,DEPT,,119.0,,
IND-328,D37,2022-05-01,DEPT,,125.0,,
IND-328,D37,2022-06-01,DEPT,,113.0,,
IND-328,D37,2022-07-01,DEPT,,144.0,,
IND-328,D37,2022-08-01,DEPT,,191.0,,
IND-328,D37,2022-09-01,DEPT,,158.0,,
IND-328,D37,2022-10-01,DEPT,,143.0,,
IND-328,D37,2022-11-01,DEPT,,131.0,,
IND-328,D37,2022-12-01,DEPT,1666.0,162.0,,
IND-328,D37,2023-01-01,DEPT,,130.0,,
IND-328,D37,2023-02-01,DEPT,,1680.0,,
IND-328,D37,2023-03-01,DEPT,,1732.0,,
IND-328,D37,2023-04-01,DEPT,,1767.0,,
IND-328,D37,2023-05-01,DEPT,,1775.0,,
IND-328,D37,2023-06-01,DEPT,,1789.0,,
IND-328,D37,2023-07-01,DEPT,,1779.0,,
IND-328,D37,2023-08-01,DEPT,,1812.0,,
IND-328,D37,2023-09-01,DEPT,,1815.0,,
IND-328,D37,2023-10-01,DEPT,,1818.0,,
IND-328,D37,2023-11-01,DEPT,,1860.0,,
IND-328,D37,2023-12-01,DEPT,,1920.0,,
IND-328,D37,2024-01-01,DEPT,,1959.0,,
IND-328,D37,2024-02-01,DEPT,,2030.0,,
IND-328,D37,2024-03-01,DEPT,,2066.0,,
IND-328,D37,2024-04-01,DEPT,,2122.0,,
IND-328,D37,2024-05-01,DEPT,,2204.0,,
IND-328,D37,2024-06-01,DEPT,,2265.0,,
IND-328,D37,2024-07-01,DEPT,,2373.0,,
IND-328,D37,2024-08-01,DEPT,,2327.0,,
IND-328,D37,2024-09-01,DEPT,,2361.0,,
IND-328,D37,2024-10-01,DEPT,,2437.0,,
IND-328,D37,2024-11-01,DEPT,,2490.0,,
IND-328,D38,2022-01-01,DEPT,,429.0,,
IND-328,D38,2022-02-01,DEPT,,403.0,,
IND-328,D38,2022-03-01,DEPT,,507.0,,
IND-328,D38,2022-04-01,DEPT,,452.0,,
IND-328,D38,2022-05-01,DEPT,,455.0,,
IND-328,D38,2022-06-01,DEPT,,460.0,,
IND-328,D38,2022-07-01,DEPT,,448.0,,
IND-328,D38,2022-08-01,DEPT,,475.0,,
IND-328,D38,2022-09-01,DEPT,,394.0,,
IND-328,D38,2022-10-01,DEPT,,401.0,,
IND-328,D38,2022-11-01,DEPT,,493.0,,
IND-328,D38,2022-12-01,DEPT,5508.0,591.0,,
IND-328,D38,2023-01-01,DEPT,,479.0,,
IND-328,D38,2023-02-01,DEPT,,5549.0,,
IND-328,D38,2023-03-01,DEPT,,5545.0,,
IND-328,D38,2023-04-01,DEPT,,5516.0,,
IND-328,D38,2023-05-01,DEPT,,5411.0,,
IND-328,D38,2023-06-01,DEPT,,5264.0,,
IND-328,D38,2023-07-01,DEPT,,5170.0,,
IND-328,D38,2023-08-01,DEPT,,5083.0,,
IND-328,D38,2023-09-01,DEPT,,5044.0,,
IND-328,D38,2023-10-01,DEPT,,5055.0,,
IND-328,D38,2023-11-01,DEPT,,5050.0,,
IND-328,D38,2023-12-01,DEPT,,5087.0,,
IND-328,D38,2024-01-01,DEPT,,5123.0,,
IND-328,D38,2024-02-01,DEPT,,5155.0,,
IND-328,D38,2024-03-01,DEPT,,5118.0,,
IND-328,D38,2024-04-01,DEPT,,5145.0,,
IND-328,D38,2024-05-01,DEPT,,5206.0,,
IND-328,D38,2024-06-01,DEPT,,5357.0,,
IND-328,D38,2024-07-01,DEPT,,5534.0,,
IND-328,D38,2024-08-01,DEPT,,5562.0,,
IND-328,D38,2024-09-01,DEPT,,5608.0,,
IND-328,D38,2024-10-01,DEPT,,5775.0,,
IND-328,D38,2024-11-01,DEPT,,5912.0,,
IND-328,D39,2022-01-01,DEPT,,34.0,,
IND-328,D39,2022-02-01,DEPT,,31.0,,
IND-328,D39,2022-03-01,DEPT,,34.0,,
IND-328,D39,2022-04-01,DEPT,,39.0,,
IND-328,D39,2022-05-01,DEPT,,39.0,,
IND-328,D39,2022-06-01,DEPT,,34.0,,
IND-328,D39,2022-07-01,DEPT,,37.0,,
IND-328,D39,2022-08-01,DEPT,,36.0,,
IND-328,D39,2022-09-01,DEPT,,48.0,,
IND-328,D39,2022-10-01,DEPT,,28.0,,
IND-328,D39,2022-11-01,DEPT,,40.0,,
IND-328,D39,2022-12-01,DEPT,459.0,59.0,,
IND-328,D39,2023-01-01,DEPT,,35.0,,
IND-328,D39,2023-02-01,DEPT,,455.0,,
IND-328,D39,2023-03-01,DEPT,,465.0,,
IND-328,D39,2023-04-01,DEPT,,471.0,,
IND-328,D39,2023-05-01,DEPT,,463.0,,
IND-328,D39,2023-06-01,DEPT,,442.0,,
IND-328,D39,2023-07-01,DEPT,,448.0,,
IND-328,D39,2023-08-01,DEPT,,438.0,,
IND-328,D39,2023-09-01,DEPT,,425.0,,
IND-328,D39,2023-10-01,DEPT,,431.0,,
IND-328,D39,2023-11-01,DEPT,,455.0,,
IND-328,D39,2023-12-01,DEPT,,439.0,,
IND-328,D39,2024-01-01,DEPT,,434.0,,
IND-328,D39,2024-02-01,DEPT,,441.0,,
IND-328,D39,2024-03-01,DEPT,,433.0,,
IND-328,D39,2024-04-01,DEPT,,429.0,,
IND-328,D39,2024-05-01,DEPT,,416.0,,
IND-328,D39,2024-06-01,DEPT,,443.0,,
IND-328,D39,2024-07-01,DEPT,,451.0,,
IND-328,D39,2024-08-01,DEPT,,462.0,,
IND-328,D39,2024-09-01,DEPT,,465.0,,
IND-328,D39,2024-10-01,DEPT,,474.0,,
IND-328,D39,2024-11-01,DEPT,,474.0,,
IND-328,D40,2022-01-01,DEPT,,124.0,,
IND-328,D40,2022-02-01,DEPT,,109.0,,
IND-328,D40,2022-03-01,DEPT,,109.0,,
IND-328,D40,2022-04-01,DEPT,,93.0,,
IND-328,D40,2022-05-01,DEPT,,88.0,,
IND-328,D40,2022-06-01,DEPT,,102.0,,
IND-328,D40,2022-07-01,DEPT,,81.0,,
IND-328,D40,2022-08-01,DEPT,,102.0,,
IND-328,D40,2022-09-01,DEPT,,87.0,,
IND-328,D40,2022-10-01,DEPT,,105.0,,
IND-328,D40,2022-11-01,DEPT,,122.0,,
IND-328,D40,2022-12-01,DEPT,1256.0,134.0,,
IND-328,D40,2023-01-01,DEPT,,104.0,,
IND-328,D40,2023-02-01,DEPT,,1179.0,,
IND-328,D40,2023-03-01,DEPT,,1142.0,,
IND-328,D40,2023-04-01,DEPT,,1114.0,,
IND-328,D40,2023-05-01,DEPT,,1154.0,,
IND-328,D40,2023-06-01,DEPT,,1156.0,,
IND-328,D40,2023-07-01,DEPT,,1199.0,,
IND-328,D40,2023-08-01,DEPT,,1256.0,,
IND-328,D40,2023-09-01,DEPT,,1274.0,,
IND-328,D40,2023-10-01,DEPT,,1267.0,,
IND-328,D40,2023-11-01,DEPT,,1253.0,,
IND-328,D40,2023-12-01,DEPT,,1246.0,,
IND-328,D40,2024-01-01,DEPT,,1249.0,,
IND-328,D40,2024-02-01,DEPT,,1273.0,,
IND-328,D40,2024-03-01,DEPT,,1334.0,,
IND-328,D40,2024-04-01,DEPT,,1396.0,,
IND-328,D40,2024-05-01,DEPT,,1339.0,,
IND-328,D40,2024-06-01,DEPT,,1349.0,,
IND-328,D40,2024-07-01,DEPT,,1369.0,,
IND-328,D40,2024-08-01,DEPT,,1337.0,,
IND-328,D40,2024-09-01,DEPT,,1316.0,,
IND-328,D40,2024-10-01,DEPT,,1310.0,,
IND-328,D40,2024-11-01,DEPT,,1269.0,,
IND-328,D41,2022-01-01,DEPT,,84.0,,
IND-328,D41,2022-02-01,DEPT,,89.0,,
IND-328,D41,2022-03-01,DEPT,,63.0,,
IND-328,D41,2022-04-01,DEPT,,73.0,,
IND-328,D41,2022-05-01,DEPT,,84.0,,
IND-328,D41,2022-06-01,DEPT,,75.0,,
IND-328,D41,2022-07-01,DEPT,,59.0,,
IND-328,D41,2022-08-01,DEPT,,66.0,,
IND-328,D41,2022-09-01,DEPT,,69.0,,
IND-328,D41,2022-10-01,DEPT,,85.0,,
IND-328,D41,2022-11-01,DEPT,,81.0,,
IND-328,D41,2022-12-01,DEPT,901.0,73.0,,
IND-328,D41,2023-01-01,DEPT,,46.0,,
IND-328,D41,2023-02-01,DEPT,,842.0,,
IND-328,D41,2023-03-01,DEPT,,863.0,,
IND-328,D41,2023-04-01,DEPT,,859.0,,
IND-328,D41,2023-05-01,DEPT,,857.0,,
IND-328,D41,2023-06-01,DEPT,,871.0,,
IND-328,D41,2023-07-01,DEPT,,881.0,,
IND-328,D41,2023-08-01,DEPT,,910.0,,
IND-328,D41,2023-09-01,DEPT,,924.0,,
IND-328,D41,2023-10-01,DEPT,,898.0,,
IND-328,D41,2023-11-01,DEPT,,895.0,,
IND-328,D41,2023-12-01,DEPT,,930.0,,
IND-328,D41,2024-01-01,DEPT,,977.0,,
IND-328,D41,2024-02-01,DEPT,,1020.0,,
IND-328,D41,2024-03-01,DEPT,,995.0,,
IND-328,D41,2024-04-01,DEPT,,1062.0,,
IND-328,D41,2024-05-01,DEPT,,1099.0,,
IND-328,D41,2024-06-01,DEPT,,1132.0,,
IND-328,D41,2024-07-01,DEPT,,1177.0,,
IND-328,D41,2024-08-01,DEPT,,1174.0,,
IND-328,D41,2024-09-01,DEPT,,1191.0,,
IND-328,D41,2024-10-01,DEPT,,1244.0,,
IND-328,D41,2024-11-01,DEPT,,1289.0,,
IND-328,D42,2022-01-01,DEPT,,215.0,,
IND-328,D42,2022-02-01,DEPT,,181.0,,
IND-328,D42,2022-03-01,DEPT,,174.0,,
IND-328,D42,2022-04-01,DEPT,,173.0,,
IND-328,D42,2022-05-01,DEPT,,235.0,,
IND-328,D42,2022-06-01,DEPT,,182.0,,
IND-328,D42,2022-07-01,DEPT,,174.0,,
IND-328,D42,2022-08-01,DEPT,,255.0,,
IND-328,D42,2022-09-01,DEPT,,189.0,,
IND-328,D42,2022-10-01,DEPT,,207.0,,
IND-328,D42,2022-11-01,DEPT,,241.0,,
IND-328,D42,2022-12-01,DEPT,2505.0,279.0,,
IND-328,D42,2023-01-01,DEPT,,203.0,,
IND-328,D42,2023-02-01,DEPT,,2495.0,,
IND-328,D42,2023-03-01,DEPT,,2566.0,,
IND-328,D42,2023-04-01,DEPT,,2631.0,,
IND-328,D42,2023-05-01,DEPT,,2582.0,,
IND-328,D42,2023-06-01,DEPT,,2598.0,,
IND-328,D42,2023-07-01,DEPT,,2621.0,,
IND-328,D42,2023-08-01,DEPT,,2643.0,,
IND-328,D42,2023-09-01,DEPT,,2705.0,,
IND-328,D42,2023-10-01,DEPT,,2708.0,,
IND-328,D42,2023-11-01,DEPT,,2752.0,,
IND-328,D42,2023-12-01,DEPT,,2791.0,,
IND-328,D42,2024-01-01,DEPT,,2841.0,,
IND-328,D42,2024-02-01,DEPT,,2840.0,,
IND-328,D42,2024-03-01,DEPT,,2862.0,,
IND-328,D42,2024-04-01,DEPT,,2841.0,,
IND-328,D42,2024-05-01,DEPT,,2892.0,,
IND-328,D42,2024-06-01,DEPT,,2900.0,,
IND-328,D42,2024-07-01,DEPT,,2918.0,,
IND-328,D42,2024-08-01,DEPT,,2871.0,,
IND-328,D42,2024-09-01,DEPT,,2804.0,,
IND-328,D42,2024-10-01,DEPT,,2831.0,,
IND-328,D42,2024-11-01,DEPT,,2916.0,,
IND-328,D43,2022-01-01,DEPT,,62.0,,
IND-328,D43,2022-02-01,DEPT,,50.0,,
IND-328,D43,2022-03-01,DEPT,,44.0,,
IND-328,D43,2022-04-01,DEPT,,37.0,,
IND-328,D43,2022-05-01,DEPT,,37.0,,
IND-328,D43,2022-06-01,DEPT,,33.0,,
IND-328,D43,2022-07-01,DEPT,,17.0,,
IND-328,D43,2022-08-01,DEPT,,28.0,,
IND-328,D43,2022-09-01,DEPT,,45.0,,
IND-328,D43,2022-10-01,DEPT,,38.0,,
IND-328,D43,2022-11-01,DEPT,,48.0,,
IND-328,D43,2022-12-01,DEPT,499.0,60.0,,
IND-328,D43,2023-01-01,DEPT,,31.0,,
IND-328,D43,2023-02-01,DEPT,,447.0,,
IND-328,D43,2023-03-01,DEPT,,440.0,,
IND-328,D43,2023-04-01,DEPT,,445.0,,
IND-328,D43,2023-05-01,DEPT,,455.0,,
IND-328,D43,2023-06-01,DEPT,,452.0,,
IND-328,D43,2023-07-01,DEPT,,472.0,,
IND-328,D43,2023-08-01,DEPT,,468.0,,
IND-328,D43,2023-09-01,DEPT,,475.0,,
IND-328,D43,2023-10-01,DEPT,,463.0,,
IND-328,D43,2023-11-01,DEPT,,451.0,,
IND-328,D43,2023-12-01,DEPT,,451.0,,
IND-328,D43,2024-01-01,DEPT,,451.0,,
IND-328,D43,2024-02-01,DEPT,,446.0,,
IND-328,D43,2024-03-01,DEPT,,437.0,,
IND-328,D43,2024-04-01,DEPT,,435.0,,
IND-328,D43,2024-05-01,DEPT,,431.0,,
IND-328,D43,2024-06-01,DEPT,,448.0,,
IND-328,D43,2024-07-01,DEPT,,441.0,,
IND-328,D43,2024-08-01,DEPT,,451.0,,
IND-328,D43,2024-09-01,DEPT,,438.0,,
IND-328,D43,2024-10-01,DEPT,,428.0,,
IND-328,D43,2024-11-01,DEPT,,446.0,,
IND-328,D44,2022-01-01,DEPT,,620.0,,
IND-328,D44,2022-02-01,DEPT,,584.0,,
IND-328,D44,2022-03-01,DEPT,,651.0,,
IND-328,D44,2022-04-01,DEPT,,534.0,,
IND-328,D44,2022-05-01,DEPT,,564.0,,
IND-328,D44,2022-06-01,DEPT,,610.0,,
IND-328,D44,2022-07-01,DEPT,,621.0,,
IND-328,D44,2022-08-01,DEPT,,738.0,,
IND-328,D44,2022-09-01,DEPT,,516.0,,
IND-328,D44,2022-10-01,DEPT,,426.0,,
IND-328,D44,2022-11-01,DEPT,,505.0,,
IND-328,D44,2022-12-01,DEPT,6933.0,564.0,,
IND-328,D44,2023-01-01,DEPT,,528.0,,
IND-328,D44,2023-02-01,DEPT,,6549.0,,
IND-328,D44,2023-03-01,DEPT,,6397.0,,
IND-328,D44,2023-04-01,DEPT,,6327.0,,
IND-328,D44,2023-05-01,DEPT,,6200.0,,
IND-328,D44,2023-06-01,DEPT,,6026.0,,
IND-328,D44,2023-07-01,DEPT,,5915.0,,
IND-328,D44,2023-08-01,DEPT,,5725.0,,
IND-328,D44,2023-09-01,DEPT,,5647.0,,
IND-328,D44,2023-10-01,DEPT,,5669.0,,
IND-328,D44,2023-11-01,DEPT,,5763.0,,
IND-328,D44,2023-12-01,DEPT,,5761.0,,
IND-328,D44,2024-01-01,DEPT,,5780.0,,
IND-328,D44,2024-02-01,DEPT,,5807.0,,
IND-328,D44,2024-03-01,DEPT,,5812.0,,
IND-328,D44,2024-04-01,DEPT,,5819.0,,
IND-328,D44,2024-05-01,DEPT,,5853.0,,
IND-328,D44,2024-06-01,DEPT,,5854.0,,
IND-328,D44,2024-07-01,DEPT,,5889.0,,
IND-328,D44,2024-08-01,DEPT,,5847.0,,
IND-328,D44,2024-09-01,DEPT,,5801.0,,
IND-328,D44,2024-10-01,DEPT,,5731.0,,
IND-328,D44,2024-11-01,DEPT,,5569.0,,
IND-328,D45,2022-01-01,DEPT,,142.0,,
IND-328,D45,2022-02-01,DEPT,,121.0,,
IND-328,D45,2022-03-01,DEPT,,131.0,,
IND-328,D45,2022-04-01,DEPT,,133.0,,
IND-328,D45,2022-05-01,DEPT,,125.0,,
IND-328,D45,2022-06-01,DEPT,,135.0,,
IND-328,D45,2022-07-01,DEPT,,167.0,,
IND-328,D45,2022-08-01,DEPT,,145.0,,
IND-328,D45,2022-09-01,DEPT,,150.0,,
IND-328,D45,2022-10-01,DEPT,,138.0,,
IND-328,D45,2022-11-01,DEPT,,186.0,,
IND-328,D45,2022-12-01,DEPT,1757.0,184.0,,
IND-328,D45,2023-01-01,DEPT,,225.0,,
IND-328,D45,2023-02-01,DEPT,,1800.0,,
IND-328,D45,2023-03-01,DEPT,,1871.0,,
IND-328,D45,2023-04-01,DEPT,,1941.0,,
IND-328,D45,2023-05-01,DEPT,,1981.0,,
IND-328,D45,2023-06-01,DEPT,,2053.0,,
IND-328,D45,2023-07-01,DEPT,,2073.0,,
IND-328,D45,2023-08-01,DEPT,,2132.0,,
IND-328,D45,2023-09-01,DEPT,,2151.0,,
IND-328,D45,2023-10-01,DEPT,,2214.0,,
IND-328,D45,2023-11-01,DEPT,,2164.0,,
IND-328,D45,2023-12-01,DEPT,,2237.0,,
IND-328,D45,2024-01-01,DEPT,,2199.0,,
IND-328,D45,2024-02-01,DEPT,,2246.0,,
IND-328,D45,2024-03-01,DEPT,,2216.0,,
IND-328,D45,2024-04-01,DEPT,,2166.0,,
IND-328,D45,2024-05-01,DEPT,,2163.0,,
IND-328,D45,2024-06-01,DEPT,,2215.0,,
IND-328,D45,2024-07-01,DEPT,,2207.0,,
IND-328,D45,2024-08-01,DEPT,,2198.0,,
IND-328,D45,2024-09-01,DEPT,,2178.0,,
IND-328,D45,2024-10-01,DEPT,,2155.0,,
IND-328,D45,2024-11-01,DEPT,,2158.0,,
IND-328,D46,2022-01-01,DEPT,,22.0,,
IND-328,D46,2022-02-01,DEPT,,20.0,,
IND-328,D46,2022-03-01,DEPT,,20.0,,
IND-328,D46,2022-04-01,DEPT,,25.0,,
IND-328,D46,2022-05-01,DEPT,,29.0,,
IND-328,D46,2022-06-01,DEPT,,31.0,,
IND-328,D46,2022-07-01,DEPT,,22.0,,
IND-328,D46,2022-08-01,DEPT,,28.0,,
IND-328,D46,2022-09-01,DEPT,,31.0,,
IND-328,D46,2022-10-01,DEPT,,29.0,,
IND-328,D46,2022-11-01,DEPT,,28.0,,
IND-328,D46,2022-12-01,DEPT,312.0,27.0,,
IND-328,D46,2023-01-01,DEPT,,14.0,,
IND-328,D46,2023-02-01,DEPT,,308.0,,
IND-328,D46,2023-03-01,DEPT,,335.0,,
IND-328,D46,2023-04-01,DEPT,,352.0,,
IND-328,D46,2023-05-01,DEPT,,356.0,,
IND-328,D46,2023-06-01,DEPT,,357.0,,
IND-328,D46,2023-07-01,DEPT,,361.0,,
IND-328,D46,2023-08-01,DEPT,,363.0,,
IND-328,D46,2023-09-01,DEPT,,369.0,,
IND-328,D46,2023-10-01,DEPT,,389.0,,
IND-328,D46,2023-11-01,DEPT,,405.0,,
IND-328,D46,2023-12-01,DEPT,,423.0,,
IND-328,D46,2024-01-01,DEPT,,455.0,,
IND-328,D46,2024-02-01,DEPT,,463.0,,
IND-328,D46,2024-03-01,DEPT,,439.0,,
IND-328,D46,2024-04-01,DEPT,,442.0,,
IND-328,D46,2024-05-01,DEPT,,446.0,,
IND-328,D46,2024-06-01,DEPT,,469.0,,
IND-328,D46,2024-07-01,DEPT,,478.0,,
IND-328,D46,2024-08-01,DEPT,,488.0,,
IND-328,D46,2024-09-01,DEPT,,526.0,,
IND-328,D46,2024-10-01,DEPT,,525.0,,
IND-328,D46,2024-11-01,DEPT,,527.0,,
IND-328,D47,2022-01-01,DEPT,,55.0,,
IND-328,D47,2022-02-01,DEPT,,69.0,,
IND-328,D47,2022-03-01,DEPT,,88.0,,
IND-328,D47,2022-04-01,DEPT,,107.0,,
IND-328,D47,2022-05-01,DEPT,,62.0,,
IND-328,D47,2022-06-01,DEPT,,76.0,,
IND-328,D47,2022-07-01,DEPT,,87.0,,
IND-328,D47,2022-08-01,DEPT,,105.0,,
IND-328,D47,2022-09-01,DEPT,,104.0,,
IND-328,D47,2022-10-01,DEPT,,92.0,,
IND-328,D47,2022-11-01,DEPT,,79.0,,
IND-328,D47,2022-12-01,DEPT,1035.0,111.0,,
IND-328,D47,2023-01-01,DEPT,,91.0,,
IND-328,D47,2023-02-01,DEPT,,1072.0,,
IND-328,D47,2023-03-01,DEPT,,1098.0,,
IND-328,D47,2023-04-01,DEPT,,1097.0,,
IND-328,D47,2023-05-01,DEPT,,1149.0,,
IND-328,D47,2023-06-01,DEPT,,1168.0,,
IND-328,D47,2023-07-01,DEPT,,1175.0,,
IND-328,D47,2023-08-01,DEPT,,1189.0,,
IND-328,D47,2023-09-01,DEPT,,1190.0,,
IND-328,D47,2023-10-01,DEPT,,1197.0,,
IND-328,D47,2023-11-01,DEPT,,1216.0,,
IND-328,D47,2023-12-01,DEPT,,1240.0,,
IND-328,D47,2024-01-01,DEPT,,1236.0,,
IND-328,D47,2024-02-01,DEPT,,1241.0,,
IND-328,D47,2024-03-01,DEPT,,1219.0,,
IND-328,D47,2024-04-01,DEPT,,1199.0,,
IND-328,D47,2024-05-01,DEPT,,1200.0,,
IND-328,D47,2024-06-01,DEPT,,1187.0,,
IND-328,D47,2024-07-01,DEPT,,1206.0,,
IND-328,D47,2024-08-01,DEPT,,1178.0,,
IND-328,D47,2024-09-01,DEPT,,1151.0,,
IND-328,D47,2024-10-01,DEPT,,1128.0,,
IND-328,D47,2024-11-01,DEPT,,1118.0,,
IND-328,D48,2022-01-01,DEPT,,8.0,,
IND-328,D48,2022-02-01,DEPT,,7.0,,
IND-328,D48,2022-03-01,DEPT,,8.0,,
IND-328,D48,2022-04-01,DEPT,,1.0,,
IND-328,D48,2022-05-01,DEPT,,12.0,,
IND-328,D48,2022-06-01,DEPT,,7.0,,
IND-328,D48,2022-07-01,DEPT,,8.0,,
IND-328,D48,2022-08-01,DEPT,,5.0,,
IND-328,D48,2022-09-01,DEPT,,1.0,,
IND-328,D48,2022-10-01,DEPT,,7.0,,
IND-328,D48,2022-11-01,DEPT,,12.0,,
IND-328,D48,2022-12-01,DEPT,84.0,1.0,,
IND-328,D48,2023-01-01,DEPT,,5.0,,
IND-328,D48,2023-02-01,DEPT,,80.0,,
IND-328,D48,2023-03-01,DEPT,,76.0,,
IND-328,D48,2023-04-01,DEPT,,77.0,,
IND-328,D48,2023-05-01,DEPT,,68.0,,
IND-328,D48,2023-06-01,DEPT,,70.0,,
IND-328,D48,2023-07-01,DEPT,,68.0,,
IND-328,D48,2023-08-01,DEPT,,74.0,,
IND-328,D48,2023-09-01,DEPT,,78.0,,
IND-328,D48,2023-10-01,DEPT,,77.0,,
IND-328,D48,2023-11-01,DEPT,,74.0,,
IND-328,D48,2023-12-01,DEPT,,74.0,,
IND-328,D48,2024-01-01,DEPT,,79.0,,
IND-328,D48,2024-02-01,DEPT,,78.0,,
IND-328,D48,2024-03-01,DEPT,,83.0,,
IND-328,D48,2024-04-01,DEPT,,85.0,,
IND-328,D48,2024-05-01,DEPT,,87.0,,
IND-328,D48,2024-06-01,DEPT,,85.0,,
IND-328,D48,2024-07-01,DEPT,,82.0,,
IND-328,D48,2024-08-01,DEPT,,75.0,,
IND-328,D48,2024-09-01,DEPT,,71.0,,
IND-328,D48,2024-10-01,DEPT,,73.0,,
IND-328,D48,2024-11-01,DEPT,,76.0,,
IND-328,D49,2022-01-01,DEPT,,127.0,,
IND-328,D49,2022-02-01,DEPT,,134.0,,
IND-328,D49,2022-03-01,DEPT,,117.0,,
IND-328,D49,2022-04-01,DEPT,,100.0,,
IND-328,D49,2022-05-01,DEPT,,116.0,,
IND-328,D49,2022-06-01,DEPT,,119.0,,
IND-328,D49,2022-07-01,DEPT,,166.0,,
IND-328,D49,2022-08-01,DEPT,,191.0,,
IND-328,D49,2022-09-01,DEPT,,146.0,,
IND-328,D49,2022-10-01,DEPT,,122.0,,
IND-328,D49,2022-11-01,DEPT,,133.0,,
IND-328,D49,2022-12-01,DEPT,1629.0,158.0,,
IND-328,D49,2023-01-01,DEPT,,122.0,,
IND-328,D49,2023-02-01,DEPT,,1629.0,,
IND-328,D49,2023-03-01,DEPT,,1684.0,,
IND-328,D49,2023-04-01,DEPT,,1718.0,,
IND-328,D49,2023-05-01,DEPT,,1782.0,,
IND-328,D49,2023-06-01,DEPT,,1834.0,,
IND-328,D49,2023-07-01,DEPT,,1883.0,,
IND-328,D49,2023-08-01,DEPT,,1948.0,,
IND-328,D49,2023-09-01,DEPT,,1937.0,,
IND-328,D49,2023-10-01,DEPT,,1933.0,,
IND-328,D49,2023-11-01,DEPT,,1937.0,,
IND-328,D49,2023-12-01,DEPT,,1920.0,,
IND-328,D49,2024-01-01,DEPT,,1941.0,,
IND-328,D49,2024-02-01,DEPT,,1929.0,,
IND-328,D49,2024-03-01,DEPT,,1930.0,,
IND-328,D49,2024-04-01,DEPT,,1942.0,,
IND-328,D49,2024-05-01,DEPT,,1905.0,,
IND-328,D49,2024-06-01,DEPT,,1956.0,,
IND-328,D49,2024-07-01,DEPT,,1962.0,,
IND-328,D49,2024-08-01,DEPT,,1904.0,,
IND-328,D49,2024-09-01,DEPT,,1922.0,,
IND-328,D49,2024-10-01,DEPT,,1934.0,,
IND-328,D49,2024-11-01,DEPT,,1941.0,,
IND-328,D50,2022-01-01,DEPT,,29.0,,
IND-328,D50,2022-02-01,DEPT,,51.0,,
IND-328,D50,2022-03-01,DEPT,,48.0,,
IND-328,D50,2022-04-01,DEPT,,53.0,,
IND-328,D50,2022-05-01,DEPT,,46.0,,
IND-328,D50,2022-06-01,DEPT,,38.0,,
IND-328,D50,2022-07-01,DEPT,,50.0,,
IND-328,D50,2022-08-01,DEPT,,76.0,,
IND-328,D50,2022-09-01,DEPT,,73.0,,
IND-328,D50,2022-10-01,DEPT,,50.0,,
IND-328,D50,2022-11-01,DEPT,,57.0,,
IND-328,D50,2022-12-01,DEPT,635.0,64.0,,
IND-328,D50,2023-01-01,DEPT,,52.0,,
IND-328,D50,2023-02-01,DEPT,,649.0,,
IND-328,D50,2023-03-01,DEPT,,654.0,,
IND-328,D50,2023-04-01,DEPT,,662.0,,
IND-328,D50,2023-05-01,DEPT,,690.0,,
IND-328,D50,2023-06-01,DEPT,,731.0,,
IND-328,D50,2023-07-01,DEPT,,750.0,,
IND-328,D50,2023-08-01,DEPT,,749.0,,
IND-328,D50,2023-09-01,DEPT,,786.0,,
IND-328,D50,2023-10-01,DEPT,,810.0,,
IND-328,D50,2023-11-01,DEPT,,819.0,,
IND-328,D50,2023-12-01,DEPT,,849.0,,
IND-328,D50,2024-01-01,DEPT,,840.0,,
IND-328,D50,2024-02-01,DEPT,,864.0,,
IND-328,D50,2024-03-01,DEPT,,877.0,,
IND-328,D50,2024-04-01,DEPT,,891.0,,
IND-328,D50,2024-05-01,DEPT,,928.0,,
IND-328,D50,2024-06-01,DEPT,,957.0,,
IND-328,D50,2024-07-01,DEPT,,992.0,,
IND-328,D50,2024-08-01,DEPT,,1028.0,,
IND-328,D50,2024-09-01,DEPT,,987.0,,
IND-328,D50,2024-10-01,DEPT,,969.0,,
IND-328,D50,2024-11-01,DEPT,,966.0,,
IND-328,D51,2022-01-01,DEPT,,151.0,,
IND-328,D51,2022-02-01,DEPT,,97.0,,
IND-328,D51,2022-03-01,DEPT,,114.0,,
IND-328,D51,2022-04-01,DEPT,,85.0,,
IND-328,D51,2022-05-01,DEPT,,103.0,,
IND-328,D51,2022-06-01,DEPT,,96.0,,
IND-328,D51,2022-07-01,DEPT,,109.0,,
IND-328,D51,2022-08-01,DEPT,,124.0,,
IND-328,D51,2022-09-01,DEPT,,107.0,,
IND-328,D51,2022-10-01,DEPT,,125.0,,
IND-328,D51,2022-11-01,DEPT,,202.0,,
IND-328,D51,2022-12-01,DEPT,1514.0,201.0,,
IND-328,D51,2023-01-01,DEPT,,142.0,,
IND-328,D51,2023-02-01,DEPT,,1485.0,,
IND-328,D51,2023-03-01,DEPT,,1513.0,,
IND-328,D51,2023-04-01,DEPT,,1522.0,,
IND-328,D51,2023-05-01,DEPT,,1522.0,,
IND-328,D51,2023-06-01,DEPT,,1527.0,,
IND-328,D51,2023-07-01,DEPT,,1521.0,,
IND-328,D51,2023-08-01,DEPT,,1588.0,,
IND-328,D51,2023-09-01,DEPT,,1592.0,,
IND-328,D51,2023-10-01,DEPT,,1607.0,,
IND-328,D51,2023-11-01,DEPT,,1569.0,,
IND-328,D51,2023-12-01,DEPT,,1565.0,,
IND-328,D51,2024-01-01,DEPT,,1551.0,,
IND-328,D51,2024-02-01,DEPT,,1576.0,,
IND-328,D51,2024-03-01,DEPT,,1545.0,,
IND-328,D51,2024-04-01,DEPT,,1596.0,,
IND-328,D51,2024-05-01,DEPT,,1580.0,,
IND-328,D51,2024-06-01,DEPT,,1611.0,,
IND-328,D51,2024-07-01,DEPT,,1662.0,,
IND-328,D51,2024-08-01,DEPT,,1635.0,,
IND-328,D51,2024-09-01,DEPT,,1702.0,,
IND-328,D51,2024-10-01,DEPT,,1731.0,,
IND-328,D51,2024-11-01,DEPT,,1762.0,,
IND-328,D52,2022-01-01,DEPT,,51.0,,
IND-328,D52,2022-02-01,DEPT,,35.0,,
IND-328,D52,2022-03-01,DEPT,,62.0,,
IND-328,D52,2022-04-01,DEPT,,31.0,,
IND-328,D52,2022-05-01,DEPT,,29.0,,
IND-328,D52,2022-06-01,DEPT,,40.0,,
IND-328,D52,2022-07-01,DEPT,,23.0,,
IND-328,D52,2022-08-01,DEPT,,40.0,,
IND-328,D52,2022-09-01,DEPT,,37.0,,
IND-328,D52,2022-10-01,DEPT,,33.0,,
IND-328,D52,2022-11-01,DEPT,,38.0,,
IND-328,D52,2022-12-01,DEPT,469.0,50.0,,
IND-328,D52,2023-01-01,DEPT,,47.0,,
IND-328,D52,2023-02-01,DEPT,,455.0,,
IND-328,D52,2023-03-01,DEPT,,432.0,,
IND-328,D52,2023-04-01,DEPT,,426.0,,
IND-328,D52,2023-05-01,DEPT,,427.0,,
IND-328,D52,2023-06-01,DEPT,,433.0,,
IND-328,D52,2023-07-01,DEPT,,434.0,,
IND-328,D52,2023-08-01,DEPT,,445.0,,
IND-328,D52,2023-09-01,DEPT,,443.0,,
IND-328,D52,2023-10-01,DEPT,,440.0,,
IND-328,D52,2023-11-01,DEPT,,435.0,,
IND-328,D52,2023-12-01,DEPT,,424.0,,
IND-328,D52,2024-01-01,DEPT,,408.0,,
IND-328,D52,2024-02-01,DEPT,,434.0,,
IND-328,D52,2024-03-01,DEPT,,425.0,,
IND-328,D52,2024-04-01,DEPT,,426.0,,
IND-328,D52,2024-05-01,DEPT,,426.0,,
IND-328,D52,2024-06-01,DEPT,,416.0,,
IND-328,D52,2024-07-01,DEPT,,430.0,,
IND-328,D52,2024-08-01,DEPT,,426.0,,
IND-328,D52,2024-09-01,DEPT,,422.0,,
IND-328,D52,2024-10-01,DEPT,,426.0,,
IND-328,D52,2024-11-01,DEPT,,429.0,,
IND-328,D53,2022-01-01,DEPT,,35.0,,
IND-328,D53,2022-02-01,DEPT,,20.0,,
IND-328,D53,2022-03-01,DEPT,,36.0,,
IND-328,D53,2022-04-01,DEPT,,43.0,,
IND-328,D53,2022-05-01,DEPT,,40.0,,
IND-328,D53,2022-06-01,DEPT,,64.0,,
IND-328,D53,2022-07-01,DEPT,,62.0,,
IND-328,D53,2022-08-01,DEPT,,54.0,,
IND-328,D53,2022-09-01,DEPT,,61.0,,
IND-328,D53,2022-10-01,DEPT,,43.0,,
IND-328,D53,2022-11-01,DEPT,,37.0,,
IND-328,D53,2022-12-01,DEPT,572.0,77.0,,
IND-328,D53,2023-01-01,DEPT,,58.0,,
IND-328,D53,2023-02-01,DEPT,,611.0,,
IND-328,D53,2023-03-01,DEPT,,635.0,,
IND-328,D53,2023-04-01,DEPT,,647.0,,
IND-328,D53,2023-05-01,DEPT,,684.0,,
IND-328,D53,2023-06-01,DEPT,,701.0,,
IND-328,D53,2023-07-01,DEPT,,719.0,,
IND-328,D53,2023-08-01,DEPT,,757.0,,
IND-328,D53,2023-09-01,DEPT,,746.0,,
IND-328,D53,2023-10-01,DEPT,,725.0,,
IND-328,D53,2023-11-01,DEPT,,758.0,,
IND-328,D53,2023-12-01,DEPT,,747.0,,
IND-328,D53,2024-01-01,DEPT,,729.0,,
IND-328,D53,2024-02-01,DEPT,,758.0,,
IND-328,D53,2024-03-01,DEPT,,764.0,,
IND-328,D53,2024-04-01,DEPT,,759.0,,
IND-328,D53,2024-05-01,DEPT,,745.0,,
IND-328,D53,2024-06-01,DEPT,,717.0,,
IND-328,D53,2024-07-01,DEPT,,771.0,,
IND-328,D53,2024-08-01,DEPT,,788.0,,
IND-328,D53,2024-09-01,DEPT,,814.0,,
IND-328,D53,2024-10-01,DEPT,,857.0,,
IND-328,D53,2024-11-01,DEPT,,827.0,,
IND-328,D54,2022-01-01,DEPT,,101.0,,
IND-328,D54,2022-02-01,DEPT,,98.0,,
IND-328,D54,2022-03-01,DEPT,,71.0,,
IND-328,D54,2022-04-01,DEPT,,72.0,,
IND-328,D54,2022-05-01,DEPT,,95.0,,
IND-328,D54,2022-06-01,DEPT,,88.0,,
IND-328,D54,2022-07-01,DEPT,,97.0,,
IND-328,D54,2022-08-01,DEPT,,121.0,,
IND-328,D54,2022-09-01,DEPT,,98.0,,
IND-328,D54,2022-10-01,DEPT,,119.0,,
IND-328,D54,2022-11-01,DEPT,,180.0,,
IND-328,D54,2022-12-01,DEPT,1314.0,174.0,,
IND-328,D54,2023-01-01,DEPT,,128.0,,
IND-328,D54,2023-02-01,DEPT,,1355.0,,
IND-328,D54,2023-03-01,DEPT,,1391.0,,
IND-328,D54,2023-04-01,DEPT,,1423.0,,
IND-328,D54,2023-05-01,DEPT,,1427.0,,
IND-328,D54,2023-06-01,DEPT,,1450.0,,
IND-328,D54,2023-07-01,DEPT,,1493.0,,
IND-328,D54,2023-08-01,DEPT,,1546.0,,
IND-328,D54,2023-09-01,DEPT,,1584.0,,
IND-328,D54,2023-10-01,DEPT,,1628.0,,
IND-328,D54,2023-11-01,DEPT,,1660.0,,
IND-328,D54,2023-12-01,DEPT,,1724.0,,
IND-328,D54,2024-01-01,DEPT,,1760.0,,
IND-328,D54,2024-02-01,DEPT,,1757.0,,
IND-328,D54,2024-03-01,DEPT,,1832.0,,
IND-328,D54,2024-04-01,DEPT,,1886.0,,
IND-328,D54,2024-05-01,DEPT,,1950.0,,
IND-328,D54,2024-06-01,DEPT,,1971.0,,
IND-328,D54,2024-07-01,DEPT,,2007.0,,
IND-328,D54,2024-08-01,DEPT,,1995.0,,
IND-328,D54,2024-09-01,DEPT,,2005.0,,
IND-328,D54,2024-10-01,DEPT,,1969.0,,
IND-328,D54,2024-11-01,DEPT,,1954.0,,
IND-328,D55,2022-01-01,DEPT,,31.0,,
IND-328,D55,2022-02-01,DEPT,,51.0,,
IND-328,D55,2022-03-01,DEPT,,30.0,,
IND-328,D55,2022-04-01,DEPT,,41.0,,
IND-328,D55,2022-05-01,DEPT,,31.0,,
IND-328,D55,2022-06-01,DEPT,,34.0,,
IND-328,D55,2022-07-01,DEPT,,38.0,,
IND-328,D55,2022-08-01,DEPT,,34.0,,
IND-328,D55,2022-09-01,DEPT,,24.0,,
IND-328,D55,2022-10-01,DEPT,,36.0,,
IND-328,D55,2022-11-01,DEPT,,47.0,,
IND-328,D55,2022-12-01,DEPT,450.0,53.0,,
IND-328,D55,2023-01-01,DEPT,,32.0,,
IND-328,D55,2023-02-01,DEPT,,436.0,,
IND-328,D55,2023-03-01,DEPT,,439.0,,
IND-328,D55,2023-04-01,DEPT,,429.0,,
IND-328,D55,2023-05-01,DEPT,,433.0,,
IND-328,D55,2023-06-01,DEPT,,427.0,,
IND-328,D55,2023-07-01,DEPT,,427.0,,
IND-328,D55,2023-08-01,DEPT,,430.0,,
IND-328,D55,2023-09-01,DEPT,,447.0,,
IND-328,D55,2023-10-01,DEPT,,442.0,,
IND-328,D55,2023-11-01,DEPT,,433.0,,
IND-328,D55,2023-12-01,DEPT,,427.0,,
IND-328,D55,2024-01-01,DEPT,,421.0,,
IND-328,D55,2024-02-01,DEPT,,430.0,,
IND-328,D55,2024-03-01,DEPT,,444.0,,
IND-328,D55,2024-04-01,DEPT,,456.0,,
IND-328,D55,2024-05-01,DEPT,,468.0,,
IND-328,D55,2024-06-01,DEPT,,493.0,,
IND-328,D55,2024-07-01,DEPT,,486.0,,
IND-328,D55,2024-08-01,DEPT,,502.0,,
IND-328,D55,2024-09-01,DEPT,,513.0,,
IND-328,D55,2024-10-01,DEPT,,507.0,,
IND-328,D55,2024-11-01,DEPT,,531.0,,
IND-328,D56,2022-01-01,DEPT,,210.0,,
IND-328,D56,2022-02-01,DEPT,,196.0,,
IND-328,D56,2022-03-01,DEPT,,219.0,,
IND-328,D56,2022-04-01,DEPT,,114.0,,
IND-328,D56,2022-05-01,DEPT,,154.0,,
IND-328,D56,2022-06-01,DEPT,,172.0,,
IND-328,D56,2022-07-01,DEPT,,210.0,,
IND-328,D56,2022-08-01,DEPT,,199.0,,
IND-328,D56,2022-09-01,DEPT,,144.0,,
IND-328,D56,2022-10-01,DEPT,,170.0,,
IND-328,D56,2022-11-01,DEPT,,214.0,,
IND-328,D56,2022-12-01,DEPT,2208.0,206.0,,
IND-328,D56,2023-01-01,DEPT,,234.0,,
IND-328,D56,2023-02-01,DEPT,,2206.0,,
IND-328,D56,2023-03-01,DEPT,,2113.0,,
IND-328,D56,2023-04-01,DEPT,,2143.0,,
IND-328,D56,2023-05-01,DEPT,,2114.0,,
IND-328,D56,2023-06-01,DEPT,,2103.0,,
IND-328,D56,2023-07-01,DEPT,,2051.0,,
IND-328,D56,2023-08-01,DEPT,,1999.0,,
IND-328,D56,2023-09-01,DEPT,,2006.0,,
IND-328,D56,2023-10-01,DEPT,,2036.0,,
IND-328,D56,2023-11-01,DEPT,,2075.0,,
IND-328,D56,2023-12-01,DEPT,,2106.0,,
IND-328,D56,2024-01-01,DEPT,,2099.0,,
IND-328,D56,2024-02-01,DEPT,,2157.0,,
IND-328,D56,2024-03-01,DEPT,,2192.0,,
IND-328,D56,2024-04-01,DEPT,,2225.0,,
IND-328,D56,2024-05-01,DEPT,,2213.0,,
IND-328,D56,2024-06-01,DEPT,,2172.0,,
IND-328,D56,2024-07-01,DEPT,,2178.0,,
IND-328,D56,2024-08-01,DEPT,,2181.0,,
IND-328,D56,2024-09-01,DEPT,,2213.0,,
IND-328,D56,2024-10-01,DEPT,,2242.0,,
IND-328,D56,2024-11-01,DEPT,,2265.0,,
IND-328,D57,2022-01-01,DEPT,,206.0,,
IND-328,D57,2022-02-01,DEPT,,165.0,,
IND-328,D57,2022-03-01,DEPT,,121.0,,
IND-328,D57,2022-04-01,DEPT,,89.0,,
IND-328,D57,2022-05-01,DEPT,,125.0,,
IND-328,D57,2022-06-01,DEPT,,122.0,,
IND-328,D57,2022-07-01,DEPT,,170.0,,
IND-328,D57,2022-08-01,DEPT,,172.0,,
IND-328,D57,2022-09-01,DEPT,,172.0,,
IND-328,D57,2022-10-01,DEPT,,160.0,,
IND-328,D57,2022-11-01,DEPT,,199.0,,
IND-328,D57,2022-12-01,DEPT,1983.0,282.0,,
IND-328,D57,2023-01-01,DEPT,,257.0,,
IND-328,D57,2023-02-01,DEPT,,2067.0,,
IND-328,D57,2023-03-01,DEPT,,2178.0,,
IND-328,D57,2023-04-01,DEPT,,2314.0,,
IND-328,D57,2023-05-01,DEPT,,2421.0,,
IND-328,D57,2023-06-01,DEPT,,2479.0,,
IND-328,D57,2023-07-01,DEPT,,2523.0,,
IND-328,D57,2023-08-01,DEPT,,2633.0,,
IND-328,D57,2023-09-01,DEPT,,2691.0,,
IND-328,D57,2023-10-01,DEPT,,2761.0,,
IND-328,D57,2023-11-01,DEPT,,2803.0,,
IND-328,D57,2023-12-01,DEPT,,2880.0,,
IND-328,D57,2024-01-01,DEPT,,2892.0,,
IND-328,D57,2024-02-01,DEPT,,2843.0,,
IND-328,D57,2024-03-01,DEPT,,2807.0,,
IND-328,D57,2024-04-01,DEPT,,2787.0,,
IND-328,D57,2024-05-01,DEPT,,2717.0,,
IND-328,D57,2024-06-01,DEPT,,2716.0,,
IND-328,D57,2024-07-01,DEPT,,2713.0,,
IND-328,D57,2024-08-01,DEPT,,2661.0,,
IND-328,D57,2024-09-01,DEPT,,2662.0,,
IND-328,D57,2024-10-01,DEPT,,2614.0,,
IND-328,D57,2024-11-01,DEPT,,2742.0,,
IND-328,D58,2022-01-01,DEPT,,41.0,,
IND-328,D58,2022-02-01,DEPT,,37.0,,
IND-328,D58,2022-03-01,DEPT,,68.0,,
IND-328,D58,2022-04-01,DEPT,,59.0,,
IND-328,D58,2022-05-01,DEPT,,79.0,,
IND-328,D58,2022-06-01,DEPT,,53.0,,
IND-328,D58,2022-07-01,DEPT,,34.0,,
IND-328,D58,2022-08-01,DEPT,,44.0,,
IND-328,D58,2022-09-01,DEPT,,46.0,,
IND-328,D58,2022-10-01,DEPT,,41.0,,
IND-328,D58,2022-11-01,DEPT,,70.0,,
IND-328,D58,2022-12-01,DEPT,630.0,58.0,,
IND-328,D58,2023-01-01,DEPT,,71.0,,
IND-328,D58,2023-02-01,DEPT,,702.0,,
IND-328,D58,2023-03-01,DEPT,,718.0,,
IND-328,D58,2023-04-01,DEPT,,726.0,,
IND-328,D58,2023-05-01,DEPT,,731.0,,
IND-328,D58,2023-06-01,DEPT,,735.0,,
IND-328,D58,2023-07-01,DEPT,,765.0,,
IND-328,D58,2023-08-01,DEPT,,807.0,,
IND-328,D58,2023-09-01,DEPT,,806.0,,
IND-328,D58,2023-10-01,DEPT,,823.0,,
IND-328,D58,2023-11-01,DEPT,,810.0,,
IND-328,D58,2023-12-01,DEPT,,823.0,,
IND-328,D58,2024-01-01,DEPT,,829.0,,
IND-328,D58,2024-02-01,DEPT,,812.0,,
IND-328,D58,2024-03-01,DEPT,,798.0,,
IND-328,D58,2024-04-01,DEPT,,802.0,,
IND-328,D58,2024-05-01,DEPT,,773.0,,
IND-328,D58,2024-06-01,DEPT,,779.0,,
IND-328,D58,2024-07-01,DEPT,,775.0,,
IND-328,D58,2024-08-01,DEPT,,739.0,,
IND-328,D58,2024-09-01,DEPT,,739.0,,
IND-328,D58,2024-10-01,DEPT,,785.0,,
IND-328,D58,2024-11-01,DEPT,,836.0,,
IND-328,D59,2022-01-01,DEPT,,713.0,,
IND-328,D59,2022-02-01,DEPT,,795.0,,
IND-328,D59,2022-03-01,DEPT,,763.0,,
IND-328,D59,2022-04-01,DEPT,,578.0,,
IND-328,D59,2022-05-01,DEPT,,689.0,,
IND-328,D59,2022-06-01,DEPT,,677.0,,
IND-328,D59,2022-07-01,DEPT,,672.0,,
IND-328,D59,2022-08-01,DEPT,,797.0,,
IND-328,D59,2022-09-01,DEPT,,764.0,,
IND-328,D59,2022-10-01,DEPT,,695.0,,
IND-328,D59,2022-11-01,DEPT,,733.0,,
IND-328,D59,2022-12-01,DEPT,8670.0,794.0,,
IND-328,D59,2023-01-01,DEPT,,711.0,,
IND-328,D59,2023-02-01,DEPT,,8456.0,,
IND-328,D59,2023-03-01,DEPT,,8505.0,,
IND-328,D59,2023-04-01,DEPT,,8549.0,,
IND-328,D59,2023-05-01,DEPT,,8603.0,,
IND-328,D59,2023-06-01,DEPT,,8697.0,,
IND-328,D59,2023-07-01,DEPT,,8744.0,,
IND-328,D59,2023-08-01,DEPT,,8710.0,,
IND-328,D59,2023-09-01,DEPT,,8634.0,,
IND-328,D59,2023-10-01,DEPT,,8643.0,,
IND-328,D59,2023-11-01,DEPT,,8634.0,,
IND-328,D59,2023-12-01,DEPT,,8661.0,,
IND-328,D59,2024-01-01,DEPT,,8704.0,,
IND-328,D59,2024-02-01,DEPT,,8819.0,,
IND-328,D59,2024-03-01,DEPT,,8782.0,,
IND-328,D59,2024-04-01,DEPT,,8956.0,,
IND-328,D59,2024-05-01,DEPT,,8868.0,,
IND-328,D59,2024-06-01,DEPT,,8734.0,,
IND-328,D59,2024-07-01,DEPT,,8777.0,,
IND-328,D59,2024-08-01,DEPT,,8628.0,,
IND-328,D59,2024-09-01,DEPT,,8638.0,,
IND-328,D59,2024-10-01,DEPT,,8608.0,,
IND-328,D59,2024-11-01,DEPT,,8721.0,,
IND-328,D60,2022-01-01,DEPT,,142.0,,
IND-328,D60,2022-02-01,DEPT,,133.0,,
IND-328,D60,2022-03-01,DEPT,,143.0,,
IND-328,D60,2022-04-01,DEPT,,125.0,,
IND-328,D60,2022-05-01,DEPT,,126.0,,
IND-328,D60,2022-06-01,DEPT,,129.0,,
IND-328,D60,2022-07-01,DEPT,,107.0,,
IND-328,D60,2022-08-01,DEPT,,140.0,,
IND-328,D60,2022-09-01,DEPT,,139.0,,
IND-328,D60,2022-10-01,DEPT,,158.0,,
IND-328,D60,2022-11-01,DEPT,,166.0,,
IND-328,D60,2022-12-01,DEPT,1714.0,206.0,,
IND-328,D60,2023-01-01,DEPT,,203.0,,
IND-328,D60,2023-02-01,DEPT,,1803.0,,
IND-328,D60,2023-03-01,DEPT,,1853.0,,
IND-328,D60,2023-04-01,DEPT,,1868.0,,
IND-328,D60,2023-05-01,DEPT,,1918.0,,
IND-328,D60,2023-06-01,DEPT,,1947.0,,
IND-328,D60,2023-07-01,DEPT,,1950.0,,
IND-328,D60,2023-08-01,DEPT,,1975.0,,
IND-328,D60,2023-09-01,DEPT,,1971.0,,
IND-328,D60,2023-10-01,DEPT,,1984.0,,
IND-328,D60,2023-11-01,DEPT,,2042.0,,
IND-328,D60,2023-12-01,DEPT,,2116.0,,
IND-328,D60,2024-01-01,DEPT,,2112.0,,
IND-328,D60,2024-02-01,DEPT,,2118.0,,
IND-328,D60,2024-03-01,DEPT,,2156.0,,
IND-328,D60,2024-04-01,DEPT,,2166.0,,
IND-328,D60,2024-05-01,DEPT,,2107.0,,
IND-328,D60,2024-06-01,DEPT,,2072.0,,
IND-328,D60,2024-07-01,DEPT,,2128.0,,
IND-328,D60,2024-08-01,DEPT,,2099.0,,
IND-328,D60,2024-09-01,DEPT,,2098.0,,
IND-328,D60,2024-10-01,DEPT,,2073.0,,
IND-328,D60,2024-11-01,DEPT,,2032.0,,
IND-328,D61,2022-01-01,DEPT,,45.0,,
IND-328,D61,2022-02-01,DEPT,,47.0,,
IND-328,D61,2022-03-01,DEPT,,49.0,,
IND-328,D61,2022-04-01,DEPT,,57.0,,
IND-328,D61,2022-05-01,DEPT,,57.0,,
IND-328,D61,2022-06-01,DEPT,,52.0,,
IND-328,D61,2022-07-01,DEPT,,41.0,,
IND-328,D61,2022-08-01,DEPT,,51.0,,
IND-328,D61,2022-09-01,DEPT,,68.0,,
IND-328,D61,2022-10-01,DEPT,,46.0,,
IND-328,D61,2022-11-01,DEPT,,83.0,,
IND-328,D61,2022-12-01,DEPT,693.0,97.0,,
IND-328,D61,2023-01-01,DEPT,,78.0,,
IND-328,D61,2023-02-01,DEPT,,720.0,,
IND-328,D61,2023-03-01,DEPT,,723.0,,
IND-328,D61,2023-04-01,DEPT,,762.0,,
IND-328,D61,2023-05-01,DEPT,,782.0,,
IND-328,D61,2023-06-01,DEPT,,809.0,,
IND-328,D61,2023-07-01,DEPT,,836.0,,
IND-328,D61,2023-08-01,DEPT,,874.0,,
IND-328,D61,2023-09-01,DEPT,,899.0,,
IND-328,D61,2023-10-01,DEPT,,883.0,,
IND-328,D61,2023-11-01,DEPT,,835.0,,
IND-328,D61,2023-12-01,DEPT,,808.0,,
IND-328,D61,2024-01-01,DEPT,,830.0,,
IND-328,D61,2024-02-01,DEPT,,853.0,,
IND-328,D61,2024-03-01,DEPT,,872.0,,
IND-328,D61,2024-04-01,DEPT,,850.0,,
IND-328,D61,2024-05-01,DEPT,,836.0,,
IND-328,D61,2024-06-01,DEPT,,856.0,,
IND-328,D61,2024-07-01,DEPT,,887.0,,
IND-328,D61,2024-08-01,DEPT,,909.0,,
IND-328,D61,2024-09-01,DEPT,,879.0,,
IND-328,D61,2024-10-01,DEPT,,933.0,,
IND-328,D61,2024-11-01,DEPT,,982.0,,
IND-328,D62,2022-01-01,DEPT,,282.0,,
IND-328,D62,2022-02-01,DEPT,,234.0,,
IND-328,D62,2022-03-01,DEPT,,259.0,,
IND-328,D62,2022-04-01,DEPT,,205.0,,
IND-328,D62,2022-05-01,DEPT,,226.0,,
IND-328,D62,2022-06-01,DEPT,,276.0,,
IND-328,D62,2022-07-01,DEPT,,314.0,,
IND-328,D62,2022-08-01,DEPT,,285.0,,
IND-328,D62,2022-09-01,DEPT,,317.0,,
IND-328,D62,2022-10-01,DEPT,,269.0,,
IND-328,D62,2022-11-01,DEPT,,318.0,,
IND-328,D62,2022-12-01,DEPT,3322.0,337.0,,
IND-328,D62,2023-01-01,DEPT,,318.0,,
IND-328,D62,2023-02-01,DEPT,,3358.0,,
IND-328,D62,2023-03-01,DEPT,,3402.0,,
IND-328,D62,2023-04-01,DEPT,,3472.0,,
IND-328,D62,2023-05-01,DEPT,,3541.0,,
IND-328,D62,2023-06-01,DEPT,,3577.0,,
IND-328,D62,2023-07-01,DEPT,,3595.0,,
IND-328,D62,2023-08-01,DEPT,,3670.0,,
IND-328,D62,2023-09-01,DEPT,,3683.0,,
IND-328,D62,2023-10-01,DEPT,,3748.0,,
IND-328,D62,2023-11-01,DEPT,,3719.0,,
IND-328,D62,2023-12-01,DEPT,,3790.0,,
IND-328,D62,2024-01-01,DEPT,,3803.0,,
IND-328,D62,2024-02-01,DEPT,,3808.0,,
IND-328,D62,2024-03-01,DEPT,,3823.0,,
IND-328,D62,2024-04-01,DEPT,,3808.0,,
IND-328,D62,2024-05-01,DEPT,,3844.0,,
IND-328,D62,2024-06-01,DEPT,,3842.0,,
IND-328,D62,2024-07-01,DEPT,,3887.0,,
IND-328,D62,2024-08-01,DEPT,,3834.0,,
IND-328,D62,2024-09-01,DEPT,,3761.0,,
IND-328,D62,2024-10-01,DEPT,,3757.0,,
IND-328,D62,2024-11-01,DEPT,,3732.0,,
IND-328,D63,2022-01-01,DEPT,,175.0,,
IND-328,D63,2022-02-01,DEPT,,173.0,,
IND-328,D63,2022-03-01,DEPT,,207.0,,
IND-328,D63,2022-04-01,DEPT,,205.0,,
IND-328,D63,2022-05-01,DEPT,,197.0,,
IND-328,D63,2022-06-01,DEPT,,159.0,,
IND-328,D63,2022-07-01,DEPT,,219.0,,
IND-328,D63,2022-08-01,DEPT,,246.0,,
IND-328,D63,2022-09-01,DEPT,,182.0,,
IND-328,D63,2022-10-01,DEPT,,240.0,,
IND-328,D63,2022-11-01,DEPT,,394.0,,
IND-328,D63,2022-12-01,DEPT,2723.0,326.0,,
IND-328,D63,2023-01-01,DEPT,,234.0,,
IND-328,D63,2023-02-01,DEPT,,2791.0,,
IND-328,D63,2023-03-01,DEPT,,2796.0,,
IND-328,D63,2023-04-01,DEPT,,2797.0,,
IND-328,D63,2023-05-01,DEPT,,2821.0,,
IND-328,D63,2023-06-01,DEPT,,2858.0,,
IND-328,D63,2023-07-01,DEPT,,2828.0,,
IND-328,D63,2023-08-01,DEPT,,2816.0,,
IND-328,D63,2023-09-01,DEPT,,2909.0,,
IND-328,D63,2023-10-01,DEPT,,2969.0,,
IND-328,D63,2023-11-01,DEPT,,2837.0,,
IND-328,D63,2023-12-01,DEPT,,2817.0,,
IND-328,D63,2024-01-01,DEPT,,2830.0,,
IND-328,D63,2024-02-01,DEPT,,2790.0,,
IND-328,D63,2024-03-01,DEPT,,2812.0,,
IND-328,D63,2024-04-01,DEPT,,2838.0,,
IND-328,D63,2024-05-01,DEPT,,2846.0,,
IND-328,D63,2024-06-01,DEPT,,2891.0,,
IND-328,D63,2024-07-01,DEPT,,2954.0,,
IND-328,D63,2024-08-01,DEPT,,2945.0,,
IND-328,D63,2024-09-01,DEPT,,2854.0,,
IND-328,D63,2024-10-01,DEPT,,2800.0,,
IND-328,D63,2024-11-01,DEPT,,2832.0,,
IND-328,D64,2022-01-01,DEPT,,124.0,,
IND-328,D64,2022-02-01,DEPT,,94.0,,
IND-328,D64,2022-03-01,DEPT,,113.0,,
IND-328,D64,2022-04-01,DEPT,,104.0,,
IND-328,D64,2022-05-01,DEPT,,112.0,,
IND-328,D64,2022-06-01,DEPT,,118.0,,
IND-328,D64,2022-07-01,DEPT,,175.0,,
IND-328,D64,2022-08-01,DEPT,,151.0,,
IND-328,D64,2022-09-01,DEPT,,155.0,,
IND-328,D64,2022-10-01,DEPT,,129.0,,
IND-328,D64,2022-11-01,DEPT,,145.0,,
IND-328,D64,2022-12-01,DEPT,1605.0,185.0,,
IND-328,D64,2023-01-01,DEPT,,148.0,,
IND-328,D64,2023-02-01,DEPT,,1603.0,,
IND-328,D64,2023-03-01,DEPT,,1580.0,,
IND-328,D64,2023-04-01,DEPT,,1576.0,,
IND-328,D64,2023-05-01,DEPT,,1608.0,,
IND-328,D64,2023-06-01,DEPT,,1622.0,,
IND-328,D64,2023-07-01,DEPT,,1668.0,,
IND-328,D64,2023-08-01,DEPT,,1739.0,,
IND-328,D64,2023-09-01,DEPT,,1735.0,,
IND-328,D64,2023-10-01,DEPT,,1715.0,,
IND-328,D64,2023-11-01,DEPT,,1704.0,,
IND-328,D64,2023-12-01,DEPT,,1699.0,,
IND-328,D64,2024-01-01,DEPT,,1683.0,,
IND-328,D64,2024-02-01,DEPT,,1704.0,,
IND-328,D64,2024-03-01,DEPT,,1763.0,,
IND-328,D64,2024-04-01,DEPT,,1843.0,,
IND-328,D64,2024-05-01,DEPT,,1822.0,,
IND-328,D64,2024-06-01,DEPT,,1873.0,,
IND-328,D64,2024-07-01,DEPT,,1891.0,,
IND-328,D64,2024-08-01,DEPT,,1853.0,,
IND-328,D64,2024-09-01,DEPT,,1794.0,,
IND-328,D64,2024-10-01,DEPT,,1795.0,,
IND-328,D64,2024-11-01,DEPT,,1763.0,,
IND-328,D65,2022-01-01,DEPT,,29.0,,
IND-328,D65,2022-02-01,DEPT,,23.0,,
IND-328,D65,2022-03-01,DEPT,,33.0,,
IND-328,D65,2022-04-01,DEPT,,60.0,,
IND-328,D65,2022-05-01,DEPT,,50.0,,
IND-328,D65,2022-06-01,DEPT,,39.0,,
IND-328,D65,2022-07-01,DEPT,,41.0,,
IND-328,D65,2022-08-01,DEPT,,49.0,,
IND-328,D65,2022-09-01,DEPT,,38.0,,
IND-328,D65,2022-10-01,DEPT,,42.0,,
IND-328,D65,2022-11-01,DEPT,,47.0,,
IND-328,D65,2022-12-01,DEPT,489.0,38.0,,
IND-328,D65,2023-01-01,DEPT,,33.0,,
IND-328,D65,2023-02-01,DEPT,,493.0,,
IND-328,D65,2023-03-01,DEPT,,507.0,,
IND-328,D65,2023-04-01,DEPT,,503.0,,
IND-328,D65,2023-05-01,DEPT,,505.0,,
IND-328,D65,2023-06-01,DEPT,,501.0,,
IND-328,D65,2023-07-01,DEPT,,500.0,,
IND-328,D65,2023-08-01,DEPT,,503.0,,
IND-328,D65,2023-09-01,DEPT,,514.0,,
IND-328,D65,2023-10-01,DEPT,,524.0,,
IND-328,D65,2023-11-01,DEPT,,533.0,,
IND-328,D65,2023-12-01,DEPT,,545.0,,
IND-328,D65,2024-01-01,DEPT,,538.0,,
IND-328,D65,2024-02-01,DEPT,,544.0,,
IND-328,D65,2024-03-01,DEPT,,535.0,,
IND-328,D65,2024-04-01,DEPT,,516.0,,
IND-328,D65,2024-05-01,DEPT,,504.0,,
IND-328,D65,2024-06-01,DEPT,,528.0,,
IND-328,D65,2024-07-01,DEPT,,545.0,,
IND-328,D65,2024-08-01,DEPT,,559.0,,
IND-328,D65,2024-09-01,DEPT,,541.0,,
IND-328,D65,2024-10-01,DEPT,,547.0,,
IND-328,D65,2024-11-01,DEPT,,525.0,,
IND-328,D66,2022-01-01,DEPT,,106.0,,
IND-328,D66,2022-02-01,DEPT,,90.0,,
IND-328,D66,2022-03-01,DEPT,,99.0,,
IND-328,D66,2022-04-01,DEPT,,108.0,,
IND-328,D66,2022-05-01,DEPT,,133.0,,
IND-328,D66,2022-06-01,DEPT,,161.0,,
IND-328,D66,2022-07-01,DEPT,,144.0,,
IND-328,D66,2022-08-01,DEPT,,134.0,,
IND-328,D66,2022-09-01,DEPT,,112.0,,
IND-328,D66,2022-10-01,DEPT,,102.0,,
IND-328,D66,2022-11-01,DEPT,,104.0,,
IND-328,D66,2022-12-01,DEPT,1417.0,124.0,,
IND-328,D66,2023-01-01,DEPT,,119.0,,
IND-328,D66,2023-02-01,DEPT,,1477.0,,
IND-328,D66,2023-03-01,DEPT,,1509.0,,
IND-328,D66,2023-04-01,DEPT,,1559.0,,
IND-328,D66,2023-05-01,DEPT,,1577.0,,
IND-328,D66,2023-06-01,DEPT,,1581.0,,
IND-328,D66,2023-07-01,DEPT,,1598.0,,
IND-328,D66,2023-08-01,DEPT,,1663.0,,
IND-328,D66,2023-09-01,DEPT,,1689.0,,
IND-328,D66,2023-10-01,DEPT,,1744.0,,
IND-328,D66,2023-11-01,DEPT,,1791.0,,
IND-328,D66,2023-12-01,DEPT,,1804.0,,
IND-328,D66,2024-01-01,DEPT,,1818.0,,
IND-328,D66,2024-02-01,DEPT,,1818.0,,
IND-328,D66,2024-03-01,DEPT,,1843.0,,
IND-328,D66,2024-04-01,DEPT,,1832.0,,
IND-328,D66,2024-05-01,DEPT,,1891.0,,
IND-328,D66,2024-06-01,DEPT,,1895.0,,
IND-328,D66,2024-07-01,DEPT,,1921.0,,
IND-328,D66,2024-08-01,DEPT,,1907.0,,
IND-328,D66,2024-09-01,DEPT,,1933.0,,
IND-328,D66,2024-10-01,DEPT,,1948.0,,
IND-328,D66,2024-11-01,DEPT,,1945.0,,
IND-328,D67,2022-01-01,DEPT,,228.0,,
IND-328,D67,2022-02-01,DEPT,,174.0,,
IND-328,D67,2022-03-01,DEPT,,147.0,,
IND-328,D67,2022-04-01,DEPT,,108.0,,
IND-328,D67,2022-05-01,DEPT,,136.0,,
IND-328,D67,2022-06-01,DEPT,,127.0,,
IND-328,D67,2022-07-01,DEPT,,144.0,,
IND-328,D67,2022-08-01,DEPT,,134.0,,
IND-328,D67,2022-09-01,DEPT,,220.0,,
IND-328,D67,2022-10-01,DEPT,,241.0,,
IND-328,D67,2022-11-01,DEPT,,219.0,,
IND-328,D67,2022-12-01,DEPT,2106.0,228.0,,
IND-328,D67,2023-01-01,DEPT,,187.0,,
IND-328,D67,2023-02-01,DEPT,,2003.0,,
IND-328,D67,2023-03-01,DEPT,,2057.0,,
IND-328,D67,2023-04-01,DEPT,,2104.0,,
IND-328,D67,2023-05-01,DEPT,,2196.0,,
IND-328,D67,2023-06-01,DEPT,,2266.0,,
IND-328,D67,2023-07-01,DEPT,,2321.0,,
IND-328,D67,2023-08-01,DEPT,,2453.0,,
IND-328,D67,2023-09-01,DEPT,,2460.0,,
IND-328,D67,2023-10-01,DEPT,,2414.0,,
IND-328,D67,2023-11-01,DEPT,,2424.0,,
IND-328,D67,2023-12-01,DEPT,,2473.0,,
IND-328,D67,2024-01-01,DEPT,,2505.0,,
IND-328,D67,2024-02-01,DEPT,,2543.0,,
IND-328,D67,2024-03-01,DEPT,,2504.0,,
IND-328,D67,2024-04-01,DEPT,,2538.0,,
IND-328,D67,2024-05-01,DEPT,,2491.0,,
IND-328,D67,2024-06-01,DEPT,,2437.0,,
IND-328,D67,2024-07-01,DEPT,,2446.0,,
IND-328,D67,2024-08-01,DEPT,,2350.0,,
IND-328,D67,2024-09-01,DEPT,,2337.0,,
IND-328,D67,2024-10-01,DEPT,,2321.0,,
IND-328,D67,2024-11-01,DEPT,,2331.0,,
IND-328,D68,2022-01-01,DEPT,,98.0,,
IND-328,D68,2022-02-01,DEPT,,110.0,,
IND-328,D68,2022-03-01,DEPT,,105.0,,
IND-328,D68,2022-04-01,DEPT,,95.0,,
IND-328,D68,2022-05-01,DEPT,,79.0,,
IND-328,D68,2022-06-01,DEPT,,103.0,,
IND-328,D68,2022-07-01,DEPT,,97.0,,
IND-328,D68,2022-08-01,DEPT,,141.0,,
IND-328,D68,2022-09-01,DEPT,,112.0,,
IND-328,D68,2022-10-01,DEPT,,160.0,,
IND-328,D68,2022-11-01,DEPT,,171.0,,
IND-328,D68,2022-12-01,DEPT,1560.0,289.0,,
IND-328,D68,2023-01-01,DEPT,,127.0,,
IND-328,D68,2023-02-01,DEPT,,1565.0,,
IND-328,D68,2023-03-01,DEPT,,1600.0,,
IND-328,D68,2023-04-01,DEPT,,1627.0,,
IND-328,D68,2023-05-01,DEPT,,1646.0,,
IND-328,D68,2023-06-01,DEPT,,1679.0,,
IND-328,D68,2023-07-01,DEPT,,1698.0,,
IND-328,D68,2023-08-01,DEPT,,1717.0,,
IND-328,D68,2023-09-01,DEPT,,1747.0,,
IND-328,D68,2023-10-01,DEPT,,1682.0,,
IND-328,D68,2023-11-01,DEPT,,1675.0,,
IND-328,D68,2023-12-01,DEPT,,1569.0,,
IND-328,D68,2024-01-01,DEPT,,1569.0,,
IND-328,D68,2024-02-01,DEPT,,1601.0,,
IND-328,D68,2024-03-01,DEPT,,1577.0,,
IND-328,D68,2024-04-01,DEPT,,1602.0,,
IND-328,D68,2024-05-01,DEPT,,1610.0,,
IND-328,D68,2024-06-01,DEPT,,1578.0,,
IND-328,D68,2024-07-01,DEPT,,1587.0,,
IND-328,D68,2024-08-01,DEPT,,1542.0,,
IND-328,D68,2024-09-01,DEPT,,1529.0,,
IND-328,D68,2024-10-01,DEPT,,1608.0,,
IND-328,D68,2024-11-01,DEPT,,1673.0,,
IND-328,D69,2022-01-01,DEPT,,780.0,,
IND-328,D69,2022-02-01,DEPT,,860.0,,
IND-328,D69,2022-03-01,DEPT,,911.0,,
IND-328,D69,2022-04-01,DEPT,,750.0,,
IND-328,D69,2022-05-01,DEPT,,743.0,,
IND-328,D69,2022-06-01,DEPT,,771.0,,
IND-328,D69,2022-07-01,DEPT,,727.0,,
IND-328,D69,2022-08-01,DEPT,,852.0,,
IND-328,D69,2022-09-01,DEPT,,776.0,,
IND-328,D69,2022-10-01,DEPT,,702.0,,
IND-328,D69,2022-11-01,DEPT,,854.0,,
IND-328,D69,2022-12-01,DEPT,9668.0,942.0,,
IND-328,D69,2023-01-01,DEPT,,667.0,,
IND-328,D69,2023-02-01,DEPT,,9239.0,,
IND-328,D69,2023-03-01,DEPT,,9011.0,,
IND-328,D69,2023-04-01,DEPT,,8772.0,,
IND-328,D69,2023-05-01,DEPT,,8604.0,,
IND-328,D69,2023-06-01,DEPT,,8365.0,,
IND-328,D69,2023-07-01,DEPT,,8250.0,,
IND-328,D69,2023-08-01,DEPT,,8024.0,,
IND-328,D69,2023-09-01,DEPT,,7819.0,,
IND-328,D69,2023-10-01,DEPT,,7745.0,,
IND-328,D69,2023-11-01,DEPT,,7662.0,,
IND-328,D69,2023-12-01,DEPT,,7682.0,,
IND-328,D69,2024-01-01,DEPT,,7698.0,,
IND-328,D69,2024-02-01,DEPT,,7731.0,,
IND-328,D69,2024-03-01,DEPT,,7704.0,,
IND-328,D69,2024-04-01,DEPT,,7760.0,,
IND-328,D69,2024-05-01,DEPT,,7773.0,,
IND-328,D69,2024-06-01,DEPT,,7807.0,,
IND-328,D69,2024-07-01,DEPT,,7875.0,,
IND-328,D69,2024-08-01,DEPT,,7989.0,,
IND-328,D69,2024-09-01,DEPT,,8033.0,,
IND-328,D69,2024-10-01,DEPT,,8139.0,,
IND-328,D69,2024-11-01,DEPT,,8313.0,,
IND-328,D70,2022-01-01,DEPT,,37.0,,
IND-328,D70,2022-02-01,DEPT,,39.0,,
IND-328,D70,2022-03-01,DEPT,,23.0,,
IND-328,D70,2022-04-01,DEPT,,30.0,,
IND-328,D70,2022-05-01,DEPT,,26.0,,
IND-328,D70,2022-06-01,DEPT,,20.0,,
IND-328,D70,2022-07-01,DEPT,,34.0,,
IND-328,D70,2022-08-01,DEPT,,24.0,,
IND-328,D70,2022-09-01,DEPT,,44.0,,
IND-328,D70,2022-10-01,DEPT,,51.0,,
IND-328,D70,2022-11-01,DEPT,,42.0,,
IND-328,D70,2022-12-01,DEPT,410.0,40.0,,
IND-328,D70,2023-01-01,DEPT,,37.0,,
IND-328,D70,2023-02-01,DEPT,,398.0,,
IND-328,D70,2023-03-01,DEPT,,419.0,,
IND-328,D70,2023-04-01,DEPT,,442.0,,
IND-328,D70,2023-05-01,DEPT,,447.0,,
IND-328,D70,2023-06-01,DEPT,,450.0,,
IND-328,D70,2023-07-01,DEPT,,449.0,,
IND-328,D70,2023-08-01,DEPT,,467.0,,
IND-328,D70,2023-09-01,DEPT,,461.0,,
IND-328,D70,2023-10-01,DEPT,,447.0,,
IND-328,D70,2023-11-01,DEPT,,440.0,,
IND-328,D70,2023-12-01,DEPT,,427.0,,
IND-328,D70,2024-01-01,DEPT,,415.0,,
IND-328,D70,2024-02-01,DEPT,,429.0,,
IND-328,D70,2024-03-01,DEPT,,404.0,,
IND-328,D70,2024-04-01,DEPT,,380.0,,
IND-328,D70,2024-05-01,DEPT,,380.0,,
IND-328,D70,2024-06-01,DEPT,,384.0,,
IND-328,D70,2024-07-01,DEPT,,383.0,,
IND-328,D70,2024-08-01,DEPT,,383.0,,
IND-328,D70,2024-09-01,DEPT,,373.0,,
IND-328,D70,2024-10-01,DEPT,,361.0,,
IND-328,D70,2024-11-01,DEPT,,372.0,,
IND-328,D71,2022-01-01,DEPT,,107.0,,
IND-328,D71,2022-02-01,DEPT,,97.0,,
IND-328,D71,2022-03-01,DEPT,,103.0,,
IND-328,D71,2022-04-01,DEPT,,96.0,,
IND-328,D71,2022-05-01,DEPT,,112.0,,
IND-328,D71,2022-06-01,DEPT,,87.0,,
IND-328,D71,2022-07-01,DEPT,,95.0,,
IND-328,D71,2022-08-01,DEPT,,120.0,,
IND-328,D71,2022-09-01,DEPT,,102.0,,
IND-328,D71,2022-10-01,DEPT,,126.0,,
IND-328,D71,2022-11-01,DEPT,,211.0,,
IND-328,D71,2022-12-01,DEPT,1411.0,155.0,,
IND-328,D71,2023-01-01,DEPT,,119.0,,
IND-328,D71,2023-02-01,DEPT,,1454.0,,
IND-328,D71,2023-03-01,DEPT,,1491.0,,
IND-328,D71,2023-04-01,DEPT,,1513.0,,
IND-328,D71,2023-05-01,DEPT,,1500.0,,
IND-328,D71,2023-06-01,DEPT,,1495.0,,
IND-328,D71,2023-07-01,DEPT,,1526.0,,
IND-328,D71,2023-08-01,DEPT,,1525.0,,
IND-328,D71,2023-09-01,DEPT,,1516.0,,
IND-328,D71,2023-10-01,DEPT,,1507.0,,
IND-328,D71,2023-11-01,DEPT,,1423.0,,
IND-328,D71,2023-12-01,DEPT,,1438.0,,
IND-328,D71,2024-01-01,DEPT,,1421.0,,
IND-328,D71,2024-02-01,DEPT,,1451.0,,
IND-328,D71,2024-03-01,DEPT,,1432.0,,
IND-328,D71,2024-04-01,DEPT,,1454.0,,
IND-328,D71,2024-05-01,DEPT,,1460.0,,
IND-328,D71,2024-06-01,DEPT,,1517.0,,
IND-328,D71,2024-07-01,DEPT,,1503.0,,
IND-328,D71,2024-08-01,DEPT,,1496.0,,
IND-328,D71,2024-09-01,DEPT,,1491.0,,
IND-328,D71,2024-10-01,DEPT,,1487.0,,
IND-328,D71,2024-11-01,DEPT,,1476.0,,
IND-328,D72,2022-01-01,DEPT,,116.0,,
IND-328,D72,2022-02-01,DEPT,,100.0,,
IND-328,D72,2022-03-01,DEPT,,97.0,,
IND-328,D72,2022-04-01,DEPT,,80.0,,
IND-328,D72,2022-05-01,DEPT,,119.0,,
IND-328,D72,2022-06-01,DEPT,,111.0,,
IND-328,D72,2022-07-01,DEPT,,112.0,,
IND-328,D72,2022-08-01,DEPT,,167.0,,
IND-328,D72,2022-09-01,DEPT,,157.0,,
IND-328,D72,2022-10-01,DEPT,,213.0,,
IND-328,D72,2022-11-01,DEPT,,189.0,,
IND-328,D72,2022-12-01,DEPT,1631.0,170.0,,
IND-328,D72,2023-01-01,DEPT,,165.0,,
IND-328,D72,2023-02-01,DEPT,,1764.0,,
IND-328,D72,2023-03-01,DEPT,,1829.0,,
IND-328,D72,2023-04-01,DEPT,,1905.0,,
IND-328,D72,2023-05-01,DEPT,,2003.0,,
IND-328,D72,2023-06-01,DEPT,,2069.0,,
IND-328,D72,2023-07-01,DEPT,,2197.0,,
IND-328,D72,2023-08-01,DEPT,,2237.0,,
IND-328,D72,2023-09-01,DEPT,,2188.0,,
IND-328,D72,2023-10-01,DEPT,,2128.0,,
IND-328,D72,2023-11-01,DEPT,,2020.0,,
IND-328,D72,2023-12-01,DEPT,,2007.0,,
IND-328,D72,2024-01-01,DEPT,,2004.0,,
IND-328,D72,2024-02-01,DEPT,,2028.0,,
IND-328,D72,2024-03-01,DEPT,,2088.0,,
IND-328,D72,2024-04-01,DEPT,,2115.0,,
IND-328,D72,2024-05-01,DEPT,,2097.0,,
IND-328,D72,2024-06-01,DEPT,,2065.0,,
IND-328,D72,2024-07-01,DEPT,,2003.0,,
IND-328,D72,2024-08-01,DEPT,,1945.0,,
IND-328,D72,2024-09-01,DEPT,,1985.0,,
IND-328,D72,2024-10-01,DEPT,,1991.0,,
IND-328,D72,2024-11-01,DEPT,,2002.0,,
IND-328,D73,2022-01-01,DEPT,,122.0,,
IND-328,D73,2022-02-01,DEPT,,99.0,,
IND-328,D73,2022-03-01,DEPT,,89.0,,
IND-328,D73,2022-04-01,DEPT,,79.0,,
IND-328,D73,2022-05-01,DEPT,,75.0,,
IND-328,D73,2022-06-01,DEPT,,96.0,,
IND-328,D73,2022-07-01,DEPT,,122.0,,
IND-328,D73,2022-08-01,DEPT,,113.0,,
IND-328,D73,2022-09-01,DEPT,,99.0,,
IND-328,D73,2022-10-01,DEPT,,60.0,,
IND-328,D73,2022-11-01,DEPT,,118.0,,
IND-328,D73,2022-12-01,DEPT,1180.0,108.0,,
IND-328,D73,2023-01-01,DEPT,,70.0,,
IND-328,D73,2023-02-01,DEPT,,1103.0,,
IND-328,D73,2023-03-01,DEPT,,1113.0,,
IND-328,D73,2023-04-01,DEPT,,1104.0,,
IND-328,D73,2023-05-01,DEPT,,1118.0,,
IND-328,D73,2023-06-01,DEPT,,1075.0,,
IND-328,D73,2023-07-01,DEPT,,1025.0,,
IND-328,D73,2023-08-01,DEPT,,984.0,,
IND-328,D73,2023-09-01,DEPT,,978.0,,
IND-328,D73,2023-10-01,DEPT,,990.0,,
IND-328,D73,2023-11-01,DEPT,,1016.0,,
IND-328,D73,2023-12-01,DEPT,,1022.0,,
IND-328,D73,2024-01-01,DEPT,,1048.0,,
IND-328,D73,2024-02-01,DEPT,,1088.0,,
IND-328,D73,2024-03-01,DEPT,,1106.0,,
IND-328,D73,2024-04-01,DEPT,,1110.0,,
IND-328,D73,2024-05-01,DEPT,,1095.0,,
IND-328,D73,2024-06-01,DEPT,,1123.0,,
IND-328,D73,2024-07-01,DEPT,,1174.0,,
IND-328,D73,2024-08-01,DEPT,,1166.0,,
IND-328,D73,2024-09-01,DEPT,,1160.0,,
IND-328,D73,2024-10-01,DEPT,,1184.0,,
IND-328,D73,2024-11-01,DEPT,,1225.0,,
IND-328,D74,2022-01-01,DEPT,,313.0,,
IND-328,D74,2022-02-01,DEPT,,249.0,,
IND-328,D74,2022-03-01,DEPT,,229.0,,
IND-328,D74,2022-04-01,DEPT,,174.0,,
IND-328,D74,2022-05-01,DEPT,,156.0,,
IND-328,D74,2022-06-01,DEPT,,173.0,,
IND-328,D74,2022-07-01,DEPT,,229.0,,
IND-328,D74,2022-08-01,DEPT,,229.0,,
IND-328,D74,2022-09-01,DEPT,,197.0,,
IND-328,D74,2022-10-01,DEPT,,226.0,,
IND-328,D74,2022-11-01,DEPT,,276.0,,
IND-328,D74,2022-12-01,DEPT,2750.0,299.0,,
IND-328,D74,2023-01-01,DEPT,,297.0,,
IND-328,D74,2023-02-01,DEPT,,2730.0,,
IND-328,D74,2023-03-01,DEPT,,2709.0,,
IND-328,D74,2023-04-01,DEPT,,2783.0,,
IND-328,D74,2023-05-01,DEPT,,2857.0,,
IND-328,D74,2023-06-01,DEPT,,2875.0,,
IND-328,D74,2023-07-01,DEPT,,2928.0,,
IND-328,D74,2023-08-01,DEPT,,2961.0,,
IND-328,D74,2023-09-01,DEPT,,2993.0,,
IND-328,D74,2023-10-01,DEPT,,2992.0,,
IND-328,D74,2023-11-01,DEPT,,3058.0,,
IND-328,D74,2023-12-01,DEPT,,3115.0,,
IND-328,D74,2024-01-01,DEPT,,3068.0,,
IND-328,D74,2024-02-01,DEPT,,3095.0,,
IND-328,D74,2024-03-01,DEPT,,3126.0,,
IND-328,D74,2024-04-01,DEPT,,3116.0,,
IND-328,D74,2024-05-01,DEPT,,3085.0,,
IND-328,D74,2024-06-01,DEPT,,3116.0,,
IND-328,D74,2024-07-01,DEPT,,3096.0,,
IND-328,D74,2024-08-01,DEPT,,3054.0,,
IND-328,D74,2024-09-01,DEPT,,3015.0,,
IND-328,D74,2024-10-01,DEPT,,3032.0,,
IND-328,D74,2024-11-01,DEPT,,3018.0,,
IND-328,D75,2022-01-01,DEPT,,1105.0,,
IND-328,D75,2022-02-01,DEPT,,1035.0,,
IND-328,D75,2022-03-01,DEPT,,1235.0,,
IND-328,D75,2022-04-01,DEPT,,773.0,,
IND-328,D75,2022-05-01,DEPT,,957.0,,
IND-328,D75,2022-06-01,DEPT,,1010.0,,
IND-328,D75,2022-07-01,DEPT,,946.0,,
IND-328,D75,2022-08-01,DEPT,,1010.0,,
IND-328,D75,2022-09-01,DEPT,,927.0,,
IND-328,D75,2022-10-01,DEPT,,1050.0,,
IND-328,D75,2022-11-01,DEPT,,1057.0,,
IND-328,D75,2022-12-01,DEPT,12318.0,1213.0,,
IND-328,D75,2023-01-01,DEPT,,1319.0,,
IND-328,D75,2023-02-01,DEPT,,12419.0,,
IND-328,D75,2023-03-01,DEPT,,12212.0,,
IND-328,D75,2023-04-01,DEPT,,12259.0,,
IND-328,D75,2023-05-01,DEPT,,12347.0,,
IND-328,D75,2023-06-01,DEPT,,12252.0,,
IND-328,D75,2023-07-01,DEPT,,12180.0,,
IND-328,D75,2023-08-01,DEPT,,12325.0,,
IND-328,D75,2023-09-01,DEPT,,12427.0,,
IND-328,D75,2023-10-01,DEPT,,12237.0,,
IND-328,D75,2023-11-01,DEPT,,12179.0,,
IND-328,D75,2023-12-01,DEPT,,11957.0,,
IND-328,D75,2024-01-01,DEPT,,11717.0,,
IND-328,D75,2024-02-01,DEPT,,11580.0,,
IND-328,D75,2024-03-01,DEPT,,11391.0,,
IND-328,D75,2024-04-01,DEPT,,11297.0,,
IND-328,D75,2024-05-01,DEPT,,11036.0,,
IND-328,D75,2024-06-01,DEPT,,10898.0,,
IND-328,D75,2024-07-01,DEPT,,10731.0,,
IND-328,D75,2024-08-01,DEPT,,10220.0,,
IND-328,D75,2024-09-01,DEPT,,9853.0,,
IND-328,D75,2024-10-01,DEPT,,9748.0,,
IND-328,D75,2024-11-01,DEPT,,9402.0,,
IND-328,D76,2022-01-01,DEPT,,193.0,,
IND-328,D76,2022-02-01,DEPT,,184.0,,
IND-328,D76,2022-03-01,DEPT,,159.0,,
IND-328,D76,2022-04-01,DEPT,,178.0,,
IND-328,D76,2022-05-01,DEPT,,233.0,,
IND-328,D76,2022-06-01,DEPT,,218.0,,
IND-328,D76,2022-07-01,DEPT,,258.0,,
IND-328,D76,2022-08-01,DEPT,,223.0,,
IND-328,D76,2022-09-01,DEPT,,194.0,,
IND-328,D76,2022-10-01,DEPT,,217.0,,
IND-328,D76,2022-11-01,DEPT,,260.0,,
IND-328,D76,2022-12-01,DEPT,2665.0,348.0,,
IND-328,D76,2023-01-01,DEPT,,230.0,,
IND-328,D76,2023-02-01,DEPT,,2648.0,,
IND-328,D76,2023-03-01,DEPT,,2678.0,,
IND-328,D76,2023-04-01,DEPT,,2700.0,,
IND-328,D76,2023-05-01,DEPT,,2704.0,,
IND-328,D76,2023-06-01,DEPT,,2746.0,,
IND-328,D76,2023-07-01,DEPT,,2844.0,,
IND-328,D76,2023-08-01,DEPT,,2894.0,,
IND-328,D76,2023-09-01,DEPT,,2903.0,,
IND-328,D76,2023-10-01,DEPT,,2887.0,,
IND-328,D76,2023-11-01,DEPT,,2930.0,,
IND-328,D76,2023-12-01,DEPT,,2908.0,,
IND-328,D76,2024-01-01,DEPT,,2911.0,,
IND-328,D76,2024-02-01,DEPT,,3002.0,,
IND-328,D76,2024-03-01,DEPT,,3079.0,,
IND-328,D76,2024-04-01,DEPT,,3117.0,,
IND-328,D76,2024-05-01,DEPT,,3127.0,,
IND-328,D76,2024-06-01,DEPT,,3094.0,,
IND-328,D76,2024-07-01,DEPT,,3020.0,,
IND-328,D76,2024-08-01,DEPT,,3072.0,,
IND-328,D76,2024-09-01,DEPT,,3118.0,,
IND-328,D76,2024-10-01,DEPT,,3168.0,,
IND-328,D76,2024-11-01,DEPT,,3216.0,,
IND-328,D77,2022-01-01,DEPT,,407.0,,
IND-328,D77,2022-02-01,DEPT,,411.0,,
IND-328,D77,2022-03-01,DEPT,,373.0,,
IND-328,D77,2022-04-01,DEPT,,331.0,,
IND-328,D77,2022-05-01,DEPT,,336.0,,
IND-328,D77,2022-06-01,DEPT,,338.0,,
IND-328,D77,2022-07-01,DEPT,,417.0,,
IND-328,D77,2022-08-01,DEPT,,386.0,,
IND-328,D77,2022-09-01,DEPT,,323.0,,
IND-328,D77,2022-10-01,DEPT,,343.0,,
IND-328,D77,2022-11-01,DEPT,,454.0,,
IND-328,D77,2022-12-01,DEPT,4614.0,495.0,,
IND-328,D77,2023-01-01,DEPT,,435.0,,
IND-328,D77,2023-02-01,DEPT,,4547.0,,
IND-328,D77,2023-03-01,DEPT,,4524.0,,
IND-328,D77,2023-04-01,DEPT,,4512.0,,
IND-328,D77,2023-05-01,DEPT,,4514.0,,
IND-328,D77,2023-06-01,DEPT,,4478.0,,
IND-328,D77,2023-07-01,DEPT,,4389.0,,
IND-328,D77,2023-08-01,DEPT,,4440.0,,
IND-328,D77,2023-09-01,DEPT,,4441.0,,
IND-328,D77,2023-10-01,DEPT,,4491.0,,
IND-328,D77,2023-11-01,DEPT,,4498.0,,
IND-328,D77,2023-12-01,DEPT,,4459.0,,
IND-328,D77,2024-01-01,DEPT,,4380.0,,
IND-328,D77,2024-02-01,DEPT,,4385.0,,
IND-328,D77,2024-03-01,DEPT,,4309.0,,
IND-328,D77,2024-04-01,DEPT,,4330.0,,
IND-328,D77,2024-05-01,DEPT,,4259.0,,
IND-328,D77,2024-06-01,DEPT,,4250.0,,
IND-328,D77,2024-07-01,DEPT,,4259.0,,
IND-328,D77,2024-08-01,DEPT,,4113.0,,
IND-328,D77,2024-09-01,DEPT,,4107.0,,
IND-328,D77,2024-10-01,DEPT,,4052.0,,
IND-328,D77,2024-11-01,DEPT,,4010.0,,
IND-328,D78,2022-01-01,DEPT,,449.0,,
IND-328,D78,2022-02-01,DEPT,,431.0,,
IND-328,D78,2022-03-01,DEPT,,383.0,,
IND-328,D78,2022-04-01,DEPT,,253.0,,
IND-328,D78,2022-05-01,DEPT,,389.0,,
IND-328,D78,2022-06-01,DEPT,,302.0,,
IND-328,D78,2022-07-01,DEPT,,364.0,,
IND-328,D78,2022-08-01,DEPT,,374.0,,
IND-328,D78,2022-09-01,DEPT,,337.0,,
IND-328,D78,2022-10-01,DEPT,,335.0,,
IND-328,D78,2022-11-01,DEPT,,462.0,,
IND-328,D78,2022-12-01,DEPT,4668.0,589.0,,
IND-328,D78,2023-01-01,DEPT,,527.0,,
IND-328,D78,2023-02-01,DEPT,,4598.0,,
IND-328,D78,2023-03-01,DEPT,,4577.0,,
IND-328,D78,2023-04-01,DEPT,,4595.0,,
IND-328,D78,2023-05-01,DEPT,,4524.0,,
IND-328,D78,2023-06-01,DEPT,,4525.0,,
IND-328,D78,2023-07-01,DEPT,,4511.0,,
IND-328,D78,2023-08-01,DEPT,,4474.0,,
IND-328,D78,2023-09-01,DEPT,,4492.0,,
IND-328,D78,2023-10-01,DEPT,,4579.0,,
IND-328,D78,2023-11-01,DEPT,,4748.0,,
IND-328,D78,2023-12-01,DEPT,,4815.0,,
IND-328,D78,2024-01-01,DEPT,,4753.0,,
IND-328,D78,2024-02-01,DEPT,,4780.0,,
IND-328,D78,2024-03-01,DEPT,,4778.0,,
IND-328,D78,2024-04-01,DEPT,,4822.0,,
IND-328,D78,2024-05-01,DEPT,,4837.0,,
IND-328,D78,2024-06-01,DEPT,,4752.0,,
IND-328,D78,2024-07-01,DEPT,,4744.0,,
IND-328,D78,2024-08-01,DEPT,,4696.0,,
IND-328,D78,2024-09-01,DEPT,,4641.0,,
IND-328,D78,2024-10-01,DEPT,,4588.0,,
IND-328,D78,2024-11-01,DEPT,,4424.0,,
IND-328,D79,2022-01-01,DEPT,,50.0,,
IND-328,D79,2022-02-01,DEPT,,66.0,,
IND-328,D79,2022-03-01,DEPT,,75.0,,
IND-328,D79,2022-04-01,DEPT,,61.0,,
IND-328,D79,2022-05-01,DEPT,,60.0,,
IND-328,D79,2022-06-01,DEPT,,59.0,,
IND-328,D79,2022-07-01,DEPT,,65.0,,
IND-328,D79,2022-08-01,DEPT,,66.0,,
IND-328,D79,2022-09-01,DEPT,,76.0,,
IND-328,D79,2022-10-01,DEPT,,65.0,,
IND-328,D79,2022-11-01,DEPT,,84.0,,
IND-328,D79,2022-12-01,DEPT,781.0,54.0,,
IND-328,D79,2023-01-01,DEPT,,50.0,,
IND-328,D79,2023-02-01,DEPT,,787.0,,
IND-328,D79,2023-03-01,DEPT,,792.0,,
IND-328,D79,2023-04-01,DEPT,,808.0,,
IND-328,D79,2023-05-01,DEPT,,835.0,,
IND-328,D79,2023-06-01,DEPT,,874.0,,
IND-328,D79,2023-07-01,DEPT,,891.0,,
IND-328,D79,2023-08-01,DEPT,,921.0,,
IND-328,D79,2023-09-01,DEPT,,901.0,,
IND-328,D79,2023-10-01,DEPT,,883.0,,
IND-328,D79,2023-11-01,DEPT,,859.0,,
IND-328,D79,2023-12-01,DEPT,,881.0,,
IND-328,D79,2024-01-01,DEPT,,890.0,,
IND-328,D79,2024-02-01,DEPT,,930.0,,
IND-328,D79,2024-03-01,DEPT,,928.0,,
IND-328,D79,2024-04-01,DEPT,,941.0,,
IND-328,D79,2024-05-01,DEPT,,939.0,,
IND-328,D79,2024-06-01,DEPT,,938.0,,
IND-328,D79,2024-07-01,DEPT,,951.0,,
IND-328,D79,2024-08-01,DEPT,,975.0,,
IND-328,D79,2024-09-01,DEPT,,987.0,,
IND-328,D79,2024-10-01,DEPT,,1017.0,,
IND-328,D79,2024-11-01,DEPT,,1050.0,,
IND-328,D80,2022-01-01,DEPT,,72.0,,
IND-328,D80,2022-02-01,DEPT,,76.0,,
IND-328,D80,2022-03-01,DEPT,,91.0,,
IND-328,D80,2022-04-01,DEPT,,54.0,,
IND-328,D80,2022-05-01,DEPT,,90.0,,
IND-328,D80,2022-06-01,DEPT,,87.0,,
IND-328,D80,2022-07-01,DEPT,,77.0,,
IND-328,D80,2022-08-01,DEPT,,109.0,,
IND-328,D80,2022-09-01,DEPT,,87.0,,
IND-328,D80,2022-10-01,DEPT,,114.0,,
IND-328,D80,2022-11-01,DEPT,,91.0,,
IND-328,D80,2022-12-01,DEPT,1043.0,95.0,,
IND-328,D80,2023-01-01,DEPT,,91.0,,
IND-328,D80,2023-02-01,DEPT,,1060.0,,
IND-328,D80,2023-03-01,DEPT,,1054.0,,
IND-328,D80,2023-04-01,DEPT,,1093.0,,
IND-328,D80,2023-05-01,DEPT,,1106.0,,
IND-328,D80,2023-06-01,DEPT,,1097.0,,
IND-328,D80,2023-07-01,DEPT,,1131.0,,
IND-328,D80,2023-08-01,DEPT,,1119.0,,
IND-328,D80,2023-09-01,DEPT,,1105.0,,
IND-328,D80,2023-10-01,DEPT,,1080.0,,
IND-328,D80,2023-11-01,DEPT,,1085.0,,
IND-328,D80,2023-12-01,DEPT,,1099.0,,
IND-328,D80,2024-01-01,DEPT,,1094.0,,
IND-328,D80,2024-02-01,DEPT,,1116.0,,
IND-328,D80,2024-03-01,DEPT,,1121.0,,
IND-328,D80,2024-04-01,DEPT,,1121.0,,
IND-328,D80,2024-05-01,DEPT,,1100.0,,
IND-328,D80,2024-06-01,DEPT,,1086.0,,
IND-328,D80,2024-07-01,DEPT,,1066.0,,
IND-328,D80,2024-08-01,DEPT,,1056.0,,
IND-328,D80,2024-09-01,DEPT,,1090.0,,
IND-328,D80,2024-10-01,DEPT,,1100.0,,
IND-328,D80,2024-11-01,DEPT,,1148.0,,
IND-328,D81,2022-01-01,DEPT,,65.0,,
IND-328,D81,2022-02-01,DEPT,,75.0,,
IND-328,D81,2022-03-01,DEPT,,114.0,,
IND-328,D81,2022-04-01,DEPT,,63.0,,
IND-328,D81,2022-05-01,DEPT,,97.0,,
IND-328,D81,2022-06-01,DEPT,,75.0,,
IND-328,D81,2022-07-01,DEPT,,54.0,,
IND-328,D81,2022-08-01,DEPT,,76.0,,
IND-328,D81,2022-09-01,DEPT,,64.0,,
IND-328,D81,2022-10-01,DEPT,,101.0,,
IND-328,D81,2022-11-01,DEPT,,125.0,,
IND-328,D81,2022-12-01,DEPT,1058.0,149.0,,
IND-328,D81,2023-01-01,DEPT,,70.0,,
IND-328,D81,2023-02-01,DEPT,,1042.0,,
IND-328,D81,2023-03-01,DEPT,,989.0,,
IND-328,D81,2023-04-01,DEPT,,984.0,,
IND-328,D81,2023-05-01,DEPT,,950.0,,
IND-328,D81,2023-06-01,DEPT,,936.0,,
IND-328,D81,2023-07-01,DEPT,,935.0,,
IND-328,D81,2023-08-01,DEPT,,929.0,,
IND-328,D81,2023-09-01,DEPT,,940.0,,
IND-328,D81,2023-10-01,DEPT,,925.0,,
IND-328,D81,2023-11-01,DEPT,,898.0,,
IND-328,D81,2023-12-01,DEPT,,852.0,,
IND-328,D81,2024-01-01,DEPT,,855.0,,
IND-328,D81,2024-02-01,DEPT,,907.0,,
IND-328,D81,2024-03-01,DEPT,,954.0,,
IND-328,D81,2024-04-01,DEPT,,993.0,,
IND-328,D81,2024-05-01,DEPT,,1009.0,,
IND-328,D81,2024-06-01,DEPT,,1022.0,,
IND-328,D81,2024-07-01,DEPT,,1063.0,,
IND-328,D81,2024-08-01,DEPT,,1086.0,,
IND-328,D81,2024-09-01,DEPT,,1072.0,,
IND-328,D81,2024-10-01,DEPT,,1090.0,,
IND-328,D81,2024-11-01,DEPT,,1126.0,,
IND-328,D82,2022-01-01,DEPT,,48.0,,
IND-328,D82,2022-02-01,DEPT,,51.0,,
IND-328,D82,2022-03-01,DEPT,,40.0,,
IND-328,D82,2022-04-01,DEPT,,57.0,,
IND-328,D82,2022-05-01,DEPT,,45.0,,
IND-328,D82,2022-06-01,DEPT,,63.0,,
IND-328,D82,2022-07-01,DEPT,,52.0,,
IND-328,D82,2022-08-01,DEPT,,55.0,,
IND-328,D82,2022-09-01,DEPT,,58.0,,
IND-328,D82,2022-10-01,DEPT,,64.0,,
IND-328,D82,2022-11-01,DEPT,,89.0,,
IND-328,D82,2022-12-01,DEPT,694.0,72.0,,
IND-328,D82,2023-01-01,DEPT,,47.0,,
IND-328,D82,2023-02-01,DEPT,,687.0,,
IND-328,D82,2023-03-01,DEPT,,703.0,,
IND-328,D82,2023-04-01,DEPT,,706.0,,
IND-328,D82,2023-05-01,DEPT,,729.0,,
IND-328,D82,2023-06-01,DEPT,,726.0,,
IND-328,D82,2023-07-01,DEPT,,720.0,,
IND-328,D82,2023-08-01,DEPT,,740.0,,
IND-328,D82,2023-09-01,DEPT,,744.0,,
IND-328,D82,2023-10-01,DEPT,,754.0,,
IND-328,D82,2023-11-01,DEPT,,737.0,,
IND-328,D82,2023-12-01,DEPT,,744.0,,
IND-328,D82,2024-01-01,DEPT,,783.0,,
IND-328,D82,2024-02-01,DEPT,,791.0,,
IND-328,D82,2024-03-01,DEPT,,792.0,,
IND-328,D82,2024-04-01,DEPT,,792.0,,
IND-328,D82,2024-05-01,DEPT,,784.0,,
IND-328,D82,2024-06-01,DEPT,,792.0,,
IND-328,D82,2024-07-01,DEPT,,816.0,,
IND-328,D82,2024-08-01,DEPT,,817.0,,
IND-328,D82,2024-09-01,DEPT,,814.0,,
IND-328,D82,2024-10-01,DEPT,,839.0,,
IND-328,D82,2024-11-01,DEPT,,892.0,,
IND-328,D83,2022-01-01,DEPT,,327.0,,
IND-328,D83,2022-02-01,DEPT,,351.0,,
IND-328,D83,2022-03-01,DEPT,,355.0,,
IND-328,D83,2022-04-01,DEPT,,266.0,,
IND-328,D83,2022-05-01,DEPT,,301.0,,
IND-328,D83,2022-06-01,DEPT,,309.0,,
IND-328,D83,2022-07-01,DEPT,,489.0,,
IND-328,D83,2022-08-01,DEPT,,397.0,,
IND-328,D83,2022-09-01,DEPT,,319.0,,
IND-328,D83,2022-10-01,DEPT,,339.0,,
IND-328,D83,2022-11-01,DEPT,,396.0,,
IND-328,D83,2022-12-01,DEPT,4342.0,493.0,,
IND-328,D83,2023-01-01,DEPT,,363.0,,
IND-328,D83,2023-02-01,DEPT,,4324.0,,
IND-328,D83,2023-03-01,DEPT,,4297.0,,
IND-328,D83,2023-04-01,DEPT,,4342.0,,
IND-328,D83,2023-05-01,DEPT,,4349.0,,
IND-328,D83,2023-06-01,DEPT,,4394.0,,
IND-328,D83,2023-07-01,DEPT,,4392.0,,
IND-328,D83,2023-08-01,DEPT,,4535.0,,
IND-328,D83,2023-09-01,DEPT,,4595.0,,
IND-328,D83,2023-10-01,DEPT,,4600.0,,
IND-328,D83,2023-11-01,DEPT,,4613.0,,
IND-328,D83,2023-12-01,DEPT,,4551.0,,
IND-328,D83,2024-01-01,DEPT,,4570.0,,
IND-328,D83,2024-02-01,DEPT,,4484.0,,
IND-328,D83,2024-03-01,DEPT,,4473.0,,
IND-328,D83,2024-04-01,DEPT,,4461.0,,
IND-328,D83,2024-05-01,DEPT,,4420.0,,
IND-328,D83,2024-06-01,DEPT,,4415.0,,
IND-328,D83,2024-07-01,DEPT,,4426.0,,
IND-328,D83,2024-08-01,DEPT,,4346.0,,
IND-328,D83,2024-09-01,DEPT,,4277.0,,
IND-328,D83,2024-10-01,DEPT,,4245.0,,
IND-328,D83,2024-11-01,DEPT,,4112.0,,
IND-328,D84,2022-01-01,DEPT,,202.0,,
IND-328,D84,2022-02-01,DEPT,,205.0,,
IND-328,D84,2022-03-01,DEPT,,210.0,,
IND-328,D84,2022-04-01,DEPT,,221.0,,
IND-328,D84,2022-05-01,DEPT,,256.0,,
IND-328,D84,2022-06-01,DEPT,,339.0,,
IND-328,D84,2022-07-01,DEPT,,228.0,,
IND-328,D84,2022-08-01,DEPT,,307.0,,
IND-328,D84,2022-09-01,DEPT,,246.0,,
IND-328,D84,2022-10-01,DEPT,,228.0,,
IND-328,D84,2022-11-01,DEPT,,290.0,,
IND-328,D84,2022-12-01,DEPT,2992.0,260.0,,
IND-328,D84,2023-01-01,DEPT,,203.0,,
IND-328,D84,2023-02-01,DEPT,,2943.0,,
IND-328,D84,2023-03-01,DEPT,,2938.0,,
IND-328,D84,2023-04-01,DEPT,,2950.0,,
IND-328,D84,2023-05-01,DEPT,,2919.0,,
IND-328,D84,2023-06-01,DEPT,,2768.0,,
IND-328,D84,2023-07-01,DEPT,,2736.0,,
IND-328,D84,2023-08-01,DEPT,,2667.0,,
IND-328,D84,2023-09-01,DEPT,,2700.0,,
IND-328,D84,2023-10-01,DEPT,,2730.0,,
IND-328,D84,2023-11-01,DEPT,,2650.0,,
IND-328,D84,2023-12-01,DEPT,,2624.0,,
IND-328,D84,2024-01-01,DEPT,,2641.0,,
IND-328,D84,2024-02-01,DEPT,,2671.0,,
IND-328,D84,2024-03-01,DEPT,,2629.0,,
IND-328,D84,2024-04-01,DEPT,,2598.0,,
IND-328,D84,2024-05-01,DEPT,,2549.0,,
IND-328,D84,2024-06-01,DEPT,,2549.0,,
IND-328,D84,2024-07-01,DEPT,,2603.0,,
IND-328,D84,2024-08-01,DEPT,,2618.0,,
IND-328,D84,2024-09-01,DEPT,,2514.0,,
IND-328,D84,2024-10-01,DEPT,,2493.0,,
IND-328,D84,2024-11-01,DEPT,,2519.0,,
IND-328,D85,2022-01-01,DEPT,,60.0,,
IND-328,D85,2022-02-01,DEPT,,79.0,,
IND-328,D85,2022-03-01,DEPT,,93.0,,
IND-328,D85,2022-04-01,DEPT,,97.0,,
IND-328,D85,2022-05-01,DEPT,,111.0,,
IND-328,D85,2022-06-01,DEPT,,171.0,,
IND-328,D85,2022-07-01,DEPT,,183.0,,
IND-328,D85,2022-08-01,DEPT,,182.0,,
IND-328,D85,2022-09-01,DEPT,,108.0,,
IND-328,D85,2022-10-01,DEPT,,138.0,,
IND-328,D85,2022-11-01,DEPT,,89.0,,
IND-328,D85,2022-12-01,DEPT,1427.0,116.0,,
IND-328,D85,2023-01-01,DEPT,,68.0,,
IND-328,D85,2023-02-01,DEPT,,1443.0,,
IND-328,D85,2023-03-01,DEPT,,1462.0,,
IND-328,D85,2023-04-01,DEPT,,1500.0,,
IND-328,D85,2023-05-01,DEPT,,1515.0,,
IND-328,D85,2023-06-01,DEPT,,1511.0,,
IND-328,D85,2023-07-01,DEPT,,1482.0,,
IND-328,D85,2023-08-01,DEPT,,1397.0,,
IND-328,D85,2023-09-01,DEPT,,1413.0,,
IND-328,D85,2023-10-01,DEPT,,1397.0,,
IND-328,D85,2023-11-01,DEPT,,1443.0,,
IND-328,D85,2023-12-01,DEPT,,1503.0,,
IND-328,D85,2024-01-01,DEPT,,1556.0,,
IND-328,D85,2024-02-01,DEPT,,1593.0,,
IND-328,D85,2024-03-01,DEPT,,1613.0,,
IND-328,D85,2024-04-01,DEPT,,1607.0,,
IND-328,D85,2024-05-01,DEPT,,1598.0,,
IND-328,D85,2024-06-01,DEPT,,1611.0,,
IND-328,D85,2024-07-01,DEPT,,1776.0,,
IND-328,D85,2024-08-01,DEPT,,1906.0,,
IND-328,D85,2024-09-01,DEPT,,1950.0,,
IND-328,D85,2024-10-01,DEPT,,1964.0,,
IND-328,D85,2024-11-01,DEPT,,1950.0,,
IND-328,D86,2022-01-01,DEPT,,83.0,,
IND-328,D86,2022-02-01,DEPT,,71.0,,
IND-328,D86,2022-03-01,DEPT,,123.0,,
IND-328,D86,2022-04-01,DEPT,,109.0,,
IND-328,D86,2022-05-01,DEPT,,104.0,,
IND-328,D86,2022-06-01,DEPT,,115.0,,
IND-328,D86,2022-07-01,DEPT,,149.0,,
IND-328,D86,2022-08-01,DEPT,,116.0,,
IND-328,D86,2022-09-01,DEPT,,106.0,,
IND-328,D86,2022-10-01,DEPT,,96.0,,
IND-328,D86,2022-11-01,DEPT,,97.0,,
IND-328,D86,2022-12-01,DEPT,1303.0,134.0,,
IND-328,D86,2023-01-01,DEPT,,104.0,,
IND-328,D86,2023-02-01,DEPT,,1371.0,,
IND-328,D86,2023-03-01,DEPT,,1399.0,,
IND-328,D86,2023-04-01,DEPT,,1426.0,,
IND-328,D86,2023-05-01,DEPT,,1460.0,,
IND-328,D86,2023-06-01,DEPT,,1470.0,,
IND-328,D86,2023-07-01,DEPT,,1465.0,,
IND-328,D86,2023-08-01,DEPT,,1513.0,,
IND-328,D86,2023-09-01,DEPT,,1522.0,,
IND-328,D86,2023-10-01,DEPT,,1547.0,,
IND-328,D86,2023-11-01,DEPT,,1552.0,,
IND-328,D86,2023-12-01,DEPT,,1586.0,,
IND-328,D86,2024-01-01,DEPT,,1607.0,,
IND-328,D86,2024-02-01,DEPT,,1617.0,,
IND-328,D86,2024-03-01,DEPT,,1606.0,,
IND-328,D86,2024-04-01,DEPT,,1630.0,,
IND-328,D86,2024-05-01,DEPT,,1680.0,,
IND-328,D86,2024-06-01,DEPT,,1675.0,,
IND-328,D86,2024-07-01,DEPT,,1669.0,,
IND-328,D86,2024-08-01,DEPT,,1638.0,,
IND-328,D86,2024-09-01,DEPT,,1648.0,,
IND-328,D86,2024-10-01,DEPT,,1639.0,,
IND-328,D86,2024-11-01,DEPT,,1659.0,,
IND-328,D87,2022-01-01,DEPT,,83.0,,
IND-328,D87,2022-02-01,DEPT,,69.0,,
IND-328,D87,2022-03-01,DEPT,,85.0,,
IND-328,D87,2022-04-01,DEPT,,95.0,,
IND-328,D87,2022-05-01,DEPT,,92.0,,
IND-328,D87,2022-06-01,DEPT,,76.0,,
IND-328,D87,2022-07-01,DEPT,,84.0,,
IND-328,D87,2022-08-01,DEPT,,126.0,,
IND-328,D87,2022-09-01,DEPT,,65.0,,
IND-328,D87,2022-10-01,DEPT,,86.0,,
IND-328,D87,2022-11-01,DEPT,,89.0,,
IND-328,D87,2022-12-01,DEPT,1043.0,93.0,,
IND-328,D87,2023-01-01,DEPT,,65.0,,
IND-328,D87,2023-02-01,DEPT,,1010.0,,
IND-328,D87,2023-03-01,DEPT,,1007.0,,
IND-328,D87,2023-04-01,DEPT,,1045.0,,
IND-328,D87,2023-05-01,DEPT,,1031.0,,
IND-328,D87,2023-06-01,DEPT,,1053.0,,
IND-328,D87,2023-07-01,DEPT,,1030.0,,
IND-328,D87,2023-08-01,DEPT,,996.0,,
IND-328,D87,2023-09-01,DEPT,,1017.0,,
IND-328,D87,2023-10-01,DEPT,,991.0,,
IND-328,D87,2023-11-01,DEPT,,948.0,,
IND-328,D87,2023-12-01,DEPT,,945.0,,
IND-328,D87,2024-01-01,DEPT,,939.0,,
IND-328,D87,2024-02-01,DEPT,,927.0,,
IND-328,D87,2024-03-01,DEPT,,925.0,,
IND-328,D87,2024-04-01,DEPT,,916.0,,
IND-328,D87,2024-05-01,DEPT,,939.0,,
IND-328,D87,2024-06-01,DEPT,,948.0,,
IND-328,D87,2024-07-01,DEPT,,978.0,,
IND-328,D87,2024-08-01,DEPT,,970.0,,
IND-328,D87,2024-09-01,DEPT,,943.0,,
IND-328,D87,2024-10-01,DEPT,,982.0,,
IND-328,D87,2024-11-01,DEPT,,1041.0,,
IND-328,D88,2022-01-01,DEPT,,56.0,,
IND-328,D88,2022-02-01,DEPT,,55.0,,
IND-328,D88,2022-03-01,DEPT,,58.0,,
IND-328,D88,2022-04-01,DEPT,,45.0,,
IND-328,D88,2022-05-01,DEPT,,46.0,,
IND-328,D88,2022-06-01,DEPT,,71.0,,
IND-328,D88,2022-07-01,DEPT,,52.0,,
IND-328,D88,2022-08-01,DEPT,,57.0,,
IND-328,D88,2022-09-01,DEPT,,53.0,,
IND-328,D88,2022-10-01,DEPT,,73.0,,
IND-328,D88,2022-11-01,DEPT,,102.0,,
IND-328,D88,2022-12-01,DEPT,727.0,59.0,,
IND-328,D88,2023-01-01,DEPT,,71.0,,
IND-328,D88,2023-02-01,DEPT,,737.0,,
IND-328,D88,2023-03-01,DEPT,,744.0,,
IND-328,D88,2023-04-01,DEPT,,736.0,,
IND-328,D88,2023-05-01,DEPT,,738.0,,
IND-328,D88,2023-06-01,DEPT,,731.0,,
IND-328,D88,2023-07-01,DEPT,,744.0,,
IND-328,D88,2023-08-01,DEPT,,756.0,,
IND-328,D88,2023-09-01,DEPT,,745.0,,
IND-328,D88,2023-10-01,DEPT,,742.0,,
IND-328,D88,2023-11-01,DEPT,,729.0,,
IND-328,D88,2023-12-01,DEPT,,736.0,,
IND-328,D88,2024-01-01,DEPT,,740.0,,
IND-328,D88,2024-02-01,DEPT,,757.0,,
IND-328,D88,2024-03-01,DEPT,,755.0,,
IND-328,D88,2024-04-01,DEPT,,787.0,,
IND-328,D88,2024-05-01,DEPT,,803.0,,
IND-328,D88,2024-06-01,DEPT,,794.0,,
IND-328,D88,2024-07-01,DEPT,,804.0,,
IND-328,D88,2024-08-01,DEPT,,790.0,,
IND-328,D88,2024-09-01,DEPT,,804.0,,
IND-328,D88,2024-10-01,DEPT,,794.0,,
IND-328,D88,2024-11-01,DEPT,,780.0,,
IND-328,D89,2022-01-01,DEPT,,73.0,,
IND-328,D89,2022-02-01,DEPT,,70.0,,
IND-328,D89,2022-03-01,DEPT,,73.0,,
IND-328,D89,2022-04-01,DEPT,,87.0,,
IND-328,D89,2022-05-01,DEPT,,72.0,,
IND-328,D89,2022-06-01,DEPT,,70.0,,
IND-328,D89,2022-07-01,DEPT,,81.0,,
IND-328,D89,2022-08-01,DEPT,,85.0,,
IND-328,D89,2022-09-01,DEPT,,57.0,,
IND-328,D89,2022-10-01,DEPT,,74.0,,
IND-328,D89,2022-11-01,DEPT,,107.0,,
IND-328,D89,2022-12-01,DEPT,965.0,116.0,,
IND-328,D89,2023-01-01,DEPT,,93.0,,
IND-328,D89,2023-02-01,DEPT,,1010.0,,
IND-328,D89,2023-03-01,DEPT,,1001.0,,
IND-328,D89,2023-04-01,DEPT,,990.0,,
IND-328,D89,2023-05-01,DEPT,,1033.0,,
IND-328,D89,2023-06-01,DEPT,,1043.0,,
IND-328,D89,2023-07-01,DEPT,,1050.0,,
IND-328,D89,2023-08-01,DEPT,,1059.0,,
IND-328,D89,2023-09-01,DEPT,,1093.0,,
IND-328,D89,2023-10-01,DEPT,,1120.0,,
IND-328,D89,2023-11-01,DEPT,,1132.0,,
IND-328,D89,2023-12-01,DEPT,,1119.0,,
IND-328,D89,2024-01-01,DEPT,,1160.0,,
IND-328,D89,2024-02-01,DEPT,,1161.0,,
IND-328,D89,2024-03-01,DEPT,,1161.0,,
IND-328,D89,2024-04-01,DEPT,,1175.0,,
IND-328,D89,2024-05-01,DEPT,,1123.0,,
IND-328,D89,2024-06-01,DEPT,,1124.0,,
IND-328,D89,2024-07-01,DEPT,,1162.0,,
IND-328,D89,2024-08-01,DEPT,,1181.0,,
IND-328,D89,2024-09-01,DEPT,,1181.0,,
IND-328,D89,2024-10-01,DEPT,,1163.0,,
IND-328,D89,2024-11-01,DEPT,,1153.0,,
IND-328,D90,2022-01-01,DEPT,,11.0,,
IND-328,D90,2022-02-01,DEPT,,29.0,,
IND-328,D90,2022-03-01,DEPT,,15.0,,
IND-328,D90,2022-04-01,DEPT,,10.0,,
IND-328,D90,2022-05-01,DEPT,,20.0,,
IND-328,D90,2022-06-01,DEPT,,8.0,,
IND-328,D90,2022-07-01,DEPT,,17.0,,
IND-328,D90,2022-08-01,DEPT,,19.0,,
IND-328,D90,2022-09-01,DEPT,,19.0,,
IND-328,D90,2022-10-01,DEPT,,20.0,,
IND-328,D90,2022-11-01,DEPT,,27.0,,
IND-328,D90,2022-12-01,DEPT,224.0,29.0,,
IND-328,D90,2023-01-01,DEPT,,19.0,,
IND-328,D90,2023-02-01,DEPT,,222.0,,
IND-328,D90,2023-03-01,DEPT,,223.0,,
IND-328,D90,2023-04-01,DEPT,,228.0,,
IND-328,D90,2023-05-01,DEPT,,249.0,,
IND-328,D90,2023-06-01,DEPT,,254.0,,
IND-328,D90,2023-07-01,DEPT,,258.0,,
IND-328,D90,2023-08-01,DEPT,,272.0,,
IND-328,D90,2023-09-01,DEPT,,276.0,,
IND-328,D90,2023-10-01,DEPT,,281.0,,
IND-328,D90,2023-11-01,DEPT,,285.0,,
IND-328,D90,2023-12-01,DEPT,,287.0,,
IND-328,D90,2024-01-01,DEPT,,280.0,,
IND-328,D90,2024-02-01,DEPT,,265.0,,
IND-328,D90,2024-03-01,DEPT,,269.0,,
IND-328,D90,2024-04-01,DEPT,,268.0,,
IND-328,D90,2024-05-01,DEPT,,245.0,,
IND-328,D90,2024-06-01,DEPT,,241.0,,
IND-328,D90,2024-07-01,DEPT,,241.0,,
IND-328,D90,2024-08-01,DEPT,,225.0,,
IND-328,D90,2024-09-01,DEPT,,215.0,,
IND-328,D90,2024-10-01,DEPT,,206.0,,
IND-328,D90,2024-11-01,DEPT,,195.0,,
IND-328,D91,2022-01-01,DEPT,,360.0,,
IND-328,D91,2022-02-01,DEPT,,409.0,,
IND-328,D91,2022-03-01,DEPT,,381.0,,
IND-328,D91,2022-04-01,DEPT,,232.0,,
IND-328,D91,2022-05-01,DEPT,,339.0,,
IND-328,D91,2022-06-01,DEPT,,300.0,,
IND-328,D91,2022-07-01,DEPT,,304.0,,
IND-328,D91,2022-08-01,DEPT,,378.0,,
IND-328,D91,2022-09-01,DEPT,,329.0,,
IND-328,D91,2022-10-01,DEPT,,345.0,,
IND-328,D91,2022-11-01,DEPT,,402.0,,
IND-328,D91,2022-12-01,DEPT,4169.0,390.0,,
IND-328,D91,2023-01-01,DEPT,,348.0,,
IND-328,D91,2023-02-01,DEPT,,3897.0,,
IND-328,D91,2023-03-01,DEPT,,3802.0,,
IND-328,D91,2023-04-01,DEPT,,3790.0,,
IND-328,D91,2023-05-01,DEPT,,3718.0,,
IND-328,D91,2023-06-01,DEPT,,3651.0,,
IND-328,D91,2023-07-01,DEPT,,3649.0,,
IND-328,D91,2023-08-01,DEPT,,3614.0,,
IND-328,D91,2023-09-01,DEPT,,3606.0,,
IND-328,D91,2023-10-01,DEPT,,3585.0,,
IND-328,D91,2023-11-01,DEPT,,3577.0,,
IND-328,D91,2023-12-01,DEPT,,3618.0,,
IND-328,D91,2024-01-01,DEPT,,3634.0,,
IND-328,D91,2024-02-01,DEPT,,3747.0,,
IND-328,D91,2024-03-01,DEPT,,3827.0,,
IND-328,D91,2024-04-01,DEPT,,3914.0,,
IND-328,D91,2024-05-01,DEPT,,3934.0,,
IND-328,D91,2024-06-01,DEPT,,3994.0,,
IND-328,D91,2024-07-01,DEPT,,4017.0,,
IND-328,D91,2024-08-01,DEPT,,3983.0,,
IND-328,D91,2024-09-01,DEPT,,4014.0,,
IND-328,D91,2024-10-01,DEPT,,4013.0,,
IND-328,D91,2024-11-01,DEPT,,4002.0,,
IND-328,D92,2022-01-01,DEPT,,487.0,,
IND-328,D92,2022-02-01,DEPT,,447.0,,
IND-328,D92,2022-03-01,DEPT,,488.0,,
IND-328,D92,2022-04-01,DEPT,,291.0,,
IND-328,D92,2022-05-01,DEPT,,353.0,,
IND-328,D92,2022-06-01,DEPT,,370.0,,
IND-328,D92,2022-07-01,DEPT,,410.0,,
IND-328,D92,2022-08-01,DEPT,,501.0,,
IND-328,D92,2022-09-01,DEPT,,402.0,,
IND-328,D92,2022-10-01,DEPT,,460.0,,
IND-328,D92,2022-11-01,DEPT,,504.0,,
IND-328,D92,2022-12-01,DEPT,5382.0,669.0,,
IND-328,D92,2023-01-01,DEPT,,566.0,,
IND-328,D92,2023-02-01,DEPT,,5351.0,,
IND-328,D92,2023-03-01,DEPT,,5309.0,,
IND-328,D92,2023-04-01,DEPT,,5326.0,,
IND-328,D92,2023-05-01,DEPT,,5384.0,,
IND-328,D92,2023-06-01,DEPT,,5391.0,,
IND-328,D92,2023-07-01,DEPT,,5385.0,,
IND-328,D92,2023-08-01,DEPT,,5447.0,,
IND-328,D92,2023-09-01,DEPT,,5536.0,,
IND-328,D92,2023-10-01,DEPT,,5577.0,,
IND-328,D92,2023-11-01,DEPT,,5710.0,,
IND-328,D92,2023-12-01,DEPT,,5774.0,,
IND-328,D92,2024-01-01,DEPT,,5804.0,,
IND-328,D92,2024-02-01,DEPT,,5910.0,,
IND-328,D92,2024-03-01,DEPT,,5849.0,,
IND-328,D92,2024-04-01,DEPT,,5872.0,,
IND-328,D92,2024-05-01,DEPT,,5841.0,,
IND-328,D92,2024-06-01,DEPT,,5789.0,,
IND-328,D92,2024-07-01,DEPT,,5697.0,,
IND-328,D92,2024-08-01,DEPT,,5534.0,,
IND-328,D92,2024-09-01,DEPT,,5345.0,,
IND-328,D92,2024-10-01,DEPT,,5259.0,,
IND-328,D92,2024-11-01,DEPT,,5060.0,,
IND-328,D93,2022-01-01,DEPT,,565.0,,
IND-328,D93,2022-02-01,DEPT,,549.0,,
IND-328,D93,2022-03-01,DEPT,,598.0,,
IND-328,D93,2022-04-01,DEPT,,355.0,,
IND-328,D93,2022-05-01,DEPT,,502.0,,
IND-328,D93,2022-06-01,DEPT,,465.0,,
IND-328,D93,2022-07-01,DEPT,,463.0,,
IND-328,D93,2022-08-01,DEPT,,577.0,,
IND-328,D93,2022-09-01,DEPT,,518.0,,
IND-328,D93,2022-10-01,DEPT,,534.0,,
IND-328,D93,2022-11-01,DEPT,,540.0,,
IND-328,D93,2022-12-01,DEPT,6334.0,668.0,,
IND-328,D93,2023-01-01,DEPT,,537.0,,
IND-328,D93,2023-02-01,DEPT,,6257.0,,
IND-328,D93,2023-03-01,DEPT,,6107.0,,
IND-328,D93,2023-04-01,DEPT,,6123.0,,
IND-328,D93,2023-05-01,DEPT,,6086.0,,
IND-328,D93,2023-06-01,DEPT,,6068.0,,
IND-328,D93,2023-07-01,DEPT,,6019.0,,
IND-328,D93,2023-08-01,DEPT,,6056.0,,
IND-328,D93,2023-09-01,DEPT,,6041.0,,
IND-328,D93,2023-10-01,DEPT,,6063.0,,
IND-328,D93,2023-11-01,DEPT,,6058.0,,
IND-328,D93,2023-12-01,DEPT,,6004.0,,
IND-328,D93,2024-01-01,DEPT,,6024.0,,
IND-328,D93,2024-02-01,DEPT,,5971.0,,
IND-328,D93,2024-03-01,DEPT,,5939.0,,
IND-328,D93,2024-04-01,DEPT,,6053.0,,
IND-328,D93,2024-05-01,DEPT,,5995.0,,
IND-328,D93,2024-06-01,DEPT,,5996.0,,
IND-328,D93,2024-07-01,DEPT,,6021.0,,
IND-328,D93,2024-08-01,DEPT,,5861.0,,
IND-328,D93,2024-09-01,DEPT,,5796.0,,
IND-328,D93,2024-10-01,DEPT,,5668.0,,
IND-328,D93,2024-11-01,DEPT,,5578.0,,
IND-328,D94,2022-01-01,DEPT,,479.0,,
IND-328,D94,2022-02-01,DEPT,,481.0,,
IND-328,D94,2022-03-01,DEPT,,516.0,,
IND-328,D94,2022-04-01,DEPT,,360.0,,
IND-328,D94,2022-05-01,DEPT,,451.0,,
IND-328,D94,2022-06-01,DEPT,,395.0,,
IND-328,D94,2022-07-01,DEPT,,437.0,,
IND-328,D94,2022-08-01,DEPT,,552.0,,
IND-328,D94,2022-09-01,DEPT,,404.0,,
IND-328,D94,2022-10-01,DEPT,,478.0,,
IND-328,D94,2022-11-01,DEPT,,490.0,,
IND-328,D94,2022-12-01,DEPT,5616.0,573.0,,
IND-328,D94,2023-01-01,DEPT,,473.0,,
IND-328,D94,2023-02-01,DEPT,,5442.0,,
IND-328,D94,2023-03-01,DEPT,,5260.0,,
IND-328,D94,2023-04-01,DEPT,,5201.0,,
IND-328,D94,2023-05-01,DEPT,,5114.0,,
IND-328,D94,2023-06-01,DEPT,,5081.0,,
IND-328,D94,2023-07-01,DEPT,,4982.0,,
IND-328,D94,2023-08-01,DEPT,,4885.0,,
IND-328,D94,2023-09-01,DEPT,,4909.0,,
IND-328,D94,2023-10-01,DEPT,,4788.0,,
IND-328,D94,2023-11-01,DEPT,,4753.0,,
IND-328,D94,2023-12-01,DEPT,,4702.0,,
IND-328,D94,2024-01-01,DEPT,,4625.0,,
IND-328,D94,2024-02-01,DEPT,,4710.0,,
IND-328,D94,2024-03-01,DEPT,,4707.0,,
IND-328,D94,2024-04-01,DEPT,,4704.0,,
IND-328,D94,2024-05-01,DEPT,,4677.0,,
IND-328,D94,2024-06-01,DEPT,,4638.0,,
IND-328,D94,2024-07-01,DEPT,,4655.0,,
IND-328,D94,2024-08-01,DEPT,,4601.0,,
IND-328,D94,2024-09-01,DEPT,,4472.0,,
IND-328,D94,2024-10-01,DEPT,,4463.0,,
IND-328,D94,2024-11-01,DEPT,,4397.0,,
IND-328,D95,2022-01-01,DEPT,,375.0,,
IND-328,D95,2022-02-01,DEPT,,364.0,,
IND-328,D95,2022-03-01,DEPT,,365.0,,
IND-328,D95,2022-04-01,DEPT,,248.0,,
IND-328,D95,2022-05-01,DEPT,,291.0,,
IND-328,D95,2022-06-01,DEPT,,270.0,,
IND-328,D95,2022-07-01,DEPT,,273.0,,
IND-328,D95,2022-08-01,DEPT,,327.0,,
IND-328,D95,2022-09-01,DEPT,,327.0,,
IND-328,D95,2022-10-01,DEPT,,313.0,,
IND-328,D95,2022-11-01,DEPT,,350.0,,
IND-328,D95,2022-12-01,DEPT,3908.0,405.0,,
IND-328,D95,2023-01-01,DEPT,,346.0,,
IND-328,D95,2023-02-01,DEPT,,3779.0,,
IND-328,D95,2023-03-01,DEPT,,3731.0,,
IND-328,D95,2023-04-01,DEPT,,3748.0,,
IND-328,D95,2023-05-01,DEPT,,3767.0,,
IND-328,D95,2023-06-01,DEPT,,3742.0,,
IND-328,D95,2023-07-01,DEPT,,3759.0,,
IND-328,D95,2023-08-01,DEPT,,3787.0,,
IND-328,D95,2023-09-01,DEPT,,3767.0,,
IND-328,D95,2023-10-01,DEPT,,3792.0,,
IND-328,D95,2023-11-01,DEPT,,3841.0,,
IND-328,D95,2023-12-01,DEPT,,3815.0,,
IND-328,D95,2024-01-01,DEPT,,3794.0,,
IND-328,D95,2024-02-01,DEPT,,3799.0,,
IND-328,D95,2024-03-01,DEPT,,3766.0,,
IND-328,D95,2024-04-01,DEPT,,3791.0,,
IND-328,D95,2024-05-01,DEPT,,3735.0,,
IND-328,D95,2024-06-01,DEPT,,3721.0,,
IND-328,D95,2024-07-01,DEPT,,3704.0,,
IND-328,D95,2024-08-01,DEPT,,3602.0,,
IND-328,D95,2024-09-01,DEPT,,3522.0,,
IND-328,D95,2024-10-01,DEPT,,3466.0,,
IND-328,D95,2024-11-01,DEPT,,3402.0,,
IND-328,D971,2022-01-01,DEPT,,69.0,,
IND-328,D971,2022-02-01,DEPT,,80.0,,
IND-328,D971,2022-03-01,DEPT,,109.0,,
IND-328,D971,2022-04-01,DEPT,,97.0,,
IND-328,D971,2022-05-01,DEPT,,83.0,,
IND-328,D971,2022-06-01,DEPT,,79.0,,
IND-328,D971,2022-07-01,DEPT,,85.0,,
IND-328,D971,2022-08-01,DEPT,,106.0,,
IND-328,D971,2022-09-01,DEPT,,79.0,,
IND-328,D971,2022-10-01,DEPT,,86.0,,
IND-328,D971,2022-11-01,DEPT,,87.0,,
IND-328,D971,2022-12-01,DEPT,1009.0,49.0,,
IND-328,D971,2023-01-01,DEPT,,58.0,,
IND-328,D971,2023-02-01,DEPT,,975.0,,
IND-328,D971,2023-03-01,DEPT,,942.0,,
IND-328,D971,2023-04-01,DEPT,,934.0,,
IND-328,D971,2023-05-01,DEPT,,972.0,,
IND-328,D971,2023-06-01,DEPT,,986.0,,
IND-328,D971,2023-07-01,DEPT,,1000.0,,
IND-328,D971,2023-08-01,DEPT,,988.0,,
IND-328,D971,2023-09-01,DEPT,,1028.0,,
IND-328,D971,2023-10-01,DEPT,,1028.0,,
IND-328,D971,2023-11-01,DEPT,,1025.0,,
IND-328,D971,2023-12-01,DEPT,,1059.0,,
IND-328,D971,2024-01-01,DEPT,,1122.0,,
IND-328,D971,2024-02-01,DEPT,,1132.0,,
IND-328,D971,2024-03-01,DEPT,,1130.0,,
IND-328,D971,2024-04-01,DEPT,,1114.0,,
IND-328,D971,2024-05-01,DEPT,,1068.0,,
IND-328,D971,2024-06-01,DEPT,,1044.0,,
IND-328,D971,2024-07-01,DEPT,,1049.0,,
IND-328,D971,2024-08-01,DEPT,,1055.0,,
IND-328,D971,2024-09-01,DEPT,,1046.0,,
IND-328,D971,2024-10-01,DEPT,,1061.0,,
IND-328,D971,2024-11-01,DEPT,,1107.0,,
IND-328,D972,2022-01-01,DEPT,,51.0,,
IND-328,D972,2022-02-01,DEPT,,50.0,,
IND-328,D972,2022-03-01,DEPT,,71.0,,
IND-328,D972,2022-04-01,DEPT,,39.0,,
IND-328,D972,2022-05-01,DEPT,,51.0,,
IND-328,D972,2022-06-01,DEPT,,48.0,,
IND-328,D972,2022-07-01,DEPT,,52.0,,
IND-328,D972,2022-08-01,DEPT,,55.0,,
IND-328,D972,2022-09-01,DEPT,,69.0,,
IND-328,D972,2022-10-01,DEPT,,56.0,,
IND-328,D972,2022-11-01,DEPT,,68.0,,
IND-328,D972,2022-12-01,DEPT,705.0,95.0,,
IND-328,D972,2023-01-01,DEPT,,81.0,,
IND-328,D972,2023-02-01,DEPT,,739.0,,
IND-328,D972,2023-03-01,DEPT,,754.0,,
IND-328,D972,2023-04-01,DEPT,,783.0,,
IND-328,D972,2023-05-01,DEPT,,791.0,,
IND-328,D972,2023-06-01,DEPT,,799.0,,
IND-328,D972,2023-07-01,DEPT,,823.0,,
IND-328,D972,2023-08-01,DEPT,,868.0,,
IND-328,D972,2023-09-01,DEPT,,887.0,,
IND-328,D972,2023-10-01,DEPT,,929.0,,
IND-328,D972,2023-11-01,DEPT,,937.0,,
IND-328,D972,2023-12-01,DEPT,,944.0,,
IND-328,D972,2024-01-01,DEPT,,975.0,,
IND-328,D972,2024-02-01,DEPT,,992.0,,
IND-328,D972,2024-03-01,DEPT,,1011.0,,
IND-328,D972,2024-04-01,DEPT,,1022.0,,
IND-328,D972,2024-05-01,DEPT,,1084.0,,
IND-328,D972,2024-06-01,DEPT,,1152.0,,
IND-328,D972,2024-07-01,DEPT,,1164.0,,
IND-328,D972,2024-08-01,DEPT,,1144.0,,
IND-328,D972,2024-09-01,DEPT,,1149.0,,
IND-328,D972,2024-10-01,DEPT,,1113.0,,
IND-328,D972,2024-11-01,DEPT,,1111.0,,
IND-328,D973,2022-01-01,DEPT,,87.0,,
IND-328,D973,2022-02-01,DEPT,,88.0,,
IND-328,D973,2022-03-01,DEPT,,74.0,,
IND-328,D973,2022-04-01,DEPT,,70.0,,
IND-328,D973,2022-05-01,DEPT,,94.0,,
IND-328,D973,2022-06-01,DEPT,,77.0,,
IND-328,D973,2022-07-01,DEPT,,99.0,,
IND-328,D973,2022-08-01,DEPT,,112.0,,
IND-328,D973,2022-09-01,DEPT,,109.0,,
IND-328,D973,2022-10-01,DEPT,,64.0,,
IND-328,D973,2022-11-01,DEPT,,86.0,,
IND-328,D973,2022-12-01,DEPT,1048.0,88.0,,
IND-328,D973,2023-01-01,DEPT,,103.0,,
IND-328,D973,2023-02-01,DEPT,,1050.0,,
IND-328,D973,2023-03-01,DEPT,,1081.0,,
IND-328,D973,2023-04-01,DEPT,,1092.0,,
IND-328,D973,2023-05-01,DEPT,,1079.0,,
IND-328,D973,2023-06-01,DEPT,,1088.0,,
IND-328,D973,2023-07-01,DEPT,,1079.0,,
IND-328,D973,2023-08-01,DEPT,,1067.0,,
IND-328,D973,2023-09-01,DEPT,,1059.0,,
IND-328,D973,2023-10-01,DEPT,,1080.0,,
IND-328,D973,2023-11-01,DEPT,,1126.0,,
IND-328,D973,2023-12-01,DEPT,,1123.0,,
IND-328,D973,2024-01-01,DEPT,,1107.0,,
IND-328,D973,2024-02-01,DEPT,,1146.0,,
IND-328,D973,2024-03-01,DEPT,,1119.0,,
IND-328,D973,2024-04-01,DEPT,,1098.0,,
IND-328,D973,2024-05-01,DEPT,,1099.0,,
IND-328,D973,2024-06-01,DEPT,,1090.0,,
IND-328,D973,2024-07-01,DEPT,,1071.0,,
IND-328,D973,2024-08-01,DEPT,,1101.0,,
IND-328,D973,2024-09-01,DEPT,,1110.0,,
IND-328,D973,2024-10-01,DEPT,,1106.0,,
IND-328,D973,2024-11-01,DEPT,,1054.0,,
IND-328,D974,2022-01-01,DEPT,,72.0,,
IND-328,D974,2022-02-01,DEPT,,76.0,,
IND-328,D974,2022-03-01,DEPT,,86.0,,
IND-328,D974,2022-04-01,DEPT,,61.0,,
IND-328,D974,2022-05-01,DEPT,,62.0,,
IND-328,D974,2022-06-01,DEPT,,94.0,,
IND-328,D974,2022-07-01,DEPT,,80.0,,
IND-328,D974,2022-08-01,DEPT,,94.0,,
IND-328,D974,2022-09-01,DEPT,,76.0,,
IND-328,D974,2022-10-01,DEPT,,66.0,,
IND-328,D974,2022-11-01,DEPT,,60.0,,
IND-328,D974,2022-12-01,DEPT,896.0,69.0,,
IND-328,D974,2023-01-01,DEPT,,88.0,,
IND-328,D974,2023-02-01,DEPT,,873.0,,
IND-328,D974,2023-03-01,DEPT,,851.0,,
IND-328,D974,2023-04-01,DEPT,,844.0,,
IND-328,D974,2023-05-01,DEPT,,834.0,,
IND-328,D974,2023-06-01,DEPT,,804.0,,
IND-328,D974,2023-07-01,DEPT,,777.0,,
IND-328,D974,2023-08-01,DEPT,,727.0,,
IND-328,D974,2023-09-01,DEPT,,720.0,,
IND-328,D974,2023-10-01,DEPT,,728.0,,
IND-328,D974,2023-11-01,DEPT,,732.0,,
IND-328,D974,2023-12-01,DEPT,,720.0,,
IND-328,D974,2024-01-01,DEPT,,703.0,,
IND-328,D974,2024-02-01,DEPT,,717.0,,
IND-328,D974,2024-03-01,DEPT,,701.0,,
IND-328,D974,2024-04-01,DEPT,,715.0,,
IND-328,D974,2024-05-01,DEPT,,736.0,,
IND-328,D974,2024-06-01,DEPT,,728.0,,
IND-328,D974,2024-07-01,DEPT,,753.0,,
IND-328,D974,2024-08-01,DEPT,,790.0,,
IND-328,D974,2024-09-01,DEPT,,826.0,,
IND-328,D974,2024-10-01,DEPT,,832.0,,
IND-328,D974,2024-11-01,DEPT,,858.0,,
IND-328,D976,2022-01-01,DEPT,,33.0,,
IND-328,D976,2022-02-01,DEPT,,32.0,,
IND-328,D976,2022-03-01,DEPT,,37.0,,
IND-328,D976,2022-04-01,DEPT,,36.0,,
IND-328,D976,2022-05-01,DEPT,,44.0,,
IND-328,D976,2022-06-01,DEPT,,52.0,,
IND-328,D976,2022-07-01,DEPT,,38.0,,
IND-328,D976,2022-08-01,DEPT,,40.0,,
IND-328,D976,2022-09-01,DEPT,,27.0,,
IND-328,D976,2022-10-01,DEPT,,35.0,,
IND-328,D976,2022-11-01,DEPT,,35.0,,
IND-328,D976,2022-12-01,DEPT,441.0,32.0,,
IND-328,D976,2023-01-01,DEPT,,35.0,,
IND-328,D976,2023-02-01,DEPT,,459.0,,
IND-328,D976,2023-03-01,DEPT,,463.0,,
IND-328,D976,2023-04-01,DEPT,,452.0,,
IND-328,D976,2023-05-01,DEPT,,437.0,,
IND-328,D976,2023-06-01,DEPT,,418.0,,
IND-328,D976,2023-07-01,DEPT,,402.0,,
IND-328,D976,2023-08-01,DEPT,,396.0,,
IND-328,D976,2023-09-01,DEPT,,397.0,,
IND-328,D976,2023-10-01,DEPT,,402.0,,
IND-328,D976,2023-11-01,DEPT,,407.0,,
IND-328,D976,2023-12-01,DEPT,,405.0,,
IND-328,D976,2024-01-01,DEPT,,412.0,,
IND-328,D976,2024-02-01,DEPT,,406.0,,
IND-328,D976,2024-03-01,DEPT,,397.0,,
IND-328,D976,2024-04-01,DEPT,,397.0,,
IND-328,D976,2024-05-01,DEPT,,405.0,,
IND-328,D976,2024-06-01,DEPT,,403.0,,
IND-328,D976,2024-07-01,DEPT,,419.0,,
IND-328,D976,2024-08-01,DEPT,,422.0,,
IND-328,D976,2024-09-01,DEPT,,427.0,,
IND-328,D976,2024-10-01,DEPT,,423.0,,
IND-328,D976,2024-11-01,DEPT,,441.0,,
IND-328,FRANCE,2022-01-01,NAT,,17319.0,,
IND-328,FRANCE,2022-02-01,NAT,,17020.0,,
IND-328,FRANCE,2022-03-01,NAT,,18141.0,,
IND-328,FRANCE,2022-04-01,NAT,,14745.0,,
IND-328,FRANCE,2022-05-01,NAT,,16641.0,,
IND-328,FRANCE,2022-06-01,NAT,,16771.0,,
IND-328,FRANCE,2022-07-01,NAT,,17740.0,,
IND-328,FRANCE,2022-08-01,NAT,,19697.0,,
IND-328,FRANCE,2022-09-01,NAT,,17102.0,,
IND-328,FRANCE,2022-10-01,NAT,,17297.0,,
IND-328,FRANCE,2022-11-01,NAT,,19545.0,,
IND-328,FRANCE,2022-12-01,NAT,213773.0,21748.0,,
IND-328,FRANCE,2023-01-01,NAT,,18557.0,,
IND-328,FRANCE,2023-02-01,NAT,,212190.0,,
IND-328,FRANCE,2023-03-01,NAT,,211552.0,,
IND-328,FRANCE,2023-04-01,NAT,,212338.0,,
IND-328,FRANCE,2023-05-01,NAT,,212969.0,,
IND-328,FRANCE,2023-06-01,NAT,,212739.0,,
IND-328,FRANCE,2023-07-01,NAT,,212628.0,,
IND-328,FRANCE,2023-08-01,NAT,,213376.0,,
IND-328,FRANCE,2023-09-01,NAT,,214579.0,,
IND-328,FRANCE,2023-10-01,NAT,,215232.0,,
IND-328,FRANCE,2023-11-01,NAT,,216214.0,,
IND-328,FRANCE,2023-12-01,NAT,,217031.0,,
IND-328,FRANCE,2024-01-01,NAT,,217758.0,,
IND-328,FRANCE,2024-02-01,NAT,,219452.0,,
IND-328,FRANCE,2024-03-01,NAT,,219529.0,,
IND-328,FRANCE,2024-04-01,NAT,,221151.0,,
IND-328,FRANCE,2024-05-01,NAT,,220465.0,,
IND-328,FRANCE,2024-06-01,NAT,,221006.0,,
IND-328,FRANCE,2024-07-01,NAT,,223078.0,,
IND-328,FRANCE,2024-08-01,NAT,,220801.0,,
IND-328,FRANCE,2024-09-01,NAT,,218930.0,,
IND-328,FRANCE,2024-10-01,NAT,,218860.0,,
IND-328,FRANCE,2024-11-01,NAT,,218519.0,,
IND-328,R01,2022-01-01,REG,,69.0,,
IND-328,R01,2022-02-01,REG,,80.0,,
IND-328,R01,2022-03-01,REG,,109.0,,
IND-328,R01,2022-04-01,REG,,97.0,,
IND-328,R01,2022-05-01,REG,,83.0,,
IND-328,R01,2022-06-01,REG,,79.0,,
IND-328,R01,2022-07-01,REG,,85.0,,
IND-328,R01,2022-08-01,REG,,106.0,,
IND-328,R01,2022-09-01,REG,,79.0,,
IND-328,R01,2022-10-01,REG,,86.0,,
IND-328,R01,2022-11-01,REG,,87.0,,
IND-328,R01,2022-12-01,REG,1009.0,49.0,,
IND-328,R01,2023-01-01,REG,,58.0,,
IND-328,R01,2023-02-01,REG,,975.0,,
IND-328,R01,2023-03-01,REG,,942.0,,
IND-328,R01,2023-04-01,REG,,934.0,,
IND-328,R01,2023-05-01,REG,,972.0,,
IND-328,R01,2023-06-01,REG,,986.0,,
IND-328,R01,2023-07-01,REG,,1000.0,,
IND-328,R01,2023-08-01,REG,,988.0,,
IND-328,R01,2023-09-01,REG,,1028.0,,
IND-328,R01,2023-10-01,REG,,1028.0,,
IND-328,R01,2023-11-01,REG,,1025.0,,
IND-328,R01,2023-12-01,REG,,1059.0,,
IND-328,R01,2024-01-01,REG,,1122.0,,
IND-328,R01,2024-02-01,REG,,1132.0,,
IND-328,R01,2024-03-01,REG,,1130.0,,
IND-328,R01,2024-04-01,REG,,1114.0,,
IND-328,R01,2024-05-01,REG,,1068.0,,
IND-328,R01,2024-06-01,REG,,1044.0,,
IND-328,R01,2024-07-01,REG,,1049.0,,
IND-328,R01,2024-08-01,REG,,1055.0,,
IND-328,R01,2024-09-01,REG,,1046.0,,
IND-328,R01,2024-10-01,REG,,1061.0,,
IND-328,R01,2024-11-01,REG,,1107.0,,
IND-328,R02,2022-01-01,REG,,51.0,,
IND-328,R02,2022-02-01,REG,,50.0,,
IND-328,R02,2022-03-01,REG,,71.0,,
IND-328,R02,2022-04-01,REG,,39.0,,
IND-328,R02,2022-05-01,REG,,51.0,,
IND-328,R02,2022-06-01,REG,,48.0,,
IND-328,R02,2022-07-01,REG,,52.0,,
IND-328,R02,2022-08-01,REG,,55.0,,
IND-328,R02,2022-09-01,REG,,69.0,,
IND-328,R02,2022-10-01,REG,,56.0,,
IND-328,R02,2022-11-01,REG,,68.0,,
IND-328,R02,2022-12-01,REG,705.0,95.0,,
IND-328,R02,2023-01-01,REG,,81.0,,
IND-328,R02,2023-02-01,REG,,739.0,,
IND-328,R02,2023-03-01,REG,,754.0,,
IND-328,R02,2023-04-01,REG,,783.0,,
IND-328,R02,2023-05-01,REG,,791.0,,
IND-328,R02,2023-06-01,REG,,799.0,,
IND-328,R02,2023-07-01,REG,,823.0,,
IND-328,R02,2023-08-01,REG,,868.0,,
IND-328,R02,2023-09-01,REG,,887.0,,
IND-328,R02,2023-10-01,REG,,929.0,,
IND-328,R02,2023-11-01,REG,,937.0,,
IND-328,R02,2023-12-01,REG,,944.0,,
IND-328,R02,2024-01-01,REG,,975.0,,
IND-328,R02,2024-02-01,REG,,992.0,,
IND-328,R02,2024-03-01,REG,,1011.0,,
IND-328,R02,2024-04-01,REG,,1022.0,,
IND-328,R02,2024-05-01,REG,,1084.0,,
IND-328,R02,2024-06-01,REG,,1152.0,,
IND-328,R02,2024-07-01,REG,,1164.0,,
IND-328,R02,2024-08-01,REG,,1144.0,,
IND-328,R02,2024-09-01,REG,,1149.0,,
IND-328,R02,2024-10-01,REG,,1113.0,,
IND-328,R02,2024-11-01,REG,,1111.0,,
IND-328,R03,2022-01-01,REG,,87.0,,
IND-328,R03,2022-02-01,REG,,88.0,,
IND-328,R03,2022-03-01,REG,,74.0,,
IND-328,R03,2022-04-01,REG,,70.0,,
IND-328,R03,2022-05-01,REG,,94.0,,
IND-328,R03,2022-06-01,REG,,77.0,,
IND-328,R03,2022-07-01,REG,,99.0,,
IND-328,R03,2022-08-01,REG,,112.0,,
IND-328,R03,2022-09-01,REG,,109.0,,
IND-328,R03,2022-10-01,REG,,64.0,,
IND-328,R03,2022-11-01,REG,,86.0,,
IND-328,R03,2022-12-01,REG,1048.0,88.0,,
IND-328,R03,2023-01-01,REG,,103.0,,
IND-328,R03,2023-02-01,REG,,1050.0,,
IND-328,R03,2023-03-01,REG,,1081.0,,
IND-328,R03,2023-04-01,REG,,1092.0,,
IND-328,R03,2023-05-01,REG,,1079.0,,
IND-328,R03,2023-06-01,REG,,1088.0,,
IND-328,R03,2023-07-01,REG,,1079.0,,
IND-328,R03,2023-08-01,REG,,1067.0,,
IND-328,R03,2023-09-01,REG,,1059.0,,
IND-328,R03,2023-10-01,REG,,1080.0,,
IND-328,R03,2023-11-01,REG,,1126.0,,
IND-328,R03,2023-12-01,REG,,1123.0,,
IND-328,R03,2024-01-01,REG,,1107.0,,
IND-328,R03,2024-02-01,REG,,1146.0,,
IND-328,R03,2024-03-01,REG,,1119.0,,
IND-328,R03,2024-04-01,REG,,1098.0,,
IND-328,R03,2024-05-01,REG,,1099.0,,
IND-328,R03,2024-06-01,REG,,1090.0,,
IND-328,R03,2024-07-01,REG,,1071.0,,
IND-328,R03,2024-08-01,REG,,1101.0,,
IND-328,R03,2024-09-01,REG,,1110.0,,
IND-328,R03,2024-10-01,REG,,1106.0,,
IND-328,R03,2024-11-01,REG,,1054.0,,
IND-328,R04,2022-01-01,REG,,72.0,,
IND-328,R04,2022-02-01,REG,,76.0,,
IND-328,R04,2022-03-01,REG,,86.0,,
IND-328,R04,2022-04-01,REG,,61.0,,
IND-328,R04,2022-05-01,REG,,62.0,,
IND-328,R04,2022-06-01,REG,,94.0,,
IND-328,R04,2022-07-01,REG,,80.0,,
IND-328,R04,2022-08-01,REG,,94.0,,
IND-328,R04,2022-09-01,REG,,76.0,,
IND-328,R04,2022-10-01,REG,,66.0,,
IND-328,R04,2022-11-01,REG,,60.0,,
IND-328,R04,2022-12-01,REG,896.0,69.0,,
IND-328,R04,2023-01-01,REG,,88.0,,
IND-328,R04,2023-02-01,REG,,873.0,,
IND-328,R04,2023-03-01,REG,,851.0,,
IND-328,R04,2023-04-01,REG,,844.0,,
IND-328,R04,2023-05-01,REG,,834.0,,
IND-328,R04,2023-06-01,REG,,804.0,,
IND-328,R04,2023-07-01,REG,,777.0,,
IND-328,R04,2023-08-01,REG,,727.0,,
IND-328,R04,2023-09-01,REG,,720.0,,
IND-328,R04,2023-10-01,REG,,728.0,,
IND-328,R04,2023-11-01,REG,,732.0,,
IND-328,R04,2023-12-01,REG,,720.0,,
IND-328,R04,2024-01-01,REG,,703.0,,
IND-328,R04,2024-02-01,REG,,717.0,,
IND-328,R04,2024-03-01,REG,,701.0,,
IND-328,R04,2024-04-01,REG,,715.0,,
IND-328,R04,2024-05-01,REG,,736.0,,
IND-328,R04,2024-06-01,REG,,728.0,,
IND-328,R04,2024-07-01,REG,,753.0,,
IND-328,R04,2024-08-01,REG,,790.0,,
IND-328,R04,2024-09-01,REG,,826.0,,
IND-328,R04,2024-10-01,REG,,832.0,,
IND-328,R04,2024-11-01,REG,,858.0,,
IND-328,R06,2022-01-01,REG,,33.0,,
IND-328,R06,2022-02-01,REG,,32.0,,
IND-328,R06,2022-03-01,REG,,37.0,,
IND-328,R06,2022-04-01,REG,,36.0,,
IND-328,R06,2022-05-01,REG,,44.0,,
IND-328,R06,2022-06-01,REG,,52.0,,
IND-328,R06,2022-07-01,REG,,38.0,,
IND-328,R06,2022-08-01,REG,,40.0,,
IND-328,R06,2022-09-01,REG,,27.0,,
IND-328,R06,2022-10-01,REG,,35.0,,
IND-328,R06,2022-11-01,REG,,35.0,,
IND-328,R06,2022-12-01,REG,441.0,32.0,,
IND-328,R06,2023-01-01,REG,,35.0,,
IND-328,R06,2023-02-01,REG,,459.0,,
IND-328,R06,2023-03-01,REG,,463.0,,
IND-328,R06,2023-04-01,REG,,452.0,,
IND-328,R06,2023-05-01,REG,,437.0,,
IND-328,R06,2023-06-01,REG,,418.0,,
IND-328,R06,2023-07-01,REG,,402.0,,
IND-328,R06,2023-08-01,REG,,396.0,,
IND-328,R06,2023-09-01,REG,,397.0,,
IND-328,R06,2023-10-01,REG,,402.0,,
IND-328,R06,2023-11-01,REG,,407.0,,
IND-328,R06,2023-12-01,REG,,405.0,,
IND-328,R06,2024-01-01,REG,,412.0,,
IND-328,R06,2024-02-01,REG,,406.0,,
IND-328,R06,2024-03-01,REG,,397.0,,
IND-328,R06,2024-04-01,REG,,397.0,,
IND-328,R06,2024-05-01,REG,,405.0,,
IND-328,R06,2024-06-01,REG,,403.0,,
IND-328,R06,2024-07-01,REG,,419.0,,
IND-328,R06,2024-08-01,REG,,422.0,,
IND-328,R06,2024-09-01,REG,,427.0,,
IND-328,R06,2024-10-01,REG,,423.0,,
IND-328,R06,2024-11-01,REG,,441.0,,
IND-328,R11,2022-01-01,REG,,4227.0,,
IND-328,R11,2022-02-01,REG,,4127.0,,
IND-328,R11,2022-03-01,REG,,4339.0,,
IND-328,R11,2022-04-01,REG,,2843.0,,
IND-328,R11,2022-05-01,REG,,3618.0,,
IND-328,R11,2022-06-01,REG,,3450.0,,
IND-328,R11,2022-07-01,REG,,3614.0,,
IND-328,R11,2022-08-01,REG,,4105.0,,
IND-328,R11,2022-09-01,REG,,3567.0,,
IND-328,R11,2022-10-01,REG,,3858.0,,
IND-328,R11,2022-11-01,REG,,4259.0,,
IND-328,R11,2022-12-01,REG,47009.0,5002.0,,
IND-328,R11,2023-01-01,REG,,4551.0,,
IND-328,R11,2023-02-01,REG,,46290.0,,
IND-328,R11,2023-03-01,REG,,45522.0,,
IND-328,R11,2023-04-01,REG,,45554.0,,
IND-328,R11,2023-05-01,REG,,45454.0,,
IND-328,R11,2023-06-01,REG,,45188.0,,
IND-328,R11,2023-07-01,REG,,44874.0,,
IND-328,R11,2023-08-01,REG,,45028.0,,
IND-328,R11,2023-09-01,REG,,45219.0,,
IND-328,R11,2023-10-01,REG,,45112.0,,
IND-328,R11,2023-11-01,REG,,45364.0,,
IND-328,R11,2023-12-01,REG,,45144.0,,
IND-328,R11,2024-01-01,REG,,44731.0,,
IND-328,R11,2024-02-01,REG,,44882.0,,
IND-328,R11,2024-03-01,REG,,44566.0,,
IND-328,R11,2024-04-01,REG,,44783.0,,
IND-328,R11,2024-05-01,REG,,44314.0,,
IND-328,R11,2024-06-01,REG,,44038.0,,
IND-328,R11,2024-07-01,REG,,43828.0,,
IND-328,R11,2024-08-01,REG,,42610.0,,
IND-328,R11,2024-09-01,REG,,41750.0,,
IND-328,R11,2024-10-01,REG,,41257.0,,
IND-328,R11,2024-11-01,REG,,40275.0,,
IND-328,R24,2022-01-01,REG,,584.0,,
IND-328,R24,2022-02-01,REG,,506.0,,
IND-328,R24,2022-03-01,REG,,501.0,,
IND-328,R24,2022-04-01,REG,,488.0,,
IND-328,R24,2022-05-01,REG,,584.0,,
IND-328,R24,2022-06-01,REG,,477.0,,
IND-328,R24,2022-07-01,REG,,553.0,,
IND-328,R24,2022-08-01,REG,,599.0,,
IND-328,R24,2022-09-01,REG,,550.0,,
IND-328,R24,2022-10-01,REG,,529.0,,
IND-328,R24,2022-11-01,REG,,633.0,,
IND-328,R24,2022-12-01,REG,6684.0,680.0,,
IND-328,R24,2023-01-01,REG,,648.0,,
IND-328,R24,2023-02-01,REG,,6712.0,,
IND-328,R24,2023-03-01,REG,,6919.0,,
IND-328,R24,2023-04-01,REG,,7062.0,,
IND-328,R24,2023-05-01,REG,,7120.0,,
IND-328,R24,2023-06-01,REG,,7274.0,,
IND-328,R24,2023-07-01,REG,,7397.0,,
IND-328,R24,2023-08-01,REG,,7656.0,,
IND-328,R24,2023-09-01,REG,,7825.0,,
IND-328,R24,2023-10-01,REG,,7965.0,,
IND-328,R24,2023-11-01,REG,,8001.0,,
IND-328,R24,2023-12-01,REG,,8200.0,,
IND-328,R24,2024-01-01,REG,,8271.0,,
IND-328,R24,2024-02-01,REG,,8487.0,,
IND-328,R24,2024-03-01,REG,,8468.0,,
IND-328,R24,2024-04-01,REG,,8642.0,,
IND-328,R24,2024-05-01,REG,,8765.0,,
IND-328,R24,2024-06-01,REG,,8953.0,,
IND-328,R24,2024-07-01,REG,,9165.0,,
IND-328,R24,2024-08-01,REG,,9032.0,,
IND-328,R24,2024-09-01,REG,,9045.0,,
IND-328,R24,2024-10-01,REG,,9211.0,,
IND-328,R24,2024-11-01,REG,,9418.0,,
IND-328,R27,2022-01-01,REG,,437.0,,
IND-328,R27,2022-02-01,REG,,475.0,,
IND-328,R27,2022-03-01,REG,,506.0,,
IND-328,R27,2022-04-01,REG,,446.0,,
IND-328,R27,2022-05-01,REG,,538.0,,
IND-328,R27,2022-06-01,REG,,439.0,,
IND-328,R27,2022-07-01,REG,,451.0,,
IND-328,R27,2022-08-01,REG,,520.0,,
IND-328,R27,2022-09-01,REG,,498.0,,
IND-328,R27,2022-10-01,REG,,548.0,,
IND-328,R27,2022-11-01,REG,,704.0,,
IND-328,R27,2022-12-01,REG,6252.0,690.0,,
IND-328,R27,2023-01-01,REG,,574.0,,
IND-328,R27,2023-02-01,REG,,6416.0,,
IND-328,R27,2023-03-01,REG,,6488.0,,
IND-328,R27,2023-04-01,REG,,6564.0,,
IND-328,R27,2023-05-01,REG,,6613.0,,
IND-328,R27,2023-06-01,REG,,6611.0,,
IND-328,R27,2023-07-01,REG,,6688.0,,
IND-328,R27,2023-08-01,REG,,6772.0,,
IND-328,R27,2023-09-01,REG,,6794.0,,
IND-328,R27,2023-10-01,REG,,6794.0,,
IND-328,R27,2023-11-01,REG,,6730.0,,
IND-328,R27,2023-12-01,REG,,6699.0,,
IND-328,R27,2024-01-01,REG,,6743.0,,
IND-328,R27,2024-02-01,REG,,6833.0,,
IND-328,R27,2024-03-01,REG,,6786.0,,
IND-328,R27,2024-04-01,REG,,6835.0,,
IND-328,R27,2024-05-01,REG,,6738.0,,
IND-328,R27,2024-06-01,REG,,6815.0,,
IND-328,R27,2024-07-01,REG,,6877.0,,
IND-328,R27,2024-08-01,REG,,6797.0,,
IND-328,R27,2024-09-01,REG,,6745.0,,
IND-328,R27,2024-10-01,REG,,6683.0,,
IND-328,R27,2024-11-01,REG,,6653.0,,
IND-328,R28,2022-01-01,REG,,449.0,,
IND-328,R28,2022-02-01,REG,,409.0,,
IND-328,R28,2022-03-01,REG,,427.0,,
IND-328,R28,2022-04-01,REG,,446.0,,
IND-328,R28,2022-05-01,REG,,560.0,,
IND-328,R28,2022-06-01,REG,,575.0,,
IND-328,R28,2022-07-01,REG,,626.0,,
IND-328,R28,2022-08-01,REG,,611.0,,
IND-328,R28,2022-09-01,REG,,554.0,,
IND-328,R28,2022-10-01,REG,,534.0,,
IND-328,R28,2022-11-01,REG,,640.0,,
IND-328,R28,2022-12-01,REG,6624.0,793.0,,
IND-328,R28,2023-01-01,REG,,561.0,,
IND-328,R28,2023-02-01,REG,,6685.0,,
IND-328,R28,2023-03-01,REG,,6801.0,,
IND-328,R28,2023-04-01,REG,,6932.0,,
IND-328,R28,2023-05-01,REG,,7012.0,,
IND-328,R28,2023-06-01,REG,,7222.0,,
IND-328,R28,2023-07-01,REG,,7457.0,,
IND-328,R28,2023-08-01,REG,,7625.0,,
IND-328,R28,2023-09-01,REG,,7834.0,,
IND-328,R28,2023-10-01,REG,,7864.0,,
IND-328,R28,2023-11-01,REG,,7927.0,,
IND-328,R28,2023-12-01,REG,,7999.0,,
IND-328,R28,2024-01-01,REG,,8093.0,,
IND-328,R28,2024-02-01,REG,,8341.0,,
IND-328,R28,2024-03-01,REG,,8473.0,,
IND-328,R28,2024-04-01,REG,,8575.0,,
IND-328,R28,2024-05-01,REG,,8598.0,,
IND-328,R28,2024-06-01,REG,,8536.0,,
IND-328,R28,2024-07-01,REG,,8462.0,,
IND-328,R28,2024-08-01,REG,,8510.0,,
IND-328,R28,2024-09-01,REG,,8365.0,,
IND-328,R28,2024-10-01,REG,,8449.0,,
IND-328,R28,2024-11-01,REG,,8471.0,,
IND-328,R32,2022-01-01,REG,,1304.0,,
IND-328,R32,2022-02-01,REG,,1335.0,,
IND-328,R32,2022-03-01,REG,,1369.0,,
IND-328,R32,2022-04-01,REG,,1094.0,,
IND-328,R32,2022-05-01,REG,,1309.0,,
IND-328,R32,2022-06-01,REG,,1317.0,,
IND-328,R32,2022-07-01,REG,,1308.0,,
IND-328,R32,2022-08-01,REG,,1476.0,,
IND-328,R32,2022-09-01,REG,,1455.0,,
IND-328,R32,2022-10-01,REG,,1393.0,,
IND-328,R32,2022-11-01,REG,,1494.0,,
IND-328,R32,2022-12-01,REG,16454.0,1600.0,,
IND-328,R32,2023-01-01,REG,,1467.0,,
IND-328,R32,2023-02-01,REG,,16442.0,,
IND-328,R32,2023-03-01,REG,,16598.0,,
IND-328,R32,2023-04-01,REG,,16746.0,,
IND-328,R32,2023-05-01,REG,,16897.0,,
IND-328,R32,2023-06-01,REG,,16993.0,,
IND-328,R32,2023-07-01,REG,,17055.0,,
IND-328,R32,2023-08-01,REG,,17110.0,,
IND-328,R32,2023-09-01,REG,,16998.0,,
IND-328,R32,2023-10-01,REG,,17015.0,,
IND-328,R32,2023-11-01,REG,,17009.0,,
IND-328,R32,2023-12-01,REG,,17206.0,,
IND-328,R32,2024-01-01,REG,,17243.0,,
IND-328,R32,2024-02-01,REG,,17392.0,,
IND-328,R32,2024-03-01,REG,,17402.0,,
IND-328,R32,2024-04-01,REG,,17592.0,,
IND-328,R32,2024-05-01,REG,,17439.0,,
IND-328,R32,2024-06-01,REG,,17256.0,,
IND-328,R32,2024-07-01,REG,,17397.0,,
IND-328,R32,2024-08-01,REG,,17121.0,,
IND-328,R32,2024-09-01,REG,,17106.0,,
IND-328,R32,2024-10-01,REG,,17096.0,,
IND-328,R32,2024-11-01,REG,,17234.0,,
IND-328,R44,2022-01-01,REG,,1079.0,,
IND-328,R44,2022-02-01,REG,,945.0,,
IND-328,R44,2022-03-01,REG,,804.0,,
IND-328,R44,2022-04-01,REG,,656.0,,
IND-328,R44,2022-05-01,REG,,775.0,,
IND-328,R44,2022-06-01,REG,,782.0,,
IND-328,R44,2022-07-01,REG,,869.0,,
IND-328,R44,2022-08-01,REG,,972.0,,
IND-328,R44,2022-09-01,REG,,932.0,,
IND-328,R44,2022-10-01,REG,,1100.0,,
IND-328,R44,2022-11-01,REG,,1319.0,,
IND-328,R44,2022-12-01,REG,11742.0,1509.0,,
IND-328,R44,2023-01-01,REG,,1140.0,,
IND-328,R44,2023-02-01,REG,,11652.0,,
IND-328,R44,2023-03-01,REG,,11934.0,,
IND-328,R44,2023-04-01,REG,,12211.0,,
IND-328,R44,2023-05-01,REG,,12437.0,,
IND-328,R44,2023-06-01,REG,,12630.0,,
IND-328,R44,2023-07-01,REG,,12765.0,,
IND-328,R44,2023-08-01,REG,,13172.0,,
IND-328,R44,2023-09-01,REG,,13355.0,,
IND-328,R44,2023-10-01,REG,,13393.0,,
IND-328,R44,2023-11-01,REG,,13454.0,,
IND-328,R44,2023-12-01,REG,,13544.0,,
IND-328,R44,2024-01-01,REG,,13661.0,,
IND-328,R44,2024-02-01,REG,,13812.0,,
IND-328,R44,2024-03-01,REG,,13787.0,,
IND-328,R44,2024-04-01,REG,,13966.0,,
IND-328,R44,2024-05-01,REG,,13941.0,,
IND-328,R44,2024-06-01,REG,,13957.0,,
IND-328,R44,2024-07-01,REG,,14124.0,,
IND-328,R44,2024-08-01,REG,,13915.0,,
IND-328,R44,2024-09-01,REG,,14021.0,,
IND-328,R44,2024-10-01,REG,,14011.0,,
IND-328,R44,2024-11-01,REG,,14197.0,,
IND-328,R52,2022-01-01,REG,,958.0,,
IND-328,R52,2022-02-01,REG,,917.0,,
IND-328,R52,2022-03-01,REG,,994.0,,
IND-328,R52,2022-04-01,REG,,854.0,,
IND-328,R52,2022-05-01,REG,,950.0,,
IND-328,R52,2022-06-01,REG,,1075.0,,
IND-328,R52,2022-07-01,REG,,1144.0,,
IND-328,R52,2022-08-01,REG,,1332.0,,
IND-328,R52,2022-09-01,REG,,988.0,,
IND-328,R52,2022-10-01,REG,,942.0,,
IND-328,R52,2022-11-01,REG,,953.0,,
IND-328,R52,2022-12-01,REG,12192.0,1085.0,,
IND-328,R52,2023-01-01,REG,,941.0,,
IND-328,R52,2023-02-01,REG,,11996.0,,
IND-328,R52,2023-03-01,REG,,12007.0,,
IND-328,R52,2023-04-01,REG,,12097.0,,
IND-328,R52,2023-05-01,REG,,12184.0,,
IND-328,R52,2023-06-01,REG,,12141.0,,
IND-328,R52,2023-07-01,REG,,12196.0,,
IND-328,R52,2023-08-01,REG,,12064.0,,
IND-328,R52,2023-09-01,REG,,11931.0,,
IND-328,R52,2023-10-01,REG,,11852.0,,
IND-328,R52,2023-11-01,REG,,11921.0,,
IND-328,R52,2023-12-01,REG,,11938.0,,
IND-328,R52,2024-01-01,REG,,12010.0,,
IND-328,R52,2024-02-01,REG,,12115.0,,
IND-328,R52,2024-03-01,REG,,12207.0,,
IND-328,R52,2024-04-01,REG,,12242.0,,
IND-328,R52,2024-05-01,REG,,12198.0,,
IND-328,R52,2024-06-01,REG,,12203.0,,
IND-328,R52,2024-07-01,REG,,12401.0,,
IND-328,R52,2024-08-01,REG,,12390.0,,
IND-328,R52,2024-09-01,REG,,12472.0,,
IND-328,R52,2024-10-01,REG,,12477.0,,
IND-328,R52,2024-11-01,REG,,12289.0,,
IND-328,R53,2022-01-01,REG,,565.0,,
IND-328,R53,2022-02-01,REG,,634.0,,
IND-328,R53,2022-03-01,REG,,676.0,,
IND-328,R53,2022-04-01,REG,,486.0,,
IND-328,R53,2022-05-01,REG,,587.0,,
IND-328,R53,2022-06-01,REG,,726.0,,
IND-328,R53,2022-07-01,REG,,864.0,,
IND-328,R53,2022-08-01,REG,,849.0,,
IND-328,R53,2022-09-01,REG,,594.0,,
IND-328,R53,2022-10-01,REG,,726.0,,
IND-328,R53,2022-11-01,REG,,708.0,,
IND-328,R53,2022-12-01,REG,8213.0,798.0,,
IND-328,R53,2023-01-01,REG,,824.0,,
IND-328,R53,2023-02-01,REG,,8532.0,,
IND-328,R53,2023-03-01,REG,,8521.0,,
IND-328,R53,2023-04-01,REG,,8595.0,,
IND-328,R53,2023-05-01,REG,,8721.0,,
IND-328,R53,2023-06-01,REG,,8715.0,,
IND-328,R53,2023-07-01,REG,,8727.0,,
IND-328,R53,2023-08-01,REG,,8629.0,,
IND-328,R53,2023-09-01,REG,,8699.0,,
IND-328,R53,2023-10-01,REG,,8776.0,,
IND-328,R53,2023-11-01,REG,,8885.0,,
IND-328,R53,2023-12-01,REG,,8898.0,,
IND-328,R53,2024-01-01,REG,,8791.0,,
IND-328,R53,2024-02-01,REG,,8808.0,,
IND-328,R53,2024-03-01,REG,,8880.0,,
IND-328,R53,2024-04-01,REG,,8961.0,,
IND-328,R53,2024-05-01,REG,,8885.0,,
IND-328,R53,2024-06-01,REG,,8869.0,,
IND-328,R53,2024-07-01,REG,,8954.0,,
IND-328,R53,2024-08-01,REG,,9018.0,,
IND-328,R53,2024-09-01,REG,,9034.0,,
IND-328,R53,2024-10-01,REG,,8992.0,,
IND-328,R53,2024-11-01,REG,,8976.0,,
IND-328,R75,2022-01-01,REG,,1483.0,,
IND-328,R75,2022-02-01,REG,,1512.0,,
IND-328,R75,2022-03-01,REG,,1689.0,,
IND-328,R75,2022-04-01,REG,,1642.0,,
IND-328,R75,2022-05-01,REG,,1540.0,,
IND-328,R75,2022-06-01,REG,,1669.0,,
IND-328,R75,2022-07-01,REG,,1849.0,,
IND-328,R75,2022-08-01,REG,,1956.0,,
IND-328,R75,2022-09-01,REG,,1619.0,,
IND-328,R75,2022-10-01,REG,,1499.0,,
IND-328,R75,2022-11-01,REG,,1537.0,,
IND-328,R75,2022-12-01,REG,19770.0,1775.0,,
IND-328,R75,2023-01-01,REG,,1438.0,,
IND-328,R75,2023-02-01,REG,,19444.0,,
IND-328,R75,2023-03-01,REG,,19304.0,,
IND-328,R75,2023-04-01,REG,,19225.0,,
IND-328,R75,2023-05-01,REG,,19426.0,,
IND-328,R75,2023-06-01,REG,,19501.0,,
IND-328,R75,2023-07-01,REG,,19490.0,,
IND-328,R75,2023-08-01,REG,,19603.0,,
IND-328,R75,2023-09-01,REG,,19732.0,,
IND-328,R75,2023-10-01,REG,,19899.0,,
IND-328,R75,2023-11-01,REG,,20135.0,,
IND-328,R75,2023-12-01,REG,,20476.0,,
IND-328,R75,2024-01-01,REG,,20742.0,,
IND-328,R75,2024-02-01,REG,,20851.0,,
IND-328,R75,2024-03-01,REG,,21058.0,,
IND-328,R75,2024-04-01,REG,,21420.0,,
IND-328,R75,2024-05-01,REG,,21425.0,,
IND-328,R75,2024-06-01,REG,,21447.0,,
IND-328,R75,2024-07-01,REG,,21614.0,,
IND-328,R75,2024-08-01,REG,,21436.0,,
IND-328,R75,2024-09-01,REG,,21313.0,,
IND-328,R75,2024-10-01,REG,,21358.0,,
IND-328,R75,2024-11-01,REG,,21409.0,,
IND-328,R76,2022-01-01,REG,,1527.0,,
IND-328,R76,2022-02-01,REG,,1506.0,,
IND-328,R76,2022-03-01,REG,,1704.0,,
IND-328,R76,2022-04-01,REG,,1464.0,,
IND-328,R76,2022-05-01,REG,,1612.0,,
IND-328,R76,2022-06-01,REG,,1624.0,,
IND-328,R76,2022-07-01,REG,,1555.0,,
IND-328,R76,2022-08-01,REG,,1928.0,,
IND-328,R76,2022-09-01,REG,,1679.0,,
IND-328,R76,2022-10-01,REG,,1645.0,,
IND-328,R76,2022-11-01,REG,,1784.0,,
IND-328,R76,2022-12-01,REG,19970.0,1935.0,,
IND-328,R76,2023-01-01,REG,,1599.0,,
IND-328,R76,2023-02-01,REG,,19740.0,,
IND-328,R76,2023-03-01,REG,,19660.0,,
IND-328,R76,2023-04-01,REG,,19714.0,,
IND-328,R76,2023-05-01,REG,,19770.0,,
IND-328,R76,2023-06-01,REG,,19756.0,,
IND-328,R76,2023-07-01,REG,,19768.0,,
IND-328,R76,2023-08-01,REG,,19746.0,,
IND-328,R76,2023-09-01,REG,,19959.0,,
IND-328,R76,2023-10-01,REG,,20326.0,,
IND-328,R76,2023-11-01,REG,,20581.0,,
IND-328,R76,2023-12-01,REG,,20815.0,,
IND-328,R76,2024-01-01,REG,,21213.0,,
IND-328,R76,2024-02-01,REG,,21611.0,,
IND-328,R76,2024-03-01,REG,,21712.0,,
IND-328,R76,2024-04-01,REG,,21965.0,,
IND-328,R76,2024-05-01,REG,,22070.0,,
IND-328,R76,2024-06-01,REG,,22450.0,,
IND-328,R76,2024-07-01,REG,,23001.0,,
IND-328,R76,2024-08-01,REG,,22986.0,,
IND-328,R76,2024-09-01,REG,,22839.0,,
IND-328,R76,2024-10-01,REG,,23026.0,,
IND-328,R76,2024-11-01,REG,,23016.0,,
IND-328,R84,2022-01-01,REG,,2489.0,,
IND-328,R84,2022-02-01,REG,,2433.0,,
IND-328,R84,2022-03-01,REG,,2656.0,,
IND-328,R84,2022-04-01,REG,,2312.0,,
IND-328,R84,2022-05-01,REG,,2415.0,,
IND-328,R84,2022-06-01,REG,,2303.0,,
IND-328,R84,2022-07-01,REG,,2382.0,,
IND-328,R84,2022-08-01,REG,,2738.0,,
IND-328,R84,2022-09-01,REG,,2324.0,,
IND-328,R84,2022-10-01,REG,,2363.0,,
IND-328,R84,2022-11-01,REG,,3083.0,,
IND-328,R84,2022-12-01,REG,30855.0,3357.0,,
IND-328,R84,2023-01-01,REG,,2477.0,,
IND-328,R84,2023-02-01,REG,,30526.0,,
IND-328,R84,2023-03-01,REG,,30368.0,,
IND-328,R84,2023-04-01,REG,,30233.0,,
IND-328,R84,2023-05-01,REG,,29963.0,,
IND-328,R84,2023-06-01,REG,,29515.0,,
IND-328,R84,2023-07-01,REG,,29250.0,,
IND-328,R84,2023-08-01,REG,,28890.0,,
IND-328,R84,2023-09-01,REG,,28814.0,,
IND-328,R84,2023-10-01,REG,,28838.0,,
IND-328,R84,2023-11-01,REG,,28647.0,,
IND-328,R84,2023-12-01,REG,,28621.0,,
IND-328,R84,2024-01-01,REG,,28709.0,,
IND-328,R84,2024-02-01,REG,,28728.0,,
IND-328,R84,2024-03-01,REG,,28703.0,,
IND-328,R84,2024-04-01,REG,,28780.0,,
IND-328,R84,2024-05-01,REG,,28921.0,,
IND-328,R84,2024-06-01,REG,,29384.0,,
IND-328,R84,2024-07-01,REG,,29920.0,,
IND-328,R84,2024-08-01,REG,,30015.0,,
IND-328,R84,2024-09-01,REG,,29948.0,,
IND-328,R84,2024-10-01,REG,,30337.0,,
IND-328,R84,2024-11-01,REG,,30932.0,,
IND-328,R93,2022-01-01,REG,,1881.0,,
IND-328,R93,2022-02-01,REG,,1864.0,,
IND-328,R93,2022-03-01,REG,,2073.0,,
IND-328,R93,2022-04-01,REG,,1680.0,,
IND-328,R93,2022-05-01,REG,,1791.0,,
IND-328,R93,2022-06-01,REG,,1953.0,,
IND-328,R93,2022-07-01,REG,,2134.0,,
IND-328,R93,2022-08-01,REG,,2164.0,,
IND-328,R93,2022-09-01,REG,,1952.0,,
IND-328,R93,2022-10-01,REG,,1829.0,,
IND-328,R93,2022-11-01,REG,,2081.0,,
IND-328,R93,2022-12-01,REG,23567.0,2165.0,,
IND-328,R93,2023-01-01,REG,,1944.0,,
IND-328,R93,2023-02-01,REG,,23326.0,,
IND-328,R93,2023-03-01,REG,,23012.0,,
IND-328,R93,2023-04-01,REG,,22980.0,,
IND-328,R93,2023-05-01,REG,,22928.0,,
IND-328,R93,2023-06-01,REG,,22761.0,,
IND-328,R93,2023-07-01,REG,,22524.0,,
IND-328,R93,2023-08-01,REG,,22674.0,,
IND-328,R93,2023-09-01,REG,,22950.0,,
IND-328,R93,2023-10-01,REG,,23085.0,,
IND-328,R93,2023-11-01,REG,,22943.0,,
IND-328,R93,2023-12-01,REG,,22847.0,,
IND-328,R93,2024-01-01,REG,,22845.0,,
IND-328,R93,2024-02-01,REG,,22807.0,,
IND-328,R93,2024-03-01,REG,,22730.0,,
IND-328,R93,2024-04-01,REG,,22657.0,,
IND-328,R93,2024-05-01,REG,,22407.0,,
IND-328,R93,2024-06-01,REG,,22322.0,,
IND-328,R93,2024-07-01,REG,,22558.0,,
IND-328,R93,2024-08-01,REG,,22162.0,,
IND-328,R93,2024-09-01,REG,,21462.0,,
IND-328,R93,2024-10-01,REG,,21151.0,,
IND-328,R93,2024-11-01,REG,,20824.0,,
IND-328,R94,2022-01-01,REG,,24.0,,
IND-328,R94,2022-02-01,REG,,31.0,,
IND-328,R94,2022-03-01,REG,,26.0,,
IND-328,R94,2022-04-01,REG,,31.0,,
IND-328,R94,2022-05-01,REG,,28.0,,
IND-328,R94,2022-06-01,REG,,31.0,,
IND-328,R94,2022-07-01,REG,,37.0,,
IND-328,R94,2022-08-01,REG,,40.0,,
IND-328,R94,2022-09-01,REG,,30.0,,
IND-328,R94,2022-10-01,REG,,24.0,,
IND-328,R94,2022-11-01,REG,,14.0,,
IND-328,R94,2022-12-01,REG,342.0,26.0,,
IND-328,R94,2023-01-01,REG,,28.0,,
IND-328,R94,2023-02-01,REG,,333.0,,
IND-328,R94,2023-03-01,REG,,327.0,,
IND-328,R94,2023-04-01,REG,,320.0,,
IND-328,R94,2023-05-01,REG,,331.0,,
IND-328,R94,2023-06-01,REG,,337.0,,
IND-328,R94,2023-07-01,REG,,356.0,,
IND-328,R94,2023-08-01,REG,,361.0,,
IND-328,R94,2023-09-01,REG,,378.0,,
IND-328,R94,2023-10-01,REG,,146.0,,
IND-328,R94,2023-11-01,REG,,390.0,,
IND-328,R94,2023-12-01,REG,,393.0,,
IND-328,R94,2024-01-01,REG,,387.0,,
IND-328,R94,2024-02-01,REG,,392.0,,
IND-328,R94,2024-03-01,REG,,399.0,,
IND-328,R94,2024-04-01,REG,,387.0,,
IND-328,R94,2024-05-01,REG,,372.0,,
IND-328,R94,2024-06-01,REG,,359.0,,
IND-328,R94,2024-07-01,REG,,321.0,,
IND-328,R94,2024-08-01,REG,,297.0,,
IND-328,R94,2024-09-01,REG,,272.0,,
IND-328,R94,2024-10-01,REG,,277.0,,
IND-328,R94,2024-11-01,REG,,254.0,,
