indic_id,enforce_zone_id,metric_enforce_date,maille,indic_vi,indic_va,indic_vc,indic_ta
IND-313,D01,2022-01-01,DEPT,,128.0,,
IND-313,D01,2022-02-01,DEPT,,199.0,,
IND-313,D01,2022-03-01,DEPT,,260.0,,
IND-313,D01,2022-04-01,DEPT,,303.0,,
IND-313,D01,2022-05-01,DEPT,,348.0,,
IND-313,D01,2022-06-01,DEPT,,430.0,,
IND-313,D01,2022-07-01,DEPT,,872.0,,
IND-313,D01,2022-08-01,DEPT,,2061.0,,
IND-313,D01,2022-09-01,DEPT,,5297.0,,
IND-313,D01,2022-10-01,DEPT,,5828.0,,
IND-313,D01,2022-11-01,DEPT,,6061.0,,
IND-313,D01,2022-12-01,DEPT,6166.0,6211.0,,
IND-313,D01,2023-01-01,DEPT,,123.0,,
IND-313,D01,2023-02-01,DEPT,,193.0,,
IND-313,D01,2023-03-01,DEPT,,264.0,,
IND-313,D01,2023-04-01,DEPT,,307.0,,
IND-313,D01,2023-05-01,DEPT,,363.0,,
IND-313,D01,2023-06-01,DEPT,,437.0,,
IND-313,D01,2023-07-01,DEPT,,917.0,,
IND-313,D01,2023-08-01,DEPT,,2134.0,,
IND-313,D01,2023-09-01,DEPT,,5643.0,,
IND-313,D01,2023-10-01,DEPT,,6209.0,,
IND-313,D01,2023-11-01,DEPT,,6494.0,,
IND-313,D01,2023-12-01,DEPT,,6677.0,,
IND-313,D01,2024-01-01,DEPT,,139.0,,
IND-313,D01,2024-02-01,DEPT,,247.0,,
IND-313,D01,2024-03-01,DEPT,,322.0,,
IND-313,D01,2024-04-01,DEPT,,378.0,,
IND-313,D01,2024-05-01,DEPT,,425.0,,
IND-313,D01,2024-06-01,DEPT,,491.0,,
IND-313,D01,2024-07-01,DEPT,,927.0,,
IND-313,D01,2024-08-01,DEPT,,2128.0,,
IND-313,D01,2024-09-01,DEPT,,5832.0,,
IND-313,D01,2024-10-01,DEPT,,6339.0,,
IND-313,D01,2024-11-01,DEPT,,6569.0,,33.56
IND-313,D01,2026-12-01,DEPT,,,7367.0,
IND-313,D02,2022-01-01,DEPT,,87.0,,
IND-313,D02,2022-02-01,DEPT,,138.0,,
IND-313,D02,2022-03-01,DEPT,,168.0,,
IND-313,D02,2022-04-01,DEPT,,210.0,,
IND-313,D02,2022-05-01,DEPT,,236.0,,
IND-313,D02,2022-06-01,DEPT,,314.0,,
IND-313,D02,2022-07-01,DEPT,,740.0,,
IND-313,D02,2022-08-01,DEPT,,1378.0,,
IND-313,D02,2022-09-01,DEPT,,3176.0,,
IND-313,D02,2022-10-01,DEPT,,3596.0,,
IND-313,D02,2022-11-01,DEPT,,3780.0,,
IND-313,D02,2022-12-01,DEPT,3977.0,3940.0,,
IND-313,D02,2023-01-01,DEPT,,87.0,,
IND-313,D02,2023-02-01,DEPT,,162.0,,
IND-313,D02,2023-03-01,DEPT,,212.0,,
IND-313,D02,2023-04-01,DEPT,,256.0,,
IND-313,D02,2023-05-01,DEPT,,273.0,,
IND-313,D02,2023-06-01,DEPT,,321.0,,
IND-313,D02,2023-07-01,DEPT,,694.0,,
IND-313,D02,2023-08-01,DEPT,,1441.0,,
IND-313,D02,2023-09-01,DEPT,,3315.0,,
IND-313,D02,2023-10-01,DEPT,,3700.0,,
IND-313,D02,2023-11-01,DEPT,,3909.0,,
IND-313,D02,2023-12-01,DEPT,,4051.0,,
IND-313,D02,2024-01-01,DEPT,,134.0,,
IND-313,D02,2024-02-01,DEPT,,198.0,,
IND-313,D02,2024-03-01,DEPT,,260.0,,
IND-313,D02,2024-04-01,DEPT,,306.0,,
IND-313,D02,2024-05-01,DEPT,,341.0,,
IND-313,D02,2024-06-01,DEPT,,402.0,,
IND-313,D02,2024-07-01,DEPT,,834.0,,
IND-313,D02,2024-08-01,DEPT,,1603.0,,
IND-313,D02,2024-09-01,DEPT,,3611.0,,
IND-313,D02,2024-10-01,DEPT,,4044.0,,
IND-313,D02,2024-11-01,DEPT,,4264.0,,37.08
IND-313,D02,2026-12-01,DEPT,,,4751.0,
IND-313,D03,2022-01-01,DEPT,,70.0,,
IND-313,D03,2022-02-01,DEPT,,129.0,,
IND-313,D03,2022-03-01,DEPT,,180.0,,
IND-313,D03,2022-04-01,DEPT,,199.0,,
IND-313,D03,2022-05-01,DEPT,,231.0,,
IND-313,D03,2022-06-01,DEPT,,286.0,,
IND-313,D03,2022-07-01,DEPT,,507.0,,
IND-313,D03,2022-08-01,DEPT,,923.0,,
IND-313,D03,2022-09-01,DEPT,,2381.0,,
IND-313,D03,2022-10-01,DEPT,,2624.0,,
IND-313,D03,2022-11-01,DEPT,,2769.0,,
IND-313,D03,2022-12-01,DEPT,2871.0,2875.0,,
IND-313,D03,2023-01-01,DEPT,,94.0,,
IND-313,D03,2023-02-01,DEPT,,133.0,,
IND-313,D03,2023-03-01,DEPT,,184.0,,
IND-313,D03,2023-04-01,DEPT,,217.0,,
IND-313,D03,2023-05-01,DEPT,,258.0,,
IND-313,D03,2023-06-01,DEPT,,302.0,,
IND-313,D03,2023-07-01,DEPT,,521.0,,
IND-313,D03,2023-08-01,DEPT,,923.0,,
IND-313,D03,2023-09-01,DEPT,,2459.0,,
IND-313,D03,2023-10-01,DEPT,,2698.0,,
IND-313,D03,2023-11-01,DEPT,,2849.0,,
IND-313,D03,2023-12-01,DEPT,,2967.0,,
IND-313,D03,2024-01-01,DEPT,,85.0,,
IND-313,D03,2024-02-01,DEPT,,141.0,,
IND-313,D03,2024-03-01,DEPT,,183.0,,
IND-313,D03,2024-04-01,DEPT,,217.0,,
IND-313,D03,2024-05-01,DEPT,,251.0,,
IND-313,D03,2024-06-01,DEPT,,296.0,,
IND-313,D03,2024-07-01,DEPT,,517.0,,
IND-313,D03,2024-08-01,DEPT,,870.0,,
IND-313,D03,2024-09-01,DEPT,,2516.0,,
IND-313,D03,2024-10-01,DEPT,,2753.0,,
IND-313,D03,2024-11-01,DEPT,,2905.0,,6.08
IND-313,D03,2026-12-01,DEPT,,,3430.0,
IND-313,D04,2022-01-01,DEPT,,35.0,,
IND-313,D04,2022-02-01,DEPT,,71.0,,
IND-313,D04,2022-03-01,DEPT,,111.0,,
IND-313,D04,2022-04-01,DEPT,,133.0,,
IND-313,D04,2022-05-01,DEPT,,145.0,,
IND-313,D04,2022-06-01,DEPT,,226.0,,
IND-313,D04,2022-07-01,DEPT,,377.0,,
IND-313,D04,2022-08-01,DEPT,,564.0,,
IND-313,D04,2022-09-01,DEPT,,1255.0,,
IND-313,D04,2022-10-01,DEPT,,1426.0,,
IND-313,D04,2022-11-01,DEPT,,1524.0,,
IND-313,D04,2022-12-01,DEPT,1570.0,1596.0,,
IND-313,D04,2023-01-01,DEPT,,38.0,,
IND-313,D04,2023-02-01,DEPT,,72.0,,
IND-313,D04,2023-03-01,DEPT,,96.0,,
IND-313,D04,2023-04-01,DEPT,,111.0,,
IND-313,D04,2023-05-01,DEPT,,124.0,,
IND-313,D04,2023-06-01,DEPT,,174.0,,
IND-313,D04,2023-07-01,DEPT,,317.0,,
IND-313,D04,2023-08-01,DEPT,,495.0,,
IND-313,D04,2023-09-01,DEPT,,1201.0,,
IND-313,D04,2023-10-01,DEPT,,1393.0,,
IND-313,D04,2023-11-01,DEPT,,1497.0,,
IND-313,D04,2023-12-01,DEPT,,1535.0,,
IND-313,D04,2024-01-01,DEPT,,42.0,,
IND-313,D04,2024-02-01,DEPT,,71.0,,
IND-313,D04,2024-03-01,DEPT,,86.0,,
IND-313,D04,2024-04-01,DEPT,,105.0,,
IND-313,D04,2024-05-01,DEPT,,119.0,,
IND-313,D04,2024-06-01,DEPT,,153.0,,
IND-313,D04,2024-07-01,DEPT,,288.0,,
IND-313,D04,2024-08-01,DEPT,,504.0,,
IND-313,D04,2024-09-01,DEPT,,1245.0,,
IND-313,D04,2024-10-01,DEPT,,1417.0,,
IND-313,D04,2024-11-01,DEPT,,1497.0,,0.0
IND-313,D04,2026-12-01,DEPT,,,1876.0,
IND-313,D05,2022-01-01,DEPT,,36.0,,
IND-313,D05,2022-02-01,DEPT,,66.0,,
IND-313,D05,2022-03-01,DEPT,,88.0,,
IND-313,D05,2022-04-01,DEPT,,102.0,,
IND-313,D05,2022-05-01,DEPT,,124.0,,
IND-313,D05,2022-06-01,DEPT,,156.0,,
IND-313,D05,2022-07-01,DEPT,,279.0,,
IND-313,D05,2022-08-01,DEPT,,419.0,,
IND-313,D05,2022-09-01,DEPT,,962.0,,
IND-313,D05,2022-10-01,DEPT,,1088.0,,
IND-313,D05,2022-11-01,DEPT,,1165.0,,
IND-313,D05,2022-12-01,DEPT,1226.0,1206.0,,
IND-313,D05,2023-01-01,DEPT,,38.0,,
IND-313,D05,2023-02-01,DEPT,,56.0,,
IND-313,D05,2023-03-01,DEPT,,72.0,,
IND-313,D05,2023-04-01,DEPT,,90.0,,
IND-313,D05,2023-05-01,DEPT,,105.0,,
IND-313,D05,2023-06-01,DEPT,,132.0,,
IND-313,D05,2023-07-01,DEPT,,246.0,,
IND-313,D05,2023-08-01,DEPT,,405.0,,
IND-313,D05,2023-09-01,DEPT,,960.0,,
IND-313,D05,2023-10-01,DEPT,,1103.0,,
IND-313,D05,2023-11-01,DEPT,,1177.0,,
IND-313,D05,2023-12-01,DEPT,,1215.0,,
IND-313,D05,2024-01-01,DEPT,,46.0,,
IND-313,D05,2024-02-01,DEPT,,72.0,,
IND-313,D05,2024-03-01,DEPT,,97.0,,
IND-313,D05,2024-04-01,DEPT,,114.0,,
IND-313,D05,2024-05-01,DEPT,,122.0,,
IND-313,D05,2024-06-01,DEPT,,132.0,,
IND-313,D05,2024-07-01,DEPT,,229.0,,
IND-313,D05,2024-08-01,DEPT,,389.0,,
IND-313,D05,2024-09-01,DEPT,,1000.0,,
IND-313,D05,2024-10-01,DEPT,,1144.0,,
IND-313,D05,2024-11-01,DEPT,,1211.0,,0.0
IND-313,D05,2026-12-01,DEPT,,,1465.0,
IND-313,D06,2022-01-01,DEPT,,401.0,,
IND-313,D06,2022-02-01,DEPT,,730.0,,
IND-313,D06,2022-03-01,DEPT,,1030.0,,
IND-313,D06,2022-04-01,DEPT,,1214.0,,
IND-313,D06,2022-05-01,DEPT,,1383.0,,
IND-313,D06,2022-06-01,DEPT,,1654.0,,
IND-313,D06,2022-07-01,DEPT,,2505.0,,
IND-313,D06,2022-08-01,DEPT,,3942.0,,
IND-313,D06,2022-09-01,DEPT,,10207.0,,
IND-313,D06,2022-10-01,DEPT,,12022.0,,
IND-313,D06,2022-11-01,DEPT,,12937.0,,
IND-313,D06,2022-12-01,DEPT,13303.0,13558.0,,
IND-313,D06,2023-01-01,DEPT,,374.0,,
IND-313,D06,2023-02-01,DEPT,,711.0,,
IND-313,D06,2023-03-01,DEPT,,1050.0,,
IND-313,D06,2023-04-01,DEPT,,1256.0,,
IND-313,D06,2023-05-01,DEPT,,1421.0,,
IND-313,D06,2023-06-01,DEPT,,1701.0,,
IND-313,D06,2023-07-01,DEPT,,2603.0,,
IND-313,D06,2023-08-01,DEPT,,4022.0,,
IND-313,D06,2023-09-01,DEPT,,10574.0,,
IND-313,D06,2023-10-01,DEPT,,12551.0,,
IND-313,D06,2023-11-01,DEPT,,13587.0,,
IND-313,D06,2023-12-01,DEPT,,14197.0,,
IND-313,D06,2024-01-01,DEPT,,482.0,,
IND-313,D06,2024-02-01,DEPT,,891.0,,
IND-313,D06,2024-03-01,DEPT,,1190.0,,
IND-313,D06,2024-04-01,DEPT,,1457.0,,
IND-313,D06,2024-05-01,DEPT,,1646.0,,
IND-313,D06,2024-06-01,DEPT,,1885.0,,
IND-313,D06,2024-07-01,DEPT,,2722.0,,
IND-313,D06,2024-08-01,DEPT,,4149.0,,
IND-313,D06,2024-09-01,DEPT,,10790.0,,
IND-313,D06,2024-10-01,DEPT,,12644.0,,
IND-313,D06,2024-11-01,DEPT,,13651.0,,13.44
IND-313,D06,2026-12-01,DEPT,,,15893.0,
IND-313,D07,2022-01-01,DEPT,,45.0,,
IND-313,D07,2022-02-01,DEPT,,58.0,,
IND-313,D07,2022-03-01,DEPT,,91.0,,
IND-313,D07,2022-04-01,DEPT,,111.0,,
IND-313,D07,2022-05-01,DEPT,,131.0,,
IND-313,D07,2022-06-01,DEPT,,176.0,,
IND-313,D07,2022-07-01,DEPT,,400.0,,
IND-313,D07,2022-08-01,DEPT,,818.0,,
IND-313,D07,2022-09-01,DEPT,,2215.0,,
IND-313,D07,2022-10-01,DEPT,,2410.0,,
IND-313,D07,2022-11-01,DEPT,,2499.0,,
IND-313,D07,2022-12-01,DEPT,2584.0,2581.0,,
IND-313,D07,2023-01-01,DEPT,,49.0,,
IND-313,D07,2023-02-01,DEPT,,97.0,,
IND-313,D07,2023-03-01,DEPT,,142.0,,
IND-313,D07,2023-04-01,DEPT,,167.0,,
IND-313,D07,2023-05-01,DEPT,,194.0,,
IND-313,D07,2023-06-01,DEPT,,224.0,,
IND-313,D07,2023-07-01,DEPT,,466.0,,
IND-313,D07,2023-08-01,DEPT,,911.0,,
IND-313,D07,2023-09-01,DEPT,,2350.0,,
IND-313,D07,2023-10-01,DEPT,,2570.0,,
IND-313,D07,2023-11-01,DEPT,,2693.0,,
IND-313,D07,2023-12-01,DEPT,,2758.0,,
IND-313,D07,2024-01-01,DEPT,,47.0,,
IND-313,D07,2024-02-01,DEPT,,86.0,,
IND-313,D07,2024-03-01,DEPT,,130.0,,
IND-313,D07,2024-04-01,DEPT,,162.0,,
IND-313,D07,2024-05-01,DEPT,,177.0,,
IND-313,D07,2024-06-01,DEPT,,211.0,,
IND-313,D07,2024-07-01,DEPT,,449.0,,
IND-313,D07,2024-08-01,DEPT,,923.0,,
IND-313,D07,2024-09-01,DEPT,,2443.0,,
IND-313,D07,2024-10-01,DEPT,,2676.0,,
IND-313,D07,2024-11-01,DEPT,,2771.0,,37.18
IND-313,D07,2026-12-01,DEPT,,,3087.0,
IND-313,D08,2022-01-01,DEPT,,36.0,,
IND-313,D08,2022-02-01,DEPT,,58.0,,
IND-313,D08,2022-03-01,DEPT,,94.0,,
IND-313,D08,2022-04-01,DEPT,,130.0,,
IND-313,D08,2022-05-01,DEPT,,154.0,,
IND-313,D08,2022-06-01,DEPT,,188.0,,
IND-313,D08,2022-07-01,DEPT,,385.0,,
IND-313,D08,2022-08-01,DEPT,,728.0,,
IND-313,D08,2022-09-01,DEPT,,1824.0,,
IND-313,D08,2022-10-01,DEPT,,2054.0,,
IND-313,D08,2022-11-01,DEPT,,2189.0,,
IND-313,D08,2022-12-01,DEPT,2228.0,2270.0,,
IND-313,D08,2023-01-01,DEPT,,42.0,,
IND-313,D08,2023-02-01,DEPT,,64.0,,
IND-313,D08,2023-03-01,DEPT,,94.0,,
IND-313,D08,2023-04-01,DEPT,,115.0,,
IND-313,D08,2023-05-01,DEPT,,136.0,,
IND-313,D08,2023-06-01,DEPT,,173.0,,
IND-313,D08,2023-07-01,DEPT,,349.0,,
IND-313,D08,2023-08-01,DEPT,,645.0,,
IND-313,D08,2023-09-01,DEPT,,1885.0,,
IND-313,D08,2023-10-01,DEPT,,2083.0,,
IND-313,D08,2023-11-01,DEPT,,2190.0,,
IND-313,D08,2023-12-01,DEPT,,2264.0,,
IND-313,D08,2024-01-01,DEPT,,80.0,,
IND-313,D08,2024-02-01,DEPT,,114.0,,
IND-313,D08,2024-03-01,DEPT,,146.0,,
IND-313,D08,2024-04-01,DEPT,,160.0,,
IND-313,D08,2024-05-01,DEPT,,181.0,,
IND-313,D08,2024-06-01,DEPT,,212.0,,
IND-313,D08,2024-07-01,DEPT,,414.0,,
IND-313,D08,2024-08-01,DEPT,,730.0,,
IND-313,D08,2024-09-01,DEPT,,1945.0,,
IND-313,D08,2024-10-01,DEPT,,2144.0,,
IND-313,D08,2024-11-01,DEPT,,2289.0,,14.06
IND-313,D08,2026-12-01,DEPT,,,2662.0,
IND-313,D09,2022-01-01,DEPT,,35.0,,
IND-313,D09,2022-02-01,DEPT,,52.0,,
IND-313,D09,2022-03-01,DEPT,,63.0,,
IND-313,D09,2022-04-01,DEPT,,73.0,,
IND-313,D09,2022-05-01,DEPT,,82.0,,
IND-313,D09,2022-06-01,DEPT,,118.0,,
IND-313,D09,2022-07-01,DEPT,,233.0,,
IND-313,D09,2022-08-01,DEPT,,364.0,,
IND-313,D09,2022-09-01,DEPT,,931.0,,
IND-313,D09,2022-10-01,DEPT,,1048.0,,
IND-313,D09,2022-11-01,DEPT,,1113.0,,
IND-313,D09,2022-12-01,DEPT,1168.0,1164.0,,
IND-313,D09,2023-01-01,DEPT,,37.0,,
IND-313,D09,2023-02-01,DEPT,,60.0,,
IND-313,D09,2023-03-01,DEPT,,79.0,,
IND-313,D09,2023-04-01,DEPT,,108.0,,
IND-313,D09,2023-05-01,DEPT,,121.0,,
IND-313,D09,2023-06-01,DEPT,,142.0,,
IND-313,D09,2023-07-01,DEPT,,254.0,,
IND-313,D09,2023-08-01,DEPT,,398.0,,
IND-313,D09,2023-09-01,DEPT,,961.0,,
IND-313,D09,2023-10-01,DEPT,,1073.0,,
IND-313,D09,2023-11-01,DEPT,,1139.0,,
IND-313,D09,2023-12-01,DEPT,,1174.0,,
IND-313,D09,2024-01-01,DEPT,,36.0,,
IND-313,D09,2024-02-01,DEPT,,68.0,,
IND-313,D09,2024-03-01,DEPT,,91.0,,
IND-313,D09,2024-04-01,DEPT,,115.0,,
IND-313,D09,2024-05-01,DEPT,,132.0,,
IND-313,D09,2024-06-01,DEPT,,149.0,,
IND-313,D09,2024-07-01,DEPT,,248.0,,
IND-313,D09,2024-08-01,DEPT,,382.0,,
IND-313,D09,2024-09-01,DEPT,,959.0,,
IND-313,D09,2024-10-01,DEPT,,1112.0,,
IND-313,D09,2024-11-01,DEPT,,1184.0,,7.05
IND-313,D09,2026-12-01,DEPT,,,1395.0,
IND-313,D10,2022-01-01,DEPT,,48.0,,
IND-313,D10,2022-02-01,DEPT,,81.0,,
IND-313,D10,2022-03-01,DEPT,,157.0,,
IND-313,D10,2022-04-01,DEPT,,179.0,,
IND-313,D10,2022-05-01,DEPT,,200.0,,
IND-313,D10,2022-06-01,DEPT,,232.0,,
IND-313,D10,2022-07-01,DEPT,,495.0,,
IND-313,D10,2022-08-01,DEPT,,960.0,,
IND-313,D10,2022-09-01,DEPT,,2331.0,,
IND-313,D10,2022-10-01,DEPT,,2579.0,,
IND-313,D10,2022-11-01,DEPT,,2736.0,,
IND-313,D10,2022-12-01,DEPT,2789.0,2808.0,,
IND-313,D10,2023-01-01,DEPT,,70.0,,
IND-313,D10,2023-02-01,DEPT,,108.0,,
IND-313,D10,2023-03-01,DEPT,,145.0,,
IND-313,D10,2023-04-01,DEPT,,166.0,,
IND-313,D10,2023-05-01,DEPT,,187.0,,
IND-313,D10,2023-06-01,DEPT,,217.0,,
IND-313,D10,2023-07-01,DEPT,,463.0,,
IND-313,D10,2023-08-01,DEPT,,882.0,,
IND-313,D10,2023-09-01,DEPT,,2322.0,,
IND-313,D10,2023-10-01,DEPT,,2611.0,,
IND-313,D10,2023-11-01,DEPT,,2762.0,,
IND-313,D10,2023-12-01,DEPT,,2859.0,,
IND-313,D10,2024-01-01,DEPT,,68.0,,
IND-313,D10,2024-02-01,DEPT,,113.0,,
IND-313,D10,2024-03-01,DEPT,,169.0,,
IND-313,D10,2024-04-01,DEPT,,206.0,,
IND-313,D10,2024-05-01,DEPT,,221.0,,
IND-313,D10,2024-06-01,DEPT,,247.0,,
IND-313,D10,2024-07-01,DEPT,,478.0,,
IND-313,D10,2024-08-01,DEPT,,853.0,,
IND-313,D10,2024-09-01,DEPT,,2413.0,,
IND-313,D10,2024-10-01,DEPT,,2679.0,,
IND-313,D10,2024-11-01,DEPT,,2805.0,,2.95
IND-313,D10,2026-12-01,DEPT,,,3332.0,
IND-313,D11,2022-01-01,DEPT,,121.0,,
IND-313,D11,2022-02-01,DEPT,,218.0,,
IND-313,D11,2022-03-01,DEPT,,315.0,,
IND-313,D11,2022-04-01,DEPT,,394.0,,
IND-313,D11,2022-05-01,DEPT,,450.0,,
IND-313,D11,2022-06-01,DEPT,,563.0,,
IND-313,D11,2022-07-01,DEPT,,1010.0,,
IND-313,D11,2022-08-01,DEPT,,1452.0,,
IND-313,D11,2022-09-01,DEPT,,2923.0,,
IND-313,D11,2022-10-01,DEPT,,3379.0,,
IND-313,D11,2022-11-01,DEPT,,3608.0,,
IND-313,D11,2022-12-01,DEPT,3786.0,3768.0,,
IND-313,D11,2023-01-01,DEPT,,121.0,,
IND-313,D11,2023-02-01,DEPT,,217.0,,
IND-313,D11,2023-03-01,DEPT,,321.0,,
IND-313,D11,2023-04-01,DEPT,,395.0,,
IND-313,D11,2023-05-01,DEPT,,434.0,,
IND-313,D11,2023-06-01,DEPT,,517.0,,
IND-313,D11,2023-07-01,DEPT,,945.0,,
IND-313,D11,2023-08-01,DEPT,,1447.0,,
IND-313,D11,2023-09-01,DEPT,,3044.0,,
IND-313,D11,2023-10-01,DEPT,,3500.0,,
IND-313,D11,2023-11-01,DEPT,,3743.0,,
IND-313,D11,2023-12-01,DEPT,,3941.0,,
IND-313,D11,2024-01-01,DEPT,,144.0,,
IND-313,D11,2024-02-01,DEPT,,263.0,,
IND-313,D11,2024-03-01,DEPT,,364.0,,
IND-313,D11,2024-04-01,DEPT,,489.0,,
IND-313,D11,2024-05-01,DEPT,,540.0,,
IND-313,D11,2024-06-01,DEPT,,641.0,,
IND-313,D11,2024-07-01,DEPT,,1096.0,,
IND-313,D11,2024-08-01,DEPT,,1610.0,,
IND-313,D11,2024-09-01,DEPT,,3360.0,,
IND-313,D11,2024-10-01,DEPT,,3769.0,,
IND-313,D11,2024-11-01,DEPT,,4013.0,,30.8
IND-313,D11,2026-12-01,DEPT,,,4523.0,
IND-313,D12,2022-01-01,DEPT,,67.0,,
IND-313,D12,2022-02-01,DEPT,,107.0,,
IND-313,D12,2022-03-01,DEPT,,131.0,,
IND-313,D12,2022-04-01,DEPT,,152.0,,
IND-313,D12,2022-05-01,DEPT,,166.0,,
IND-313,D12,2022-06-01,DEPT,,202.0,,
IND-313,D12,2022-07-01,DEPT,,430.0,,
IND-313,D12,2022-08-01,DEPT,,843.0,,
IND-313,D12,2022-09-01,DEPT,,2150.0,,
IND-313,D12,2022-10-01,DEPT,,2357.0,,
IND-313,D12,2022-11-01,DEPT,,2446.0,,
IND-313,D12,2022-12-01,DEPT,2549.0,2538.0,,
IND-313,D12,2023-01-01,DEPT,,48.0,,
IND-313,D12,2023-02-01,DEPT,,106.0,,
IND-313,D12,2023-03-01,DEPT,,134.0,,
IND-313,D12,2023-04-01,DEPT,,158.0,,
IND-313,D12,2023-05-01,DEPT,,172.0,,
IND-313,D12,2023-06-01,DEPT,,198.0,,
IND-313,D12,2023-07-01,DEPT,,394.0,,
IND-313,D12,2023-08-01,DEPT,,859.0,,
IND-313,D12,2023-09-01,DEPT,,2302.0,,
IND-313,D12,2023-10-01,DEPT,,2540.0,,
IND-313,D12,2023-11-01,DEPT,,2653.0,,
IND-313,D12,2023-12-01,DEPT,,2730.0,,
IND-313,D12,2024-01-01,DEPT,,53.0,,
IND-313,D12,2024-02-01,DEPT,,92.0,,
IND-313,D12,2024-03-01,DEPT,,146.0,,
IND-313,D12,2024-04-01,DEPT,,182.0,,
IND-313,D12,2024-05-01,DEPT,,199.0,,
IND-313,D12,2024-06-01,DEPT,,219.0,,
IND-313,D12,2024-07-01,DEPT,,403.0,,
IND-313,D12,2024-08-01,DEPT,,845.0,,
IND-313,D12,2024-09-01,DEPT,,2442.0,,
IND-313,D12,2024-10-01,DEPT,,2673.0,,
IND-313,D12,2024-11-01,DEPT,,2770.0,,44.56
IND-313,D12,2026-12-01,DEPT,,,3045.0,
IND-313,D13,2022-01-01,DEPT,,853.0,,
IND-313,D13,2022-02-01,DEPT,,1409.0,,
IND-313,D13,2022-03-01,DEPT,,1853.0,,
IND-313,D13,2022-04-01,DEPT,,2157.0,,
IND-313,D13,2022-05-01,DEPT,,2488.0,,
IND-313,D13,2022-06-01,DEPT,,3122.0,,
IND-313,D13,2022-07-01,DEPT,,4862.0,,
IND-313,D13,2022-08-01,DEPT,,8395.0,,
IND-313,D13,2022-09-01,DEPT,,21742.0,,
IND-313,D13,2022-10-01,DEPT,,25386.0,,
IND-313,D13,2022-11-01,DEPT,,27175.0,,
IND-313,D13,2022-12-01,DEPT,27834.0,28546.0,,
IND-313,D13,2023-01-01,DEPT,,837.0,,
IND-313,D13,2023-02-01,DEPT,,1398.0,,
IND-313,D13,2023-03-01,DEPT,,1927.0,,
IND-313,D13,2023-04-01,DEPT,,2303.0,,
IND-313,D13,2023-05-01,DEPT,,2626.0,,
IND-313,D13,2023-06-01,DEPT,,3133.0,,
IND-313,D13,2023-07-01,DEPT,,4790.0,,
IND-313,D13,2023-08-01,DEPT,,8287.0,,
IND-313,D13,2023-09-01,DEPT,,21683.0,,
IND-313,D13,2023-10-01,DEPT,,25530.0,,
IND-313,D13,2023-11-01,DEPT,,27251.0,,
IND-313,D13,2023-12-01,DEPT,,28525.0,,
IND-313,D13,2024-01-01,DEPT,,1054.0,,
IND-313,D13,2024-02-01,DEPT,,1819.0,,
IND-313,D13,2024-03-01,DEPT,,2352.0,,
IND-313,D13,2024-04-01,DEPT,,2831.0,,
IND-313,D13,2024-05-01,DEPT,,3154.0,,
IND-313,D13,2024-06-01,DEPT,,3640.0,,
IND-313,D13,2024-07-01,DEPT,,5320.0,,
IND-313,D13,2024-08-01,DEPT,,8758.0,,
IND-313,D13,2024-09-01,DEPT,,23496.0,,
IND-313,D13,2024-10-01,DEPT,,27264.0,,
IND-313,D13,2024-11-01,DEPT,,29178.0,,24.8
IND-313,D13,2026-12-01,DEPT,,,33253.0,
IND-313,D14,2022-01-01,DEPT,,216.0,,
IND-313,D14,2022-02-01,DEPT,,319.0,,
IND-313,D14,2022-03-01,DEPT,,432.0,,
IND-313,D14,2022-04-01,DEPT,,541.0,,
IND-313,D14,2022-05-01,DEPT,,611.0,,
IND-313,D14,2022-06-01,DEPT,,755.0,,
IND-313,D14,2022-07-01,DEPT,,1633.0,,
IND-313,D14,2022-08-01,DEPT,,3227.0,,
IND-313,D14,2022-09-01,DEPT,,8142.0,,
IND-313,D14,2022-10-01,DEPT,,8961.0,,
IND-313,D14,2022-11-01,DEPT,,9327.0,,
IND-313,D14,2022-12-01,DEPT,9016.0,9615.0,,
IND-313,D14,2023-01-01,DEPT,,210.0,,
IND-313,D14,2023-02-01,DEPT,,320.0,,
IND-313,D14,2023-03-01,DEPT,,440.0,,
IND-313,D14,2023-04-01,DEPT,,522.0,,
IND-313,D14,2023-05-01,DEPT,,587.0,,
IND-313,D14,2023-06-01,DEPT,,695.0,,
IND-313,D14,2023-07-01,DEPT,,1554.0,,
IND-313,D14,2023-08-01,DEPT,,3199.0,,
IND-313,D14,2023-09-01,DEPT,,8248.0,,
IND-313,D14,2023-10-01,DEPT,,9141.0,,
IND-313,D14,2023-11-01,DEPT,,9547.0,,
IND-313,D14,2023-12-01,DEPT,,9832.0,,
IND-313,D14,2024-01-01,DEPT,,226.0,,
IND-313,D14,2024-02-01,DEPT,,361.0,,
IND-313,D14,2024-03-01,DEPT,,482.0,,
IND-313,D14,2024-04-01,DEPT,,610.0,,
IND-313,D14,2024-05-01,DEPT,,674.0,,
IND-313,D14,2024-06-01,DEPT,,770.0,,
IND-313,D14,2024-07-01,DEPT,,1576.0,,
IND-313,D14,2024-08-01,DEPT,,3175.0,,
IND-313,D14,2024-09-01,DEPT,,8491.0,,
IND-313,D14,2024-10-01,DEPT,,9278.0,,
IND-313,D14,2024-11-01,DEPT,,9648.0,,36.01
IND-313,D14,2026-12-01,DEPT,,,10771.0,
IND-313,D15,2022-01-01,DEPT,,48.0,,
IND-313,D15,2022-02-01,DEPT,,64.0,,
IND-313,D15,2022-03-01,DEPT,,83.0,,
IND-313,D15,2022-04-01,DEPT,,101.0,,
IND-313,D15,2022-05-01,DEPT,,108.0,,
IND-313,D15,2022-06-01,DEPT,,134.0,,
IND-313,D15,2022-07-01,DEPT,,251.0,,
IND-313,D15,2022-08-01,DEPT,,427.0,,
IND-313,D15,2022-09-01,DEPT,,1167.0,,
IND-313,D15,2022-10-01,DEPT,,1280.0,,
IND-313,D15,2022-11-01,DEPT,,1324.0,,
IND-313,D15,2022-12-01,DEPT,1369.0,1362.0,,
IND-313,D15,2023-01-01,DEPT,,28.0,,
IND-313,D15,2023-02-01,DEPT,,49.0,,
IND-313,D15,2023-03-01,DEPT,,61.0,,
IND-313,D15,2023-04-01,DEPT,,73.0,,
IND-313,D15,2023-05-01,DEPT,,88.0,,
IND-313,D15,2023-06-01,DEPT,,102.0,,
IND-313,D15,2023-07-01,DEPT,,205.0,,
IND-313,D15,2023-08-01,DEPT,,389.0,,
IND-313,D15,2023-09-01,DEPT,,1177.0,,
IND-313,D15,2023-10-01,DEPT,,1295.0,,
IND-313,D15,2023-11-01,DEPT,,1358.0,,
IND-313,D15,2023-12-01,DEPT,,1390.0,,
IND-313,D15,2024-01-01,DEPT,,39.0,,
IND-313,D15,2024-02-01,DEPT,,60.0,,
IND-313,D15,2024-03-01,DEPT,,77.0,,
IND-313,D15,2024-04-01,DEPT,,99.0,,
IND-313,D15,2024-05-01,DEPT,,108.0,,
IND-313,D15,2024-06-01,DEPT,,118.0,,
IND-313,D15,2024-07-01,DEPT,,220.0,,
IND-313,D15,2024-08-01,DEPT,,401.0,,
IND-313,D15,2024-09-01,DEPT,,1070.0,,
IND-313,D15,2024-10-01,DEPT,,1155.0,,
IND-313,D15,2024-11-01,DEPT,,1212.0,,0.0
IND-313,D15,2026-12-01,DEPT,,,1636.0,
IND-313,D16,2022-01-01,DEPT,,68.0,,
IND-313,D16,2022-02-01,DEPT,,106.0,,
IND-313,D16,2022-03-01,DEPT,,160.0,,
IND-313,D16,2022-04-01,DEPT,,213.0,,
IND-313,D16,2022-05-01,DEPT,,246.0,,
IND-313,D16,2022-06-01,DEPT,,310.0,,
IND-313,D16,2022-07-01,DEPT,,648.0,,
IND-313,D16,2022-08-01,DEPT,,1221.0,,
IND-313,D16,2022-09-01,DEPT,,3184.0,,
IND-313,D16,2022-10-01,DEPT,,3532.0,,
IND-313,D16,2022-11-01,DEPT,,3685.0,,
IND-313,D16,2022-12-01,DEPT,3745.0,3784.0,,
IND-313,D16,2023-01-01,DEPT,,73.0,,
IND-313,D16,2023-02-01,DEPT,,114.0,,
IND-313,D16,2023-03-01,DEPT,,154.0,,
IND-313,D16,2023-04-01,DEPT,,193.0,,
IND-313,D16,2023-05-01,DEPT,,231.0,,
IND-313,D16,2023-06-01,DEPT,,275.0,,
IND-313,D16,2023-07-01,DEPT,,583.0,,
IND-313,D16,2023-08-01,DEPT,,1152.0,,
IND-313,D16,2023-09-01,DEPT,,3002.0,,
IND-313,D16,2023-10-01,DEPT,,3383.0,,
IND-313,D16,2023-11-01,DEPT,,3513.0,,
IND-313,D16,2023-12-01,DEPT,,3615.0,,
IND-313,D16,2024-01-01,DEPT,,67.0,,
IND-313,D16,2024-02-01,DEPT,,118.0,,
IND-313,D16,2024-03-01,DEPT,,169.0,,
IND-313,D16,2024-04-01,DEPT,,217.0,,
IND-313,D16,2024-05-01,DEPT,,242.0,,
IND-313,D16,2024-06-01,DEPT,,292.0,,
IND-313,D16,2024-07-01,DEPT,,583.0,,
IND-313,D16,2024-08-01,DEPT,,1107.0,,
IND-313,D16,2024-09-01,DEPT,,2975.0,,
IND-313,D16,2024-10-01,DEPT,,3291.0,,
IND-313,D16,2024-11-01,DEPT,,3431.0,,0.0
IND-313,D16,2026-12-01,DEPT,,,4474.0,
IND-313,D17,2022-01-01,DEPT,,134.0,,
IND-313,D17,2022-02-01,DEPT,,228.0,,
IND-313,D17,2022-03-01,DEPT,,330.0,,
IND-313,D17,2022-04-01,DEPT,,388.0,,
IND-313,D17,2022-05-01,DEPT,,447.0,,
IND-313,D17,2022-06-01,DEPT,,620.0,,
IND-313,D17,2022-07-01,DEPT,,1370.0,,
IND-313,D17,2022-08-01,DEPT,,2322.0,,
IND-313,D17,2022-09-01,DEPT,,5966.0,,
IND-313,D17,2022-10-01,DEPT,,6498.0,,
IND-313,D17,2022-11-01,DEPT,,6849.0,,
IND-313,D17,2022-12-01,DEPT,7218.0,7021.0,,
IND-313,D17,2023-01-01,DEPT,,111.0,,
IND-313,D17,2023-02-01,DEPT,,233.0,,
IND-313,D17,2023-03-01,DEPT,,341.0,,
IND-313,D17,2023-04-01,DEPT,,436.0,,
IND-313,D17,2023-05-01,DEPT,,484.0,,
IND-313,D17,2023-06-01,DEPT,,583.0,,
IND-313,D17,2023-07-01,DEPT,,1282.0,,
IND-313,D17,2023-08-01,DEPT,,2203.0,,
IND-313,D17,2023-09-01,DEPT,,5942.0,,
IND-313,D17,2023-10-01,DEPT,,6539.0,,
IND-313,D17,2023-11-01,DEPT,,6809.0,,
IND-313,D17,2023-12-01,DEPT,,6999.0,,
IND-313,D17,2024-01-01,DEPT,,170.0,,
IND-313,D17,2024-02-01,DEPT,,296.0,,
IND-313,D17,2024-03-01,DEPT,,428.0,,
IND-313,D17,2024-04-01,DEPT,,565.0,,
IND-313,D17,2024-05-01,DEPT,,613.0,,
IND-313,D17,2024-06-01,DEPT,,690.0,,
IND-313,D17,2024-07-01,DEPT,,1363.0,,
IND-313,D17,2024-08-01,DEPT,,2172.0,,
IND-313,D17,2024-09-01,DEPT,,5929.0,,
IND-313,D17,2024-10-01,DEPT,,6485.0,,
IND-313,D17,2024-11-01,DEPT,,6751.0,,0.0
IND-313,D17,2026-12-01,DEPT,,,8623.0,
IND-313,D18,2022-01-01,DEPT,,40.0,,
IND-313,D18,2022-02-01,DEPT,,63.0,,
IND-313,D18,2022-03-01,DEPT,,84.0,,
IND-313,D18,2022-04-01,DEPT,,106.0,,
IND-313,D18,2022-05-01,DEPT,,119.0,,
IND-313,D18,2022-06-01,DEPT,,155.0,,
IND-313,D18,2022-07-01,DEPT,,326.0,,
IND-313,D18,2022-08-01,DEPT,,668.0,,
IND-313,D18,2022-09-01,DEPT,,2020.0,,
IND-313,D18,2022-10-01,DEPT,,2300.0,,
IND-313,D18,2022-11-01,DEPT,,2409.0,,
IND-313,D18,2022-12-01,DEPT,2332.0,2463.0,,
IND-313,D18,2023-01-01,DEPT,,43.0,,
IND-313,D18,2023-02-01,DEPT,,68.0,,
IND-313,D18,2023-03-01,DEPT,,101.0,,
IND-313,D18,2023-04-01,DEPT,,119.0,,
IND-313,D18,2023-05-01,DEPT,,143.0,,
IND-313,D18,2023-06-01,DEPT,,171.0,,
IND-313,D18,2023-07-01,DEPT,,335.0,,
IND-313,D18,2023-08-01,DEPT,,693.0,,
IND-313,D18,2023-09-01,DEPT,,2086.0,,
IND-313,D18,2023-10-01,DEPT,,2315.0,,
IND-313,D18,2023-11-01,DEPT,,2415.0,,
IND-313,D18,2023-12-01,DEPT,,2502.0,,
IND-313,D18,2024-01-01,DEPT,,53.0,,
IND-313,D18,2024-02-01,DEPT,,82.0,,
IND-313,D18,2024-03-01,DEPT,,102.0,,
IND-313,D18,2024-04-01,DEPT,,155.0,,
IND-313,D18,2024-05-01,DEPT,,165.0,,
IND-313,D18,2024-06-01,DEPT,,186.0,,
IND-313,D18,2024-07-01,DEPT,,336.0,,
IND-313,D18,2024-08-01,DEPT,,699.0,,
IND-313,D18,2024-09-01,DEPT,,2158.0,,
IND-313,D18,2024-10-01,DEPT,,2357.0,,
IND-313,D18,2024-11-01,DEPT,,2474.0,,31.28
IND-313,D18,2026-12-01,DEPT,,,2786.0,
IND-313,D19,2022-01-01,DEPT,,46.0,,
IND-313,D19,2022-02-01,DEPT,,103.0,,
IND-313,D19,2022-03-01,DEPT,,139.0,,
IND-313,D19,2022-04-01,DEPT,,165.0,,
IND-313,D19,2022-05-01,DEPT,,188.0,,
IND-313,D19,2022-06-01,DEPT,,218.0,,
IND-313,D19,2022-07-01,DEPT,,374.0,,
IND-313,D19,2022-08-01,DEPT,,648.0,,
IND-313,D19,2022-09-01,DEPT,,1865.0,,
IND-313,D19,2022-10-01,DEPT,,2080.0,,
IND-313,D19,2022-11-01,DEPT,,2187.0,,
IND-313,D19,2022-12-01,DEPT,2191.0,2261.0,,
IND-313,D19,2023-01-01,DEPT,,46.0,,
IND-313,D19,2023-02-01,DEPT,,79.0,,
IND-313,D19,2023-03-01,DEPT,,101.0,,
IND-313,D19,2023-04-01,DEPT,,138.0,,
IND-313,D19,2023-05-01,DEPT,,160.0,,
IND-313,D19,2023-06-01,DEPT,,191.0,,
IND-313,D19,2023-07-01,DEPT,,334.0,,
IND-313,D19,2023-08-01,DEPT,,595.0,,
IND-313,D19,2023-09-01,DEPT,,1793.0,,
IND-313,D19,2023-10-01,DEPT,,2036.0,,
IND-313,D19,2023-11-01,DEPT,,2152.0,,
IND-313,D19,2023-12-01,DEPT,,2238.0,,
IND-313,D19,2024-01-01,DEPT,,71.0,,
IND-313,D19,2024-02-01,DEPT,,114.0,,
IND-313,D19,2024-03-01,DEPT,,137.0,,
IND-313,D19,2024-04-01,DEPT,,166.0,,
IND-313,D19,2024-05-01,DEPT,,189.0,,
IND-313,D19,2024-06-01,DEPT,,222.0,,
IND-313,D19,2024-07-01,DEPT,,386.0,,
IND-313,D19,2024-08-01,DEPT,,641.0,,
IND-313,D19,2024-09-01,DEPT,,1957.0,,
IND-313,D19,2024-10-01,DEPT,,2130.0,,
IND-313,D19,2024-11-01,DEPT,,2218.0,,6.32
IND-313,D19,2026-12-01,DEPT,,,2618.0,
IND-313,D21,2022-01-01,DEPT,,138.0,,
IND-313,D21,2022-02-01,DEPT,,221.0,,
IND-313,D21,2022-03-01,DEPT,,292.0,,
IND-313,D21,2022-04-01,DEPT,,337.0,,
IND-313,D21,2022-05-01,DEPT,,391.0,,
IND-313,D21,2022-06-01,DEPT,,479.0,,
IND-313,D21,2022-07-01,DEPT,,1017.0,,
IND-313,D21,2022-08-01,DEPT,,2259.0,,
IND-313,D21,2022-09-01,DEPT,,5685.0,,
IND-313,D21,2022-10-01,DEPT,,6242.0,,
IND-313,D21,2022-11-01,DEPT,,6482.0,,
IND-313,D21,2022-12-01,DEPT,6660.0,6595.0,,
IND-313,D21,2023-01-01,DEPT,,164.0,,
IND-313,D21,2023-02-01,DEPT,,268.0,,
IND-313,D21,2023-03-01,DEPT,,347.0,,
IND-313,D21,2023-04-01,DEPT,,401.0,,
IND-313,D21,2023-05-01,DEPT,,454.0,,
IND-313,D21,2023-06-01,DEPT,,532.0,,
IND-313,D21,2023-07-01,DEPT,,1026.0,,
IND-313,D21,2023-08-01,DEPT,,2223.0,,
IND-313,D21,2023-09-01,DEPT,,5952.0,,
IND-313,D21,2023-10-01,DEPT,,6484.0,,
IND-313,D21,2023-11-01,DEPT,,6748.0,,
IND-313,D21,2023-12-01,DEPT,,6926.0,,
IND-313,D21,2024-01-01,DEPT,,192.0,,
IND-313,D21,2024-02-01,DEPT,,293.0,,
IND-313,D21,2024-03-01,DEPT,,378.0,,
IND-313,D21,2024-04-01,DEPT,,442.0,,
IND-313,D21,2024-05-01,DEPT,,488.0,,
IND-313,D21,2024-06-01,DEPT,,548.0,,
IND-313,D21,2024-07-01,DEPT,,1005.0,,
IND-313,D21,2024-08-01,DEPT,,2218.0,,
IND-313,D21,2024-09-01,DEPT,,6244.0,,
IND-313,D21,2024-10-01,DEPT,,6720.0,,
IND-313,D21,2024-11-01,DEPT,,7010.0,,26.99
IND-313,D21,2026-12-01,DEPT,,,7957.0,
IND-313,D22,2022-01-01,DEPT,,141.0,,
IND-313,D22,2022-02-01,DEPT,,215.0,,
IND-313,D22,2022-03-01,DEPT,,287.0,,
IND-313,D22,2022-04-01,DEPT,,331.0,,
IND-313,D22,2022-05-01,DEPT,,388.0,,
IND-313,D22,2022-06-01,DEPT,,445.0,,
IND-313,D22,2022-07-01,DEPT,,1070.0,,
IND-313,D22,2022-08-01,DEPT,,1994.0,,
IND-313,D22,2022-09-01,DEPT,,5368.0,,
IND-313,D22,2022-10-01,DEPT,,5780.0,,
IND-313,D22,2022-11-01,DEPT,,5958.0,,
IND-313,D22,2022-12-01,DEPT,6136.0,6093.0,,
IND-313,D22,2023-01-01,DEPT,,153.0,,
IND-313,D22,2023-02-01,DEPT,,232.0,,
IND-313,D22,2023-03-01,DEPT,,302.0,,
IND-313,D22,2023-04-01,DEPT,,359.0,,
IND-313,D22,2023-05-01,DEPT,,402.0,,
IND-313,D22,2023-06-01,DEPT,,448.0,,
IND-313,D22,2023-07-01,DEPT,,975.0,,
IND-313,D22,2023-08-01,DEPT,,1846.0,,
IND-313,D22,2023-09-01,DEPT,,5310.0,,
IND-313,D22,2023-10-01,DEPT,,5736.0,,
IND-313,D22,2023-11-01,DEPT,,5949.0,,
IND-313,D22,2023-12-01,DEPT,,6110.0,,
IND-313,D22,2024-01-01,DEPT,,121.0,,
IND-313,D22,2024-02-01,DEPT,,202.0,,
IND-313,D22,2024-03-01,DEPT,,275.0,,
IND-313,D22,2024-04-01,DEPT,,354.0,,
IND-313,D22,2024-05-01,DEPT,,394.0,,
IND-313,D22,2024-06-01,DEPT,,431.0,,
IND-313,D22,2024-07-01,DEPT,,921.0,,
IND-313,D22,2024-08-01,DEPT,,1741.0,,
IND-313,D22,2024-09-01,DEPT,,5385.0,,
IND-313,D22,2024-10-01,DEPT,,5748.0,,
IND-313,D22,2024-11-01,DEPT,,5951.0,,0.0
IND-313,D22,2026-12-01,DEPT,,,7331.0,
IND-313,D23,2022-01-01,DEPT,,15.0,,
IND-313,D23,2022-02-01,DEPT,,23.0,,
IND-313,D23,2022-03-01,DEPT,,33.0,,
IND-313,D23,2022-04-01,DEPT,,40.0,,
IND-313,D23,2022-05-01,DEPT,,44.0,,
IND-313,D23,2022-06-01,DEPT,,51.0,,
IND-313,D23,2022-07-01,DEPT,,98.0,,
IND-313,D23,2022-08-01,DEPT,,188.0,,
IND-313,D23,2022-09-01,DEPT,,553.0,,
IND-313,D23,2022-10-01,DEPT,,612.0,,
IND-313,D23,2022-11-01,DEPT,,651.0,,
IND-313,D23,2022-12-01,DEPT,669.0,666.0,,
IND-313,D23,2023-01-01,DEPT,,19.0,,
IND-313,D23,2023-02-01,DEPT,,27.0,,
IND-313,D23,2023-03-01,DEPT,,37.0,,
IND-313,D23,2023-04-01,DEPT,,48.0,,
IND-313,D23,2023-05-01,DEPT,,55.0,,
IND-313,D23,2023-06-01,DEPT,,62.0,,
IND-313,D23,2023-07-01,DEPT,,129.0,,
IND-313,D23,2023-08-01,DEPT,,214.0,,
IND-313,D23,2023-09-01,DEPT,,608.0,,
IND-313,D23,2023-10-01,DEPT,,683.0,,
IND-313,D23,2023-11-01,DEPT,,709.0,,
IND-313,D23,2023-12-01,DEPT,,733.0,,
IND-313,D23,2024-01-01,DEPT,,22.0,,
IND-313,D23,2024-02-01,DEPT,,29.0,,
IND-313,D23,2024-03-01,DEPT,,37.0,,
IND-313,D23,2024-04-01,DEPT,,39.0,,
IND-313,D23,2024-05-01,DEPT,,42.0,,
IND-313,D23,2024-06-01,DEPT,,50.0,,
IND-313,D23,2024-07-01,DEPT,,107.0,,
IND-313,D23,2024-08-01,DEPT,,202.0,,
IND-313,D23,2024-09-01,DEPT,,556.0,,
IND-313,D23,2024-10-01,DEPT,,608.0,,
IND-313,D23,2024-11-01,DEPT,,658.0,,0.0
IND-313,D23,2026-12-01,DEPT,,,799.0,
IND-313,D24,2022-01-01,DEPT,,98.0,,
IND-313,D24,2022-02-01,DEPT,,148.0,,
IND-313,D24,2022-03-01,DEPT,,217.0,,
IND-313,D24,2022-04-01,DEPT,,267.0,,
IND-313,D24,2022-05-01,DEPT,,315.0,,
IND-313,D24,2022-06-01,DEPT,,397.0,,
IND-313,D24,2022-07-01,DEPT,,765.0,,
IND-313,D24,2022-08-01,DEPT,,1274.0,,
IND-313,D24,2022-09-01,DEPT,,3189.0,,
IND-313,D24,2022-10-01,DEPT,,3536.0,,
IND-313,D24,2022-11-01,DEPT,,3712.0,,
IND-313,D24,2022-12-01,DEPT,3839.0,3866.0,,
IND-313,D24,2023-01-01,DEPT,,112.0,,
IND-313,D24,2023-02-01,DEPT,,167.0,,
IND-313,D24,2023-03-01,DEPT,,230.0,,
IND-313,D24,2023-04-01,DEPT,,277.0,,
IND-313,D24,2023-05-01,DEPT,,321.0,,
IND-313,D24,2023-06-01,DEPT,,387.0,,
IND-313,D24,2023-07-01,DEPT,,781.0,,
IND-313,D24,2023-08-01,DEPT,,1302.0,,
IND-313,D24,2023-09-01,DEPT,,3259.0,,
IND-313,D24,2023-10-01,DEPT,,3675.0,,
IND-313,D24,2023-11-01,DEPT,,3861.0,,
IND-313,D24,2023-12-01,DEPT,,3990.0,,
IND-313,D24,2024-01-01,DEPT,,88.0,,
IND-313,D24,2024-02-01,DEPT,,156.0,,
IND-313,D24,2024-03-01,DEPT,,216.0,,
IND-313,D24,2024-04-01,DEPT,,269.0,,
IND-313,D24,2024-05-01,DEPT,,305.0,,
IND-313,D24,2024-06-01,DEPT,,352.0,,
IND-313,D24,2024-07-01,DEPT,,672.0,,
IND-313,D24,2024-08-01,DEPT,,1195.0,,
IND-313,D24,2024-09-01,DEPT,,3190.0,,
IND-313,D24,2024-10-01,DEPT,,3518.0,,
IND-313,D24,2024-11-01,DEPT,,3686.0,,0.0
IND-313,D24,2026-12-01,DEPT,,,4586.0,
IND-313,D25,2022-01-01,DEPT,,121.0,,
IND-313,D25,2022-02-01,DEPT,,207.0,,
IND-313,D25,2022-03-01,DEPT,,298.0,,
IND-313,D25,2022-04-01,DEPT,,348.0,,
IND-313,D25,2022-05-01,DEPT,,396.0,,
IND-313,D25,2022-06-01,DEPT,,491.0,,
IND-313,D25,2022-07-01,DEPT,,981.0,,
IND-313,D25,2022-08-01,DEPT,,2334.0,,
IND-313,D25,2022-09-01,DEPT,,5793.0,,
IND-313,D25,2022-10-01,DEPT,,6375.0,,
IND-313,D25,2022-11-01,DEPT,,6672.0,,
IND-313,D25,2022-12-01,DEPT,6912.0,6847.0,,
IND-313,D25,2023-01-01,DEPT,,120.0,,
IND-313,D25,2023-02-01,DEPT,,212.0,,
IND-313,D25,2023-03-01,DEPT,,278.0,,
IND-313,D25,2023-04-01,DEPT,,346.0,,
IND-313,D25,2023-05-01,DEPT,,382.0,,
IND-313,D25,2023-06-01,DEPT,,468.0,,
IND-313,D25,2023-07-01,DEPT,,910.0,,
IND-313,D25,2023-08-01,DEPT,,2127.0,,
IND-313,D25,2023-09-01,DEPT,,5697.0,,
IND-313,D25,2023-10-01,DEPT,,6226.0,,
IND-313,D25,2023-11-01,DEPT,,6511.0,,
IND-313,D25,2023-12-01,DEPT,,6656.0,,
IND-313,D25,2024-01-01,DEPT,,117.0,,
IND-313,D25,2024-02-01,DEPT,,218.0,,
IND-313,D25,2024-03-01,DEPT,,291.0,,
IND-313,D25,2024-04-01,DEPT,,365.0,,
IND-313,D25,2024-05-01,DEPT,,408.0,,
IND-313,D25,2024-06-01,DEPT,,480.0,,
IND-313,D25,2024-07-01,DEPT,,930.0,,
IND-313,D25,2024-08-01,DEPT,,2116.0,,
IND-313,D25,2024-09-01,DEPT,,5766.0,,
IND-313,D25,2024-10-01,DEPT,,6294.0,,
IND-313,D25,2024-11-01,DEPT,,6581.0,,0.0
IND-313,D25,2026-12-01,DEPT,,,8258.0,
IND-313,D26,2022-01-01,DEPT,,112.0,,
IND-313,D26,2022-02-01,DEPT,,198.0,,
IND-313,D26,2022-03-01,DEPT,,275.0,,
IND-313,D26,2022-04-01,DEPT,,340.0,,
IND-313,D26,2022-05-01,DEPT,,389.0,,
IND-313,D26,2022-06-01,DEPT,,536.0,,
IND-313,D26,2022-07-01,DEPT,,1059.0,,
IND-313,D26,2022-08-01,DEPT,,2079.0,,
IND-313,D26,2022-09-01,DEPT,,5178.0,,
IND-313,D26,2022-10-01,DEPT,,5690.0,,
IND-313,D26,2022-11-01,DEPT,,5933.0,,
IND-313,D26,2022-12-01,DEPT,6009.0,6097.0,,
IND-313,D26,2023-01-01,DEPT,,147.0,,
IND-313,D26,2023-02-01,DEPT,,239.0,,
IND-313,D26,2023-03-01,DEPT,,338.0,,
IND-313,D26,2023-04-01,DEPT,,415.0,,
IND-313,D26,2023-05-01,DEPT,,477.0,,
IND-313,D26,2023-06-01,DEPT,,575.0,,
IND-313,D26,2023-07-01,DEPT,,1071.0,,
IND-313,D26,2023-08-01,DEPT,,2189.0,,
IND-313,D26,2023-09-01,DEPT,,5443.0,,
IND-313,D26,2023-10-01,DEPT,,6064.0,,
IND-313,D26,2023-11-01,DEPT,,6340.0,,
IND-313,D26,2023-12-01,DEPT,,6511.0,,
IND-313,D26,2024-01-01,DEPT,,157.0,,
IND-313,D26,2024-02-01,DEPT,,268.0,,
IND-313,D26,2024-03-01,DEPT,,365.0,,
IND-313,D26,2024-04-01,DEPT,,449.0,,
IND-313,D26,2024-05-01,DEPT,,514.0,,
IND-313,D26,2024-06-01,DEPT,,604.0,,
IND-313,D26,2024-07-01,DEPT,,1045.0,,
IND-313,D26,2024-08-01,DEPT,,2013.0,,
IND-313,D26,2024-09-01,DEPT,,5502.0,,
IND-313,D26,2024-10-01,DEPT,,6056.0,,
IND-313,D26,2024-11-01,DEPT,,6354.0,,29.49
IND-313,D26,2026-12-01,DEPT,,,7179.0,
IND-313,D27,2022-01-01,DEPT,,97.0,,
IND-313,D27,2022-02-01,DEPT,,194.0,,
IND-313,D27,2022-03-01,DEPT,,254.0,,
IND-313,D27,2022-04-01,DEPT,,299.0,,
IND-313,D27,2022-05-01,DEPT,,353.0,,
IND-313,D27,2022-06-01,DEPT,,428.0,,
IND-313,D27,2022-07-01,DEPT,,837.0,,
IND-313,D27,2022-08-01,DEPT,,1778.0,,
IND-313,D27,2022-09-01,DEPT,,4826.0,,
IND-313,D27,2022-10-01,DEPT,,5409.0,,
IND-313,D27,2022-11-01,DEPT,,5703.0,,
IND-313,D27,2022-12-01,DEPT,5557.0,5919.0,,
IND-313,D27,2023-01-01,DEPT,,108.0,,
IND-313,D27,2023-02-01,DEPT,,175.0,,
IND-313,D27,2023-03-01,DEPT,,246.0,,
IND-313,D27,2023-04-01,DEPT,,309.0,,
IND-313,D27,2023-05-01,DEPT,,347.0,,
IND-313,D27,2023-06-01,DEPT,,460.0,,
IND-313,D27,2023-07-01,DEPT,,871.0,,
IND-313,D27,2023-08-01,DEPT,,1734.0,,
IND-313,D27,2023-09-01,DEPT,,4843.0,,
IND-313,D27,2023-10-01,DEPT,,5442.0,,
IND-313,D27,2023-11-01,DEPT,,5694.0,,
IND-313,D27,2023-12-01,DEPT,,5842.0,,
IND-313,D27,2024-01-01,DEPT,,158.0,,
IND-313,D27,2024-02-01,DEPT,,231.0,,
IND-313,D27,2024-03-01,DEPT,,298.0,,
IND-313,D27,2024-04-01,DEPT,,364.0,,
IND-313,D27,2024-05-01,DEPT,,410.0,,
IND-313,D27,2024-06-01,DEPT,,459.0,,
IND-313,D27,2024-07-01,DEPT,,885.0,,
IND-313,D27,2024-08-01,DEPT,,1638.0,,
IND-313,D27,2024-09-01,DEPT,,4971.0,,
IND-313,D27,2024-10-01,DEPT,,5535.0,,
IND-313,D27,2024-11-01,DEPT,,5806.0,,23.01
IND-313,D27,2026-12-01,DEPT,,,6639.0,
IND-313,D28,2022-01-01,DEPT,,74.0,,
IND-313,D28,2022-02-01,DEPT,,148.0,,
IND-313,D28,2022-03-01,DEPT,,188.0,,
IND-313,D28,2022-04-01,DEPT,,208.0,,
IND-313,D28,2022-05-01,DEPT,,231.0,,
IND-313,D28,2022-06-01,DEPT,,272.0,,
IND-313,D28,2022-07-01,DEPT,,528.0,,
IND-313,D28,2022-08-01,DEPT,,1079.0,,
IND-313,D28,2022-09-01,DEPT,,3386.0,,
IND-313,D28,2022-10-01,DEPT,,3714.0,,
IND-313,D28,2022-11-01,DEPT,,3838.0,,
IND-313,D28,2022-12-01,DEPT,3918.0,3957.0,,
IND-313,D28,2023-01-01,DEPT,,78.0,,
IND-313,D28,2023-02-01,DEPT,,107.0,,
IND-313,D28,2023-03-01,DEPT,,150.0,,
IND-313,D28,2023-04-01,DEPT,,189.0,,
IND-313,D28,2023-05-01,DEPT,,215.0,,
IND-313,D28,2023-06-01,DEPT,,237.0,,
IND-313,D28,2023-07-01,DEPT,,503.0,,
IND-313,D28,2023-08-01,DEPT,,1144.0,,
IND-313,D28,2023-09-01,DEPT,,3400.0,,
IND-313,D28,2023-10-01,DEPT,,3734.0,,
IND-313,D28,2023-11-01,DEPT,,3906.0,,
IND-313,D28,2023-12-01,DEPT,,4010.0,,
IND-313,D28,2024-01-01,DEPT,,77.0,,
IND-313,D28,2024-02-01,DEPT,,144.0,,
IND-313,D28,2024-03-01,DEPT,,175.0,,
IND-313,D28,2024-04-01,DEPT,,216.0,,
IND-313,D28,2024-05-01,DEPT,,246.0,,
IND-313,D28,2024-06-01,DEPT,,273.0,,
IND-313,D28,2024-07-01,DEPT,,566.0,,
IND-313,D28,2024-08-01,DEPT,,1120.0,,
IND-313,D28,2024-09-01,DEPT,,3507.0,,
IND-313,D28,2024-10-01,DEPT,,3813.0,,
IND-313,D28,2024-11-01,DEPT,,3991.0,,9.57
IND-313,D28,2026-12-01,DEPT,,,4681.0,
IND-313,D29,2022-01-01,DEPT,,285.0,,
IND-313,D29,2022-02-01,DEPT,,420.0,,
IND-313,D29,2022-03-01,DEPT,,537.0,,
IND-313,D29,2022-04-01,DEPT,,616.0,,
IND-313,D29,2022-05-01,DEPT,,683.0,,
IND-313,D29,2022-06-01,DEPT,,782.0,,
IND-313,D29,2022-07-01,DEPT,,1672.0,,
IND-313,D29,2022-08-01,DEPT,,2935.0,,
IND-313,D29,2022-09-01,DEPT,,8389.0,,
IND-313,D29,2022-10-01,DEPT,,9047.0,,
IND-313,D29,2022-11-01,DEPT,,9370.0,,
IND-313,D29,2022-12-01,DEPT,9573.0,9620.0,,
IND-313,D29,2023-01-01,DEPT,,246.0,,
IND-313,D29,2023-02-01,DEPT,,373.0,,
IND-313,D29,2023-03-01,DEPT,,501.0,,
IND-313,D29,2023-04-01,DEPT,,580.0,,
IND-313,D29,2023-05-01,DEPT,,654.0,,
IND-313,D29,2023-06-01,DEPT,,746.0,,
IND-313,D29,2023-07-01,DEPT,,1547.0,,
IND-313,D29,2023-08-01,DEPT,,2889.0,,
IND-313,D29,2023-09-01,DEPT,,8465.0,,
IND-313,D29,2023-10-01,DEPT,,9198.0,,
IND-313,D29,2023-11-01,DEPT,,9492.0,,
IND-313,D29,2023-12-01,DEPT,,9715.0,,
IND-313,D29,2024-01-01,DEPT,,256.0,,
IND-313,D29,2024-02-01,DEPT,,411.0,,
IND-313,D29,2024-03-01,DEPT,,527.0,,
IND-313,D29,2024-04-01,DEPT,,595.0,,
IND-313,D29,2024-05-01,DEPT,,654.0,,
IND-313,D29,2024-06-01,DEPT,,754.0,,
IND-313,D29,2024-07-01,DEPT,,1467.0,,
IND-313,D29,2024-08-01,DEPT,,2770.0,,
IND-313,D29,2024-09-01,DEPT,,8547.0,,
IND-313,D29,2024-10-01,DEPT,,9188.0,,
IND-313,D29,2024-11-01,DEPT,,9533.0,,0.0
IND-313,D29,2026-12-01,DEPT,,,11437.0,
IND-313,D2A,2022-01-01,DEPT,,55.0,,
IND-313,D2A,2022-02-01,DEPT,,111.0,,
IND-313,D2A,2022-03-01,DEPT,,172.0,,
IND-313,D2A,2022-04-01,DEPT,,219.0,,
IND-313,D2A,2022-05-01,DEPT,,241.0,,
IND-313,D2A,2022-06-01,DEPT,,269.0,,
IND-313,D2A,2022-07-01,DEPT,,333.0,,
IND-313,D2A,2022-08-01,DEPT,,384.0,,
IND-313,D2A,2022-09-01,DEPT,,925.0,,
IND-313,D2A,2022-10-01,DEPT,,1206.0,,
IND-313,D2A,2022-11-01,DEPT,,1351.0,,
IND-313,D2A,2022-12-01,DEPT,1461.0,1436.0,,
IND-313,D2A,2023-01-01,DEPT,,49.0,,
IND-313,D2A,2023-02-01,DEPT,,100.0,,
IND-313,D2A,2023-03-01,DEPT,,141.0,,
IND-313,D2A,2023-04-01,DEPT,,174.0,,
IND-313,D2A,2023-05-01,DEPT,,195.0,,
IND-313,D2A,2023-06-01,DEPT,,202.0,,
IND-313,D2A,2023-07-01,DEPT,,287.0,,
IND-313,D2A,2023-08-01,DEPT,,332.0,,
IND-313,D2A,2023-09-01,DEPT,,870.0,,
IND-313,D2A,2023-10-01,DEPT,,1185.0,,
IND-313,D2A,2023-11-01,DEPT,,1317.0,,
IND-313,D2A,2023-12-01,DEPT,,1389.0,,
IND-313,D2A,2024-01-01,DEPT,,84.0,,
IND-313,D2A,2024-02-01,DEPT,,129.0,,
IND-313,D2A,2024-03-01,DEPT,,184.0,,
IND-313,D2A,2024-04-01,DEPT,,210.0,,
IND-313,D2A,2024-05-01,DEPT,,237.0,,
IND-313,D2A,2024-06-01,DEPT,,258.0,,
IND-313,D2A,2024-07-01,DEPT,,349.0,,
IND-313,D2A,2024-08-01,DEPT,,436.0,,
IND-313,D2A,2024-09-01,DEPT,,1058.0,,
IND-313,D2A,2024-10-01,DEPT,,1345.0,,
IND-313,D2A,2024-11-01,DEPT,,1497.0,,12.68
IND-313,D2A,2026-12-01,DEPT,,,1745.0,
IND-313,D2B,2022-01-01,DEPT,,57.0,,
IND-313,D2B,2022-02-01,DEPT,,101.0,,
IND-313,D2B,2022-03-01,DEPT,,154.0,,
IND-313,D2B,2022-04-01,DEPT,,184.0,,
IND-313,D2B,2022-05-01,DEPT,,203.0,,
IND-313,D2B,2022-06-01,DEPT,,237.0,,
IND-313,D2B,2022-07-01,DEPT,,291.0,,
IND-313,D2B,2022-08-01,DEPT,,361.0,,
IND-313,D2B,2022-09-01,DEPT,,925.0,,
IND-313,D2B,2022-10-01,DEPT,,1210.0,,
IND-313,D2B,2022-11-01,DEPT,,1328.0,,
IND-313,D2B,2022-12-01,DEPT,1492.0,1458.0,,
IND-313,D2B,2023-01-01,DEPT,,40.0,,
IND-313,D2B,2023-02-01,DEPT,,74.0,,
IND-313,D2B,2023-03-01,DEPT,,111.0,,
IND-313,D2B,2023-04-01,DEPT,,140.0,,
IND-313,D2B,2023-05-01,DEPT,,155.0,,
IND-313,D2B,2023-06-01,DEPT,,170.0,,
IND-313,D2B,2023-07-01,DEPT,,282.0,,
IND-313,D2B,2023-08-01,DEPT,,366.0,,
IND-313,D2B,2023-09-01,DEPT,,865.0,,
IND-313,D2B,2023-10-01,DEPT,,1132.0,,
IND-313,D2B,2023-11-01,DEPT,,1299.0,,
IND-313,D2B,2023-12-01,DEPT,,1403.0,,
IND-313,D2B,2024-01-01,DEPT,,68.0,,
IND-313,D2B,2024-02-01,DEPT,,111.0,,
IND-313,D2B,2024-03-01,DEPT,,126.0,,
IND-313,D2B,2024-04-01,DEPT,,148.0,,
IND-313,D2B,2024-05-01,DEPT,,165.0,,
IND-313,D2B,2024-06-01,DEPT,,184.0,,
IND-313,D2B,2024-07-01,DEPT,,312.0,,
IND-313,D2B,2024-08-01,DEPT,,378.0,,
IND-313,D2B,2024-09-01,DEPT,,898.0,,
IND-313,D2B,2024-10-01,DEPT,,1203.0,,
IND-313,D2B,2024-11-01,DEPT,,1314.0,,0.0
IND-313,D2B,2026-12-01,DEPT,,,1782.0,
IND-313,D30,2022-01-01,DEPT,,206.0,,
IND-313,D30,2022-02-01,DEPT,,377.0,,
IND-313,D30,2022-03-01,DEPT,,508.0,,
IND-313,D30,2022-04-01,DEPT,,606.0,,
IND-313,D30,2022-05-01,DEPT,,692.0,,
IND-313,D30,2022-06-01,DEPT,,900.0,,
IND-313,D30,2022-07-01,DEPT,,1680.0,,
IND-313,D30,2022-08-01,DEPT,,2729.0,,
IND-313,D30,2022-09-01,DEPT,,6104.0,,
IND-313,D30,2022-10-01,DEPT,,6908.0,,
IND-313,D30,2022-11-01,DEPT,,7253.0,,
IND-313,D30,2022-12-01,DEPT,7321.0,7552.0,,
IND-313,D30,2023-01-01,DEPT,,218.0,,
IND-313,D30,2023-02-01,DEPT,,347.0,,
IND-313,D30,2023-03-01,DEPT,,469.0,,
IND-313,D30,2023-04-01,DEPT,,610.0,,
IND-313,D30,2023-05-01,DEPT,,695.0,,
IND-313,D30,2023-06-01,DEPT,,863.0,,
IND-313,D30,2023-07-01,DEPT,,1586.0,,
IND-313,D30,2023-08-01,DEPT,,2652.0,,
IND-313,D30,2023-09-01,DEPT,,6312.0,,
IND-313,D30,2023-10-01,DEPT,,7211.0,,
IND-313,D30,2023-11-01,DEPT,,7644.0,,
IND-313,D30,2023-12-01,DEPT,,7902.0,,
IND-313,D30,2024-01-01,DEPT,,227.0,,
IND-313,D30,2024-02-01,DEPT,,388.0,,
IND-313,D30,2024-03-01,DEPT,,518.0,,
IND-313,D30,2024-04-01,DEPT,,640.0,,
IND-313,D30,2024-05-01,DEPT,,737.0,,
IND-313,D30,2024-06-01,DEPT,,831.0,,
IND-313,D30,2024-07-01,DEPT,,1508.0,,
IND-313,D30,2024-08-01,DEPT,,2554.0,,
IND-313,D30,2024-09-01,DEPT,,6328.0,,
IND-313,D30,2024-10-01,DEPT,,7202.0,,
IND-313,D30,2024-11-01,DEPT,,7708.0,,27.16
IND-313,D30,2026-12-01,DEPT,,,8746.0,
IND-313,D31,2022-01-01,DEPT,,654.0,,
IND-313,D31,2022-02-01,DEPT,,1136.0,,
IND-313,D31,2022-03-01,DEPT,,1463.0,,
IND-313,D31,2022-04-01,DEPT,,1775.0,,
IND-313,D31,2022-05-01,DEPT,,2009.0,,
IND-313,D31,2022-06-01,DEPT,,2470.0,,
IND-313,D31,2022-07-01,DEPT,,3741.0,,
IND-313,D31,2022-08-01,DEPT,,7038.0,,
IND-313,D31,2022-09-01,DEPT,,17639.0,,
IND-313,D31,2022-10-01,DEPT,,20228.0,,
IND-313,D31,2022-11-01,DEPT,,21461.0,,
IND-313,D31,2022-12-01,DEPT,21791.0,22153.0,,
IND-313,D31,2023-01-01,DEPT,,660.0,,
IND-313,D31,2023-02-01,DEPT,,1061.0,,
IND-313,D31,2023-03-01,DEPT,,1407.0,,
IND-313,D31,2023-04-01,DEPT,,1697.0,,
IND-313,D31,2023-05-01,DEPT,,1903.0,,
IND-313,D31,2023-06-01,DEPT,,2247.0,,
IND-313,D31,2023-07-01,DEPT,,3401.0,,
IND-313,D31,2023-08-01,DEPT,,6590.0,,
IND-313,D31,2023-09-01,DEPT,,17716.0,,
IND-313,D31,2023-10-01,DEPT,,20546.0,,
IND-313,D31,2023-11-01,DEPT,,21776.0,,
IND-313,D31,2023-12-01,DEPT,,22500.0,,
IND-313,D31,2024-01-01,DEPT,,768.0,,
IND-313,D31,2024-02-01,DEPT,,1249.0,,
IND-313,D31,2024-03-01,DEPT,,1719.0,,
IND-313,D31,2024-04-01,DEPT,,2047.0,,
IND-313,D31,2024-05-01,DEPT,,2265.0,,
IND-313,D31,2024-06-01,DEPT,,2675.0,,
IND-313,D31,2024-07-01,DEPT,,3908.0,,
IND-313,D31,2024-08-01,DEPT,,7170.0,,
IND-313,D31,2024-09-01,DEPT,,18687.0,,
IND-313,D31,2024-10-01,DEPT,,21251.0,,
IND-313,D31,2024-11-01,DEPT,,22457.0,,15.7
IND-313,D31,2026-12-01,DEPT,,,26034.0,
IND-313,D32,2022-01-01,DEPT,,40.0,,
IND-313,D32,2022-02-01,DEPT,,71.0,,
IND-313,D32,2022-03-01,DEPT,,89.0,,
IND-313,D32,2022-04-01,DEPT,,112.0,,
IND-313,D32,2022-05-01,DEPT,,120.0,,
IND-313,D32,2022-06-01,DEPT,,139.0,,
IND-313,D32,2022-07-01,DEPT,,240.0,,
IND-313,D32,2022-08-01,DEPT,,457.0,,
IND-313,D32,2022-09-01,DEPT,,1318.0,,
IND-313,D32,2022-10-01,DEPT,,1466.0,,
IND-313,D32,2022-11-01,DEPT,,1531.0,,
IND-313,D32,2022-12-01,DEPT,1587.0,1589.0,,
IND-313,D32,2023-01-01,DEPT,,33.0,,
IND-313,D32,2023-02-01,DEPT,,53.0,,
IND-313,D32,2023-03-01,DEPT,,71.0,,
IND-313,D32,2023-04-01,DEPT,,82.0,,
IND-313,D32,2023-05-01,DEPT,,89.0,,
IND-313,D32,2023-06-01,DEPT,,103.0,,
IND-313,D32,2023-07-01,DEPT,,187.0,,
IND-313,D32,2023-08-01,DEPT,,389.0,,
IND-313,D32,2023-09-01,DEPT,,1221.0,,
IND-313,D32,2023-10-01,DEPT,,1373.0,,
IND-313,D32,2023-11-01,DEPT,,1437.0,,
IND-313,D32,2023-12-01,DEPT,,1478.0,,
IND-313,D32,2024-01-01,DEPT,,43.0,,
IND-313,D32,2024-02-01,DEPT,,66.0,,
IND-313,D32,2024-03-01,DEPT,,85.0,,
IND-313,D32,2024-04-01,DEPT,,103.0,,
IND-313,D32,2024-05-01,DEPT,,118.0,,
IND-313,D32,2024-06-01,DEPT,,133.0,,
IND-313,D32,2024-07-01,DEPT,,221.0,,
IND-313,D32,2024-08-01,DEPT,,474.0,,
IND-313,D32,2024-09-01,DEPT,,1312.0,,
IND-313,D32,2024-10-01,DEPT,,1461.0,,
IND-313,D32,2024-11-01,DEPT,,1533.0,,0.0
IND-313,D32,2026-12-01,DEPT,,,1896.0,
IND-313,D33,2022-01-01,DEPT,,599.0,,
IND-313,D33,2022-02-01,DEPT,,992.0,,
IND-313,D33,2022-03-01,DEPT,,1341.0,,
IND-313,D33,2022-04-01,DEPT,,1566.0,,
IND-313,D33,2022-05-01,DEPT,,1757.0,,
IND-313,D33,2022-06-01,DEPT,,2159.0,,
IND-313,D33,2022-07-01,DEPT,,3339.0,,
IND-313,D33,2022-08-01,DEPT,,6637.0,,
IND-313,D33,2022-09-01,DEPT,,18509.0,,
IND-313,D33,2022-10-01,DEPT,,21230.0,,
IND-313,D33,2022-11-01,DEPT,,22398.0,,
IND-313,D33,2022-12-01,DEPT,23046.0,23194.0,,
IND-313,D33,2023-01-01,DEPT,,641.0,,
IND-313,D33,2023-02-01,DEPT,,1073.0,,
IND-313,D33,2023-03-01,DEPT,,1444.0,,
IND-313,D33,2023-04-01,DEPT,,1664.0,,
IND-313,D33,2023-05-01,DEPT,,1853.0,,
IND-313,D33,2023-06-01,DEPT,,2187.0,,
IND-313,D33,2023-07-01,DEPT,,3414.0,,
IND-313,D33,2023-08-01,DEPT,,6647.0,,
IND-313,D33,2023-09-01,DEPT,,18659.0,,
IND-313,D33,2023-10-01,DEPT,,21582.0,,
IND-313,D33,2023-11-01,DEPT,,22723.0,,
IND-313,D33,2023-12-01,DEPT,,23373.0,,
IND-313,D33,2024-01-01,DEPT,,745.0,,
IND-313,D33,2024-02-01,DEPT,,1260.0,,
IND-313,D33,2024-03-01,DEPT,,1686.0,,
IND-313,D33,2024-04-01,DEPT,,1997.0,,
IND-313,D33,2024-05-01,DEPT,,2195.0,,
IND-313,D33,2024-06-01,DEPT,,2528.0,,
IND-313,D33,2024-07-01,DEPT,,3673.0,,
IND-313,D33,2024-08-01,DEPT,,6820.0,,
IND-313,D33,2024-09-01,DEPT,,19216.0,,
IND-313,D33,2024-10-01,DEPT,,21690.0,,
IND-313,D33,2024-11-01,DEPT,,22878.0,,0.0
IND-313,D33,2026-12-01,DEPT,,,27533.0,
IND-313,D34,2022-01-01,DEPT,,533.0,,
IND-313,D34,2022-02-01,DEPT,,939.0,,
IND-313,D34,2022-03-01,DEPT,,1270.0,,
IND-313,D34,2022-04-01,DEPT,,1559.0,,
IND-313,D34,2022-05-01,DEPT,,1786.0,,
IND-313,D34,2022-06-01,DEPT,,2357.0,,
IND-313,D34,2022-07-01,DEPT,,3787.0,,
IND-313,D34,2022-08-01,DEPT,,6290.0,,
IND-313,D34,2022-09-01,DEPT,,14212.0,,
IND-313,D34,2022-10-01,DEPT,,16281.0,,
IND-313,D34,2022-11-01,DEPT,,17400.0,,
IND-313,D34,2022-12-01,DEPT,17905.0,18086.0,,
IND-313,D34,2023-01-01,DEPT,,524.0,,
IND-313,D34,2023-02-01,DEPT,,935.0,,
IND-313,D34,2023-03-01,DEPT,,1280.0,,
IND-313,D34,2023-04-01,DEPT,,1585.0,,
IND-313,D34,2023-05-01,DEPT,,1838.0,,
IND-313,D34,2023-06-01,DEPT,,2201.0,,
IND-313,D34,2023-07-01,DEPT,,3665.0,,
IND-313,D34,2023-08-01,DEPT,,6083.0,,
IND-313,D34,2023-09-01,DEPT,,14017.0,,
IND-313,D34,2023-10-01,DEPT,,16369.0,,
IND-313,D34,2023-11-01,DEPT,,17442.0,,
IND-313,D34,2023-12-01,DEPT,,18059.0,,
IND-313,D34,2024-01-01,DEPT,,602.0,,
IND-313,D34,2024-02-01,DEPT,,1069.0,,
IND-313,D34,2024-03-01,DEPT,,1467.0,,
IND-313,D34,2024-04-01,DEPT,,1840.0,,
IND-313,D34,2024-05-01,DEPT,,2040.0,,
IND-313,D34,2024-06-01,DEPT,,2386.0,,
IND-313,D34,2024-07-01,DEPT,,3894.0,,
IND-313,D34,2024-08-01,DEPT,,6307.0,,
IND-313,D34,2024-09-01,DEPT,,14395.0,,
IND-313,D34,2024-10-01,DEPT,,16499.0,,
IND-313,D34,2024-11-01,DEPT,,17686.0,,0.0
IND-313,D34,2026-12-01,DEPT,,,21391.0,
IND-313,D35,2022-01-01,DEPT,,328.0,,
IND-313,D35,2022-02-01,DEPT,,552.0,,
IND-313,D35,2022-03-01,DEPT,,717.0,,
IND-313,D35,2022-04-01,DEPT,,837.0,,
IND-313,D35,2022-05-01,DEPT,,937.0,,
IND-313,D35,2022-06-01,DEPT,,1179.0,,
IND-313,D35,2022-07-01,DEPT,,2206.0,,
IND-313,D35,2022-08-01,DEPT,,5241.0,,
IND-313,D35,2022-09-01,DEPT,,14081.0,,
IND-313,D35,2022-10-01,DEPT,,15148.0,,
IND-313,D35,2022-11-01,DEPT,,15645.0,,
IND-313,D35,2022-12-01,DEPT,15806.0,15982.0,,
IND-313,D35,2023-01-01,DEPT,,391.0,,
IND-313,D35,2023-02-01,DEPT,,566.0,,
IND-313,D35,2023-03-01,DEPT,,756.0,,
IND-313,D35,2023-04-01,DEPT,,880.0,,
IND-313,D35,2023-05-01,DEPT,,968.0,,
IND-313,D35,2023-06-01,DEPT,,1099.0,,
IND-313,D35,2023-07-01,DEPT,,2068.0,,
IND-313,D35,2023-08-01,DEPT,,4929.0,,
IND-313,D35,2023-09-01,DEPT,,14310.0,,
IND-313,D35,2023-10-01,DEPT,,15441.0,,
IND-313,D35,2023-11-01,DEPT,,15991.0,,
IND-313,D35,2023-12-01,DEPT,,16351.0,,
IND-313,D35,2024-01-01,DEPT,,392.0,,
IND-313,D35,2024-02-01,DEPT,,589.0,,
IND-313,D35,2024-03-01,DEPT,,765.0,,
IND-313,D35,2024-04-01,DEPT,,905.0,,
IND-313,D35,2024-05-01,DEPT,,1012.0,,
IND-313,D35,2024-06-01,DEPT,,1127.0,,
IND-313,D35,2024-07-01,DEPT,,2082.0,,
IND-313,D35,2024-08-01,DEPT,,4674.0,,
IND-313,D35,2024-09-01,DEPT,,14350.0,,
IND-313,D35,2024-10-01,DEPT,,15366.0,,
IND-313,D35,2024-11-01,DEPT,,15887.0,,2.63
IND-313,D35,2026-12-01,DEPT,,,18883.0,
IND-313,D36,2022-01-01,DEPT,,28.0,,
IND-313,D36,2022-02-01,DEPT,,45.0,,
IND-313,D36,2022-03-01,DEPT,,63.0,,
IND-313,D36,2022-04-01,DEPT,,84.0,,
IND-313,D36,2022-05-01,DEPT,,95.0,,
IND-313,D36,2022-06-01,DEPT,,112.0,,
IND-313,D36,2022-07-01,DEPT,,280.0,,
IND-313,D36,2022-08-01,DEPT,,546.0,,
IND-313,D36,2022-09-01,DEPT,,1518.0,,
IND-313,D36,2022-10-01,DEPT,,1686.0,,
IND-313,D36,2022-11-01,DEPT,,1759.0,,
IND-313,D36,2022-12-01,DEPT,1811.0,1832.0,,
IND-313,D36,2023-01-01,DEPT,,29.0,,
IND-313,D36,2023-02-01,DEPT,,43.0,,
IND-313,D36,2023-03-01,DEPT,,70.0,,
IND-313,D36,2023-04-01,DEPT,,83.0,,
IND-313,D36,2023-05-01,DEPT,,94.0,,
IND-313,D36,2023-06-01,DEPT,,104.0,,
IND-313,D36,2023-07-01,DEPT,,235.0,,
IND-313,D36,2023-08-01,DEPT,,517.0,,
IND-313,D36,2023-09-01,DEPT,,1599.0,,
IND-313,D36,2023-10-01,DEPT,,1770.0,,
IND-313,D36,2023-11-01,DEPT,,1855.0,,
IND-313,D36,2023-12-01,DEPT,,1905.0,,
IND-313,D36,2024-01-01,DEPT,,41.0,,
IND-313,D36,2024-02-01,DEPT,,64.0,,
IND-313,D36,2024-03-01,DEPT,,83.0,,
IND-313,D36,2024-04-01,DEPT,,118.0,,
IND-313,D36,2024-05-01,DEPT,,132.0,,
IND-313,D36,2024-06-01,DEPT,,145.0,,
IND-313,D36,2024-07-01,DEPT,,301.0,,
IND-313,D36,2024-08-01,DEPT,,591.0,,
IND-313,D36,2024-09-01,DEPT,,1675.0,,
IND-313,D36,2024-10-01,DEPT,,1822.0,,
IND-313,D36,2024-11-01,DEPT,,1905.0,,26.63
IND-313,D36,2026-12-01,DEPT,,,2164.0,
IND-313,D37,2022-01-01,DEPT,,136.0,,
IND-313,D37,2022-02-01,DEPT,,210.0,,
IND-313,D37,2022-03-01,DEPT,,285.0,,
IND-313,D37,2022-04-01,DEPT,,360.0,,
IND-313,D37,2022-05-01,DEPT,,397.0,,
IND-313,D37,2022-06-01,DEPT,,498.0,,
IND-313,D37,2022-07-01,DEPT,,1008.0,,
IND-313,D37,2022-08-01,DEPT,,2371.0,,
IND-313,D37,2022-09-01,DEPT,,6482.0,,
IND-313,D37,2022-10-01,DEPT,,7107.0,,
IND-313,D37,2022-11-01,DEPT,,7429.0,,
IND-313,D37,2022-12-01,DEPT,7413.0,7633.0,,
IND-313,D37,2023-01-01,DEPT,,150.0,,
IND-313,D37,2023-02-01,DEPT,,256.0,,
IND-313,D37,2023-03-01,DEPT,,356.0,,
IND-313,D37,2023-04-01,DEPT,,422.0,,
IND-313,D37,2023-05-01,DEPT,,473.0,,
IND-313,D37,2023-06-01,DEPT,,562.0,,
IND-313,D37,2023-07-01,DEPT,,1070.0,,
IND-313,D37,2023-08-01,DEPT,,2408.0,,
IND-313,D37,2023-09-01,DEPT,,6601.0,,
IND-313,D37,2023-10-01,DEPT,,7257.0,,
IND-313,D37,2023-11-01,DEPT,,7575.0,,
IND-313,D37,2023-12-01,DEPT,,7760.0,,
IND-313,D37,2024-01-01,DEPT,,200.0,,
IND-313,D37,2024-02-01,DEPT,,320.0,,
IND-313,D37,2024-03-01,DEPT,,440.0,,
IND-313,D37,2024-04-01,DEPT,,522.0,,
IND-313,D37,2024-05-01,DEPT,,568.0,,
IND-313,D37,2024-06-01,DEPT,,675.0,,
IND-313,D37,2024-07-01,DEPT,,1185.0,,
IND-313,D37,2024-08-01,DEPT,,2488.0,,
IND-313,D37,2024-09-01,DEPT,,6920.0,,
IND-313,D37,2024-10-01,DEPT,,7588.0,,
IND-313,D37,2024-11-01,DEPT,,7955.0,,37.56
IND-313,D37,2026-12-01,DEPT,,,8856.0,
IND-313,D38,2022-01-01,DEPT,,241.0,,
IND-313,D38,2022-02-01,DEPT,,420.0,,
IND-313,D38,2022-03-01,DEPT,,541.0,,
IND-313,D38,2022-04-01,DEPT,,627.0,,
IND-313,D38,2022-05-01,DEPT,,729.0,,
IND-313,D38,2022-06-01,DEPT,,926.0,,
IND-313,D38,2022-07-01,DEPT,,1845.0,,
IND-313,D38,2022-08-01,DEPT,,4429.0,,
IND-313,D38,2022-09-01,DEPT,,12677.0,,
IND-313,D38,2022-10-01,DEPT,,13963.0,,
IND-313,D38,2022-11-01,DEPT,,14577.0,,
IND-313,D38,2022-12-01,DEPT,14483.0,14904.0,,
IND-313,D38,2023-01-01,DEPT,,294.0,,
IND-313,D38,2023-02-01,DEPT,,469.0,,
IND-313,D38,2023-03-01,DEPT,,626.0,,
IND-313,D38,2023-04-01,DEPT,,742.0,,
IND-313,D38,2023-05-01,DEPT,,831.0,,
IND-313,D38,2023-06-01,DEPT,,1002.0,,
IND-313,D38,2023-07-01,DEPT,,1923.0,,
IND-313,D38,2023-08-01,DEPT,,4541.0,,
IND-313,D38,2023-09-01,DEPT,,13162.0,,
IND-313,D38,2023-10-01,DEPT,,14534.0,,
IND-313,D38,2023-11-01,DEPT,,15154.0,,
IND-313,D38,2023-12-01,DEPT,,15538.0,,
IND-313,D38,2024-01-01,DEPT,,363.0,,
IND-313,D38,2024-02-01,DEPT,,585.0,,
IND-313,D38,2024-03-01,DEPT,,763.0,,
IND-313,D38,2024-04-01,DEPT,,910.0,,
IND-313,D38,2024-05-01,DEPT,,1018.0,,
IND-313,D38,2024-06-01,DEPT,,1188.0,,
IND-313,D38,2024-07-01,DEPT,,2041.0,,
IND-313,D38,2024-08-01,DEPT,,4390.0,,
IND-313,D38,2024-09-01,DEPT,,13299.0,,
IND-313,D38,2024-10-01,DEPT,,14516.0,,
IND-313,D38,2024-11-01,DEPT,,15233.0,,26.6
IND-313,D38,2026-12-01,DEPT,,,17303.0,
IND-313,D39,2022-01-01,DEPT,,41.0,,
IND-313,D39,2022-02-01,DEPT,,66.0,,
IND-313,D39,2022-03-01,DEPT,,104.0,,
IND-313,D39,2022-04-01,DEPT,,118.0,,
IND-313,D39,2022-05-01,DEPT,,142.0,,
IND-313,D39,2022-06-01,DEPT,,171.0,,
IND-313,D39,2022-07-01,DEPT,,414.0,,
IND-313,D39,2022-08-01,DEPT,,910.0,,
IND-313,D39,2022-09-01,DEPT,,2296.0,,
IND-313,D39,2022-10-01,DEPT,,2517.0,,
IND-313,D39,2022-11-01,DEPT,,2637.0,,
IND-313,D39,2022-12-01,DEPT,2681.0,2712.0,,
IND-313,D39,2023-01-01,DEPT,,47.0,,
IND-313,D39,2023-02-01,DEPT,,96.0,,
IND-313,D39,2023-03-01,DEPT,,126.0,,
IND-313,D39,2023-04-01,DEPT,,162.0,,
IND-313,D39,2023-05-01,DEPT,,180.0,,
IND-313,D39,2023-06-01,DEPT,,198.0,,
IND-313,D39,2023-07-01,DEPT,,410.0,,
IND-313,D39,2023-08-01,DEPT,,892.0,,
IND-313,D39,2023-09-01,DEPT,,2321.0,,
IND-313,D39,2023-10-01,DEPT,,2547.0,,
IND-313,D39,2023-11-01,DEPT,,2649.0,,
IND-313,D39,2023-12-01,DEPT,,2720.0,,
IND-313,D39,2024-01-01,DEPT,,45.0,,
IND-313,D39,2024-02-01,DEPT,,85.0,,
IND-313,D39,2024-03-01,DEPT,,104.0,,
IND-313,D39,2024-04-01,DEPT,,129.0,,
IND-313,D39,2024-05-01,DEPT,,144.0,,
IND-313,D39,2024-06-01,DEPT,,163.0,,
IND-313,D39,2024-07-01,DEPT,,374.0,,
IND-313,D39,2024-08-01,DEPT,,828.0,,
IND-313,D39,2024-09-01,DEPT,,2226.0,,
IND-313,D39,2024-10-01,DEPT,,2381.0,,
IND-313,D39,2024-11-01,DEPT,,2479.0,,0.0
IND-313,D39,2026-12-01,DEPT,,,3203.0,
IND-313,D40,2022-01-01,DEPT,,125.0,,
IND-313,D40,2022-02-01,DEPT,,195.0,,
IND-313,D40,2022-03-01,DEPT,,266.0,,
IND-313,D40,2022-04-01,DEPT,,295.0,,
IND-313,D40,2022-05-01,DEPT,,320.0,,
IND-313,D40,2022-06-01,DEPT,,386.0,,
IND-313,D40,2022-07-01,DEPT,,646.0,,
IND-313,D40,2022-08-01,DEPT,,1084.0,,
IND-313,D40,2022-09-01,DEPT,,2802.0,,
IND-313,D40,2022-10-01,DEPT,,3190.0,,
IND-313,D40,2022-11-01,DEPT,,3388.0,,
IND-313,D40,2022-12-01,DEPT,3486.0,3513.0,,
IND-313,D40,2023-01-01,DEPT,,107.0,,
IND-313,D40,2023-02-01,DEPT,,182.0,,
IND-313,D40,2023-03-01,DEPT,,240.0,,
IND-313,D40,2023-04-01,DEPT,,272.0,,
IND-313,D40,2023-05-01,DEPT,,303.0,,
IND-313,D40,2023-06-01,DEPT,,341.0,,
IND-313,D40,2023-07-01,DEPT,,594.0,,
IND-313,D40,2023-08-01,DEPT,,1013.0,,
IND-313,D40,2023-09-01,DEPT,,2946.0,,
IND-313,D40,2023-10-01,DEPT,,3328.0,,
IND-313,D40,2023-11-01,DEPT,,3522.0,,
IND-313,D40,2023-12-01,DEPT,,3660.0,,
IND-313,D40,2024-01-01,DEPT,,117.0,,
IND-313,D40,2024-02-01,DEPT,,197.0,,
IND-313,D40,2024-03-01,DEPT,,251.0,,
IND-313,D40,2024-04-01,DEPT,,289.0,,
IND-313,D40,2024-05-01,DEPT,,323.0,,
IND-313,D40,2024-06-01,DEPT,,369.0,,
IND-313,D40,2024-07-01,DEPT,,590.0,,
IND-313,D40,2024-08-01,DEPT,,1013.0,,
IND-313,D40,2024-09-01,DEPT,,2928.0,,
IND-313,D40,2024-10-01,DEPT,,3287.0,,
IND-313,D40,2024-11-01,DEPT,,3456.0,,0.0
IND-313,D40,2026-12-01,DEPT,,,4165.0,
IND-313,D41,2022-01-01,DEPT,,63.0,,
IND-313,D41,2022-02-01,DEPT,,116.0,,
IND-313,D41,2022-03-01,DEPT,,161.0,,
IND-313,D41,2022-04-01,DEPT,,187.0,,
IND-313,D41,2022-05-01,DEPT,,203.0,,
IND-313,D41,2022-06-01,DEPT,,234.0,,
IND-313,D41,2022-07-01,DEPT,,506.0,,
IND-313,D41,2022-08-01,DEPT,,996.0,,
IND-313,D41,2022-09-01,DEPT,,2798.0,,
IND-313,D41,2022-10-01,DEPT,,3037.0,,
IND-313,D41,2022-11-01,DEPT,,3168.0,,
IND-313,D41,2022-12-01,DEPT,3185.0,3251.0,,
IND-313,D41,2023-01-01,DEPT,,54.0,,
IND-313,D41,2023-02-01,DEPT,,89.0,,
IND-313,D41,2023-03-01,DEPT,,123.0,,
IND-313,D41,2023-04-01,DEPT,,140.0,,
IND-313,D41,2023-05-01,DEPT,,163.0,,
IND-313,D41,2023-06-01,DEPT,,191.0,,
IND-313,D41,2023-07-01,DEPT,,451.0,,
IND-313,D41,2023-08-01,DEPT,,949.0,,
IND-313,D41,2023-09-01,DEPT,,2900.0,,
IND-313,D41,2023-10-01,DEPT,,3179.0,,
IND-313,D41,2023-11-01,DEPT,,3311.0,,
IND-313,D41,2023-12-01,DEPT,,3404.0,,
IND-313,D41,2024-01-01,DEPT,,73.0,,
IND-313,D41,2024-02-01,DEPT,,127.0,,
IND-313,D41,2024-03-01,DEPT,,162.0,,
IND-313,D41,2024-04-01,DEPT,,197.0,,
IND-313,D41,2024-05-01,DEPT,,215.0,,
IND-313,D41,2024-06-01,DEPT,,245.0,,
IND-313,D41,2024-07-01,DEPT,,510.0,,
IND-313,D41,2024-08-01,DEPT,,996.0,,
IND-313,D41,2024-09-01,DEPT,,3154.0,,
IND-313,D41,2024-10-01,DEPT,,3416.0,,
IND-313,D41,2024-11-01,DEPT,,3541.0,,57.42
IND-313,D41,2026-12-01,DEPT,,,3805.0,
IND-313,D42,2022-01-01,DEPT,,199.0,,
IND-313,D42,2022-02-01,DEPT,,297.0,,
IND-313,D42,2022-03-01,DEPT,,401.0,,
IND-313,D42,2022-04-01,DEPT,,481.0,,
IND-313,D42,2022-05-01,DEPT,,537.0,,
IND-313,D42,2022-06-01,DEPT,,670.0,,
IND-313,D42,2022-07-01,DEPT,,1351.0,,
IND-313,D42,2022-08-01,DEPT,,2730.0,,
IND-313,D42,2022-09-01,DEPT,,7413.0,,
IND-313,D42,2022-10-01,DEPT,,8133.0,,
IND-313,D42,2022-11-01,DEPT,,8461.0,,
IND-313,D42,2022-12-01,DEPT,8563.0,8674.0,,
IND-313,D42,2023-01-01,DEPT,,189.0,,
IND-313,D42,2023-02-01,DEPT,,314.0,,
IND-313,D42,2023-03-01,DEPT,,412.0,,
IND-313,D42,2023-04-01,DEPT,,478.0,,
IND-313,D42,2023-05-01,DEPT,,537.0,,
IND-313,D42,2023-06-01,DEPT,,635.0,,
IND-313,D42,2023-07-01,DEPT,,1261.0,,
IND-313,D42,2023-08-01,DEPT,,2755.0,,
IND-313,D42,2023-09-01,DEPT,,7711.0,,
IND-313,D42,2023-10-01,DEPT,,8502.0,,
IND-313,D42,2023-11-01,DEPT,,8823.0,,
IND-313,D42,2023-12-01,DEPT,,9083.0,,
IND-313,D42,2024-01-01,DEPT,,222.0,,
IND-313,D42,2024-02-01,DEPT,,356.0,,
IND-313,D42,2024-03-01,DEPT,,478.0,,
IND-313,D42,2024-04-01,DEPT,,607.0,,
IND-313,D42,2024-05-01,DEPT,,688.0,,
IND-313,D42,2024-06-01,DEPT,,812.0,,
IND-313,D42,2024-07-01,DEPT,,1468.0,,
IND-313,D42,2024-08-01,DEPT,,2751.0,,
IND-313,D42,2024-09-01,DEPT,,7825.0,,
IND-313,D42,2024-10-01,DEPT,,8481.0,,
IND-313,D42,2024-11-01,DEPT,,8848.0,,17.1
IND-313,D42,2026-12-01,DEPT,,,10230.0,
IND-313,D43,2022-01-01,DEPT,,35.0,,
IND-313,D43,2022-02-01,DEPT,,66.0,,
IND-313,D43,2022-03-01,DEPT,,85.0,,
IND-313,D43,2022-04-01,DEPT,,117.0,,
IND-313,D43,2022-05-01,DEPT,,134.0,,
IND-313,D43,2022-06-01,DEPT,,177.0,,
IND-313,D43,2022-07-01,DEPT,,410.0,,
IND-313,D43,2022-08-01,DEPT,,769.0,,
IND-313,D43,2022-09-01,DEPT,,2026.0,,
IND-313,D43,2022-10-01,DEPT,,2287.0,,
IND-313,D43,2022-11-01,DEPT,,2361.0,,
IND-313,D43,2022-12-01,DEPT,2381.0,2411.0,,
IND-313,D43,2023-01-01,DEPT,,44.0,,
IND-313,D43,2023-02-01,DEPT,,66.0,,
IND-313,D43,2023-03-01,DEPT,,94.0,,
IND-313,D43,2023-04-01,DEPT,,125.0,,
IND-313,D43,2023-05-01,DEPT,,152.0,,
IND-313,D43,2023-06-01,DEPT,,185.0,,
IND-313,D43,2023-07-01,DEPT,,462.0,,
IND-313,D43,2023-08-01,DEPT,,808.0,,
IND-313,D43,2023-09-01,DEPT,,2161.0,,
IND-313,D43,2023-10-01,DEPT,,2463.0,,
IND-313,D43,2023-11-01,DEPT,,2564.0,,
IND-313,D43,2023-12-01,DEPT,,2616.0,,
IND-313,D43,2024-01-01,DEPT,,58.0,,
IND-313,D43,2024-02-01,DEPT,,86.0,,
IND-313,D43,2024-03-01,DEPT,,113.0,,
IND-313,D43,2024-04-01,DEPT,,131.0,,
IND-313,D43,2024-05-01,DEPT,,161.0,,
IND-313,D43,2024-06-01,DEPT,,190.0,,
IND-313,D43,2024-07-01,DEPT,,429.0,,
IND-313,D43,2024-08-01,DEPT,,730.0,,
IND-313,D43,2024-09-01,DEPT,,2091.0,,
IND-313,D43,2024-10-01,DEPT,,2302.0,,
IND-313,D43,2024-11-01,DEPT,,2434.0,,11.42
IND-313,D43,2026-12-01,DEPT,,,2845.0,
IND-313,D44,2022-01-01,DEPT,,507.0,,
IND-313,D44,2022-02-01,DEPT,,708.0,,
IND-313,D44,2022-03-01,DEPT,,911.0,,
IND-313,D44,2022-04-01,DEPT,,1074.0,,
IND-313,D44,2022-05-01,DEPT,,1182.0,,
IND-313,D44,2022-06-01,DEPT,,1464.0,,
IND-313,D44,2022-07-01,DEPT,,2637.0,,
IND-313,D44,2022-08-01,DEPT,,6093.0,,
IND-313,D44,2022-09-01,DEPT,,17649.0,,
IND-313,D44,2022-10-01,DEPT,,19235.0,,
IND-313,D44,2022-11-01,DEPT,,19965.0,,
IND-313,D44,2022-12-01,DEPT,19524.0,20475.0,,
IND-313,D44,2023-01-01,DEPT,,551.0,,
IND-313,D44,2023-02-01,DEPT,,806.0,,
IND-313,D44,2023-03-01,DEPT,,1023.0,,
IND-313,D44,2023-04-01,DEPT,,1181.0,,
IND-313,D44,2023-05-01,DEPT,,1297.0,,
IND-313,D44,2023-06-01,DEPT,,1485.0,,
IND-313,D44,2023-07-01,DEPT,,2556.0,,
IND-313,D44,2023-08-01,DEPT,,6024.0,,
IND-313,D44,2023-09-01,DEPT,,17059.0,,
IND-313,D44,2023-10-01,DEPT,,18692.0,,
IND-313,D44,2023-11-01,DEPT,,19484.0,,
IND-313,D44,2023-12-01,DEPT,,19944.0,,
IND-313,D44,2024-01-01,DEPT,,544.0,,
IND-313,D44,2024-02-01,DEPT,,796.0,,
IND-313,D44,2024-03-01,DEPT,,1006.0,,
IND-313,D44,2024-04-01,DEPT,,1190.0,,
IND-313,D44,2024-05-01,DEPT,,1318.0,,
IND-313,D44,2024-06-01,DEPT,,1488.0,,
IND-313,D44,2024-07-01,DEPT,,2440.0,,
IND-313,D44,2024-08-01,DEPT,,5671.0,,
IND-313,D44,2024-09-01,DEPT,,17308.0,,
IND-313,D44,2024-10-01,DEPT,,18617.0,,
IND-313,D44,2024-11-01,DEPT,,19350.0,,0.0
IND-313,D44,2026-12-01,DEPT,,,23325.0,
IND-313,D45,2022-01-01,DEPT,,116.0,,
IND-313,D45,2022-02-01,DEPT,,178.0,,
IND-313,D45,2022-03-01,DEPT,,223.0,,
IND-313,D45,2022-04-01,DEPT,,276.0,,
IND-313,D45,2022-05-01,DEPT,,328.0,,
IND-313,D45,2022-06-01,DEPT,,420.0,,
IND-313,D45,2022-07-01,DEPT,,785.0,,
IND-313,D45,2022-08-01,DEPT,,1832.0,,
IND-313,D45,2022-09-01,DEPT,,5836.0,,
IND-313,D45,2022-10-01,DEPT,,6475.0,,
IND-313,D45,2022-11-01,DEPT,,6765.0,,
IND-313,D45,2022-12-01,DEPT,6567.0,6922.0,,
IND-313,D45,2023-01-01,DEPT,,115.0,,
IND-313,D45,2023-02-01,DEPT,,177.0,,
IND-313,D45,2023-03-01,DEPT,,237.0,,
IND-313,D45,2023-04-01,DEPT,,286.0,,
IND-313,D45,2023-05-01,DEPT,,327.0,,
IND-313,D45,2023-06-01,DEPT,,387.0,,
IND-313,D45,2023-07-01,DEPT,,776.0,,
IND-313,D45,2023-08-01,DEPT,,1777.0,,
IND-313,D45,2023-09-01,DEPT,,5837.0,,
IND-313,D45,2023-10-01,DEPT,,6496.0,,
IND-313,D45,2023-11-01,DEPT,,6819.0,,
IND-313,D45,2023-12-01,DEPT,,7024.0,,
IND-313,D45,2024-01-01,DEPT,,137.0,,
IND-313,D45,2024-02-01,DEPT,,228.0,,
IND-313,D45,2024-03-01,DEPT,,315.0,,
IND-313,D45,2024-04-01,DEPT,,381.0,,
IND-313,D45,2024-05-01,DEPT,,424.0,,
IND-313,D45,2024-06-01,DEPT,,498.0,,
IND-313,D45,2024-07-01,DEPT,,900.0,,
IND-313,D45,2024-08-01,DEPT,,1866.0,,
IND-313,D45,2024-09-01,DEPT,,6034.0,,
IND-313,D45,2024-10-01,DEPT,,6667.0,,
IND-313,D45,2024-11-01,DEPT,,6991.0,,33.15
IND-313,D45,2026-12-01,DEPT,,,7846.0,
IND-313,D46,2022-01-01,DEPT,,54.0,,
IND-313,D46,2022-02-01,DEPT,,75.0,,
IND-313,D46,2022-03-01,DEPT,,108.0,,
IND-313,D46,2022-04-01,DEPT,,136.0,,
IND-313,D46,2022-05-01,DEPT,,155.0,,
IND-313,D46,2022-06-01,DEPT,,180.0,,
IND-313,D46,2022-07-01,DEPT,,288.0,,
IND-313,D46,2022-08-01,DEPT,,455.0,,
IND-313,D46,2022-09-01,DEPT,,1257.0,,
IND-313,D46,2022-10-01,DEPT,,1398.0,,
IND-313,D46,2022-11-01,DEPT,,1475.0,,
IND-313,D46,2022-12-01,DEPT,1461.0,1503.0,,
IND-313,D46,2023-01-01,DEPT,,41.0,,
IND-313,D46,2023-02-01,DEPT,,66.0,,
IND-313,D46,2023-03-01,DEPT,,80.0,,
IND-313,D46,2023-04-01,DEPT,,98.0,,
IND-313,D46,2023-05-01,DEPT,,107.0,,
IND-313,D46,2023-06-01,DEPT,,116.0,,
IND-313,D46,2023-07-01,DEPT,,237.0,,
IND-313,D46,2023-08-01,DEPT,,395.0,,
IND-313,D46,2023-09-01,DEPT,,1196.0,,
IND-313,D46,2023-10-01,DEPT,,1354.0,,
IND-313,D46,2023-11-01,DEPT,,1411.0,,
IND-313,D46,2023-12-01,DEPT,,1460.0,,
IND-313,D46,2024-01-01,DEPT,,53.0,,
IND-313,D46,2024-02-01,DEPT,,74.0,,
IND-313,D46,2024-03-01,DEPT,,96.0,,
IND-313,D46,2024-04-01,DEPT,,113.0,,
IND-313,D46,2024-05-01,DEPT,,124.0,,
IND-313,D46,2024-06-01,DEPT,,141.0,,
IND-313,D46,2024-07-01,DEPT,,249.0,,
IND-313,D46,2024-08-01,DEPT,,427.0,,
IND-313,D46,2024-09-01,DEPT,,1303.0,,
IND-313,D46,2024-10-01,DEPT,,1467.0,,
IND-313,D46,2024-11-01,DEPT,,1524.0,,22.18
IND-313,D46,2026-12-01,DEPT,,,1745.0,
IND-313,D47,2022-01-01,DEPT,,86.0,,
IND-313,D47,2022-02-01,DEPT,,147.0,,
IND-313,D47,2022-03-01,DEPT,,192.0,,
IND-313,D47,2022-04-01,DEPT,,239.0,,
IND-313,D47,2022-05-01,DEPT,,279.0,,
IND-313,D47,2022-06-01,DEPT,,349.0,,
IND-313,D47,2022-07-01,DEPT,,671.0,,
IND-313,D47,2022-08-01,DEPT,,1161.0,,
IND-313,D47,2022-09-01,DEPT,,2909.0,,
IND-313,D47,2022-10-01,DEPT,,3255.0,,
IND-313,D47,2022-11-01,DEPT,,3412.0,,
IND-313,D47,2022-12-01,DEPT,3539.0,3531.0,,
IND-313,D47,2023-01-01,DEPT,,62.0,,
IND-313,D47,2023-02-01,DEPT,,114.0,,
IND-313,D47,2023-03-01,DEPT,,175.0,,
IND-313,D47,2023-04-01,DEPT,,216.0,,
IND-313,D47,2023-05-01,DEPT,,242.0,,
IND-313,D47,2023-06-01,DEPT,,282.0,,
IND-313,D47,2023-07-01,DEPT,,600.0,,
IND-313,D47,2023-08-01,DEPT,,1160.0,,
IND-313,D47,2023-09-01,DEPT,,2944.0,,
IND-313,D47,2023-10-01,DEPT,,3310.0,,
IND-313,D47,2023-11-01,DEPT,,3499.0,,
IND-313,D47,2023-12-01,DEPT,,3632.0,,
IND-313,D47,2024-01-01,DEPT,,93.0,,
IND-313,D47,2024-02-01,DEPT,,157.0,,
IND-313,D47,2024-03-01,DEPT,,214.0,,
IND-313,D47,2024-04-01,DEPT,,273.0,,
IND-313,D47,2024-05-01,DEPT,,308.0,,
IND-313,D47,2024-06-01,DEPT,,353.0,,
IND-313,D47,2024-07-01,DEPT,,645.0,,
IND-313,D47,2024-08-01,DEPT,,1187.0,,
IND-313,D47,2024-09-01,DEPT,,3090.0,,
IND-313,D47,2024-10-01,DEPT,,3447.0,,
IND-313,D47,2024-11-01,DEPT,,3651.0,,16.26
IND-313,D47,2026-12-01,DEPT,,,4228.0,
IND-313,D48,2022-01-01,DEPT,,10.0,,
IND-313,D48,2022-02-01,DEPT,,26.0,,
IND-313,D48,2022-03-01,DEPT,,48.0,,
IND-313,D48,2022-04-01,DEPT,,58.0,,
IND-313,D48,2022-05-01,DEPT,,62.0,,
IND-313,D48,2022-06-01,DEPT,,80.0,,
IND-313,D48,2022-07-01,DEPT,,161.0,,
IND-313,D48,2022-08-01,DEPT,,231.0,,
IND-313,D48,2022-09-01,DEPT,,525.0,,
IND-313,D48,2022-10-01,DEPT,,589.0,,
IND-313,D48,2022-11-01,DEPT,,615.0,,
IND-313,D48,2022-12-01,DEPT,656.0,639.0,,
IND-313,D48,2023-01-01,DEPT,,18.0,,
IND-313,D48,2023-02-01,DEPT,,31.0,,
IND-313,D48,2023-03-01,DEPT,,51.0,,
IND-313,D48,2023-04-01,DEPT,,58.0,,
IND-313,D48,2023-05-01,DEPT,,62.0,,
IND-313,D48,2023-06-01,DEPT,,66.0,,
IND-313,D48,2023-07-01,DEPT,,119.0,,
IND-313,D48,2023-08-01,DEPT,,187.0,,
IND-313,D48,2023-09-01,DEPT,,530.0,,
IND-313,D48,2023-10-01,DEPT,,586.0,,
IND-313,D48,2023-11-01,DEPT,,615.0,,
IND-313,D48,2023-12-01,DEPT,,625.0,,
IND-313,D48,2024-01-01,DEPT,,14.0,,
IND-313,D48,2024-02-01,DEPT,,20.0,,
IND-313,D48,2024-03-01,DEPT,,28.0,,
IND-313,D48,2024-04-01,DEPT,,38.0,,
IND-313,D48,2024-05-01,DEPT,,43.0,,
IND-313,D48,2024-06-01,DEPT,,44.0,,
IND-313,D48,2024-07-01,DEPT,,98.0,,
IND-313,D48,2024-08-01,DEPT,,157.0,,
IND-313,D48,2024-09-01,DEPT,,514.0,,
IND-313,D48,2024-10-01,DEPT,,573.0,,
IND-313,D48,2024-11-01,DEPT,,612.0,,0.0
IND-313,D48,2026-12-01,DEPT,,,784.0,
IND-313,D49,2022-01-01,DEPT,,194.0,,
IND-313,D49,2022-02-01,DEPT,,266.0,,
IND-313,D49,2022-03-01,DEPT,,352.0,,
IND-313,D49,2022-04-01,DEPT,,426.0,,
IND-313,D49,2022-05-01,DEPT,,478.0,,
IND-313,D49,2022-06-01,DEPT,,589.0,,
IND-313,D49,2022-07-01,DEPT,,1333.0,,
IND-313,D49,2022-08-01,DEPT,,3530.0,,
IND-313,D49,2022-09-01,DEPT,,9510.0,,
IND-313,D49,2022-10-01,DEPT,,10186.0,,
IND-313,D49,2022-11-01,DEPT,,10564.0,,
IND-313,D49,2022-12-01,DEPT,10610.0,10797.0,,
IND-313,D49,2023-01-01,DEPT,,192.0,,
IND-313,D49,2023-02-01,DEPT,,282.0,,
IND-313,D49,2023-03-01,DEPT,,378.0,,
IND-313,D49,2023-04-01,DEPT,,473.0,,
IND-313,D49,2023-05-01,DEPT,,531.0,,
IND-313,D49,2023-06-01,DEPT,,625.0,,
IND-313,D49,2023-07-01,DEPT,,1408.0,,
IND-313,D49,2023-08-01,DEPT,,3663.0,,
IND-313,D49,2023-09-01,DEPT,,9789.0,,
IND-313,D49,2023-10-01,DEPT,,10612.0,,
IND-313,D49,2023-11-01,DEPT,,10974.0,,
IND-313,D49,2023-12-01,DEPT,,11220.0,,
IND-313,D49,2024-01-01,DEPT,,191.0,,
IND-313,D49,2024-02-01,DEPT,,284.0,,
IND-313,D49,2024-03-01,DEPT,,371.0,,
IND-313,D49,2024-04-01,DEPT,,463.0,,
IND-313,D49,2024-05-01,DEPT,,532.0,,
IND-313,D49,2024-06-01,DEPT,,621.0,,
IND-313,D49,2024-07-01,DEPT,,1340.0,,
IND-313,D49,2024-08-01,DEPT,,3468.0,,
IND-313,D49,2024-09-01,DEPT,,9849.0,,
IND-313,D49,2024-10-01,DEPT,,10444.0,,
IND-313,D49,2024-11-01,DEPT,,10782.0,,8.33
IND-313,D49,2026-12-01,DEPT,,,12676.0,
IND-313,D50,2022-01-01,DEPT,,85.0,,
IND-313,D50,2022-02-01,DEPT,,147.0,,
IND-313,D50,2022-03-01,DEPT,,218.0,,
IND-313,D50,2022-04-01,DEPT,,267.0,,
IND-313,D50,2022-05-01,DEPT,,310.0,,
IND-313,D50,2022-06-01,DEPT,,391.0,,
IND-313,D50,2022-07-01,DEPT,,1053.0,,
IND-313,D50,2022-08-01,DEPT,,2071.0,,
IND-313,D50,2022-09-01,DEPT,,5227.0,,
IND-313,D50,2022-10-01,DEPT,,5607.0,,
IND-313,D50,2022-11-01,DEPT,,5830.0,,
IND-313,D50,2022-12-01,DEPT,5845.0,5962.0,,
IND-313,D50,2023-01-01,DEPT,,121.0,,
IND-313,D50,2023-02-01,DEPT,,202.0,,
IND-313,D50,2023-03-01,DEPT,,266.0,,
IND-313,D50,2023-04-01,DEPT,,330.0,,
IND-313,D50,2023-05-01,DEPT,,370.0,,
IND-313,D50,2023-06-01,DEPT,,437.0,,
IND-313,D50,2023-07-01,DEPT,,1025.0,,
IND-313,D50,2023-08-01,DEPT,,2079.0,,
IND-313,D50,2023-09-01,DEPT,,5332.0,,
IND-313,D50,2023-10-01,DEPT,,5763.0,,
IND-313,D50,2023-11-01,DEPT,,5950.0,,
IND-313,D50,2023-12-01,DEPT,,6093.0,,
IND-313,D50,2024-01-01,DEPT,,122.0,,
IND-313,D50,2024-02-01,DEPT,,210.0,,
IND-313,D50,2024-03-01,DEPT,,276.0,,
IND-313,D50,2024-04-01,DEPT,,362.0,,
IND-313,D50,2024-05-01,DEPT,,404.0,,
IND-313,D50,2024-06-01,DEPT,,466.0,,
IND-313,D50,2024-07-01,DEPT,,994.0,,
IND-313,D50,2024-08-01,DEPT,,1965.0,,
IND-313,D50,2024-09-01,DEPT,,5285.0,,
IND-313,D50,2024-10-01,DEPT,,5643.0,,
IND-313,D50,2024-11-01,DEPT,,5894.0,,4.31
IND-313,D50,2026-12-01,DEPT,,,6983.0,
IND-313,D51,2022-01-01,DEPT,,117.0,,
IND-313,D51,2022-02-01,DEPT,,194.0,,
IND-313,D51,2022-03-01,DEPT,,269.0,,
IND-313,D51,2022-04-01,DEPT,,328.0,,
IND-313,D51,2022-05-01,DEPT,,375.0,,
IND-313,D51,2022-06-01,DEPT,,467.0,,
IND-313,D51,2022-07-01,DEPT,,910.0,,
IND-313,D51,2022-08-01,DEPT,,2099.0,,
IND-313,D51,2022-09-01,DEPT,,5243.0,,
IND-313,D51,2022-10-01,DEPT,,5772.0,,
IND-313,D51,2022-11-01,DEPT,,6093.0,,
IND-313,D51,2022-12-01,DEPT,6349.0,6290.0,,
IND-313,D51,2023-01-01,DEPT,,153.0,,
IND-313,D51,2023-02-01,DEPT,,222.0,,
IND-313,D51,2023-03-01,DEPT,,322.0,,
IND-313,D51,2023-04-01,DEPT,,372.0,,
IND-313,D51,2023-05-01,DEPT,,432.0,,
IND-313,D51,2023-06-01,DEPT,,501.0,,
IND-313,D51,2023-07-01,DEPT,,903.0,,
IND-313,D51,2023-08-01,DEPT,,2084.0,,
IND-313,D51,2023-09-01,DEPT,,5462.0,,
IND-313,D51,2023-10-01,DEPT,,6156.0,,
IND-313,D51,2023-11-01,DEPT,,6477.0,,
IND-313,D51,2023-12-01,DEPT,,6659.0,,
IND-313,D51,2024-01-01,DEPT,,149.0,,
IND-313,D51,2024-02-01,DEPT,,261.0,,
IND-313,D51,2024-03-01,DEPT,,383.0,,
IND-313,D51,2024-04-01,DEPT,,477.0,,
IND-313,D51,2024-05-01,DEPT,,530.0,,
IND-313,D51,2024-06-01,DEPT,,597.0,,
IND-313,D51,2024-07-01,DEPT,,1015.0,,
IND-313,D51,2024-08-01,DEPT,,2044.0,,
IND-313,D51,2024-09-01,DEPT,,5501.0,,
IND-313,D51,2024-10-01,DEPT,,6134.0,,
IND-313,D51,2024-11-01,DEPT,,6488.0,,11.25
IND-313,D51,2026-12-01,DEPT,,,7585.0,
IND-313,D52,2022-01-01,DEPT,,31.0,,
IND-313,D52,2022-02-01,DEPT,,45.0,,
IND-313,D52,2022-03-01,DEPT,,57.0,,
IND-313,D52,2022-04-01,DEPT,,68.0,,
IND-313,D52,2022-05-01,DEPT,,81.0,,
IND-313,D52,2022-06-01,DEPT,,102.0,,
IND-313,D52,2022-07-01,DEPT,,222.0,,
IND-313,D52,2022-08-01,DEPT,,429.0,,
IND-313,D52,2022-09-01,DEPT,,1126.0,,
IND-313,D52,2022-10-01,DEPT,,1238.0,,
IND-313,D52,2022-11-01,DEPT,,1286.0,,
IND-313,D52,2022-12-01,DEPT,1374.0,1328.0,,
IND-313,D52,2023-01-01,DEPT,,23.0,,
IND-313,D52,2023-02-01,DEPT,,45.0,,
IND-313,D52,2023-03-01,DEPT,,72.0,,
IND-313,D52,2023-04-01,DEPT,,84.0,,
IND-313,D52,2023-05-01,DEPT,,91.0,,
IND-313,D52,2023-06-01,DEPT,,104.0,,
IND-313,D52,2023-07-01,DEPT,,211.0,,
IND-313,D52,2023-08-01,DEPT,,435.0,,
IND-313,D52,2023-09-01,DEPT,,1135.0,,
IND-313,D52,2023-10-01,DEPT,,1290.0,,
IND-313,D52,2023-11-01,DEPT,,1373.0,,
IND-313,D52,2023-12-01,DEPT,,1413.0,,
IND-313,D52,2024-01-01,DEPT,,30.0,,
IND-313,D52,2024-02-01,DEPT,,42.0,,
IND-313,D52,2024-03-01,DEPT,,52.0,,
IND-313,D52,2024-04-01,DEPT,,62.0,,
IND-313,D52,2024-05-01,DEPT,,69.0,,
IND-313,D52,2024-06-01,DEPT,,82.0,,
IND-313,D52,2024-07-01,DEPT,,206.0,,
IND-313,D52,2024-08-01,DEPT,,379.0,,
IND-313,D52,2024-09-01,DEPT,,1105.0,,
IND-313,D52,2024-10-01,DEPT,,1235.0,,
IND-313,D52,2024-11-01,DEPT,,1331.0,,0.0
IND-313,D52,2026-12-01,DEPT,,,1642.0,
IND-313,D53,2022-01-01,DEPT,,91.0,,
IND-313,D53,2022-02-01,DEPT,,126.0,,
IND-313,D53,2022-03-01,DEPT,,167.0,,
IND-313,D53,2022-04-01,DEPT,,201.0,,
IND-313,D53,2022-05-01,DEPT,,234.0,,
IND-313,D53,2022-06-01,DEPT,,271.0,,
IND-313,D53,2022-07-01,DEPT,,579.0,,
IND-313,D53,2022-08-01,DEPT,,1311.0,,
IND-313,D53,2022-09-01,DEPT,,3819.0,,
IND-313,D53,2022-10-01,DEPT,,4051.0,,
IND-313,D53,2022-11-01,DEPT,,4210.0,,
IND-313,D53,2022-12-01,DEPT,4248.0,4301.0,,
IND-313,D53,2023-01-01,DEPT,,57.0,,
IND-313,D53,2023-02-01,DEPT,,108.0,,
IND-313,D53,2023-03-01,DEPT,,151.0,,
IND-313,D53,2023-04-01,DEPT,,199.0,,
IND-313,D53,2023-05-01,DEPT,,225.0,,
IND-313,D53,2023-06-01,DEPT,,273.0,,
IND-313,D53,2023-07-01,DEPT,,566.0,,
IND-313,D53,2023-08-01,DEPT,,1349.0,,
IND-313,D53,2023-09-01,DEPT,,3837.0,,
IND-313,D53,2023-10-01,DEPT,,4123.0,,
IND-313,D53,2023-11-01,DEPT,,4279.0,,
IND-313,D53,2023-12-01,DEPT,,4386.0,,
IND-313,D53,2024-01-01,DEPT,,98.0,,
IND-313,D53,2024-02-01,DEPT,,155.0,,
IND-313,D53,2024-03-01,DEPT,,199.0,,
IND-313,D53,2024-04-01,DEPT,,233.0,,
IND-313,D53,2024-05-01,DEPT,,250.0,,
IND-313,D53,2024-06-01,DEPT,,277.0,,
IND-313,D53,2024-07-01,DEPT,,600.0,,
IND-313,D53,2024-08-01,DEPT,,1307.0,,
IND-313,D53,2024-09-01,DEPT,,3788.0,,
IND-313,D53,2024-10-01,DEPT,,4003.0,,
IND-313,D53,2024-11-01,DEPT,,4136.0,,0.0
IND-313,D53,2026-12-01,DEPT,,,5075.0,
IND-313,D54,2022-01-01,DEPT,,154.0,,
IND-313,D54,2022-02-01,DEPT,,270.0,,
IND-313,D54,2022-03-01,DEPT,,351.0,,
IND-313,D54,2022-04-01,DEPT,,414.0,,
IND-313,D54,2022-05-01,DEPT,,507.0,,
IND-313,D54,2022-06-01,DEPT,,642.0,,
IND-313,D54,2022-07-01,DEPT,,1181.0,,
IND-313,D54,2022-08-01,DEPT,,2398.0,,
IND-313,D54,2022-09-01,DEPT,,6346.0,,
IND-313,D54,2022-10-01,DEPT,,7203.0,,
IND-313,D54,2022-11-01,DEPT,,7618.0,,
IND-313,D54,2022-12-01,DEPT,7703.0,7878.0,,
IND-313,D54,2023-01-01,DEPT,,186.0,,
IND-313,D54,2023-02-01,DEPT,,304.0,,
IND-313,D54,2023-03-01,DEPT,,425.0,,
IND-313,D54,2023-04-01,DEPT,,507.0,,
IND-313,D54,2023-05-01,DEPT,,581.0,,
IND-313,D54,2023-06-01,DEPT,,688.0,,
IND-313,D54,2023-07-01,DEPT,,1207.0,,
IND-313,D54,2023-08-01,DEPT,,2481.0,,
IND-313,D54,2023-09-01,DEPT,,6469.0,,
IND-313,D54,2023-10-01,DEPT,,7360.0,,
IND-313,D54,2023-11-01,DEPT,,7728.0,,
IND-313,D54,2023-12-01,DEPT,,7966.0,,
IND-313,D54,2024-01-01,DEPT,,202.0,,
IND-313,D54,2024-02-01,DEPT,,343.0,,
IND-313,D54,2024-03-01,DEPT,,463.0,,
IND-313,D54,2024-04-01,DEPT,,583.0,,
IND-313,D54,2024-05-01,DEPT,,678.0,,
IND-313,D54,2024-06-01,DEPT,,789.0,,
IND-313,D54,2024-07-01,DEPT,,1310.0,,
IND-313,D54,2024-08-01,DEPT,,2518.0,,
IND-313,D54,2024-09-01,DEPT,,6663.0,,
IND-313,D54,2024-10-01,DEPT,,7479.0,,
IND-313,D54,2024-11-01,DEPT,,7872.0,,11.27
IND-313,D54,2026-12-01,DEPT,,,9203.0,
IND-313,D55,2022-01-01,DEPT,,31.0,,
IND-313,D55,2022-02-01,DEPT,,53.0,,
IND-313,D55,2022-03-01,DEPT,,73.0,,
IND-313,D55,2022-04-01,DEPT,,86.0,,
IND-313,D55,2022-05-01,DEPT,,96.0,,
IND-313,D55,2022-06-01,DEPT,,130.0,,
IND-313,D55,2022-07-01,DEPT,,277.0,,
IND-313,D55,2022-08-01,DEPT,,496.0,,
IND-313,D55,2022-09-01,DEPT,,1191.0,,
IND-313,D55,2022-10-01,DEPT,,1340.0,,
IND-313,D55,2022-11-01,DEPT,,1410.0,,
IND-313,D55,2022-12-01,DEPT,1474.0,1440.0,,
IND-313,D55,2023-01-01,DEPT,,33.0,,
IND-313,D55,2023-02-01,DEPT,,55.0,,
IND-313,D55,2023-03-01,DEPT,,77.0,,
IND-313,D55,2023-04-01,DEPT,,90.0,,
IND-313,D55,2023-05-01,DEPT,,110.0,,
IND-313,D55,2023-06-01,DEPT,,127.0,,
IND-313,D55,2023-07-01,DEPT,,273.0,,
IND-313,D55,2023-08-01,DEPT,,524.0,,
IND-313,D55,2023-09-01,DEPT,,1218.0,,
IND-313,D55,2023-10-01,DEPT,,1355.0,,
IND-313,D55,2023-11-01,DEPT,,1429.0,,
IND-313,D55,2023-12-01,DEPT,,1469.0,,
IND-313,D55,2024-01-01,DEPT,,32.0,,
IND-313,D55,2024-02-01,DEPT,,51.0,,
IND-313,D55,2024-03-01,DEPT,,68.0,,
IND-313,D55,2024-04-01,DEPT,,92.0,,
IND-313,D55,2024-05-01,DEPT,,108.0,,
IND-313,D55,2024-06-01,DEPT,,126.0,,
IND-313,D55,2024-07-01,DEPT,,264.0,,
IND-313,D55,2024-08-01,DEPT,,437.0,,
IND-313,D55,2024-09-01,DEPT,,1227.0,,
IND-313,D55,2024-10-01,DEPT,,1358.0,,
IND-313,D55,2024-11-01,DEPT,,1425.0,,0.0
IND-313,D55,2026-12-01,DEPT,,,1761.0,
IND-313,D56,2022-01-01,DEPT,,199.0,,
IND-313,D56,2022-02-01,DEPT,,299.0,,
IND-313,D56,2022-03-01,DEPT,,392.0,,
IND-313,D56,2022-04-01,DEPT,,468.0,,
IND-313,D56,2022-05-01,DEPT,,510.0,,
IND-313,D56,2022-06-01,DEPT,,619.0,,
IND-313,D56,2022-07-01,DEPT,,1429.0,,
IND-313,D56,2022-08-01,DEPT,,2589.0,,
IND-313,D56,2022-09-01,DEPT,,6942.0,,
IND-313,D56,2022-10-01,DEPT,,7518.0,,
IND-313,D56,2022-11-01,DEPT,,7820.0,,
IND-313,D56,2022-12-01,DEPT,7887.0,8017.0,,
IND-313,D56,2023-01-01,DEPT,,174.0,,
IND-313,D56,2023-02-01,DEPT,,281.0,,
IND-313,D56,2023-03-01,DEPT,,390.0,,
IND-313,D56,2023-04-01,DEPT,,466.0,,
IND-313,D56,2023-05-01,DEPT,,520.0,,
IND-313,D56,2023-06-01,DEPT,,619.0,,
IND-313,D56,2023-07-01,DEPT,,1268.0,,
IND-313,D56,2023-08-01,DEPT,,2347.0,,
IND-313,D56,2023-09-01,DEPT,,6875.0,,
IND-313,D56,2023-10-01,DEPT,,7522.0,,
IND-313,D56,2023-11-01,DEPT,,7844.0,,
IND-313,D56,2023-12-01,DEPT,,8071.0,,
IND-313,D56,2024-01-01,DEPT,,201.0,,
IND-313,D56,2024-02-01,DEPT,,315.0,,
IND-313,D56,2024-03-01,DEPT,,411.0,,
IND-313,D56,2024-04-01,DEPT,,506.0,,
IND-313,D56,2024-05-01,DEPT,,562.0,,
IND-313,D56,2024-06-01,DEPT,,618.0,,
IND-313,D56,2024-07-01,DEPT,,1228.0,,
IND-313,D56,2024-08-01,DEPT,,2219.0,,
IND-313,D56,2024-09-01,DEPT,,6860.0,,
IND-313,D56,2024-10-01,DEPT,,7404.0,,
IND-313,D56,2024-11-01,DEPT,,7702.0,,0.0
IND-313,D56,2026-12-01,DEPT,,,9423.0,
IND-313,D57,2022-01-01,DEPT,,231.0,,
IND-313,D57,2022-02-01,DEPT,,352.0,,
IND-313,D57,2022-03-01,DEPT,,493.0,,
IND-313,D57,2022-04-01,DEPT,,576.0,,
IND-313,D57,2022-05-01,DEPT,,676.0,,
IND-313,D57,2022-06-01,DEPT,,867.0,,
IND-313,D57,2022-07-01,DEPT,,1611.0,,
IND-313,D57,2022-08-01,DEPT,,3219.0,,
IND-313,D57,2022-09-01,DEPT,,7969.0,,
IND-313,D57,2022-10-01,DEPT,,9021.0,,
IND-313,D57,2022-11-01,DEPT,,9451.0,,
IND-313,D57,2022-12-01,DEPT,9631.0,9766.0,,
IND-313,D57,2023-01-01,DEPT,,211.0,,
IND-313,D57,2023-02-01,DEPT,,383.0,,
IND-313,D57,2023-03-01,DEPT,,538.0,,
IND-313,D57,2023-04-01,DEPT,,649.0,,
IND-313,D57,2023-05-01,DEPT,,754.0,,
IND-313,D57,2023-06-01,DEPT,,877.0,,
IND-313,D57,2023-07-01,DEPT,,1558.0,,
IND-313,D57,2023-08-01,DEPT,,3044.0,,
IND-313,D57,2023-09-01,DEPT,,7792.0,,
IND-313,D57,2023-10-01,DEPT,,8916.0,,
IND-313,D57,2023-11-01,DEPT,,9408.0,,
IND-313,D57,2023-12-01,DEPT,,9747.0,,
IND-313,D57,2024-01-01,DEPT,,219.0,,
IND-313,D57,2024-02-01,DEPT,,393.0,,
IND-313,D57,2024-03-01,DEPT,,552.0,,
IND-313,D57,2024-04-01,DEPT,,690.0,,
IND-313,D57,2024-05-01,DEPT,,775.0,,
IND-313,D57,2024-06-01,DEPT,,905.0,,
IND-313,D57,2024-07-01,DEPT,,1569.0,,
IND-313,D57,2024-08-01,DEPT,,3065.0,,
IND-313,D57,2024-09-01,DEPT,,7869.0,,
IND-313,D57,2024-10-01,DEPT,,8925.0,,
IND-313,D57,2024-11-01,DEPT,,9505.0,,0.0
IND-313,D57,2026-12-01,DEPT,,,11506.0,
IND-313,D58,2022-01-01,DEPT,,30.0,,
IND-313,D58,2022-02-01,DEPT,,56.0,,
IND-313,D58,2022-03-01,DEPT,,69.0,,
IND-313,D58,2022-04-01,DEPT,,97.0,,
IND-313,D58,2022-05-01,DEPT,,113.0,,
IND-313,D58,2022-06-01,DEPT,,157.0,,
IND-313,D58,2022-07-01,DEPT,,299.0,,
IND-313,D58,2022-08-01,DEPT,,600.0,,
IND-313,D58,2022-09-01,DEPT,,1582.0,,
IND-313,D58,2022-10-01,DEPT,,1727.0,,
IND-313,D58,2022-11-01,DEPT,,1827.0,,
IND-313,D58,2022-12-01,DEPT,1943.0,1884.0,,
IND-313,D58,2023-01-01,DEPT,,31.0,,
IND-313,D58,2023-02-01,DEPT,,58.0,,
IND-313,D58,2023-03-01,DEPT,,90.0,,
IND-313,D58,2023-04-01,DEPT,,110.0,,
IND-313,D58,2023-05-01,DEPT,,130.0,,
IND-313,D58,2023-06-01,DEPT,,160.0,,
IND-313,D58,2023-07-01,DEPT,,279.0,,
IND-313,D58,2023-08-01,DEPT,,541.0,,
IND-313,D58,2023-09-01,DEPT,,1574.0,,
IND-313,D58,2023-10-01,DEPT,,1738.0,,
IND-313,D58,2023-11-01,DEPT,,1830.0,,
IND-313,D58,2023-12-01,DEPT,,1882.0,,
IND-313,D58,2024-01-01,DEPT,,44.0,,
IND-313,D58,2024-02-01,DEPT,,72.0,,
IND-313,D58,2024-03-01,DEPT,,92.0,,
IND-313,D58,2024-04-01,DEPT,,121.0,,
IND-313,D58,2024-05-01,DEPT,,139.0,,
IND-313,D58,2024-06-01,DEPT,,164.0,,
IND-313,D58,2024-07-01,DEPT,,279.0,,
IND-313,D58,2024-08-01,DEPT,,537.0,,
IND-313,D58,2024-09-01,DEPT,,1513.0,,
IND-313,D58,2024-10-01,DEPT,,1653.0,,
IND-313,D58,2024-11-01,DEPT,,1735.0,,0.0
IND-313,D58,2026-12-01,DEPT,,,2321.0,
IND-313,D59,2022-01-01,DEPT,,941.0,,
IND-313,D59,2022-02-01,DEPT,,1469.0,,
IND-313,D59,2022-03-01,DEPT,,1992.0,,
IND-313,D59,2022-04-01,DEPT,,2337.0,,
IND-313,D59,2022-05-01,DEPT,,2718.0,,
IND-313,D59,2022-06-01,DEPT,,3412.0,,
IND-313,D59,2022-07-01,DEPT,,5513.0,,
IND-313,D59,2022-08-01,DEPT,,9774.0,,
IND-313,D59,2022-09-01,DEPT,,25307.0,,
IND-313,D59,2022-10-01,DEPT,,28769.0,,
IND-313,D59,2022-11-01,DEPT,,30599.0,,
IND-313,D59,2022-12-01,DEPT,31698.0,31919.0,,
IND-313,D59,2023-01-01,DEPT,,885.0,,
IND-313,D59,2023-02-01,DEPT,,1495.0,,
IND-313,D59,2023-03-01,DEPT,,2042.0,,
IND-313,D59,2023-04-01,DEPT,,2438.0,,
IND-313,D59,2023-05-01,DEPT,,2759.0,,
IND-313,D59,2023-06-01,DEPT,,3375.0,,
IND-313,D59,2023-07-01,DEPT,,5417.0,,
IND-313,D59,2023-08-01,DEPT,,9634.0,,
IND-313,D59,2023-09-01,DEPT,,25341.0,,
IND-313,D59,2023-10-01,DEPT,,28933.0,,
IND-313,D59,2023-11-01,DEPT,,30743.0,,
IND-313,D59,2023-12-01,DEPT,,31910.0,,
IND-313,D59,2024-01-01,DEPT,,1006.0,,
IND-313,D59,2024-02-01,DEPT,,1729.0,,
IND-313,D59,2024-03-01,DEPT,,2299.0,,
IND-313,D59,2024-04-01,DEPT,,2840.0,,
IND-313,D59,2024-05-01,DEPT,,3245.0,,
IND-313,D59,2024-06-01,DEPT,,3923.0,,
IND-313,D59,2024-07-01,DEPT,,5985.0,,
IND-313,D59,2024-08-01,DEPT,,10286.0,,
IND-313,D59,2024-09-01,DEPT,,26968.0,,
IND-313,D59,2024-10-01,DEPT,,30183.0,,
IND-313,D59,2024-11-01,DEPT,,32079.0,,6.17
IND-313,D59,2026-12-01,DEPT,,,37870.0,
IND-313,D60,2022-01-01,DEPT,,202.0,,
IND-313,D60,2022-02-01,DEPT,,321.0,,
IND-313,D60,2022-03-01,DEPT,,425.0,,
IND-313,D60,2022-04-01,DEPT,,492.0,,
IND-313,D60,2022-05-01,DEPT,,580.0,,
IND-313,D60,2022-06-01,DEPT,,698.0,,
IND-313,D60,2022-07-01,DEPT,,1094.0,,
IND-313,D60,2022-08-01,DEPT,,2297.0,,
IND-313,D60,2022-09-01,DEPT,,6111.0,,
IND-313,D60,2022-10-01,DEPT,,6847.0,,
IND-313,D60,2022-11-01,DEPT,,7265.0,,
IND-313,D60,2022-12-01,DEPT,7186.0,7503.0,,
IND-313,D60,2023-01-01,DEPT,,199.0,,
IND-313,D60,2023-02-01,DEPT,,311.0,,
IND-313,D60,2023-03-01,DEPT,,428.0,,
IND-313,D60,2023-04-01,DEPT,,535.0,,
IND-313,D60,2023-05-01,DEPT,,594.0,,
IND-313,D60,2023-06-01,DEPT,,669.0,,
IND-313,D60,2023-07-01,DEPT,,1023.0,,
IND-313,D60,2023-08-01,DEPT,,2274.0,,
IND-313,D60,2023-09-01,DEPT,,5946.0,,
IND-313,D60,2023-10-01,DEPT,,6848.0,,
IND-313,D60,2023-11-01,DEPT,,7203.0,,
IND-313,D60,2023-12-01,DEPT,,7439.0,,
IND-313,D60,2024-01-01,DEPT,,227.0,,
IND-313,D60,2024-02-01,DEPT,,370.0,,
IND-313,D60,2024-03-01,DEPT,,484.0,,
IND-313,D60,2024-04-01,DEPT,,569.0,,
IND-313,D60,2024-05-01,DEPT,,626.0,,
IND-313,D60,2024-06-01,DEPT,,701.0,,
IND-313,D60,2024-07-01,DEPT,,1086.0,,
IND-313,D60,2024-08-01,DEPT,,2215.0,,
IND-313,D60,2024-09-01,DEPT,,6283.0,,
IND-313,D60,2024-10-01,DEPT,,7060.0,,
IND-313,D60,2024-11-01,DEPT,,7484.0,,21.3
IND-313,D60,2026-12-01,DEPT,,,8585.0,
IND-313,D61,2022-01-01,DEPT,,61.0,,
IND-313,D61,2022-02-01,DEPT,,108.0,,
IND-313,D61,2022-03-01,DEPT,,133.0,,
IND-313,D61,2022-04-01,DEPT,,150.0,,
IND-313,D61,2022-05-01,DEPT,,169.0,,
IND-313,D61,2022-06-01,DEPT,,193.0,,
IND-313,D61,2022-07-01,DEPT,,440.0,,
IND-313,D61,2022-08-01,DEPT,,968.0,,
IND-313,D61,2022-09-01,DEPT,,2500.0,,
IND-313,D61,2022-10-01,DEPT,,2728.0,,
IND-313,D61,2022-11-01,DEPT,,2857.0,,
IND-313,D61,2022-12-01,DEPT,2894.0,2949.0,,
IND-313,D61,2023-01-01,DEPT,,52.0,,
IND-313,D61,2023-02-01,DEPT,,90.0,,
IND-313,D61,2023-03-01,DEPT,,119.0,,
IND-313,D61,2023-04-01,DEPT,,140.0,,
IND-313,D61,2023-05-01,DEPT,,149.0,,
IND-313,D61,2023-06-01,DEPT,,171.0,,
IND-313,D61,2023-07-01,DEPT,,397.0,,
IND-313,D61,2023-08-01,DEPT,,917.0,,
IND-313,D61,2023-09-01,DEPT,,2537.0,,
IND-313,D61,2023-10-01,DEPT,,2764.0,,
IND-313,D61,2023-11-01,DEPT,,2883.0,,
IND-313,D61,2023-12-01,DEPT,,2948.0,,
IND-313,D61,2024-01-01,DEPT,,47.0,,
IND-313,D61,2024-02-01,DEPT,,107.0,,
IND-313,D61,2024-03-01,DEPT,,138.0,,
IND-313,D61,2024-04-01,DEPT,,163.0,,
IND-313,D61,2024-05-01,DEPT,,182.0,,
IND-313,D61,2024-06-01,DEPT,,193.0,,
IND-313,D61,2024-07-01,DEPT,,389.0,,
IND-313,D61,2024-08-01,DEPT,,848.0,,
IND-313,D61,2024-09-01,DEPT,,2522.0,,
IND-313,D61,2024-10-01,DEPT,,2737.0,,
IND-313,D61,2024-11-01,DEPT,,2844.0,,0.0
IND-313,D61,2026-12-01,DEPT,,,3457.0,
IND-313,D62,2022-01-01,DEPT,,332.0,,
IND-313,D62,2022-02-01,DEPT,,588.0,,
IND-313,D62,2022-03-01,DEPT,,767.0,,
IND-313,D62,2022-04-01,DEPT,,929.0,,
IND-313,D62,2022-05-01,DEPT,,1088.0,,
IND-313,D62,2022-06-01,DEPT,,1404.0,,
IND-313,D62,2022-07-01,DEPT,,2637.0,,
IND-313,D62,2022-08-01,DEPT,,4443.0,,
IND-313,D62,2022-09-01,DEPT,,10488.0,,
IND-313,D62,2022-10-01,DEPT,,11913.0,,
IND-313,D62,2022-11-01,DEPT,,12740.0,,
IND-313,D62,2022-12-01,DEPT,12945.0,13256.0,,
IND-313,D62,2023-01-01,DEPT,,332.0,,
IND-313,D62,2023-02-01,DEPT,,539.0,,
IND-313,D62,2023-03-01,DEPT,,746.0,,
IND-313,D62,2023-04-01,DEPT,,913.0,,
IND-313,D62,2023-05-01,DEPT,,1078.0,,
IND-313,D62,2023-06-01,DEPT,,1339.0,,
IND-313,D62,2023-07-01,DEPT,,2650.0,,
IND-313,D62,2023-08-01,DEPT,,4435.0,,
IND-313,D62,2023-09-01,DEPT,,11051.0,,
IND-313,D62,2023-10-01,DEPT,,12447.0,,
IND-313,D62,2023-11-01,DEPT,,13253.0,,
IND-313,D62,2023-12-01,DEPT,,13717.0,,
IND-313,D62,2024-01-01,DEPT,,414.0,,
IND-313,D62,2024-02-01,DEPT,,739.0,,
IND-313,D62,2024-03-01,DEPT,,1014.0,,
IND-313,D62,2024-04-01,DEPT,,1250.0,,
IND-313,D62,2024-05-01,DEPT,,1438.0,,
IND-313,D62,2024-06-01,DEPT,,1752.0,,
IND-313,D62,2024-07-01,DEPT,,3061.0,,
IND-313,D62,2024-08-01,DEPT,,4888.0,,
IND-313,D62,2024-09-01,DEPT,,11595.0,,
IND-313,D62,2024-10-01,DEPT,,12950.0,,
IND-313,D62,2024-11-01,DEPT,,13796.0,,33.77
IND-313,D62,2026-12-01,DEPT,,,15465.0,
IND-313,D63,2022-01-01,DEPT,,142.0,,
IND-313,D63,2022-02-01,DEPT,,238.0,,
IND-313,D63,2022-03-01,DEPT,,313.0,,
IND-313,D63,2022-04-01,DEPT,,381.0,,
IND-313,D63,2022-05-01,DEPT,,438.0,,
IND-313,D63,2022-06-01,DEPT,,530.0,,
IND-313,D63,2022-07-01,DEPT,,993.0,,
IND-313,D63,2022-08-01,DEPT,,2078.0,,
IND-313,D63,2022-09-01,DEPT,,6193.0,,
IND-313,D63,2022-10-01,DEPT,,6847.0,,
IND-313,D63,2022-11-01,DEPT,,7180.0,,
IND-313,D63,2022-12-01,DEPT,7414.0,7366.0,,
IND-313,D63,2023-01-01,DEPT,,140.0,,
IND-313,D63,2023-02-01,DEPT,,222.0,,
IND-313,D63,2023-03-01,DEPT,,310.0,,
IND-313,D63,2023-04-01,DEPT,,403.0,,
IND-313,D63,2023-05-01,DEPT,,464.0,,
IND-313,D63,2023-06-01,DEPT,,548.0,,
IND-313,D63,2023-07-01,DEPT,,987.0,,
IND-313,D63,2023-08-01,DEPT,,2024.0,,
IND-313,D63,2023-09-01,DEPT,,6164.0,,
IND-313,D63,2023-10-01,DEPT,,6831.0,,
IND-313,D63,2023-11-01,DEPT,,7131.0,,
IND-313,D63,2023-12-01,DEPT,,7310.0,,
IND-313,D63,2024-01-01,DEPT,,182.0,,
IND-313,D63,2024-02-01,DEPT,,316.0,,
IND-313,D63,2024-03-01,DEPT,,413.0,,
IND-313,D63,2024-04-01,DEPT,,492.0,,
IND-313,D63,2024-05-01,DEPT,,573.0,,
IND-313,D63,2024-06-01,DEPT,,665.0,,
IND-313,D63,2024-07-01,DEPT,,1087.0,,
IND-313,D63,2024-08-01,DEPT,,2031.0,,
IND-313,D63,2024-09-01,DEPT,,6449.0,,
IND-313,D63,2024-10-01,DEPT,,6994.0,,
IND-313,D63,2024-11-01,DEPT,,7318.0,,0.0
IND-313,D63,2026-12-01,DEPT,,,8858.0,
IND-313,D64,2022-01-01,DEPT,,207.0,,
IND-313,D64,2022-02-01,DEPT,,376.0,,
IND-313,D64,2022-03-01,DEPT,,515.0,,
IND-313,D64,2022-04-01,DEPT,,618.0,,
IND-313,D64,2022-05-01,DEPT,,692.0,,
IND-313,D64,2022-06-01,DEPT,,851.0,,
IND-313,D64,2022-07-01,DEPT,,1310.0,,
IND-313,D64,2022-08-01,DEPT,,2197.0,,
IND-313,D64,2022-09-01,DEPT,,6217.0,,
IND-313,D64,2022-10-01,DEPT,,7184.0,,
IND-313,D64,2022-11-01,DEPT,,7579.0,,
IND-313,D64,2022-12-01,DEPT,7879.0,7869.0,,
IND-313,D64,2023-01-01,DEPT,,255.0,,
IND-313,D64,2023-02-01,DEPT,,381.0,,
IND-313,D64,2023-03-01,DEPT,,479.0,,
IND-313,D64,2023-04-01,DEPT,,554.0,,
IND-313,D64,2023-05-01,DEPT,,658.0,,
IND-313,D64,2023-06-01,DEPT,,776.0,,
IND-313,D64,2023-07-01,DEPT,,1225.0,,
IND-313,D64,2023-08-01,DEPT,,2017.0,,
IND-313,D64,2023-09-01,DEPT,,5868.0,,
IND-313,D64,2023-10-01,DEPT,,6875.0,,
IND-313,D64,2023-11-01,DEPT,,7250.0,,
IND-313,D64,2023-12-01,DEPT,,7498.0,,
IND-313,D64,2024-01-01,DEPT,,288.0,,
IND-313,D64,2024-02-01,DEPT,,430.0,,
IND-313,D64,2024-03-01,DEPT,,538.0,,
IND-313,D64,2024-04-01,DEPT,,642.0,,
IND-313,D64,2024-05-01,DEPT,,712.0,,
IND-313,D64,2024-06-01,DEPT,,814.0,,
IND-313,D64,2024-07-01,DEPT,,1232.0,,
IND-313,D64,2024-08-01,DEPT,,2138.0,,
IND-313,D64,2024-09-01,DEPT,,6062.0,,
IND-313,D64,2024-10-01,DEPT,,6860.0,,
IND-313,D64,2024-11-01,DEPT,,7259.0,,0.0
IND-313,D64,2026-12-01,DEPT,,,9413.0,
IND-313,D65,2022-01-01,DEPT,,76.0,,
IND-313,D65,2022-02-01,DEPT,,112.0,,
IND-313,D65,2022-03-01,DEPT,,136.0,,
IND-313,D65,2022-04-01,DEPT,,161.0,,
IND-313,D65,2022-05-01,DEPT,,178.0,,
IND-313,D65,2022-06-01,DEPT,,205.0,,
IND-313,D65,2022-07-01,DEPT,,337.0,,
IND-313,D65,2022-08-01,DEPT,,627.0,,
IND-313,D65,2022-09-01,DEPT,,1611.0,,
IND-313,D65,2022-10-01,DEPT,,1876.0,,
IND-313,D65,2022-11-01,DEPT,,1985.0,,
IND-313,D65,2022-12-01,DEPT,2005.0,2054.0,,
IND-313,D65,2023-01-01,DEPT,,80.0,,
IND-313,D65,2023-02-01,DEPT,,114.0,,
IND-313,D65,2023-03-01,DEPT,,143.0,,
IND-313,D65,2023-04-01,DEPT,,183.0,,
IND-313,D65,2023-05-01,DEPT,,197.0,,
IND-313,D65,2023-06-01,DEPT,,227.0,,
IND-313,D65,2023-07-01,DEPT,,354.0,,
IND-313,D65,2023-08-01,DEPT,,592.0,,
IND-313,D65,2023-09-01,DEPT,,1611.0,,
IND-313,D65,2023-10-01,DEPT,,1908.0,,
IND-313,D65,2023-11-01,DEPT,,2024.0,,
IND-313,D65,2023-12-01,DEPT,,2109.0,,
IND-313,D65,2024-01-01,DEPT,,75.0,,
IND-313,D65,2024-02-01,DEPT,,105.0,,
IND-313,D65,2024-03-01,DEPT,,139.0,,
IND-313,D65,2024-04-01,DEPT,,170.0,,
IND-313,D65,2024-05-01,DEPT,,188.0,,
IND-313,D65,2024-06-01,DEPT,,211.0,,
IND-313,D65,2024-07-01,DEPT,,334.0,,
IND-313,D65,2024-08-01,DEPT,,628.0,,
IND-313,D65,2024-09-01,DEPT,,1782.0,,
IND-313,D65,2024-10-01,DEPT,,1993.0,,
IND-313,D65,2024-11-01,DEPT,,2109.0,,26.67
IND-313,D65,2026-12-01,DEPT,,,2395.0,
IND-313,D66,2022-01-01,DEPT,,264.0,,
IND-313,D66,2022-02-01,DEPT,,582.0,,
IND-313,D66,2022-03-01,DEPT,,801.0,,
IND-313,D66,2022-04-01,DEPT,,1010.0,,
IND-313,D66,2022-05-01,DEPT,,1126.0,,
IND-313,D66,2022-06-01,DEPT,,1372.0,,
IND-313,D66,2022-07-01,DEPT,,1964.0,,
IND-313,D66,2022-08-01,DEPT,,2576.0,,
IND-313,D66,2022-09-01,DEPT,,4993.0,,
IND-313,D66,2022-10-01,DEPT,,5867.0,,
IND-313,D66,2022-11-01,DEPT,,6318.0,,
IND-313,D66,2022-12-01,DEPT,6568.0,6657.0,,
IND-313,D66,2023-01-01,DEPT,,257.0,,
IND-313,D66,2023-02-01,DEPT,,586.0,,
IND-313,D66,2023-03-01,DEPT,,808.0,,
IND-313,D66,2023-04-01,DEPT,,951.0,,
IND-313,D66,2023-05-01,DEPT,,1078.0,,
IND-313,D66,2023-06-01,DEPT,,1280.0,,
IND-313,D66,2023-07-01,DEPT,,1807.0,,
IND-313,D66,2023-08-01,DEPT,,2484.0,,
IND-313,D66,2023-09-01,DEPT,,4969.0,,
IND-313,D66,2023-10-01,DEPT,,5781.0,,
IND-313,D66,2023-11-01,DEPT,,6196.0,,
IND-313,D66,2023-12-01,DEPT,,6487.0,,
IND-313,D66,2024-01-01,DEPT,,263.0,,
IND-313,D66,2024-02-01,DEPT,,614.0,,
IND-313,D66,2024-03-01,DEPT,,818.0,,
IND-313,D66,2024-04-01,DEPT,,1089.0,,
IND-313,D66,2024-05-01,DEPT,,1242.0,,
IND-313,D66,2024-06-01,DEPT,,1431.0,,
IND-313,D66,2024-07-01,DEPT,,1997.0,,
IND-313,D66,2024-08-01,DEPT,,2681.0,,
IND-313,D66,2024-09-01,DEPT,,5412.0,,
IND-313,D66,2024-10-01,DEPT,,6122.0,,
IND-313,D66,2024-11-01,DEPT,,6564.0,,0.0
IND-313,D66,2026-12-01,DEPT,,,7847.0,
IND-313,D67,2022-01-01,DEPT,,280.0,,
IND-313,D67,2022-02-01,DEPT,,427.0,,
IND-313,D67,2022-03-01,DEPT,,609.0,,
IND-313,D67,2022-04-01,DEPT,,705.0,,
IND-313,D67,2022-05-01,DEPT,,785.0,,
IND-313,D67,2022-06-01,DEPT,,995.0,,
IND-313,D67,2022-07-01,DEPT,,1964.0,,
IND-313,D67,2022-08-01,DEPT,,5001.0,,
IND-313,D67,2022-09-01,DEPT,,12697.0,,
IND-313,D67,2022-10-01,DEPT,,14040.0,,
IND-313,D67,2022-11-01,DEPT,,14620.0,,
IND-313,D67,2022-12-01,DEPT,13703.0,14965.0,,
IND-313,D67,2023-01-01,DEPT,,292.0,,
IND-313,D67,2023-02-01,DEPT,,443.0,,
IND-313,D67,2023-03-01,DEPT,,589.0,,
IND-313,D67,2023-04-01,DEPT,,740.0,,
IND-313,D67,2023-05-01,DEPT,,828.0,,
IND-313,D67,2023-06-01,DEPT,,1018.0,,
IND-313,D67,2023-07-01,DEPT,,1888.0,,
IND-313,D67,2023-08-01,DEPT,,4639.0,,
IND-313,D67,2023-09-01,DEPT,,12723.0,,
IND-313,D67,2023-10-01,DEPT,,14008.0,,
IND-313,D67,2023-11-01,DEPT,,14670.0,,
IND-313,D67,2023-12-01,DEPT,,15077.0,,
IND-313,D67,2024-01-01,DEPT,,339.0,,
IND-313,D67,2024-02-01,DEPT,,561.0,,
IND-313,D67,2024-03-01,DEPT,,719.0,,
IND-313,D67,2024-04-01,DEPT,,883.0,,
IND-313,D67,2024-05-01,DEPT,,1022.0,,
IND-313,D67,2024-06-01,DEPT,,1193.0,,
IND-313,D67,2024-07-01,DEPT,,2011.0,,
IND-313,D67,2024-08-01,DEPT,,4659.0,,
IND-313,D67,2024-09-01,DEPT,,12995.0,,
IND-313,D67,2024-10-01,DEPT,,14201.0,,
IND-313,D67,2024-11-01,DEPT,,14919.0,,45.58
IND-313,D67,2026-12-01,DEPT,,,16371.0,
IND-313,D68,2022-01-01,DEPT,,179.0,,
IND-313,D68,2022-02-01,DEPT,,257.0,,
IND-313,D68,2022-03-01,DEPT,,325.0,,
IND-313,D68,2022-04-01,DEPT,,382.0,,
IND-313,D68,2022-05-01,DEPT,,437.0,,
IND-313,D68,2022-06-01,DEPT,,575.0,,
IND-313,D68,2022-07-01,DEPT,,1044.0,,
IND-313,D68,2022-08-01,DEPT,,2672.0,,
IND-313,D68,2022-09-01,DEPT,,6929.0,,
IND-313,D68,2022-10-01,DEPT,,7576.0,,
IND-313,D68,2022-11-01,DEPT,,7944.0,,
IND-313,D68,2022-12-01,DEPT,8020.0,8209.0,,
IND-313,D68,2023-01-01,DEPT,,136.0,,
IND-313,D68,2023-02-01,DEPT,,239.0,,
IND-313,D68,2023-03-01,DEPT,,330.0,,
IND-313,D68,2023-04-01,DEPT,,385.0,,
IND-313,D68,2023-05-01,DEPT,,437.0,,
IND-313,D68,2023-06-01,DEPT,,535.0,,
IND-313,D68,2023-07-01,DEPT,,1069.0,,
IND-313,D68,2023-08-01,DEPT,,2498.0,,
IND-313,D68,2023-09-01,DEPT,,6813.0,,
IND-313,D68,2023-10-01,DEPT,,7520.0,,
IND-313,D68,2023-11-01,DEPT,,7922.0,,
IND-313,D68,2023-12-01,DEPT,,8246.0,,
IND-313,D68,2024-01-01,DEPT,,171.0,,
IND-313,D68,2024-02-01,DEPT,,331.0,,
IND-313,D68,2024-03-01,DEPT,,417.0,,
IND-313,D68,2024-04-01,DEPT,,528.0,,
IND-313,D68,2024-05-01,DEPT,,584.0,,
IND-313,D68,2024-06-01,DEPT,,676.0,,
IND-313,D68,2024-07-01,DEPT,,1184.0,,
IND-313,D68,2024-08-01,DEPT,,2621.0,,
IND-313,D68,2024-09-01,DEPT,,6869.0,,
IND-313,D68,2024-10-01,DEPT,,7507.0,,
IND-313,D68,2024-11-01,DEPT,,7871.0,,0.0
IND-313,D68,2026-12-01,DEPT,,,9582.0,
IND-313,D69,2022-01-01,DEPT,,884.0,,
IND-313,D69,2022-02-01,DEPT,,1369.0,,
IND-313,D69,2022-03-01,DEPT,,1785.0,,
IND-313,D69,2022-04-01,DEPT,,2060.0,,
IND-313,D69,2022-05-01,DEPT,,2311.0,,
IND-313,D69,2022-06-01,DEPT,,2702.0,,
IND-313,D69,2022-07-01,DEPT,,4255.0,,
IND-313,D69,2022-08-01,DEPT,,9540.0,,
IND-313,D69,2022-09-01,DEPT,,29464.0,,
IND-313,D69,2022-10-01,DEPT,,33417.0,,
IND-313,D69,2022-11-01,DEPT,,35091.0,,
IND-313,D69,2022-12-01,DEPT,36452.0,36128.0,,
IND-313,D69,2023-01-01,DEPT,,933.0,,
IND-313,D69,2023-02-01,DEPT,,1454.0,,
IND-313,D69,2023-03-01,DEPT,,1925.0,,
IND-313,D69,2023-04-01,DEPT,,2267.0,,
IND-313,D69,2023-05-01,DEPT,,2540.0,,
IND-313,D69,2023-06-01,DEPT,,2931.0,,
IND-313,D69,2023-07-01,DEPT,,4468.0,,
IND-313,D69,2023-08-01,DEPT,,9333.0,,
IND-313,D69,2023-09-01,DEPT,,28945.0,,
IND-313,D69,2023-10-01,DEPT,,33080.0,,
IND-313,D69,2023-11-01,DEPT,,34679.0,,
IND-313,D69,2023-12-01,DEPT,,35642.0,,
IND-313,D69,2024-01-01,DEPT,,1034.0,,
IND-313,D69,2024-02-01,DEPT,,1683.0,,
IND-313,D69,2024-03-01,DEPT,,2262.0,,
IND-313,D69,2024-04-01,DEPT,,2668.0,,
IND-313,D69,2024-05-01,DEPT,,2946.0,,
IND-313,D69,2024-06-01,DEPT,,3306.0,,
IND-313,D69,2024-07-01,DEPT,,4735.0,,
IND-313,D69,2024-08-01,DEPT,,9275.0,,
IND-313,D69,2024-09-01,DEPT,,29754.0,,
IND-313,D69,2024-10-01,DEPT,,33258.0,,
IND-313,D69,2024-11-01,DEPT,,34981.0,,0.0
IND-313,D69,2026-12-01,DEPT,,,43549.0,
IND-313,D70,2022-01-01,DEPT,,36.0,,
IND-313,D70,2022-02-01,DEPT,,55.0,,
IND-313,D70,2022-03-01,DEPT,,74.0,,
IND-313,D70,2022-04-01,DEPT,,101.0,,
IND-313,D70,2022-05-01,DEPT,,112.0,,
IND-313,D70,2022-06-01,DEPT,,140.0,,
IND-313,D70,2022-07-01,DEPT,,315.0,,
IND-313,D70,2022-08-01,DEPT,,742.0,,
IND-313,D70,2022-09-01,DEPT,,1771.0,,
IND-313,D70,2022-10-01,DEPT,,1948.0,,
IND-313,D70,2022-11-01,DEPT,,2029.0,,
IND-313,D70,2022-12-01,DEPT,2075.0,2078.0,,
IND-313,D70,2023-01-01,DEPT,,38.0,,
IND-313,D70,2023-02-01,DEPT,,53.0,,
IND-313,D70,2023-03-01,DEPT,,75.0,,
IND-313,D70,2023-04-01,DEPT,,86.0,,
IND-313,D70,2023-05-01,DEPT,,101.0,,
IND-313,D70,2023-06-01,DEPT,,130.0,,
IND-313,D70,2023-07-01,DEPT,,292.0,,
IND-313,D70,2023-08-01,DEPT,,691.0,,
IND-313,D70,2023-09-01,DEPT,,1835.0,,
IND-313,D70,2023-10-01,DEPT,,2004.0,,
IND-313,D70,2023-11-01,DEPT,,2119.0,,
IND-313,D70,2023-12-01,DEPT,,2176.0,,
IND-313,D70,2024-01-01,DEPT,,37.0,,
IND-313,D70,2024-02-01,DEPT,,72.0,,
IND-313,D70,2024-03-01,DEPT,,99.0,,
IND-313,D70,2024-04-01,DEPT,,126.0,,
IND-313,D70,2024-05-01,DEPT,,138.0,,
IND-313,D70,2024-06-01,DEPT,,158.0,,
IND-313,D70,2024-07-01,DEPT,,285.0,,
IND-313,D70,2024-08-01,DEPT,,617.0,,
IND-313,D70,2024-09-01,DEPT,,1702.0,,
IND-313,D70,2024-10-01,DEPT,,1879.0,,
IND-313,D70,2024-11-01,DEPT,,1964.0,,0.0
IND-313,D70,2026-12-01,DEPT,,,2479.0,
IND-313,D71,2022-01-01,DEPT,,82.0,,
IND-313,D71,2022-02-01,DEPT,,146.0,,
IND-313,D71,2022-03-01,DEPT,,203.0,,
IND-313,D71,2022-04-01,DEPT,,235.0,,
IND-313,D71,2022-05-01,DEPT,,279.0,,
IND-313,D71,2022-06-01,DEPT,,348.0,,
IND-313,D71,2022-07-01,DEPT,,874.0,,
IND-313,D71,2022-08-01,DEPT,,1816.0,,
IND-313,D71,2022-09-01,DEPT,,4680.0,,
IND-313,D71,2022-10-01,DEPT,,5083.0,,
IND-313,D71,2022-11-01,DEPT,,5314.0,,
IND-313,D71,2022-12-01,DEPT,5144.0,5448.0,,
IND-313,D71,2023-01-01,DEPT,,123.0,,
IND-313,D71,2023-02-01,DEPT,,196.0,,
IND-313,D71,2023-03-01,DEPT,,274.0,,
IND-313,D71,2023-04-01,DEPT,,346.0,,
IND-313,D71,2023-05-01,DEPT,,385.0,,
IND-313,D71,2023-06-01,DEPT,,431.0,,
IND-313,D71,2023-07-01,DEPT,,876.0,,
IND-313,D71,2023-08-01,DEPT,,1844.0,,
IND-313,D71,2023-09-01,DEPT,,4597.0,,
IND-313,D71,2023-10-01,DEPT,,5013.0,,
IND-313,D71,2023-11-01,DEPT,,5219.0,,
IND-313,D71,2023-12-01,DEPT,,5335.0,,
IND-313,D71,2024-01-01,DEPT,,111.0,,
IND-313,D71,2024-02-01,DEPT,,186.0,,
IND-313,D71,2024-03-01,DEPT,,262.0,,
IND-313,D71,2024-04-01,DEPT,,310.0,,
IND-313,D71,2024-05-01,DEPT,,362.0,,
IND-313,D71,2024-06-01,DEPT,,422.0,,
IND-313,D71,2024-07-01,DEPT,,876.0,,
IND-313,D71,2024-08-01,DEPT,,1775.0,,
IND-313,D71,2024-09-01,DEPT,,4741.0,,
IND-313,D71,2024-10-01,DEPT,,5152.0,,
IND-313,D71,2024-11-01,DEPT,,5342.0,,19.76
IND-313,D71,2026-12-01,DEPT,,,6146.0,
IND-313,D72,2022-01-01,DEPT,,119.0,,
IND-313,D72,2022-02-01,DEPT,,186.0,,
IND-313,D72,2022-03-01,DEPT,,279.0,,
IND-313,D72,2022-04-01,DEPT,,342.0,,
IND-313,D72,2022-05-01,DEPT,,379.0,,
IND-313,D72,2022-06-01,DEPT,,477.0,,
IND-313,D72,2022-07-01,DEPT,,1039.0,,
IND-313,D72,2022-08-01,DEPT,,2341.0,,
IND-313,D72,2022-09-01,DEPT,,5739.0,,
IND-313,D72,2022-10-01,DEPT,,6239.0,,
IND-313,D72,2022-11-01,DEPT,,6509.0,,
IND-313,D72,2022-12-01,DEPT,6576.0,6660.0,,
IND-313,D72,2023-01-01,DEPT,,137.0,,
IND-313,D72,2023-02-01,DEPT,,227.0,,
IND-313,D72,2023-03-01,DEPT,,289.0,,
IND-313,D72,2023-04-01,DEPT,,358.0,,
IND-313,D72,2023-05-01,DEPT,,394.0,,
IND-313,D72,2023-06-01,DEPT,,464.0,,
IND-313,D72,2023-07-01,DEPT,,1024.0,,
IND-313,D72,2023-08-01,DEPT,,2300.0,,
IND-313,D72,2023-09-01,DEPT,,5860.0,,
IND-313,D72,2023-10-01,DEPT,,6351.0,,
IND-313,D72,2023-11-01,DEPT,,6591.0,,
IND-313,D72,2023-12-01,DEPT,,6716.0,,
IND-313,D72,2024-01-01,DEPT,,130.0,,
IND-313,D72,2024-02-01,DEPT,,207.0,,
IND-313,D72,2024-03-01,DEPT,,263.0,,
IND-313,D72,2024-04-01,DEPT,,355.0,,
IND-313,D72,2024-05-01,DEPT,,401.0,,
IND-313,D72,2024-06-01,DEPT,,468.0,,
IND-313,D72,2024-07-01,DEPT,,1067.0,,
IND-313,D72,2024-08-01,DEPT,,2324.0,,
IND-313,D72,2024-09-01,DEPT,,6189.0,,
IND-313,D72,2024-10-01,DEPT,,6677.0,,
IND-313,D72,2024-11-01,DEPT,,6957.0,,29.77
IND-313,D72,2026-12-01,DEPT,,,7856.0,
IND-313,D73,2022-01-01,DEPT,,76.0,,
IND-313,D73,2022-02-01,DEPT,,135.0,,
IND-313,D73,2022-03-01,DEPT,,190.0,,
IND-313,D73,2022-04-01,DEPT,,230.0,,
IND-313,D73,2022-05-01,DEPT,,273.0,,
IND-313,D73,2022-06-01,DEPT,,341.0,,
IND-313,D73,2022-07-01,DEPT,,657.0,,
IND-313,D73,2022-08-01,DEPT,,1610.0,,
IND-313,D73,2022-09-01,DEPT,,4283.0,,
IND-313,D73,2022-10-01,DEPT,,4756.0,,
IND-313,D73,2022-11-01,DEPT,,5007.0,,
IND-313,D73,2022-12-01,DEPT,5090.0,5139.0,,
IND-313,D73,2023-01-01,DEPT,,88.0,,
IND-313,D73,2023-02-01,DEPT,,150.0,,
IND-313,D73,2023-03-01,DEPT,,214.0,,
IND-313,D73,2023-04-01,DEPT,,264.0,,
IND-313,D73,2023-05-01,DEPT,,302.0,,
IND-313,D73,2023-06-01,DEPT,,355.0,,
IND-313,D73,2023-07-01,DEPT,,689.0,,
IND-313,D73,2023-08-01,DEPT,,1579.0,,
IND-313,D73,2023-09-01,DEPT,,4400.0,,
IND-313,D73,2023-10-01,DEPT,,4884.0,,
IND-313,D73,2023-11-01,DEPT,,5110.0,,
IND-313,D73,2023-12-01,DEPT,,5248.0,,
IND-313,D73,2024-01-01,DEPT,,110.0,,
IND-313,D73,2024-02-01,DEPT,,178.0,,
IND-313,D73,2024-03-01,DEPT,,232.0,,
IND-313,D73,2024-04-01,DEPT,,302.0,,
IND-313,D73,2024-05-01,DEPT,,344.0,,
IND-313,D73,2024-06-01,DEPT,,406.0,,
IND-313,D73,2024-07-01,DEPT,,702.0,,
IND-313,D73,2024-08-01,DEPT,,1537.0,,
IND-313,D73,2024-09-01,DEPT,,4579.0,,
IND-313,D73,2024-10-01,DEPT,,5073.0,,
IND-313,D73,2024-11-01,DEPT,,5328.0,,24.02
IND-313,D73,2026-12-01,DEPT,,,6081.0,
IND-313,D74,2022-01-01,DEPT,,144.0,,
IND-313,D74,2022-02-01,DEPT,,275.0,,
IND-313,D74,2022-03-01,DEPT,,383.0,,
IND-313,D74,2022-04-01,DEPT,,443.0,,
IND-313,D74,2022-05-01,DEPT,,498.0,,
IND-313,D74,2022-06-01,DEPT,,612.0,,
IND-313,D74,2022-07-01,DEPT,,1121.0,,
IND-313,D74,2022-08-01,DEPT,,2882.0,,
IND-313,D74,2022-09-01,DEPT,,7767.0,,
IND-313,D74,2022-10-01,DEPT,,8539.0,,
IND-313,D74,2022-11-01,DEPT,,8885.0,,
IND-313,D74,2022-12-01,DEPT,9299.0,9101.0,,
IND-313,D74,2023-01-01,DEPT,,189.0,,
IND-313,D74,2023-02-01,DEPT,,302.0,,
IND-313,D74,2023-03-01,DEPT,,396.0,,
IND-313,D74,2023-04-01,DEPT,,472.0,,
IND-313,D74,2023-05-01,DEPT,,539.0,,
IND-313,D74,2023-06-01,DEPT,,626.0,,
IND-313,D74,2023-07-01,DEPT,,1102.0,,
IND-313,D74,2023-08-01,DEPT,,3013.0,,
IND-313,D74,2023-09-01,DEPT,,7794.0,,
IND-313,D74,2023-10-01,DEPT,,8534.0,,
IND-313,D74,2023-11-01,DEPT,,8917.0,,
IND-313,D74,2023-12-01,DEPT,,9158.0,,
IND-313,D74,2024-01-01,DEPT,,205.0,,
IND-313,D74,2024-02-01,DEPT,,353.0,,
IND-313,D74,2024-03-01,DEPT,,452.0,,
IND-313,D74,2024-04-01,DEPT,,538.0,,
IND-313,D74,2024-05-01,DEPT,,608.0,,
IND-313,D74,2024-06-01,DEPT,,705.0,,
IND-313,D74,2024-07-01,DEPT,,1194.0,,
IND-313,D74,2024-08-01,DEPT,,2857.0,,
IND-313,D74,2024-09-01,DEPT,,7742.0,,
IND-313,D74,2024-10-01,DEPT,,8430.0,,
IND-313,D74,2024-11-01,DEPT,,8813.0,,0.0
IND-313,D74,2026-12-01,DEPT,,,11110.0,
IND-313,D75,2022-01-01,DEPT,,2779.0,,
IND-313,D75,2022-02-01,DEPT,,4370.0,,
IND-313,D75,2022-03-01,DEPT,,5570.0,,
IND-313,D75,2022-04-01,DEPT,,6373.0,,
IND-313,D75,2022-05-01,DEPT,,7058.0,,
IND-313,D75,2022-06-01,DEPT,,7979.0,,
IND-313,D75,2022-07-01,DEPT,,9755.0,,
IND-313,D75,2022-08-01,DEPT,,15594.0,,
IND-313,D75,2022-09-01,DEPT,,48948.0,,
IND-313,D75,2022-10-01,DEPT,,58789.0,,
IND-313,D75,2022-11-01,DEPT,,63551.0,,
IND-313,D75,2022-12-01,DEPT,76719.0,66687.0,,
IND-313,D75,2023-01-01,DEPT,,2887.0,,
IND-313,D75,2023-02-01,DEPT,,4665.0,,
IND-313,D75,2023-03-01,DEPT,,6199.0,,
IND-313,D75,2023-04-01,DEPT,,7244.0,,
IND-313,D75,2023-05-01,DEPT,,8030.0,,
IND-313,D75,2023-06-01,DEPT,,8935.0,,
IND-313,D75,2023-07-01,DEPT,,10731.0,,
IND-313,D75,2023-08-01,DEPT,,17054.0,,
IND-313,D75,2023-09-01,DEPT,,54071.0,,
IND-313,D75,2023-10-01,DEPT,,64722.0,,
IND-313,D75,2023-11-01,DEPT,,69723.0,,
IND-313,D75,2023-12-01,DEPT,,72903.0,,
IND-313,D75,2024-01-01,DEPT,,3381.0,,
IND-313,D75,2024-02-01,DEPT,,5628.0,,
IND-313,D75,2024-03-01,DEPT,,7448.0,,
IND-313,D75,2024-04-01,DEPT,,8768.0,,
IND-313,D75,2024-05-01,DEPT,,9564.0,,
IND-313,D75,2024-06-01,DEPT,,10591.0,,
IND-313,D75,2024-07-01,DEPT,,12380.0,,
IND-313,D75,2024-08-01,DEPT,,17624.0,,
IND-313,D75,2024-09-01,DEPT,,56608.0,,
IND-313,D75,2024-10-01,DEPT,,65619.0,,
IND-313,D75,2024-11-01,DEPT,,70437.0,,0.0
IND-313,D75,2026-12-01,DEPT,,,91656.0,
IND-313,D76,2022-01-01,DEPT,,282.0,,
IND-313,D76,2022-02-01,DEPT,,524.0,,
IND-313,D76,2022-03-01,DEPT,,702.0,,
IND-313,D76,2022-04-01,DEPT,,849.0,,
IND-313,D76,2022-05-01,DEPT,,951.0,,
IND-313,D76,2022-06-01,DEPT,,1158.0,,
IND-313,D76,2022-07-01,DEPT,,2289.0,,
IND-313,D76,2022-08-01,DEPT,,4869.0,,
IND-313,D76,2022-09-01,DEPT,,12202.0,,
IND-313,D76,2022-10-01,DEPT,,13688.0,,
IND-313,D76,2022-11-01,DEPT,,14269.0,,
IND-313,D76,2022-12-01,DEPT,14484.0,14679.0,,
IND-313,D76,2023-01-01,DEPT,,281.0,,
IND-313,D76,2023-02-01,DEPT,,475.0,,
IND-313,D76,2023-03-01,DEPT,,626.0,,
IND-313,D76,2023-04-01,DEPT,,778.0,,
IND-313,D76,2023-05-01,DEPT,,921.0,,
IND-313,D76,2023-06-01,DEPT,,1137.0,,
IND-313,D76,2023-07-01,DEPT,,2192.0,,
IND-313,D76,2023-08-01,DEPT,,4571.0,,
IND-313,D76,2023-09-01,DEPT,,12407.0,,
IND-313,D76,2023-10-01,DEPT,,13982.0,,
IND-313,D76,2023-11-01,DEPT,,14659.0,,
IND-313,D76,2023-12-01,DEPT,,15076.0,,
IND-313,D76,2024-01-01,DEPT,,388.0,,
IND-313,D76,2024-02-01,DEPT,,594.0,,
IND-313,D76,2024-03-01,DEPT,,798.0,,
IND-313,D76,2024-04-01,DEPT,,955.0,,
IND-313,D76,2024-05-01,DEPT,,1079.0,,
IND-313,D76,2024-06-01,DEPT,,1248.0,,
IND-313,D76,2024-07-01,DEPT,,2284.0,,
IND-313,D76,2024-08-01,DEPT,,4468.0,,
IND-313,D76,2024-09-01,DEPT,,12571.0,,
IND-313,D76,2024-10-01,DEPT,,14001.0,,
IND-313,D76,2024-11-01,DEPT,,14705.0,,7.84
IND-313,D76,2026-12-01,DEPT,,,17304.0,
IND-313,D77,2022-01-01,DEPT,,340.0,,
IND-313,D77,2022-02-01,DEPT,,585.0,,
IND-313,D77,2022-03-01,DEPT,,785.0,,
IND-313,D77,2022-04-01,DEPT,,938.0,,
IND-313,D77,2022-05-01,DEPT,,1103.0,,
IND-313,D77,2022-06-01,DEPT,,1371.0,,
IND-313,D77,2022-07-01,DEPT,,1903.0,,
IND-313,D77,2022-08-01,DEPT,,3196.0,,
IND-313,D77,2022-09-01,DEPT,,9911.0,,
IND-313,D77,2022-10-01,DEPT,,11799.0,,
IND-313,D77,2022-11-01,DEPT,,12646.0,,
IND-313,D77,2022-12-01,DEPT,13018.0,13310.0,,
IND-313,D77,2023-01-01,DEPT,,391.0,,
IND-313,D77,2023-02-01,DEPT,,654.0,,
IND-313,D77,2023-03-01,DEPT,,894.0,,
IND-313,D77,2023-04-01,DEPT,,1089.0,,
IND-313,D77,2023-05-01,DEPT,,1261.0,,
IND-313,D77,2023-06-01,DEPT,,1652.0,,
IND-313,D77,2023-07-01,DEPT,,2218.0,,
IND-313,D77,2023-08-01,DEPT,,3464.0,,
IND-313,D77,2023-09-01,DEPT,,10919.0,,
IND-313,D77,2023-10-01,DEPT,,13014.0,,
IND-313,D77,2023-11-01,DEPT,,13905.0,,
IND-313,D77,2023-12-01,DEPT,,14547.0,,
IND-313,D77,2024-01-01,DEPT,,514.0,,
IND-313,D77,2024-02-01,DEPT,,865.0,,
IND-313,D77,2024-03-01,DEPT,,1203.0,,
IND-313,D77,2024-04-01,DEPT,,1445.0,,
IND-313,D77,2024-05-01,DEPT,,1671.0,,
IND-313,D77,2024-06-01,DEPT,,1983.0,,
IND-313,D77,2024-07-01,DEPT,,2472.0,,
IND-313,D77,2024-08-01,DEPT,,3632.0,,
IND-313,D77,2024-09-01,DEPT,,11565.0,,
IND-313,D77,2024-10-01,DEPT,,13422.0,,
IND-313,D77,2024-11-01,DEPT,,14421.0,,55.35
IND-313,D77,2026-12-01,DEPT,,,15553.0,
IND-313,D78,2022-01-01,DEPT,,448.0,,
IND-313,D78,2022-02-01,DEPT,,724.0,,
IND-313,D78,2022-03-01,DEPT,,897.0,,
IND-313,D78,2022-04-01,DEPT,,1018.0,,
IND-313,D78,2022-05-01,DEPT,,1123.0,,
IND-313,D78,2022-06-01,DEPT,,1289.0,,
IND-313,D78,2022-07-01,DEPT,,1788.0,,
IND-313,D78,2022-08-01,DEPT,,3385.0,,
IND-313,D78,2022-09-01,DEPT,,12219.0,,
IND-313,D78,2022-10-01,DEPT,,14412.0,,
IND-313,D78,2022-11-01,DEPT,,15547.0,,
IND-313,D78,2022-12-01,DEPT,17047.0,16198.0,,
IND-313,D78,2023-01-01,DEPT,,449.0,,
IND-313,D78,2023-02-01,DEPT,,711.0,,
IND-313,D78,2023-03-01,DEPT,,957.0,,
IND-313,D78,2023-04-01,DEPT,,1147.0,,
IND-313,D78,2023-05-01,DEPT,,1249.0,,
IND-313,D78,2023-06-01,DEPT,,1416.0,,
IND-313,D78,2023-07-01,DEPT,,1768.0,,
IND-313,D78,2023-08-01,DEPT,,3337.0,,
IND-313,D78,2023-09-01,DEPT,,12453.0,,
IND-313,D78,2023-10-01,DEPT,,14987.0,,
IND-313,D78,2023-11-01,DEPT,,16042.0,,
IND-313,D78,2023-12-01,DEPT,,16622.0,,
IND-313,D78,2024-01-01,DEPT,,512.0,,
IND-313,D78,2024-02-01,DEPT,,873.0,,
IND-313,D78,2024-03-01,DEPT,,1172.0,,
IND-313,D78,2024-04-01,DEPT,,1425.0,,
IND-313,D78,2024-05-01,DEPT,,1574.0,,
IND-313,D78,2024-06-01,DEPT,,1785.0,,
IND-313,D78,2024-07-01,DEPT,,2244.0,,
IND-313,D78,2024-08-01,DEPT,,3662.0,,
IND-313,D78,2024-09-01,DEPT,,13280.0,,
IND-313,D78,2024-10-01,DEPT,,15455.0,,
IND-313,D78,2024-11-01,DEPT,,16621.0,,0.0
IND-313,D78,2026-12-01,DEPT,,,20366.0,
IND-313,D79,2022-01-01,DEPT,,68.0,,
IND-313,D79,2022-02-01,DEPT,,101.0,,
IND-313,D79,2022-03-01,DEPT,,133.0,,
IND-313,D79,2022-04-01,DEPT,,162.0,,
IND-313,D79,2022-05-01,DEPT,,202.0,,
IND-313,D79,2022-06-01,DEPT,,263.0,,
IND-313,D79,2022-07-01,DEPT,,656.0,,
IND-313,D79,2022-08-01,DEPT,,1356.0,,
IND-313,D79,2022-09-01,DEPT,,3666.0,,
IND-313,D79,2022-10-01,DEPT,,3981.0,,
IND-313,D79,2022-11-01,DEPT,,4154.0,,
IND-313,D79,2022-12-01,DEPT,4275.0,4263.0,,
IND-313,D79,2023-01-01,DEPT,,78.0,,
IND-313,D79,2023-02-01,DEPT,,121.0,,
IND-313,D79,2023-03-01,DEPT,,167.0,,
IND-313,D79,2023-04-01,DEPT,,209.0,,
IND-313,D79,2023-05-01,DEPT,,234.0,,
IND-313,D79,2023-06-01,DEPT,,269.0,,
IND-313,D79,2023-07-01,DEPT,,623.0,,
IND-313,D79,2023-08-01,DEPT,,1387.0,,
IND-313,D79,2023-09-01,DEPT,,3674.0,,
IND-313,D79,2023-10-01,DEPT,,4019.0,,
IND-313,D79,2023-11-01,DEPT,,4191.0,,
IND-313,D79,2023-12-01,DEPT,,4281.0,,
IND-313,D79,2024-01-01,DEPT,,102.0,,
IND-313,D79,2024-02-01,DEPT,,144.0,,
IND-313,D79,2024-03-01,DEPT,,180.0,,
IND-313,D79,2024-04-01,DEPT,,239.0,,
IND-313,D79,2024-05-01,DEPT,,270.0,,
IND-313,D79,2024-06-01,DEPT,,308.0,,
IND-313,D79,2024-07-01,DEPT,,669.0,,
IND-313,D79,2024-08-01,DEPT,,1328.0,,
IND-313,D79,2024-09-01,DEPT,,3742.0,,
IND-313,D79,2024-10-01,DEPT,,4054.0,,
IND-313,D79,2024-11-01,DEPT,,4207.0,,0.0
IND-313,D79,2026-12-01,DEPT,,,5107.0,
IND-313,D80,2022-01-01,DEPT,,133.0,,
IND-313,D80,2022-02-01,DEPT,,215.0,,
IND-313,D80,2022-03-01,DEPT,,278.0,,
IND-313,D80,2022-04-01,DEPT,,318.0,,
IND-313,D80,2022-05-01,DEPT,,354.0,,
IND-313,D80,2022-06-01,DEPT,,435.0,,
IND-313,D80,2022-07-01,DEPT,,869.0,,
IND-313,D80,2022-08-01,DEPT,,1862.0,,
IND-313,D80,2022-09-01,DEPT,,4973.0,,
IND-313,D80,2022-10-01,DEPT,,5615.0,,
IND-313,D80,2022-11-01,DEPT,,5889.0,,
IND-313,D80,2022-12-01,DEPT,6031.0,6162.0,,
IND-313,D80,2023-01-01,DEPT,,106.0,,
IND-313,D80,2023-02-01,DEPT,,187.0,,
IND-313,D80,2023-03-01,DEPT,,252.0,,
IND-313,D80,2023-04-01,DEPT,,302.0,,
IND-313,D80,2023-05-01,DEPT,,361.0,,
IND-313,D80,2023-06-01,DEPT,,421.0,,
IND-313,D80,2023-07-01,DEPT,,837.0,,
IND-313,D80,2023-08-01,DEPT,,1754.0,,
IND-313,D80,2023-09-01,DEPT,,4740.0,,
IND-313,D80,2023-10-01,DEPT,,5380.0,,
IND-313,D80,2023-11-01,DEPT,,5675.0,,
IND-313,D80,2023-12-01,DEPT,,5887.0,,
IND-313,D80,2024-01-01,DEPT,,133.0,,
IND-313,D80,2024-02-01,DEPT,,207.0,,
IND-313,D80,2024-03-01,DEPT,,281.0,,
IND-313,D80,2024-04-01,DEPT,,335.0,,
IND-313,D80,2024-05-01,DEPT,,374.0,,
IND-313,D80,2024-06-01,DEPT,,450.0,,
IND-313,D80,2024-07-01,DEPT,,919.0,,
IND-313,D80,2024-08-01,DEPT,,1786.0,,
IND-313,D80,2024-09-01,DEPT,,5101.0,,
IND-313,D80,2024-10-01,DEPT,,5666.0,,
IND-313,D80,2024-11-01,DEPT,,5991.0,,0.0
IND-313,D80,2026-12-01,DEPT,,,7205.0,
IND-313,D81,2022-01-01,DEPT,,90.0,,
IND-313,D81,2022-02-01,DEPT,,159.0,,
IND-313,D81,2022-03-01,DEPT,,202.0,,
IND-313,D81,2022-04-01,DEPT,,246.0,,
IND-313,D81,2022-05-01,DEPT,,271.0,,
IND-313,D81,2022-06-01,DEPT,,349.0,,
IND-313,D81,2022-07-01,DEPT,,665.0,,
IND-313,D81,2022-08-01,DEPT,,1347.0,,
IND-313,D81,2022-09-01,DEPT,,3081.0,,
IND-313,D81,2022-10-01,DEPT,,3435.0,,
IND-313,D81,2022-11-01,DEPT,,3628.0,,
IND-313,D81,2022-12-01,DEPT,3662.0,3758.0,,
IND-313,D81,2023-01-01,DEPT,,71.0,,
IND-313,D81,2023-02-01,DEPT,,141.0,,
IND-313,D81,2023-03-01,DEPT,,186.0,,
IND-313,D81,2023-04-01,DEPT,,223.0,,
IND-313,D81,2023-05-01,DEPT,,248.0,,
IND-313,D81,2023-06-01,DEPT,,304.0,,
IND-313,D81,2023-07-01,DEPT,,596.0,,
IND-313,D81,2023-08-01,DEPT,,1223.0,,
IND-313,D81,2023-09-01,DEPT,,2991.0,,
IND-313,D81,2023-10-01,DEPT,,3355.0,,
IND-313,D81,2023-11-01,DEPT,,3541.0,,
IND-313,D81,2023-12-01,DEPT,,3707.0,,
IND-313,D81,2024-01-01,DEPT,,93.0,,
IND-313,D81,2024-02-01,DEPT,,148.0,,
IND-313,D81,2024-03-01,DEPT,,210.0,,
IND-313,D81,2024-04-01,DEPT,,267.0,,
IND-313,D81,2024-05-01,DEPT,,303.0,,
IND-313,D81,2024-06-01,DEPT,,363.0,,
IND-313,D81,2024-07-01,DEPT,,667.0,,
IND-313,D81,2024-08-01,DEPT,,1259.0,,
IND-313,D81,2024-09-01,DEPT,,3169.0,,
IND-313,D81,2024-10-01,DEPT,,3520.0,,
IND-313,D81,2024-11-01,DEPT,,3762.0,,14.03
IND-313,D81,2026-12-01,DEPT,,,4375.0,
IND-313,D82,2022-01-01,DEPT,,57.0,,
IND-313,D82,2022-02-01,DEPT,,113.0,,
IND-313,D82,2022-03-01,DEPT,,159.0,,
IND-313,D82,2022-04-01,DEPT,,190.0,,
IND-313,D82,2022-05-01,DEPT,,212.0,,
IND-313,D82,2022-06-01,DEPT,,259.0,,
IND-313,D82,2022-07-01,DEPT,,489.0,,
IND-313,D82,2022-08-01,DEPT,,801.0,,
IND-313,D82,2022-09-01,DEPT,,1952.0,,
IND-313,D82,2022-10-01,DEPT,,2200.0,,
IND-313,D82,2022-11-01,DEPT,,2298.0,,
IND-313,D82,2022-12-01,DEPT,2389.0,2373.0,,
IND-313,D82,2023-01-01,DEPT,,48.0,,
IND-313,D82,2023-02-01,DEPT,,93.0,,
IND-313,D82,2023-03-01,DEPT,,133.0,,
IND-313,D82,2023-04-01,DEPT,,158.0,,
IND-313,D82,2023-05-01,DEPT,,175.0,,
IND-313,D82,2023-06-01,DEPT,,215.0,,
IND-313,D82,2023-07-01,DEPT,,451.0,,
IND-313,D82,2023-08-01,DEPT,,794.0,,
IND-313,D82,2023-09-01,DEPT,,1952.0,,
IND-313,D82,2023-10-01,DEPT,,2205.0,,
IND-313,D82,2023-11-01,DEPT,,2302.0,,
IND-313,D82,2023-12-01,DEPT,,2367.0,,
IND-313,D82,2024-01-01,DEPT,,77.0,,
IND-313,D82,2024-02-01,DEPT,,118.0,,
IND-313,D82,2024-03-01,DEPT,,149.0,,
IND-313,D82,2024-04-01,DEPT,,173.0,,
IND-313,D82,2024-05-01,DEPT,,195.0,,
IND-313,D82,2024-06-01,DEPT,,228.0,,
IND-313,D82,2024-07-01,DEPT,,448.0,,
IND-313,D82,2024-08-01,DEPT,,807.0,,
IND-313,D82,2024-09-01,DEPT,,2054.0,,
IND-313,D82,2024-10-01,DEPT,,2282.0,,
IND-313,D82,2024-11-01,DEPT,,2405.0,,3.44
IND-313,D82,2026-12-01,DEPT,,,2854.0,
IND-313,D83,2022-01-01,DEPT,,449.0,,
IND-313,D83,2022-02-01,DEPT,,761.0,,
IND-313,D83,2022-03-01,DEPT,,1033.0,,
IND-313,D83,2022-04-01,DEPT,,1217.0,,
IND-313,D83,2022-05-01,DEPT,,1392.0,,
IND-313,D83,2022-06-01,DEPT,,1696.0,,
IND-313,D83,2022-07-01,DEPT,,2615.0,,
IND-313,D83,2022-08-01,DEPT,,3750.0,,
IND-313,D83,2022-09-01,DEPT,,8225.0,,
IND-313,D83,2022-10-01,DEPT,,9562.0,,
IND-313,D83,2022-11-01,DEPT,,10293.0,,
IND-313,D83,2022-12-01,DEPT,10874.0,10860.0,,
IND-313,D83,2023-01-01,DEPT,,381.0,,
IND-313,D83,2023-02-01,DEPT,,665.0,,
IND-313,D83,2023-03-01,DEPT,,911.0,,
IND-313,D83,2023-04-01,DEPT,,1107.0,,
IND-313,D83,2023-05-01,DEPT,,1276.0,,
IND-313,D83,2023-06-01,DEPT,,1504.0,,
IND-313,D83,2023-07-01,DEPT,,2440.0,,
IND-313,D83,2023-08-01,DEPT,,3686.0,,
IND-313,D83,2023-09-01,DEPT,,8295.0,,
IND-313,D83,2023-10-01,DEPT,,9764.0,,
IND-313,D83,2023-11-01,DEPT,,10607.0,,
IND-313,D83,2023-12-01,DEPT,,11168.0,,
IND-313,D83,2024-01-01,DEPT,,442.0,,
IND-313,D83,2024-02-01,DEPT,,824.0,,
IND-313,D83,2024-03-01,DEPT,,1122.0,,
IND-313,D83,2024-04-01,DEPT,,1404.0,,
IND-313,D83,2024-05-01,DEPT,,1604.0,,
IND-313,D83,2024-06-01,DEPT,,1832.0,,
IND-313,D83,2024-07-01,DEPT,,2766.0,,
IND-313,D83,2024-08-01,DEPT,,4100.0,,
IND-313,D83,2024-09-01,DEPT,,8857.0,,
IND-313,D83,2024-10-01,DEPT,,10399.0,,
IND-313,D83,2024-11-01,DEPT,,11288.0,,19.56
IND-313,D83,2026-12-01,DEPT,,,12991.0,
IND-313,D84,2022-01-01,DEPT,,142.0,,
IND-313,D84,2022-02-01,DEPT,,256.0,,
IND-313,D84,2022-03-01,DEPT,,376.0,,
IND-313,D84,2022-04-01,DEPT,,445.0,,
IND-313,D84,2022-05-01,DEPT,,511.0,,
IND-313,D84,2022-06-01,DEPT,,641.0,,
IND-313,D84,2022-07-01,DEPT,,1183.0,,
IND-313,D84,2022-08-01,DEPT,,2115.0,,
IND-313,D84,2022-09-01,DEPT,,4991.0,,
IND-313,D84,2022-10-01,DEPT,,5673.0,,
IND-313,D84,2022-11-01,DEPT,,6026.0,,
IND-313,D84,2022-12-01,DEPT,6294.0,6239.0,,
IND-313,D84,2023-01-01,DEPT,,155.0,,
IND-313,D84,2023-02-01,DEPT,,238.0,,
IND-313,D84,2023-03-01,DEPT,,342.0,,
IND-313,D84,2023-04-01,DEPT,,413.0,,
IND-313,D84,2023-05-01,DEPT,,472.0,,
IND-313,D84,2023-06-01,DEPT,,564.0,,
IND-313,D84,2023-07-01,DEPT,,1145.0,,
IND-313,D84,2023-08-01,DEPT,,2091.0,,
IND-313,D84,2023-09-01,DEPT,,5231.0,,
IND-313,D84,2023-10-01,DEPT,,5974.0,,
IND-313,D84,2023-11-01,DEPT,,6371.0,,
IND-313,D84,2023-12-01,DEPT,,6552.0,,
IND-313,D84,2024-01-01,DEPT,,179.0,,
IND-313,D84,2024-02-01,DEPT,,299.0,,
IND-313,D84,2024-03-01,DEPT,,388.0,,
IND-313,D84,2024-04-01,DEPT,,507.0,,
IND-313,D84,2024-05-01,DEPT,,580.0,,
IND-313,D84,2024-06-01,DEPT,,672.0,,
IND-313,D84,2024-07-01,DEPT,,1158.0,,
IND-313,D84,2024-08-01,DEPT,,2054.0,,
IND-313,D84,2024-09-01,DEPT,,5292.0,,
IND-313,D84,2024-10-01,DEPT,,6019.0,,
IND-313,D84,2024-11-01,DEPT,,6401.0,,8.73
IND-313,D84,2026-12-01,DEPT,,,7519.0,
IND-313,D85,2022-01-01,DEPT,,172.0,,
IND-313,D85,2022-02-01,DEPT,,233.0,,
IND-313,D85,2022-03-01,DEPT,,301.0,,
IND-313,D85,2022-04-01,DEPT,,357.0,,
IND-313,D85,2022-05-01,DEPT,,397.0,,
IND-313,D85,2022-06-01,DEPT,,475.0,,
IND-313,D85,2022-07-01,DEPT,,1365.0,,
IND-313,D85,2022-08-01,DEPT,,2790.0,,
IND-313,D85,2022-09-01,DEPT,,8011.0,,
IND-313,D85,2022-10-01,DEPT,,8497.0,,
IND-313,D85,2022-11-01,DEPT,,8784.0,,
IND-313,D85,2022-12-01,DEPT,9011.0,8997.0,,
IND-313,D85,2023-01-01,DEPT,,167.0,,
IND-313,D85,2023-02-01,DEPT,,278.0,,
IND-313,D85,2023-03-01,DEPT,,353.0,,
IND-313,D85,2023-04-01,DEPT,,423.0,,
IND-313,D85,2023-05-01,DEPT,,471.0,,
IND-313,D85,2023-06-01,DEPT,,538.0,,
IND-313,D85,2023-07-01,DEPT,,1382.0,,
IND-313,D85,2023-08-01,DEPT,,2863.0,,
IND-313,D85,2023-09-01,DEPT,,8084.0,,
IND-313,D85,2023-10-01,DEPT,,8576.0,,
IND-313,D85,2023-11-01,DEPT,,8862.0,,
IND-313,D85,2023-12-01,DEPT,,9053.0,,
IND-313,D85,2024-01-01,DEPT,,222.0,,
IND-313,D85,2024-02-01,DEPT,,313.0,,
IND-313,D85,2024-03-01,DEPT,,395.0,,
IND-313,D85,2024-04-01,DEPT,,481.0,,
IND-313,D85,2024-05-01,DEPT,,517.0,,
IND-313,D85,2024-06-01,DEPT,,585.0,,
IND-313,D85,2024-07-01,DEPT,,1406.0,,
IND-313,D85,2024-08-01,DEPT,,2837.0,,
IND-313,D85,2024-09-01,DEPT,,8337.0,,
IND-313,D85,2024-10-01,DEPT,,8783.0,,
IND-313,D85,2024-11-01,DEPT,,9061.0,,2.85
IND-313,D85,2026-12-01,DEPT,,,10765.0,
IND-313,D86,2022-01-01,DEPT,,85.0,,
IND-313,D86,2022-02-01,DEPT,,137.0,,
IND-313,D86,2022-03-01,DEPT,,177.0,,
IND-313,D86,2022-04-01,DEPT,,212.0,,
IND-313,D86,2022-05-01,DEPT,,250.0,,
IND-313,D86,2022-06-01,DEPT,,320.0,,
IND-313,D86,2022-07-01,DEPT,,674.0,,
IND-313,D86,2022-08-01,DEPT,,1463.0,,
IND-313,D86,2022-09-01,DEPT,,4045.0,,
IND-313,D86,2022-10-01,DEPT,,4417.0,,
IND-313,D86,2022-11-01,DEPT,,4613.0,,
IND-313,D86,2022-12-01,DEPT,4529.0,4730.0,,
IND-313,D86,2023-01-01,DEPT,,105.0,,
IND-313,D86,2023-02-01,DEPT,,167.0,,
IND-313,D86,2023-03-01,DEPT,,225.0,,
IND-313,D86,2023-04-01,DEPT,,263.0,,
IND-313,D86,2023-05-01,DEPT,,290.0,,
IND-313,D86,2023-06-01,DEPT,,339.0,,
IND-313,D86,2023-07-01,DEPT,,674.0,,
IND-313,D86,2023-08-01,DEPT,,1418.0,,
IND-313,D86,2023-09-01,DEPT,,3992.0,,
IND-313,D86,2023-10-01,DEPT,,4401.0,,
IND-313,D86,2023-11-01,DEPT,,4591.0,,
IND-313,D86,2023-12-01,DEPT,,4686.0,,
IND-313,D86,2024-01-01,DEPT,,102.0,,
IND-313,D86,2024-02-01,DEPT,,162.0,,
IND-313,D86,2024-03-01,DEPT,,204.0,,
IND-313,D86,2024-04-01,DEPT,,255.0,,
IND-313,D86,2024-05-01,DEPT,,283.0,,
IND-313,D86,2024-06-01,DEPT,,350.0,,
IND-313,D86,2024-07-01,DEPT,,684.0,,
IND-313,D86,2024-08-01,DEPT,,1466.0,,
IND-313,D86,2024-09-01,DEPT,,3996.0,,
IND-313,D86,2024-10-01,DEPT,,4355.0,,
IND-313,D86,2024-11-01,DEPT,,4567.0,,4.31
IND-313,D86,2026-12-01,DEPT,,,5411.0,
IND-313,D87,2022-01-01,DEPT,,64.0,,
IND-313,D87,2022-02-01,DEPT,,118.0,,
IND-313,D87,2022-03-01,DEPT,,179.0,,
IND-313,D87,2022-04-01,DEPT,,216.0,,
IND-313,D87,2022-05-01,DEPT,,236.0,,
IND-313,D87,2022-06-01,DEPT,,308.0,,
IND-313,D87,2022-07-01,DEPT,,568.0,,
IND-313,D87,2022-08-01,DEPT,,1036.0,,
IND-313,D87,2022-09-01,DEPT,,3032.0,,
IND-313,D87,2022-10-01,DEPT,,3363.0,,
IND-313,D87,2022-11-01,DEPT,,3514.0,,
IND-313,D87,2022-12-01,DEPT,3643.0,3632.0,,
IND-313,D87,2023-01-01,DEPT,,77.0,,
IND-313,D87,2023-02-01,DEPT,,130.0,,
IND-313,D87,2023-03-01,DEPT,,179.0,,
IND-313,D87,2023-04-01,DEPT,,216.0,,
IND-313,D87,2023-05-01,DEPT,,232.0,,
IND-313,D87,2023-06-01,DEPT,,266.0,,
IND-313,D87,2023-07-01,DEPT,,511.0,,
IND-313,D87,2023-08-01,DEPT,,994.0,,
IND-313,D87,2023-09-01,DEPT,,2860.0,,
IND-313,D87,2023-10-01,DEPT,,3262.0,,
IND-313,D87,2023-11-01,DEPT,,3457.0,,
IND-313,D87,2023-12-01,DEPT,,3563.0,,
IND-313,D87,2024-01-01,DEPT,,95.0,,
IND-313,D87,2024-02-01,DEPT,,167.0,,
IND-313,D87,2024-03-01,DEPT,,213.0,,
IND-313,D87,2024-04-01,DEPT,,251.0,,
IND-313,D87,2024-05-01,DEPT,,285.0,,
IND-313,D87,2024-06-01,DEPT,,346.0,,
IND-313,D87,2024-07-01,DEPT,,583.0,,
IND-313,D87,2024-08-01,DEPT,,1073.0,,
IND-313,D87,2024-09-01,DEPT,,3017.0,,
IND-313,D87,2024-10-01,DEPT,,3361.0,,
IND-313,D87,2024-11-01,DEPT,,3515.0,,0.0
IND-313,D87,2026-12-01,DEPT,,,4352.0,
IND-313,D88,2022-01-01,DEPT,,54.0,,
IND-313,D88,2022-02-01,DEPT,,99.0,,
IND-313,D88,2022-03-01,DEPT,,138.0,,
IND-313,D88,2022-04-01,DEPT,,168.0,,
IND-313,D88,2022-05-01,DEPT,,192.0,,
IND-313,D88,2022-06-01,DEPT,,250.0,,
IND-313,D88,2022-07-01,DEPT,,659.0,,
IND-313,D88,2022-08-01,DEPT,,1233.0,,
IND-313,D88,2022-09-01,DEPT,,2952.0,,
IND-313,D88,2022-10-01,DEPT,,3259.0,,
IND-313,D88,2022-11-01,DEPT,,3419.0,,
IND-313,D88,2022-12-01,DEPT,3492.0,3522.0,,
IND-313,D88,2023-01-01,DEPT,,87.0,,
IND-313,D88,2023-02-01,DEPT,,129.0,,
IND-313,D88,2023-03-01,DEPT,,171.0,,
IND-313,D88,2023-04-01,DEPT,,188.0,,
IND-313,D88,2023-05-01,DEPT,,221.0,,
IND-313,D88,2023-06-01,DEPT,,263.0,,
IND-313,D88,2023-07-01,DEPT,,654.0,,
IND-313,D88,2023-08-01,DEPT,,1252.0,,
IND-313,D88,2023-09-01,DEPT,,2945.0,,
IND-313,D88,2023-10-01,DEPT,,3324.0,,
IND-313,D88,2023-11-01,DEPT,,3482.0,,
IND-313,D88,2023-12-01,DEPT,,3568.0,,
IND-313,D88,2024-01-01,DEPT,,71.0,,
IND-313,D88,2024-02-01,DEPT,,105.0,,
IND-313,D88,2024-03-01,DEPT,,151.0,,
IND-313,D88,2024-04-01,DEPT,,179.0,,
IND-313,D88,2024-05-01,DEPT,,202.0,,
IND-313,D88,2024-06-01,DEPT,,248.0,,
IND-313,D88,2024-07-01,DEPT,,569.0,,
IND-313,D88,2024-08-01,DEPT,,1108.0,,
IND-313,D88,2024-09-01,DEPT,,2946.0,,
IND-313,D88,2024-10-01,DEPT,,3282.0,,
IND-313,D88,2024-11-01,DEPT,,3445.0,,0.0
IND-313,D88,2026-12-01,DEPT,,,4172.0,
IND-313,D89,2022-01-01,DEPT,,47.0,,
IND-313,D89,2022-02-01,DEPT,,70.0,,
IND-313,D89,2022-03-01,DEPT,,101.0,,
IND-313,D89,2022-04-01,DEPT,,123.0,,
IND-313,D89,2022-05-01,DEPT,,138.0,,
IND-313,D89,2022-06-01,DEPT,,170.0,,
IND-313,D89,2022-07-01,DEPT,,402.0,,
IND-313,D89,2022-08-01,DEPT,,842.0,,
IND-313,D89,2022-09-01,DEPT,,2228.0,,
IND-313,D89,2022-10-01,DEPT,,2437.0,,
IND-313,D89,2022-11-01,DEPT,,2559.0,,
IND-313,D89,2022-12-01,DEPT,2673.0,2643.0,,
IND-313,D89,2023-01-01,DEPT,,45.0,,
IND-313,D89,2023-02-01,DEPT,,80.0,,
IND-313,D89,2023-03-01,DEPT,,115.0,,
IND-313,D89,2023-04-01,DEPT,,140.0,,
IND-313,D89,2023-05-01,DEPT,,157.0,,
IND-313,D89,2023-06-01,DEPT,,188.0,,
IND-313,D89,2023-07-01,DEPT,,444.0,,
IND-313,D89,2023-08-01,DEPT,,869.0,,
IND-313,D89,2023-09-01,DEPT,,2393.0,,
IND-313,D89,2023-10-01,DEPT,,2639.0,,
IND-313,D89,2023-11-01,DEPT,,2761.0,,
IND-313,D89,2023-12-01,DEPT,,2854.0,,
IND-313,D89,2024-01-01,DEPT,,51.0,,
IND-313,D89,2024-02-01,DEPT,,113.0,,
IND-313,D89,2024-03-01,DEPT,,140.0,,
IND-313,D89,2024-04-01,DEPT,,171.0,,
IND-313,D89,2024-05-01,DEPT,,187.0,,
IND-313,D89,2024-06-01,DEPT,,218.0,,
IND-313,D89,2024-07-01,DEPT,,453.0,,
IND-313,D89,2024-08-01,DEPT,,870.0,,
IND-313,D89,2024-09-01,DEPT,,2375.0,,
IND-313,D89,2024-10-01,DEPT,,2628.0,,
IND-313,D89,2024-11-01,DEPT,,2793.0,,23.08
IND-313,D89,2026-12-01,DEPT,,,3193.0,
IND-313,D90,2022-01-01,DEPT,,24.0,,
IND-313,D90,2022-02-01,DEPT,,46.0,,
IND-313,D90,2022-03-01,DEPT,,59.0,,
IND-313,D90,2022-04-01,DEPT,,68.0,,
IND-313,D90,2022-05-01,DEPT,,79.0,,
IND-313,D90,2022-06-01,DEPT,,105.0,,
IND-313,D90,2022-07-01,DEPT,,235.0,,
IND-313,D90,2022-08-01,DEPT,,506.0,,
IND-313,D90,2022-09-01,DEPT,,1165.0,,
IND-313,D90,2022-10-01,DEPT,,1290.0,,
IND-313,D90,2022-11-01,DEPT,,1361.0,,
IND-313,D90,2022-12-01,DEPT,1364.0,1412.0,,
IND-313,D90,2023-01-01,DEPT,,23.0,,
IND-313,D90,2023-02-01,DEPT,,36.0,,
IND-313,D90,2023-03-01,DEPT,,55.0,,
IND-313,D90,2023-04-01,DEPT,,70.0,,
IND-313,D90,2023-05-01,DEPT,,78.0,,
IND-313,D90,2023-06-01,DEPT,,90.0,,
IND-313,D90,2023-07-01,DEPT,,203.0,,
IND-313,D90,2023-08-01,DEPT,,449.0,,
IND-313,D90,2023-09-01,DEPT,,1168.0,,
IND-313,D90,2023-10-01,DEPT,,1302.0,,
IND-313,D90,2023-11-01,DEPT,,1372.0,,
IND-313,D90,2023-12-01,DEPT,,1411.0,,
IND-313,D90,2024-01-01,DEPT,,34.0,,
IND-313,D90,2024-02-01,DEPT,,44.0,,
IND-313,D90,2024-03-01,DEPT,,67.0,,
IND-313,D90,2024-04-01,DEPT,,78.0,,
IND-313,D90,2024-05-01,DEPT,,93.0,,
IND-313,D90,2024-06-01,DEPT,,103.0,,
IND-313,D90,2024-07-01,DEPT,,201.0,,
IND-313,D90,2024-08-01,DEPT,,430.0,,
IND-313,D90,2024-09-01,DEPT,,1139.0,,
IND-313,D90,2024-10-01,DEPT,,1260.0,,
IND-313,D90,2024-11-01,DEPT,,1328.0,,0.0
IND-313,D90,2026-12-01,DEPT,,,1630.0,
IND-313,D91,2022-01-01,DEPT,,371.0,,
IND-313,D91,2022-02-01,DEPT,,612.0,,
IND-313,D91,2022-03-01,DEPT,,809.0,,
IND-313,D91,2022-04-01,DEPT,,939.0,,
IND-313,D91,2022-05-01,DEPT,,1026.0,,
IND-313,D91,2022-06-01,DEPT,,1149.0,,
IND-313,D91,2022-07-01,DEPT,,1530.0,,
IND-313,D91,2022-08-01,DEPT,,2940.0,,
IND-313,D91,2022-09-01,DEPT,,9953.0,,
IND-313,D91,2022-10-01,DEPT,,11891.0,,
IND-313,D91,2022-11-01,DEPT,,12840.0,,
IND-313,D91,2022-12-01,DEPT,14405.0,13457.0,,
IND-313,D91,2023-01-01,DEPT,,391.0,,
IND-313,D91,2023-02-01,DEPT,,647.0,,
IND-313,D91,2023-03-01,DEPT,,846.0,,
IND-313,D91,2023-04-01,DEPT,,1018.0,,
IND-313,D91,2023-05-01,DEPT,,1142.0,,
IND-313,D91,2023-06-01,DEPT,,1285.0,,
IND-313,D91,2023-07-01,DEPT,,1652.0,,
IND-313,D91,2023-08-01,DEPT,,2812.0,,
IND-313,D91,2023-09-01,DEPT,,10134.0,,
IND-313,D91,2023-10-01,DEPT,,12176.0,,
IND-313,D91,2023-11-01,DEPT,,13037.0,,
IND-313,D91,2023-12-01,DEPT,,13590.0,,
IND-313,D91,2024-01-01,DEPT,,550.0,,
IND-313,D91,2024-02-01,DEPT,,872.0,,
IND-313,D91,2024-03-01,DEPT,,1142.0,,
IND-313,D91,2024-04-01,DEPT,,1364.0,,
IND-313,D91,2024-05-01,DEPT,,1522.0,,
IND-313,D91,2024-06-01,DEPT,,1695.0,,
IND-313,D91,2024-07-01,DEPT,,2080.0,,
IND-313,D91,2024-08-01,DEPT,,3158.0,,
IND-313,D91,2024-09-01,DEPT,,11269.0,,
IND-313,D91,2024-10-01,DEPT,,13116.0,,
IND-313,D91,2024-11-01,DEPT,,14069.0,,0.0
IND-313,D91,2026-12-01,DEPT,,,17210.0,
IND-313,D92,2022-01-01,DEPT,,1385.0,,
IND-313,D92,2022-02-01,DEPT,,2113.0,,
IND-313,D92,2022-03-01,DEPT,,2724.0,,
IND-313,D92,2022-04-01,DEPT,,3165.0,,
IND-313,D92,2022-05-01,DEPT,,3452.0,,
IND-313,D92,2022-06-01,DEPT,,3858.0,,
IND-313,D92,2022-07-01,DEPT,,4635.0,,
IND-313,D92,2022-08-01,DEPT,,8093.0,,
IND-313,D92,2022-09-01,DEPT,,29817.0,,
IND-313,D92,2022-10-01,DEPT,,35335.0,,
IND-313,D92,2022-11-01,DEPT,,37777.0,,
IND-313,D92,2022-12-01,DEPT,42050.0,39331.0,,
IND-313,D92,2023-01-01,DEPT,,1539.0,,
IND-313,D92,2023-02-01,DEPT,,2419.0,,
IND-313,D92,2023-03-01,DEPT,,3181.0,,
IND-313,D92,2023-04-01,DEPT,,3637.0,,
IND-313,D92,2023-05-01,DEPT,,3945.0,,
IND-313,D92,2023-06-01,DEPT,,4313.0,,
IND-313,D92,2023-07-01,DEPT,,5024.0,,
IND-313,D92,2023-08-01,DEPT,,8453.0,,
IND-313,D92,2023-09-01,DEPT,,31878.0,,
IND-313,D92,2023-10-01,DEPT,,38034.0,,
IND-313,D92,2023-11-01,DEPT,,40590.0,,
IND-313,D92,2023-12-01,DEPT,,41964.0,,
IND-313,D92,2024-01-01,DEPT,,1671.0,,
IND-313,D92,2024-02-01,DEPT,,2672.0,,
IND-313,D92,2024-03-01,DEPT,,3439.0,,
IND-313,D92,2024-04-01,DEPT,,4055.0,,
IND-313,D92,2024-05-01,DEPT,,4368.0,,
IND-313,D92,2024-06-01,DEPT,,4777.0,,
IND-313,D92,2024-07-01,DEPT,,5581.0,,
IND-313,D92,2024-08-01,DEPT,,8652.0,,
IND-313,D92,2024-09-01,DEPT,,33999.0,,
IND-313,D92,2024-10-01,DEPT,,39123.0,,
IND-313,D92,2024-11-01,DEPT,,41627.0,,0.0
IND-313,D92,2026-12-01,DEPT,,,50237.0,
IND-313,D93,2022-01-01,DEPT,,639.0,,
IND-313,D93,2022-02-01,DEPT,,1076.0,,
IND-313,D93,2022-03-01,DEPT,,1392.0,,
IND-313,D93,2022-04-01,DEPT,,1586.0,,
IND-313,D93,2022-05-01,DEPT,,1789.0,,
IND-313,D93,2022-06-01,DEPT,,2064.0,,
IND-313,D93,2022-07-01,DEPT,,2505.0,,
IND-313,D93,2022-08-01,DEPT,,3790.0,,
IND-313,D93,2022-09-01,DEPT,,13135.0,,
IND-313,D93,2022-10-01,DEPT,,16152.0,,
IND-313,D93,2022-11-01,DEPT,,17556.0,,
IND-313,D93,2022-12-01,DEPT,18803.0,18528.0,,
IND-313,D93,2023-01-01,DEPT,,774.0,,
IND-313,D93,2023-02-01,DEPT,,1314.0,,
IND-313,D93,2023-03-01,DEPT,,1742.0,,
IND-313,D93,2023-04-01,DEPT,,2043.0,,
IND-313,D93,2023-05-01,DEPT,,2321.0,,
IND-313,D93,2023-06-01,DEPT,,2586.0,,
IND-313,D93,2023-07-01,DEPT,,3041.0,,
IND-313,D93,2023-08-01,DEPT,,4394.0,,
IND-313,D93,2023-09-01,DEPT,,13681.0,,
IND-313,D93,2023-10-01,DEPT,,16793.0,,
IND-313,D93,2023-11-01,DEPT,,18233.0,,
IND-313,D93,2023-12-01,DEPT,,19284.0,,
IND-313,D93,2024-01-01,DEPT,,940.0,,
IND-313,D93,2024-02-01,DEPT,,1593.0,,
IND-313,D93,2024-03-01,DEPT,,2132.0,,
IND-313,D93,2024-04-01,DEPT,,2588.0,,
IND-313,D93,2024-05-01,DEPT,,2888.0,,
IND-313,D93,2024-06-01,DEPT,,3306.0,,
IND-313,D93,2024-07-01,DEPT,,3868.0,,
IND-313,D93,2024-08-01,DEPT,,5177.0,,
IND-313,D93,2024-09-01,DEPT,,15820.0,,
IND-313,D93,2024-10-01,DEPT,,18931.0,,
IND-313,D93,2024-11-01,DEPT,,20447.0,,44.91
IND-313,D93,2026-12-01,DEPT,,,22464.0,
IND-313,D94,2022-01-01,DEPT,,587.0,,
IND-313,D94,2022-02-01,DEPT,,985.0,,
IND-313,D94,2022-03-01,DEPT,,1261.0,,
IND-313,D94,2022-04-01,DEPT,,1480.0,,
IND-313,D94,2022-05-01,DEPT,,1665.0,,
IND-313,D94,2022-06-01,DEPT,,1876.0,,
IND-313,D94,2022-07-01,DEPT,,2306.0,,
IND-313,D94,2022-08-01,DEPT,,3554.0,,
IND-313,D94,2022-09-01,DEPT,,11797.0,,
IND-313,D94,2022-10-01,DEPT,,14170.0,,
IND-313,D94,2022-11-01,DEPT,,15309.0,,
IND-313,D94,2022-12-01,DEPT,14719.0,16064.0,,
IND-313,D94,2023-01-01,DEPT,,566.0,,
IND-313,D94,2023-02-01,DEPT,,1002.0,,
IND-313,D94,2023-03-01,DEPT,,1362.0,,
IND-313,D94,2023-04-01,DEPT,,1617.0,,
IND-313,D94,2023-05-01,DEPT,,1826.0,,
IND-313,D94,2023-06-01,DEPT,,2028.0,,
IND-313,D94,2023-07-01,DEPT,,2394.0,,
IND-313,D94,2023-08-01,DEPT,,3564.0,,
IND-313,D94,2023-09-01,DEPT,,11824.0,,
IND-313,D94,2023-10-01,DEPT,,14502.0,,
IND-313,D94,2023-11-01,DEPT,,15668.0,,
IND-313,D94,2023-12-01,DEPT,,16397.0,,
IND-313,D94,2024-01-01,DEPT,,761.0,,
IND-313,D94,2024-02-01,DEPT,,1282.0,,
IND-313,D94,2024-03-01,DEPT,,1667.0,,
IND-313,D94,2024-04-01,DEPT,,1970.0,,
IND-313,D94,2024-05-01,DEPT,,2177.0,,
IND-313,D94,2024-06-01,DEPT,,2448.0,,
IND-313,D94,2024-07-01,DEPT,,2900.0,,
IND-313,D94,2024-08-01,DEPT,,4036.0,,
IND-313,D94,2024-09-01,DEPT,,13234.0,,
IND-313,D94,2024-10-01,DEPT,,15750.0,,
IND-313,D94,2024-11-01,DEPT,,17017.0,,80.18
IND-313,D94,2026-12-01,DEPT,,,17585.0,
IND-313,D95,2022-01-01,DEPT,,382.0,,
IND-313,D95,2022-02-01,DEPT,,617.0,,
IND-313,D95,2022-03-01,DEPT,,788.0,,
IND-313,D95,2022-04-01,DEPT,,930.0,,
IND-313,D95,2022-05-01,DEPT,,1047.0,,
IND-313,D95,2022-06-01,DEPT,,1159.0,,
IND-313,D95,2022-07-01,DEPT,,1525.0,,
IND-313,D95,2022-08-01,DEPT,,2531.0,,
IND-313,D95,2022-09-01,DEPT,,8328.0,,
IND-313,D95,2022-10-01,DEPT,,10065.0,,
IND-313,D95,2022-11-01,DEPT,,10897.0,,
IND-313,D95,2022-12-01,DEPT,10837.0,11480.0,,
IND-313,D95,2023-01-01,DEPT,,372.0,,
IND-313,D95,2023-02-01,DEPT,,605.0,,
IND-313,D95,2023-03-01,DEPT,,811.0,,
IND-313,D95,2023-04-01,DEPT,,975.0,,
IND-313,D95,2023-05-01,DEPT,,1087.0,,
IND-313,D95,2023-06-01,DEPT,,1220.0,,
IND-313,D95,2023-07-01,DEPT,,1548.0,,
IND-313,D95,2023-08-01,DEPT,,2468.0,,
IND-313,D95,2023-09-01,DEPT,,8336.0,,
IND-313,D95,2023-10-01,DEPT,,10198.0,,
IND-313,D95,2023-11-01,DEPT,,11090.0,,
IND-313,D95,2023-12-01,DEPT,,11734.0,,
IND-313,D95,2024-01-01,DEPT,,487.0,,
IND-313,D95,2024-02-01,DEPT,,869.0,,
IND-313,D95,2024-03-01,DEPT,,1148.0,,
IND-313,D95,2024-04-01,DEPT,,1358.0,,
IND-313,D95,2024-05-01,DEPT,,1537.0,,
IND-313,D95,2024-06-01,DEPT,,1701.0,,
IND-313,D95,2024-07-01,DEPT,,2050.0,,
IND-313,D95,2024-08-01,DEPT,,2939.0,,
IND-313,D95,2024-09-01,DEPT,,9479.0,,
IND-313,D95,2024-10-01,DEPT,,11317.0,,
IND-313,D95,2024-11-01,DEPT,,12221.0,,65.59
IND-313,D95,2026-12-01,DEPT,,,12947.0,
IND-313,D971,2022-01-01,DEPT,,156.0,,
IND-313,D971,2022-02-01,DEPT,,285.0,,
IND-313,D971,2022-03-01,DEPT,,373.0,,
IND-313,D971,2022-04-01,DEPT,,475.0,,
IND-313,D971,2022-05-01,DEPT,,565.0,,
IND-313,D971,2022-06-01,DEPT,,670.0,,
IND-313,D971,2022-07-01,DEPT,,841.0,,
IND-313,D971,2022-08-01,DEPT,,1105.0,,
IND-313,D971,2022-09-01,DEPT,,1826.0,,
IND-313,D971,2022-10-01,DEPT,,2448.0,,
IND-313,D971,2022-11-01,DEPT,,2826.0,,
IND-313,D971,2022-12-01,DEPT,3159.0,3156.0,,
IND-313,D971,2023-01-01,DEPT,,158.0,,
IND-313,D971,2023-02-01,DEPT,,262.0,,
IND-313,D971,2023-03-01,DEPT,,341.0,,
IND-313,D971,2023-04-01,DEPT,,416.0,,
IND-313,D971,2023-05-01,DEPT,,454.0,,
IND-313,D971,2023-06-01,DEPT,,545.0,,
IND-313,D971,2023-07-01,DEPT,,690.0,,
IND-313,D971,2023-08-01,DEPT,,914.0,,
IND-313,D971,2023-09-01,DEPT,,1723.0,,
IND-313,D971,2023-10-01,DEPT,,2298.0,,
IND-313,D971,2023-11-01,DEPT,,2713.0,,
IND-313,D971,2023-12-01,DEPT,,3033.0,,
IND-313,D971,2024-01-01,DEPT,,208.0,,
IND-313,D971,2024-02-01,DEPT,,317.0,,
IND-313,D971,2024-03-01,DEPT,,412.0,,
IND-313,D971,2024-04-01,DEPT,,483.0,,
IND-313,D971,2024-05-01,DEPT,,521.0,,
IND-313,D971,2024-06-01,DEPT,,588.0,,
IND-313,D971,2024-07-01,DEPT,,745.0,,
IND-313,D971,2024-08-01,DEPT,,995.0,,
IND-313,D971,2024-09-01,DEPT,,1867.0,,
IND-313,D971,2024-10-01,DEPT,,2421.0,,
IND-313,D971,2024-11-01,DEPT,,2789.0,,0.0
IND-313,D971,2026-12-01,DEPT,,,3774.0,
IND-313,D972,2022-01-01,DEPT,,181.0,,
IND-313,D972,2022-02-01,DEPT,,245.0,,
IND-313,D972,2022-03-01,DEPT,,286.0,,
IND-313,D972,2022-04-01,DEPT,,307.0,,
IND-313,D972,2022-05-01,DEPT,,325.0,,
IND-313,D972,2022-06-01,DEPT,,344.0,,
IND-313,D972,2022-07-01,DEPT,,420.0,,
IND-313,D972,2022-08-01,DEPT,,522.0,,
IND-313,D972,2022-09-01,DEPT,,1010.0,,
IND-313,D972,2022-10-01,DEPT,,1535.0,,
IND-313,D972,2022-11-01,DEPT,,1889.0,,
IND-313,D972,2022-12-01,DEPT,2131.0,2180.0,,
IND-313,D972,2023-01-01,DEPT,,155.0,,
IND-313,D972,2023-02-01,DEPT,,205.0,,
IND-313,D972,2023-03-01,DEPT,,254.0,,
IND-313,D972,2023-04-01,DEPT,,279.0,,
IND-313,D972,2023-05-01,DEPT,,297.0,,
IND-313,D972,2023-06-01,DEPT,,325.0,,
IND-313,D972,2023-07-01,DEPT,,389.0,,
IND-313,D972,2023-08-01,DEPT,,483.0,,
IND-313,D972,2023-09-01,DEPT,,933.0,,
IND-313,D972,2023-10-01,DEPT,,1448.0,,
IND-313,D972,2023-11-01,DEPT,,1735.0,,
IND-313,D972,2023-12-01,DEPT,,1959.0,,
IND-313,D972,2024-01-01,DEPT,,167.0,,
IND-313,D972,2024-02-01,DEPT,,237.0,,
IND-313,D972,2024-03-01,DEPT,,300.0,,
IND-313,D972,2024-04-01,DEPT,,343.0,,
IND-313,D972,2024-05-01,DEPT,,364.0,,
IND-313,D972,2024-06-01,DEPT,,387.0,,
IND-313,D972,2024-07-01,DEPT,,437.0,,
IND-313,D972,2024-08-01,DEPT,,538.0,,
IND-313,D972,2024-09-01,DEPT,,1056.0,,
IND-313,D972,2024-10-01,DEPT,,1490.0,,
IND-313,D972,2024-11-01,DEPT,,1773.0,,0.0
IND-313,D972,2026-12-01,DEPT,,,2546.0,
IND-313,D973,2022-01-01,DEPT,,58.0,,
IND-313,D973,2022-02-01,DEPT,,107.0,,
IND-313,D973,2022-03-01,DEPT,,153.0,,
IND-313,D973,2022-04-01,DEPT,,196.0,,
IND-313,D973,2022-05-01,DEPT,,216.0,,
IND-313,D973,2022-06-01,DEPT,,251.0,,
IND-313,D973,2022-07-01,DEPT,,284.0,,
IND-313,D973,2022-08-01,DEPT,,360.0,,
IND-313,D973,2022-09-01,DEPT,,674.0,,
IND-313,D973,2022-10-01,DEPT,,888.0,,
IND-313,D973,2022-11-01,DEPT,,974.0,,
IND-313,D973,2022-12-01,DEPT,1073.0,1084.0,,
IND-313,D973,2023-01-01,DEPT,,56.0,,
IND-313,D973,2023-02-01,DEPT,,90.0,,
IND-313,D973,2023-03-01,DEPT,,142.0,,
IND-313,D973,2023-04-01,DEPT,,169.0,,
IND-313,D973,2023-05-01,DEPT,,186.0,,
IND-313,D973,2023-06-01,DEPT,,214.0,,
IND-313,D973,2023-07-01,DEPT,,240.0,,
IND-313,D973,2023-08-01,DEPT,,326.0,,
IND-313,D973,2023-09-01,DEPT,,679.0,,
IND-313,D973,2023-10-01,DEPT,,950.0,,
IND-313,D973,2023-11-01,DEPT,,1131.0,,
IND-313,D973,2023-12-01,DEPT,,1236.0,,
IND-313,D973,2024-01-01,DEPT,,84.0,,
IND-313,D973,2024-02-01,DEPT,,137.0,,
IND-313,D973,2024-03-01,DEPT,,179.0,,
IND-313,D973,2024-04-01,DEPT,,208.0,,
IND-313,D973,2024-05-01,DEPT,,226.0,,
IND-313,D973,2024-06-01,DEPT,,253.0,,
IND-313,D973,2024-07-01,DEPT,,277.0,,
IND-313,D973,2024-08-01,DEPT,,349.0,,
IND-313,D973,2024-09-01,DEPT,,740.0,,
IND-313,D973,2024-10-01,DEPT,,1020.0,,
IND-313,D973,2024-11-01,DEPT,,1182.0,,52.15
IND-313,D973,2026-12-01,DEPT,,,1282.0,
IND-313,D974,2022-01-01,DEPT,,581.0,,
IND-313,D974,2022-02-01,DEPT,,1203.0,,
IND-313,D974,2022-03-01,DEPT,,2066.0,,
IND-313,D974,2022-04-01,DEPT,,2882.0,,
IND-313,D974,2022-05-01,DEPT,,3678.0,,
IND-313,D974,2022-06-01,DEPT,,4636.0,,
IND-313,D974,2022-07-01,DEPT,,5935.0,,
IND-313,D974,2022-08-01,DEPT,,8007.0,,
IND-313,D974,2022-09-01,DEPT,,10440.0,,
IND-313,D974,2022-10-01,DEPT,,12167.0,,
IND-313,D974,2022-11-01,DEPT,,13462.0,,
IND-313,D974,2022-12-01,DEPT,14549.0,14552.0,,
IND-313,D974,2023-01-01,DEPT,,602.0,,
IND-313,D974,2023-02-01,DEPT,,1355.0,,
IND-313,D974,2023-03-01,DEPT,,2189.0,,
IND-313,D974,2023-04-01,DEPT,,2869.0,,
IND-313,D974,2023-05-01,DEPT,,3489.0,,
IND-313,D974,2023-06-01,DEPT,,4231.0,,
IND-313,D974,2023-07-01,DEPT,,5403.0,,
IND-313,D974,2023-08-01,DEPT,,7761.0,,
IND-313,D974,2023-09-01,DEPT,,10316.0,,
IND-313,D974,2023-10-01,DEPT,,12086.0,,
IND-313,D974,2023-11-01,DEPT,,13353.0,,
IND-313,D974,2023-12-01,DEPT,,14396.0,,
IND-313,D974,2024-01-01,DEPT,,697.0,,
IND-313,D974,2024-02-01,DEPT,,1613.0,,
IND-313,D974,2024-03-01,DEPT,,2569.0,,
IND-313,D974,2024-04-01,DEPT,,3516.0,,
IND-313,D974,2024-05-01,DEPT,,4181.0,,
IND-313,D974,2024-06-01,DEPT,,4919.0,,
IND-313,D974,2024-07-01,DEPT,,6163.0,,
IND-313,D974,2024-08-01,DEPT,,8421.0,,
IND-313,D974,2024-09-01,DEPT,,10896.0,,
IND-313,D974,2024-10-01,DEPT,,12742.0,,
IND-313,D974,2024-11-01,DEPT,,14079.0,,0.0
IND-313,D974,2026-12-01,DEPT,,,17382.0,
IND-313,D976,2022-01-01,DEPT,,24.0,,
IND-313,D976,2022-02-01,DEPT,,53.0,,
IND-313,D976,2022-03-01,DEPT,,72.0,,
IND-313,D976,2022-04-01,DEPT,,88.0,,
IND-313,D976,2022-05-01,DEPT,,94.0,,
IND-313,D976,2022-06-01,DEPT,,135.0,,
IND-313,D976,2022-07-01,DEPT,,146.0,,
IND-313,D976,2022-08-01,DEPT,,180.0,,
IND-313,D976,2022-09-01,DEPT,,294.0,,
IND-313,D976,2022-10-01,DEPT,,388.0,,
IND-313,D976,2022-11-01,DEPT,,445.0,,
IND-313,D976,2022-12-01,DEPT,432.0,468.0,,
IND-313,D976,2023-01-01,DEPT,,57.0,,
IND-313,D976,2023-02-01,DEPT,,100.0,,
IND-313,D976,2023-03-01,DEPT,,115.0,,
IND-313,D976,2023-04-01,DEPT,,132.0,,
IND-313,D976,2023-05-01,DEPT,,161.0,,
IND-313,D976,2023-06-01,DEPT,,204.0,,
IND-313,D976,2023-07-01,DEPT,,217.0,,
IND-313,D976,2023-08-01,DEPT,,271.0,,
IND-313,D976,2023-09-01,DEPT,,403.0,,
IND-313,D976,2023-10-01,DEPT,,548.0,,
IND-313,D976,2023-11-01,DEPT,,628.0,,
IND-313,D976,2023-12-01,DEPT,,687.0,,
IND-313,D976,2024-01-01,DEPT,,38.0,,
IND-313,D976,2024-02-01,DEPT,,49.0,,
IND-313,D976,2024-03-01,DEPT,,79.0,,
IND-313,D976,2024-04-01,DEPT,,126.0,,
IND-313,D976,2024-05-01,DEPT,,168.0,,
IND-313,D976,2024-06-01,DEPT,,199.0,,
IND-313,D976,2024-07-01,DEPT,,221.0,,
IND-313,D976,2024-08-01,DEPT,,284.0,,
IND-313,D976,2024-09-01,DEPT,,459.0,,
IND-313,D976,2024-10-01,DEPT,,731.0,,
IND-313,D976,2024-11-01,DEPT,,848.0,,100.0
IND-313,D976,2026-12-01,DEPT,,,516.0,
IND-313,FRANCE,2022-01-01,NAT,,22494.0,,
IND-313,FRANCE,2022-02-01,NAT,,37060.0,,
IND-313,FRANCE,2022-03-01,NAT,,49637.0,,
IND-313,FRANCE,2022-04-01,NAT,,59022.0,,
IND-313,FRANCE,2022-05-01,NAT,,67124.0,,
IND-313,FRANCE,2022-06-01,NAT,,81417.0,,
IND-313,FRANCE,2022-07-01,NAT,,133036.0,,
IND-313,FRANCE,2022-08-01,NAT,,247557.0,,
IND-313,FRANCE,2022-09-01,NAT,,666586.0,,
IND-313,FRANCE,2022-10-01,NAT,,758150.0,,
IND-313,FRANCE,2022-11-01,NAT,,803038.0,,
IND-313,FRANCE,2022-12-01,NAT,837029.0,833406.0,,
IND-313,FRANCE,2023-01-01,NAT,,23211.0,,
IND-313,FRANCE,2023-02-01,NAT,,38469.0,,
IND-313,FRANCE,2023-03-01,NAT,,52263.0,,
IND-313,FRANCE,2023-04-01,NAT,,62589.0,,
IND-313,FRANCE,2023-05-01,NAT,,70709.0,,
IND-313,FRANCE,2023-06-01,NAT,,82567.0,,
IND-313,FRANCE,2023-07-01,NAT,,132082.0,,
IND-313,FRANCE,2023-08-01,NAT,,245635.0,,
IND-313,FRANCE,2023-09-01,NAT,,678880.0,,
IND-313,FRANCE,2023-10-01,NAT,,776924.0,,
IND-313,FRANCE,2023-11-01,NAT,,822779.0,,
IND-313,FRANCE,2023-12-01,NAT,,852235.0,,
IND-313,FRANCE,2024-01-01,NAT,,27039.0,,
IND-313,FRANCE,2024-02-01,NAT,,45466.0,,
IND-313,FRANCE,2024-03-01,NAT,,60700.0,,
IND-313,FRANCE,2024-04-01,NAT,,73873.0,,
IND-313,FRANCE,2024-05-01,NAT,,82586.0,,
IND-313,FRANCE,2024-06-01,NAT,,94592.0,,
IND-313,FRANCE,2024-07-01,NAT,,143419.0,,
IND-313,FRANCE,2024-08-01,NAT,,251232.0,,
IND-313,FRANCE,2024-09-01,NAT,,707083.0,,
IND-313,FRANCE,2024-10-01,NAT,,795516.0,,
IND-313,FRANCE,2024-11-01,NAT,,842847.0,,3.57
IND-313,FRANCE,2026-12-01,NAT,,,999998.0,
IND-313,R01,2022-01-01,REG,,156.0,,
IND-313,R01,2022-02-01,REG,,285.0,,
IND-313,R01,2022-03-01,REG,,373.0,,
IND-313,R01,2022-04-01,REG,,475.0,,
IND-313,R01,2022-05-01,REG,,565.0,,
IND-313,R01,2022-06-01,REG,,670.0,,
IND-313,R01,2022-07-01,REG,,841.0,,
IND-313,R01,2022-08-01,REG,,1105.0,,
IND-313,R01,2022-09-01,REG,,1826.0,,
IND-313,R01,2022-10-01,REG,,2448.0,,
IND-313,R01,2022-11-01,REG,,2826.0,,
IND-313,R01,2022-12-01,REG,3159.0,3156.0,,
IND-313,R01,2023-01-01,REG,,158.0,,
IND-313,R01,2023-02-01,REG,,262.0,,
IND-313,R01,2023-03-01,REG,,341.0,,
IND-313,R01,2023-04-01,REG,,416.0,,
IND-313,R01,2023-05-01,REG,,454.0,,
IND-313,R01,2023-06-01,REG,,545.0,,
IND-313,R01,2023-07-01,REG,,690.0,,
IND-313,R01,2023-08-01,REG,,914.0,,
IND-313,R01,2023-09-01,REG,,1723.0,,
IND-313,R01,2023-10-01,REG,,2298.0,,
IND-313,R01,2023-11-01,REG,,2713.0,,
IND-313,R01,2023-12-01,REG,,3033.0,,
IND-313,R01,2024-01-01,REG,,208.0,,
IND-313,R01,2024-02-01,REG,,317.0,,
IND-313,R01,2024-03-01,REG,,412.0,,
IND-313,R01,2024-04-01,REG,,483.0,,
IND-313,R01,2024-05-01,REG,,521.0,,
IND-313,R01,2024-06-01,REG,,588.0,,
IND-313,R01,2024-07-01,REG,,745.0,,
IND-313,R01,2024-08-01,REG,,995.0,,
IND-313,R01,2024-09-01,REG,,1867.0,,
IND-313,R01,2024-10-01,REG,,2421.0,,
IND-313,R01,2024-11-01,REG,,2789.0,,0.0
IND-313,R01,2026-12-01,REG,,,3774.0,
IND-313,R02,2022-01-01,REG,,181.0,,
IND-313,R02,2022-02-01,REG,,245.0,,
IND-313,R02,2022-03-01,REG,,286.0,,
IND-313,R02,2022-04-01,REG,,307.0,,
IND-313,R02,2022-05-01,REG,,325.0,,
IND-313,R02,2022-06-01,REG,,344.0,,
IND-313,R02,2022-07-01,REG,,420.0,,
IND-313,R02,2022-08-01,REG,,522.0,,
IND-313,R02,2022-09-01,REG,,1010.0,,
IND-313,R02,2022-10-01,REG,,1535.0,,
IND-313,R02,2022-11-01,REG,,1889.0,,
IND-313,R02,2022-12-01,REG,2131.0,2180.0,,
IND-313,R02,2023-01-01,REG,,155.0,,
IND-313,R02,2023-02-01,REG,,205.0,,
IND-313,R02,2023-03-01,REG,,254.0,,
IND-313,R02,2023-04-01,REG,,279.0,,
IND-313,R02,2023-05-01,REG,,297.0,,
IND-313,R02,2023-06-01,REG,,325.0,,
IND-313,R02,2023-07-01,REG,,389.0,,
IND-313,R02,2023-08-01,REG,,483.0,,
IND-313,R02,2023-09-01,REG,,933.0,,
IND-313,R02,2023-10-01,REG,,1448.0,,
IND-313,R02,2023-11-01,REG,,1735.0,,
IND-313,R02,2023-12-01,REG,,1959.0,,
IND-313,R02,2024-01-01,REG,,167.0,,
IND-313,R02,2024-02-01,REG,,237.0,,
IND-313,R02,2024-03-01,REG,,300.0,,
IND-313,R02,2024-04-01,REG,,343.0,,
IND-313,R02,2024-05-01,REG,,364.0,,
IND-313,R02,2024-06-01,REG,,387.0,,
IND-313,R02,2024-07-01,REG,,437.0,,
IND-313,R02,2024-08-01,REG,,538.0,,
IND-313,R02,2024-09-01,REG,,1056.0,,
IND-313,R02,2024-10-01,REG,,1490.0,,
IND-313,R02,2024-11-01,REG,,1773.0,,0.0
IND-313,R02,2026-12-01,REG,,,2546.0,
IND-313,R03,2022-01-01,REG,,58.0,,
IND-313,R03,2022-02-01,REG,,107.0,,
IND-313,R03,2022-03-01,REG,,153.0,,
IND-313,R03,2022-04-01,REG,,196.0,,
IND-313,R03,2022-05-01,REG,,216.0,,
IND-313,R03,2022-06-01,REG,,251.0,,
IND-313,R03,2022-07-01,REG,,284.0,,
IND-313,R03,2022-08-01,REG,,360.0,,
IND-313,R03,2022-09-01,REG,,674.0,,
IND-313,R03,2022-10-01,REG,,888.0,,
IND-313,R03,2022-11-01,REG,,974.0,,
IND-313,R03,2022-12-01,REG,1073.0,1084.0,,
IND-313,R03,2023-01-01,REG,,56.0,,
IND-313,R03,2023-02-01,REG,,90.0,,
IND-313,R03,2023-03-01,REG,,142.0,,
IND-313,R03,2023-04-01,REG,,169.0,,
IND-313,R03,2023-05-01,REG,,186.0,,
IND-313,R03,2023-06-01,REG,,214.0,,
IND-313,R03,2023-07-01,REG,,240.0,,
IND-313,R03,2023-08-01,REG,,326.0,,
IND-313,R03,2023-09-01,REG,,679.0,,
IND-313,R03,2023-10-01,REG,,950.0,,
IND-313,R03,2023-11-01,REG,,1131.0,,
IND-313,R03,2023-12-01,REG,,1236.0,,
IND-313,R03,2024-01-01,REG,,84.0,,
IND-313,R03,2024-02-01,REG,,137.0,,
IND-313,R03,2024-03-01,REG,,179.0,,
IND-313,R03,2024-04-01,REG,,208.0,,
IND-313,R03,2024-05-01,REG,,226.0,,
IND-313,R03,2024-06-01,REG,,253.0,,
IND-313,R03,2024-07-01,REG,,277.0,,
IND-313,R03,2024-08-01,REG,,349.0,,
IND-313,R03,2024-09-01,REG,,740.0,,
IND-313,R03,2024-10-01,REG,,1020.0,,
IND-313,R03,2024-11-01,REG,,1182.0,,52.15
IND-313,R03,2026-12-01,REG,,,1282.0,
IND-313,R04,2022-01-01,REG,,581.0,,
IND-313,R04,2022-02-01,REG,,1203.0,,
IND-313,R04,2022-03-01,REG,,2066.0,,
IND-313,R04,2022-04-01,REG,,2882.0,,
IND-313,R04,2022-05-01,REG,,3678.0,,
IND-313,R04,2022-06-01,REG,,4636.0,,
IND-313,R04,2022-07-01,REG,,5935.0,,
IND-313,R04,2022-08-01,REG,,8007.0,,
IND-313,R04,2022-09-01,REG,,10440.0,,
IND-313,R04,2022-10-01,REG,,12167.0,,
IND-313,R04,2022-11-01,REG,,13462.0,,
IND-313,R04,2022-12-01,REG,14549.0,14552.0,,
IND-313,R04,2023-01-01,REG,,602.0,,
IND-313,R04,2023-02-01,REG,,1355.0,,
IND-313,R04,2023-03-01,REG,,2189.0,,
IND-313,R04,2023-04-01,REG,,2869.0,,
IND-313,R04,2023-05-01,REG,,3489.0,,
IND-313,R04,2023-06-01,REG,,4231.0,,
IND-313,R04,2023-07-01,REG,,5403.0,,
IND-313,R04,2023-08-01,REG,,7761.0,,
IND-313,R04,2023-09-01,REG,,10316.0,,
IND-313,R04,2023-10-01,REG,,12086.0,,
IND-313,R04,2023-11-01,REG,,13353.0,,
IND-313,R04,2023-12-01,REG,,14396.0,,
IND-313,R04,2024-01-01,REG,,697.0,,
IND-313,R04,2024-02-01,REG,,1613.0,,
IND-313,R04,2024-03-01,REG,,2569.0,,
IND-313,R04,2024-04-01,REG,,3516.0,,
IND-313,R04,2024-05-01,REG,,4181.0,,
IND-313,R04,2024-06-01,REG,,4919.0,,
IND-313,R04,2024-07-01,REG,,6163.0,,
IND-313,R04,2024-08-01,REG,,8421.0,,
IND-313,R04,2024-09-01,REG,,10896.0,,
IND-313,R04,2024-10-01,REG,,12742.0,,
IND-313,R04,2024-11-01,REG,,14079.0,,0.0
IND-313,R04,2026-12-01,REG,,,17382.0,
IND-313,R06,2022-01-01,REG,,24.0,,
IND-313,R06,2022-02-01,REG,,53.0,,
IND-313,R06,2022-03-01,REG,,72.0,,
IND-313,R06,2022-04-01,REG,,88.0,,
IND-313,R06,2022-05-01,REG,,94.0,,
IND-313,R06,2022-06-01,REG,,135.0,,
IND-313,R06,2022-07-01,REG,,146.0,,
IND-313,R06,2022-08-01,REG,,180.0,,
IND-313,R06,2022-09-01,REG,,294.0,,
IND-313,R06,2022-10-01,REG,,388.0,,
IND-313,R06,2022-11-01,REG,,445.0,,
IND-313,R06,2022-12-01,REG,432.0,468.0,,
IND-313,R06,2023-01-01,REG,,57.0,,
IND-313,R06,2023-02-01,REG,,100.0,,
IND-313,R06,2023-03-01,REG,,115.0,,
IND-313,R06,2023-04-01,REG,,132.0,,
IND-313,R06,2023-05-01,REG,,161.0,,
IND-313,R06,2023-06-01,REG,,204.0,,
IND-313,R06,2023-07-01,REG,,217.0,,
IND-313,R06,2023-08-01,REG,,271.0,,
IND-313,R06,2023-09-01,REG,,403.0,,
IND-313,R06,2023-10-01,REG,,548.0,,
IND-313,R06,2023-11-01,REG,,628.0,,
IND-313,R06,2023-12-01,REG,,687.0,,
IND-313,R06,2024-01-01,REG,,38.0,,
IND-313,R06,2024-02-01,REG,,49.0,,
IND-313,R06,2024-03-01,REG,,79.0,,
IND-313,R06,2024-04-01,REG,,126.0,,
IND-313,R06,2024-05-01,REG,,168.0,,
IND-313,R06,2024-06-01,REG,,199.0,,
IND-313,R06,2024-07-01,REG,,221.0,,
IND-313,R06,2024-08-01,REG,,284.0,,
IND-313,R06,2024-09-01,REG,,459.0,,
IND-313,R06,2024-10-01,REG,,731.0,,
IND-313,R06,2024-11-01,REG,,848.0,,100.0
IND-313,R06,2026-12-01,REG,,,516.0,
IND-313,R11,2022-01-01,REG,,6931.0,,
IND-313,R11,2022-02-01,REG,,11082.0,,
IND-313,R11,2022-03-01,REG,,14226.0,,
IND-313,R11,2022-04-01,REG,,16429.0,,
IND-313,R11,2022-05-01,REG,,18263.0,,
IND-313,R11,2022-06-01,REG,,20745.0,,
IND-313,R11,2022-07-01,REG,,25947.0,,
IND-313,R11,2022-08-01,REG,,43083.0,,
IND-313,R11,2022-09-01,REG,,144108.0,,
IND-313,R11,2022-10-01,REG,,172613.0,,
IND-313,R11,2022-11-01,REG,,186123.0,,
IND-313,R11,2022-12-01,REG,207598.0,195055.0,,
IND-313,R11,2023-01-01,REG,,7369.0,,
IND-313,R11,2023-02-01,REG,,12017.0,,
IND-313,R11,2023-03-01,REG,,15992.0,,
IND-313,R11,2023-04-01,REG,,18770.0,,
IND-313,R11,2023-05-01,REG,,20861.0,,
IND-313,R11,2023-06-01,REG,,23435.0,,
IND-313,R11,2023-07-01,REG,,28376.0,,
IND-313,R11,2023-08-01,REG,,45546.0,,
IND-313,R11,2023-09-01,REG,,153296.0,,
IND-313,R11,2023-10-01,REG,,184426.0,,
IND-313,R11,2023-11-01,REG,,198288.0,,
IND-313,R11,2023-12-01,REG,,207041.0,,
IND-313,R11,2024-01-01,REG,,8816.0,,
IND-313,R11,2024-02-01,REG,,14654.0,,
IND-313,R11,2024-03-01,REG,,19351.0,,
IND-313,R11,2024-04-01,REG,,22973.0,,
IND-313,R11,2024-05-01,REG,,25301.0,,
IND-313,R11,2024-06-01,REG,,28286.0,,
IND-313,R11,2024-07-01,REG,,33575.0,,
IND-313,R11,2024-08-01,REG,,48880.0,,
IND-313,R11,2024-09-01,REG,,165254.0,,
IND-313,R11,2024-10-01,REG,,192733.0,,
IND-313,R11,2024-11-01,REG,,206860.0,,0.0
IND-313,R11,2026-12-01,REG,,,248018.0,
IND-313,R24,2022-01-01,REG,,457.0,,
IND-313,R24,2022-02-01,REG,,760.0,,
IND-313,R24,2022-03-01,REG,,1004.0,,
IND-313,R24,2022-04-01,REG,,1221.0,,
IND-313,R24,2022-05-01,REG,,1373.0,,
IND-313,R24,2022-06-01,REG,,1691.0,,
IND-313,R24,2022-07-01,REG,,3433.0,,
IND-313,R24,2022-08-01,REG,,7492.0,,
IND-313,R24,2022-09-01,REG,,22040.0,,
IND-313,R24,2022-10-01,REG,,24319.0,,
IND-313,R24,2022-11-01,REG,,25368.0,,
IND-313,R24,2022-12-01,REG,25226.0,26058.0,,
IND-313,R24,2023-01-01,REG,,469.0,,
IND-313,R24,2023-02-01,REG,,740.0,,
IND-313,R24,2023-03-01,REG,,1037.0,,
IND-313,R24,2023-04-01,REG,,1239.0,,
IND-313,R24,2023-05-01,REG,,1415.0,,
IND-313,R24,2023-06-01,REG,,1652.0,,
IND-313,R24,2023-07-01,REG,,3370.0,,
IND-313,R24,2023-08-01,REG,,7488.0,,
IND-313,R24,2023-09-01,REG,,22423.0,,
IND-313,R24,2023-10-01,REG,,24751.0,,
IND-313,R24,2023-11-01,REG,,25881.0,,
IND-313,R24,2023-12-01,REG,,26605.0,,
IND-313,R24,2024-01-01,REG,,581.0,,
IND-313,R24,2024-02-01,REG,,965.0,,
IND-313,R24,2024-03-01,REG,,1277.0,,
IND-313,R24,2024-04-01,REG,,1589.0,,
IND-313,R24,2024-05-01,REG,,1750.0,,
IND-313,R24,2024-06-01,REG,,2022.0,,
IND-313,R24,2024-07-01,REG,,3798.0,,
IND-313,R24,2024-08-01,REG,,7760.0,,
IND-313,R24,2024-09-01,REG,,23448.0,,
IND-313,R24,2024-10-01,REG,,25663.0,,
IND-313,R24,2024-11-01,REG,,26857.0,,33.2
IND-313,R24,2026-12-01,REG,,,30138.0,
IND-313,R27,2022-01-01,REG,,519.0,,
IND-313,R27,2022-02-01,REG,,867.0,,
IND-313,R27,2022-03-01,REG,,1200.0,,
IND-313,R27,2022-04-01,REG,,1427.0,,
IND-313,R27,2022-05-01,REG,,1650.0,,
IND-313,R27,2022-06-01,REG,,2061.0,,
IND-313,R27,2022-07-01,REG,,4537.0,,
IND-313,R27,2022-08-01,REG,,10009.0,,
IND-313,R27,2022-09-01,REG,,25200.0,,
IND-313,R27,2022-10-01,REG,,27619.0,,
IND-313,R27,2022-11-01,REG,,28881.0,,
IND-313,R27,2022-12-01,REG,29452.0,29619.0,,
IND-313,R27,2023-01-01,REG,,591.0,,
IND-313,R27,2023-02-01,REG,,999.0,,
IND-313,R27,2023-03-01,REG,,1360.0,,
IND-313,R27,2023-04-01,REG,,1661.0,,
IND-313,R27,2023-05-01,REG,,1867.0,,
IND-313,R27,2023-06-01,REG,,2197.0,,
IND-313,R27,2023-07-01,REG,,4440.0,,
IND-313,R27,2023-08-01,REG,,9636.0,,
IND-313,R27,2023-09-01,REG,,25537.0,,
IND-313,R27,2023-10-01,REG,,27953.0,,
IND-313,R27,2023-11-01,REG,,29209.0,,
IND-313,R27,2023-12-01,REG,,29960.0,,
IND-313,R27,2024-01-01,REG,,631.0,,
IND-313,R27,2024-02-01,REG,,1083.0,,
IND-313,R27,2024-03-01,REG,,1433.0,,
IND-313,R27,2024-04-01,REG,,1742.0,,
IND-313,R27,2024-05-01,REG,,1959.0,,
IND-313,R27,2024-06-01,REG,,2256.0,,
IND-313,R27,2024-07-01,REG,,4403.0,,
IND-313,R27,2024-08-01,REG,,9391.0,,
IND-313,R27,2024-09-01,REG,,25706.0,,
IND-313,R27,2024-10-01,REG,,27967.0,,
IND-313,R27,2024-11-01,REG,,29232.0,,0.0
IND-313,R27,2026-12-01,REG,,,35187.0,
IND-313,R28,2022-01-01,REG,,741.0,,
IND-313,R28,2022-02-01,REG,,1292.0,,
IND-313,R28,2022-03-01,REG,,1739.0,,
IND-313,R28,2022-04-01,REG,,2106.0,,
IND-313,R28,2022-05-01,REG,,2394.0,,
IND-313,R28,2022-06-01,REG,,2925.0,,
IND-313,R28,2022-07-01,REG,,6252.0,,
IND-313,R28,2022-08-01,REG,,12913.0,,
IND-313,R28,2022-09-01,REG,,32897.0,,
IND-313,R28,2022-10-01,REG,,36393.0,,
IND-313,R28,2022-11-01,REG,,37986.0,,
IND-313,R28,2022-12-01,REG,37796.0,39124.0,,
IND-313,R28,2023-01-01,REG,,772.0,,
IND-313,R28,2023-02-01,REG,,1262.0,,
IND-313,R28,2023-03-01,REG,,1697.0,,
IND-313,R28,2023-04-01,REG,,2079.0,,
IND-313,R28,2023-05-01,REG,,2374.0,,
IND-313,R28,2023-06-01,REG,,2900.0,,
IND-313,R28,2023-07-01,REG,,6039.0,,
IND-313,R28,2023-08-01,REG,,12500.0,,
IND-313,R28,2023-09-01,REG,,33367.0,,
IND-313,R28,2023-10-01,REG,,37092.0,,
IND-313,R28,2023-11-01,REG,,38733.0,,
IND-313,R28,2023-12-01,REG,,39791.0,,
IND-313,R28,2024-01-01,REG,,941.0,,
IND-313,R28,2024-02-01,REG,,1503.0,,
IND-313,R28,2024-03-01,REG,,1992.0,,
IND-313,R28,2024-04-01,REG,,2454.0,,
IND-313,R28,2024-05-01,REG,,2749.0,,
IND-313,R28,2024-06-01,REG,,3136.0,,
IND-313,R28,2024-07-01,REG,,6128.0,,
IND-313,R28,2024-08-01,REG,,12094.0,,
IND-313,R28,2024-09-01,REG,,33840.0,,
IND-313,R28,2024-10-01,REG,,37194.0,,
IND-313,R28,2024-11-01,REG,,38897.0,,14.96
IND-313,R28,2026-12-01,REG,,,45154.0,
IND-313,R32,2022-01-01,REG,,1695.0,,
IND-313,R32,2022-02-01,REG,,2731.0,,
IND-313,R32,2022-03-01,REG,,3630.0,,
IND-313,R32,2022-04-01,REG,,4286.0,,
IND-313,R32,2022-05-01,REG,,4976.0,,
IND-313,R32,2022-06-01,REG,,6263.0,,
IND-313,R32,2022-07-01,REG,,10853.0,,
IND-313,R32,2022-08-01,REG,,19754.0,,
IND-313,R32,2022-09-01,REG,,50055.0,,
IND-313,R32,2022-10-01,REG,,56740.0,,
IND-313,R32,2022-11-01,REG,,60273.0,,
IND-313,R32,2022-12-01,REG,61837.0,62780.0,,
IND-313,R32,2023-01-01,REG,,1609.0,,
IND-313,R32,2023-02-01,REG,,2694.0,,
IND-313,R32,2023-03-01,REG,,3680.0,,
IND-313,R32,2023-04-01,REG,,4444.0,,
IND-313,R32,2023-05-01,REG,,5065.0,,
IND-313,R32,2023-06-01,REG,,6125.0,,
IND-313,R32,2023-07-01,REG,,10621.0,,
IND-313,R32,2023-08-01,REG,,19538.0,,
IND-313,R32,2023-09-01,REG,,50393.0,,
IND-313,R32,2023-10-01,REG,,57308.0,,
IND-313,R32,2023-11-01,REG,,60783.0,,
IND-313,R32,2023-12-01,REG,,63004.0,,
IND-313,R32,2024-01-01,REG,,1914.0,,
IND-313,R32,2024-02-01,REG,,3243.0,,
IND-313,R32,2024-03-01,REG,,4338.0,,
IND-313,R32,2024-04-01,REG,,5300.0,,
IND-313,R32,2024-05-01,REG,,6024.0,,
IND-313,R32,2024-06-01,REG,,7228.0,,
IND-313,R32,2024-07-01,REG,,11885.0,,
IND-313,R32,2024-08-01,REG,,20778.0,,
IND-313,R32,2024-09-01,REG,,53558.0,,
IND-313,R32,2024-10-01,REG,,59903.0,,
IND-313,R32,2024-11-01,REG,,63614.0,,14.76
IND-313,R32,2026-12-01,REG,,,73876.0,
IND-313,R44,2022-01-01,REG,,1161.0,,
IND-313,R44,2022-02-01,REG,,1836.0,,
IND-313,R44,2022-03-01,REG,,2566.0,,
IND-313,R44,2022-04-01,REG,,3036.0,,
IND-313,R44,2022-05-01,REG,,3503.0,,
IND-313,R44,2022-06-01,REG,,4448.0,,
IND-313,R44,2022-07-01,REG,,8748.0,,
IND-313,R44,2022-08-01,REG,,19235.0,,
IND-313,R44,2022-09-01,REG,,48608.0,,
IND-313,R44,2022-10-01,REG,,54082.0,,
IND-313,R44,2022-11-01,REG,,56766.0,,
IND-313,R44,2022-12-01,REG,56763.0,58476.0,,
IND-313,R44,2023-01-01,REG,,1233.0,,
IND-313,R44,2023-02-01,REG,,1992.0,,
IND-313,R44,2023-03-01,REG,,2763.0,,
IND-313,R44,2023-04-01,REG,,3296.0,,
IND-313,R44,2023-05-01,REG,,3777.0,,
IND-313,R44,2023-06-01,REG,,4503.0,,
IND-313,R44,2023-07-01,REG,,8575.0,,
IND-313,R44,2023-08-01,REG,,18484.0,,
IND-313,R44,2023-09-01,REG,,48764.0,,
IND-313,R44,2023-10-01,REG,,54623.0,,
IND-313,R44,2023-11-01,REG,,57441.0,,
IND-313,R44,2023-12-01,REG,,59268.0,,
IND-313,R44,2024-01-01,REG,,1361.0,,
IND-313,R44,2024-02-01,REG,,2314.0,,
IND-313,R44,2024-03-01,REG,,3120.0,,
IND-313,R44,2024-04-01,REG,,3860.0,,
IND-313,R44,2024-05-01,REG,,4370.0,,
IND-313,R44,2024-06-01,REG,,5075.0,,
IND-313,R44,2024-07-01,REG,,9020.0,,
IND-313,R44,2024-08-01,REG,,18414.0,,
IND-313,R44,2024-09-01,REG,,49533.0,,
IND-313,R44,2024-10-01,REG,,54944.0,,
IND-313,R44,2024-11-01,REG,,57950.0,,10.74
IND-313,R44,2026-12-01,REG,,,67816.0,
IND-313,R52,2022-01-01,REG,,1083.0,,
IND-313,R52,2022-02-01,REG,,1519.0,,
IND-313,R52,2022-03-01,REG,,2010.0,,
IND-313,R52,2022-04-01,REG,,2400.0,,
IND-313,R52,2022-05-01,REG,,2670.0,,
IND-313,R52,2022-06-01,REG,,3276.0,,
IND-313,R52,2022-07-01,REG,,6953.0,,
IND-313,R52,2022-08-01,REG,,16065.0,,
IND-313,R52,2022-09-01,REG,,44728.0,,
IND-313,R52,2022-10-01,REG,,48208.0,,
IND-313,R52,2022-11-01,REG,,50032.0,,
IND-313,R52,2022-12-01,REG,49969.0,51230.0,,
IND-313,R52,2023-01-01,REG,,1104.0,,
IND-313,R52,2023-02-01,REG,,1701.0,,
IND-313,R52,2023-03-01,REG,,2194.0,,
IND-313,R52,2023-04-01,REG,,2634.0,,
IND-313,R52,2023-05-01,REG,,2918.0,,
IND-313,R52,2023-06-01,REG,,3385.0,,
IND-313,R52,2023-07-01,REG,,6936.0,,
IND-313,R52,2023-08-01,REG,,16199.0,,
IND-313,R52,2023-09-01,REG,,44629.0,,
IND-313,R52,2023-10-01,REG,,48354.0,,
IND-313,R52,2023-11-01,REG,,50190.0,,
IND-313,R52,2023-12-01,REG,,51319.0,,
IND-313,R52,2024-01-01,REG,,1185.0,,
IND-313,R52,2024-02-01,REG,,1755.0,,
IND-313,R52,2024-03-01,REG,,2234.0,,
IND-313,R52,2024-04-01,REG,,2722.0,,
IND-313,R52,2024-05-01,REG,,3018.0,,
IND-313,R52,2024-06-01,REG,,3439.0,,
IND-313,R52,2024-07-01,REG,,6853.0,,
IND-313,R52,2024-08-01,REG,,15607.0,,
IND-313,R52,2024-09-01,REG,,45471.0,,
IND-313,R52,2024-10-01,REG,,48524.0,,
IND-313,R52,2024-11-01,REG,,50286.0,,3.26
IND-313,R52,2026-12-01,REG,,,59697.0,
IND-313,R53,2022-01-01,REG,,953.0,,
IND-313,R53,2022-02-01,REG,,1486.0,,
IND-313,R53,2022-03-01,REG,,1933.0,,
IND-313,R53,2022-04-01,REG,,2252.0,,
IND-313,R53,2022-05-01,REG,,2518.0,,
IND-313,R53,2022-06-01,REG,,3025.0,,
IND-313,R53,2022-07-01,REG,,6377.0,,
IND-313,R53,2022-08-01,REG,,12759.0,,
IND-313,R53,2022-09-01,REG,,34780.0,,
IND-313,R53,2022-10-01,REG,,37493.0,,
IND-313,R53,2022-11-01,REG,,38793.0,,
IND-313,R53,2022-12-01,REG,39402.0,39712.0,,
IND-313,R53,2023-01-01,REG,,964.0,,
IND-313,R53,2023-02-01,REG,,1452.0,,
IND-313,R53,2023-03-01,REG,,1949.0,,
IND-313,R53,2023-04-01,REG,,2285.0,,
IND-313,R53,2023-05-01,REG,,2544.0,,
IND-313,R53,2023-06-01,REG,,2912.0,,
IND-313,R53,2023-07-01,REG,,5858.0,,
IND-313,R53,2023-08-01,REG,,12011.0,,
IND-313,R53,2023-09-01,REG,,34960.0,,
IND-313,R53,2023-10-01,REG,,37897.0,,
IND-313,R53,2023-11-01,REG,,39276.0,,
IND-313,R53,2023-12-01,REG,,40247.0,,
IND-313,R53,2024-01-01,REG,,970.0,,
IND-313,R53,2024-02-01,REG,,1517.0,,
IND-313,R53,2024-03-01,REG,,1978.0,,
IND-313,R53,2024-04-01,REG,,2360.0,,
IND-313,R53,2024-05-01,REG,,2622.0,,
IND-313,R53,2024-06-01,REG,,2930.0,,
IND-313,R53,2024-07-01,REG,,5698.0,,
IND-313,R53,2024-08-01,REG,,11404.0,,
IND-313,R53,2024-09-01,REG,,35142.0,,
IND-313,R53,2024-10-01,REG,,37706.0,,
IND-313,R53,2024-11-01,REG,,39073.0,,0.0
IND-313,R53,2026-12-01,REG,,,47074.0,
IND-313,R75,2022-01-01,REG,,1595.0,,
IND-313,R75,2022-02-01,REG,,2674.0,,
IND-313,R75,2022-03-01,REG,,3682.0,,
IND-313,R75,2022-04-01,REG,,4381.0,,
IND-313,R75,2022-05-01,REG,,4976.0,,
IND-313,R75,2022-06-01,REG,,6232.0,,
IND-313,R75,2022-07-01,REG,,11119.0,,
IND-313,R75,2022-08-01,REG,,20587.0,,
IND-313,R75,2022-09-01,REG,,55937.0,,
IND-313,R75,2022-10-01,REG,,62878.0,,
IND-313,R75,2022-11-01,REG,,66142.0,,
IND-313,R75,2022-12-01,REG,68059.0,68330.0,,
IND-313,R75,2023-01-01,REG,,1686.0,,
IND-313,R75,2023-02-01,REG,,2788.0,,
IND-313,R75,2023-03-01,REG,,3772.0,,
IND-313,R75,2023-04-01,REG,,4486.0,,
IND-313,R75,2023-05-01,REG,,5063.0,,
IND-313,R75,2023-06-01,REG,,5958.0,,
IND-313,R75,2023-07-01,REG,,10750.0,,
IND-313,R75,2023-08-01,REG,,20102.0,,
IND-313,R75,2023-09-01,REG,,55547.0,,
IND-313,R75,2023-10-01,REG,,63093.0,,
IND-313,R75,2023-11-01,REG,,66277.0,,
IND-313,R75,2023-12-01,REG,,68268.0,,
IND-313,R75,2024-01-01,REG,,1960.0,,
IND-313,R75,2024-02-01,REG,,3230.0,,
IND-313,R75,2024-03-01,REG,,4273.0,,
IND-313,R75,2024-04-01,REG,,5202.0,,
IND-313,R75,2024-05-01,REG,,5767.0,,
IND-313,R75,2024-06-01,REG,,6674.0,,
IND-313,R75,2024-07-01,REG,,11187.0,,
IND-313,R75,2024-08-01,REG,,20342.0,,
IND-313,R75,2024-09-01,REG,,56658.0,,
IND-313,R75,2024-10-01,REG,,63086.0,,
IND-313,R75,2024-11-01,REG,,66277.0,,0.0
IND-313,R75,2026-12-01,REG,,,81309.0,
IND-313,R76,2022-01-01,REG,,2207.0,,
IND-313,R76,2022-02-01,REG,,3967.0,,
IND-313,R76,2022-03-01,REG,,5293.0,,
IND-313,R76,2022-04-01,REG,,6472.0,,
IND-313,R76,2022-05-01,REG,,7309.0,,
IND-313,R76,2022-06-01,REG,,9194.0,,
IND-313,R76,2022-07-01,REG,,15025.0,,
IND-313,R76,2022-08-01,REG,,25210.0,,
IND-313,R76,2022-09-01,REG,,58696.0,,
IND-313,R76,2022-10-01,REG,,67032.0,,
IND-313,R76,2022-11-01,REG,,71131.0,,
IND-313,R76,2022-12-01,REG,72848.0,73834.0,,
IND-313,R76,2023-01-01,REG,,2156.0,,
IND-313,R76,2023-02-01,REG,,3810.0,,
IND-313,R76,2023-03-01,REG,,5162.0,,
IND-313,R76,2023-04-01,REG,,6306.0,,
IND-313,R76,2023-05-01,REG,,7119.0,,
IND-313,R76,2023-06-01,REG,,8479.0,,
IND-313,R76,2023-07-01,REG,,13996.0,,
IND-313,R76,2023-08-01,REG,,24093.0,,
IND-313,R76,2023-09-01,REG,,58822.0,,
IND-313,R76,2023-10-01,REG,,67801.0,,
IND-313,R76,2023-11-01,REG,,71923.0,,
IND-313,R76,2023-12-01,REG,,74539.0,,
IND-313,R76,2024-01-01,REG,,2448.0,,
IND-313,R76,2024-02-01,REG,,4274.0,,
IND-313,R76,2024-03-01,REG,,5830.0,,
IND-313,R76,2024-04-01,REG,,7266.0,,
IND-313,R76,2024-05-01,REG,,8126.0,,
IND-313,R76,2024-06-01,REG,,9452.0,,
IND-313,R76,2024-07-01,REG,,15071.0,,
IND-313,R76,2024-08-01,REG,,25301.0,,
IND-313,R76,2024-09-01,REG,,61717.0,,
IND-313,R76,2024-10-01,REG,,69924.0,,
IND-313,R76,2024-11-01,REG,,74327.0,,10.43
IND-313,R76,2026-12-01,REG,,,87030.0,
IND-313,R84,2022-01-01,REG,,2124.0,,
IND-313,R84,2022-02-01,REG,,3448.0,,
IND-313,R84,2022-03-01,REG,,4587.0,,
IND-313,R84,2022-04-01,REG,,5393.0,,
IND-313,R84,2022-05-01,REG,,6127.0,,
IND-313,R84,2022-06-01,REG,,7520.0,,
IND-313,R84,2022-07-01,REG,,13721.0,,
IND-313,R84,2022-08-01,REG,,30346.0,,
IND-313,R84,2022-09-01,REG,,86061.0,,
IND-313,R84,2022-10-01,REG,,95774.0,,
IND-313,R84,2022-11-01,REG,,100148.0,,
IND-313,R84,2022-12-01,REG,102681.0,102849.0,,
IND-313,R84,2023-01-01,REG,,2318.0,,
IND-313,R84,2023-02-01,REG,,3688.0,,
IND-313,R84,2023-03-01,REG,,4966.0,,
IND-313,R84,2023-04-01,REG,,5930.0,,
IND-313,R84,2023-05-01,REG,,6745.0,,
IND-313,R84,2023-06-01,REG,,7922.0,,
IND-313,R84,2023-07-01,REG,,14072.0,,
IND-313,R84,2023-08-01,REG,,30599.0,,
IND-313,R84,2023-09-01,REG,,87409.0,,
IND-313,R84,2023-10-01,REG,,97664.0,,
IND-313,R84,2023-11-01,REG,,102112.0,,
IND-313,R84,2023-12-01,REG,,104898.0,,
IND-313,R84,2024-01-01,REG,,2641.0,,
IND-313,R84,2024-02-01,REG,,4359.0,,
IND-313,R84,2024-03-01,REG,,5790.0,,
IND-313,R84,2024-04-01,REG,,6953.0,,
IND-313,R84,2024-05-01,REG,,7813.0,,
IND-313,R84,2024-06-01,REG,,8992.0,,
IND-313,R84,2024-07-01,REG,,14814.0,,
IND-313,R84,2024-08-01,REG,,29906.0,,
IND-313,R84,2024-09-01,REG,,89102.0,,
IND-313,R84,2024-10-01,REG,,98033.0,,
IND-313,R84,2024-11-01,REG,,102766.0,,0.43
IND-313,R84,2026-12-01,REG,,,122675.0,
IND-313,R93,2022-01-01,REG,,1916.0,,
IND-313,R93,2022-02-01,REG,,3293.0,,
IND-313,R93,2022-03-01,REG,,4491.0,,
IND-313,R93,2022-04-01,REG,,5268.0,,
IND-313,R93,2022-05-01,REG,,6043.0,,
IND-313,R93,2022-06-01,REG,,7495.0,,
IND-313,R93,2022-07-01,REG,,11821.0,,
IND-313,R93,2022-08-01,REG,,19185.0,,
IND-313,R93,2022-09-01,REG,,47382.0,,
IND-313,R93,2022-10-01,REG,,55157.0,,
IND-313,R93,2022-11-01,REG,,59120.0,,
IND-313,R93,2022-12-01,REG,61101.0,62005.0,,
IND-313,R93,2023-01-01,REG,,1823.0,,
IND-313,R93,2023-02-01,REG,,3140.0,,
IND-313,R93,2023-03-01,REG,,4398.0,,
IND-313,R93,2023-04-01,REG,,5280.0,,
IND-313,R93,2023-05-01,REG,,6024.0,,
IND-313,R93,2023-06-01,REG,,7208.0,,
IND-313,R93,2023-07-01,REG,,11541.0,,
IND-313,R93,2023-08-01,REG,,18986.0,,
IND-313,R93,2023-09-01,REG,,47944.0,,
IND-313,R93,2023-10-01,REG,,56315.0,,
IND-313,R93,2023-11-01,REG,,60490.0,,
IND-313,R93,2023-12-01,REG,,63192.0,,
IND-313,R93,2024-01-01,REG,,2245.0,,
IND-313,R93,2024-02-01,REG,,3976.0,,
IND-313,R93,2024-03-01,REG,,5235.0,,
IND-313,R93,2024-04-01,REG,,6418.0,,
IND-313,R93,2024-05-01,REG,,7225.0,,
IND-313,R93,2024-06-01,REG,,8314.0,,
IND-313,R93,2024-07-01,REG,,12483.0,,
IND-313,R93,2024-08-01,REG,,19954.0,,
IND-313,R93,2024-09-01,REG,,50680.0,,
IND-313,R93,2024-10-01,REG,,58887.0,,
IND-313,R93,2024-11-01,REG,,63226.0,,17.86
IND-313,R93,2026-12-01,REG,,,72997.0,
IND-313,R94,2022-01-01,REG,,112.0,,
IND-313,R94,2022-02-01,REG,,212.0,,
IND-313,R94,2022-03-01,REG,,326.0,,
IND-313,R94,2022-04-01,REG,,403.0,,
IND-313,R94,2022-05-01,REG,,444.0,,
IND-313,R94,2022-06-01,REG,,506.0,,
IND-313,R94,2022-07-01,REG,,624.0,,
IND-313,R94,2022-08-01,REG,,745.0,,
IND-313,R94,2022-09-01,REG,,1850.0,,
IND-313,R94,2022-10-01,REG,,2416.0,,
IND-313,R94,2022-11-01,REG,,2679.0,,
IND-313,R94,2022-12-01,REG,2953.0,2894.0,,
IND-313,R94,2023-01-01,REG,,89.0,,
IND-313,R94,2023-02-01,REG,,174.0,,
IND-313,R94,2023-03-01,REG,,252.0,,
IND-313,R94,2023-04-01,REG,,314.0,,
IND-313,R94,2023-05-01,REG,,350.0,,
IND-313,R94,2023-06-01,REG,,372.0,,
IND-313,R94,2023-07-01,REG,,569.0,,
IND-313,R94,2023-08-01,REG,,698.0,,
IND-313,R94,2023-09-01,REG,,1735.0,,
IND-313,R94,2023-10-01,REG,,2317.0,,
IND-313,R94,2023-11-01,REG,,2616.0,,
IND-313,R94,2023-12-01,REG,,2792.0,,
IND-313,R94,2024-01-01,REG,,152.0,,
IND-313,R94,2024-02-01,REG,,240.0,,
IND-313,R94,2024-03-01,REG,,310.0,,
IND-313,R94,2024-04-01,REG,,358.0,,
IND-313,R94,2024-05-01,REG,,402.0,,
IND-313,R94,2024-06-01,REG,,442.0,,
IND-313,R94,2024-07-01,REG,,661.0,,
IND-313,R94,2024-08-01,REG,,814.0,,
IND-313,R94,2024-09-01,REG,,1956.0,,
IND-313,R94,2024-10-01,REG,,2548.0,,
IND-313,R94,2024-11-01,REG,,2811.0,,0.0
IND-313,R94,2026-12-01,REG,,,3527.0,
